image_path,class,structure
mnist_all/0/mnist_test_0_00000.png,0,complete
mnist_all/0/mnist_test_0_00001.png,0,complete
mnist_all/0/mnist_test_0_00002.png,0,complete
mnist_all/0/mnist_test_0_00003.png,0,incomplete
mnist_all/0/mnist_test_0_00004.png,0,complete
mnist_all/0/mnist_test_0_00005.png,0,complete
mnist_all/0/mnist_test_0_00006.png,0,complete
mnist_all/0/mnist_test_0_00007.png,0,complete
mnist_all/0/mnist_test_0_00008.png,0,complete
mnist_all/0/mnist_test_0_00009.png,0,complete
mnist_all/0/mnist_test_0_00010.png,0,complete
mnist_all/0/mnist_test_0_00011.png,0,complete
mnist_all/0/mnist_test_0_00012.png,0,complete
mnist_all/0/mnist_test_0_00013.png,0,complete
mnist_all/0/mnist_test_0_00014.png,0,complete
mnist_all/0/mnist_test_0_00015.png,0,complete
mnist_all/0/mnist_test_0_00016.png,0,complete
mnist_all/0/mnist_test_0_00017.png,0,complete
mnist_all/0/mnist_test_0_00018.png,0,complete
mnist_all/0/mnist_test_0_00019.png,0,incomplete
mnist_all/0/mnist_test_0_00020.png,0,complete
mnist_all/0/mnist_test_0_00021.png,0,complete
mnist_all/0/mnist_test_0_00022.png,0,complete
mnist_all/0/mnist_test_0_00023.png,0,incomplete
mnist_all/0/mnist_test_0_00024.png,0,complete
mnist_all/0/mnist_test_0_00025.png,0,complete
mnist_all/0/mnist_test_0_00026.png,0,complete
mnist_all/0/mnist_test_0_00027.png,0,incomplete
mnist_all/0/mnist_test_0_00028.png,0,incomplete
mnist_all/0/mnist_test_0_00029.png,0,complete
mnist_all/0/mnist_test_0_00030.png,0,complete
mnist_all/0/mnist_test_0_00031.png,0,complete
mnist_all/0/mnist_test_0_00032.png,0,incomplete
mnist_all/0/mnist_test_0_00033.png,0,complete
mnist_all/0/mnist_test_0_00034.png,0,complete
mnist_all/0/mnist_test_0_00035.png,0,complete
mnist_all/0/mnist_test_0_00036.png,0,incomplete
mnist_all/0/mnist_test_0_00037.png,0,incomplete
mnist_all/0/mnist_test_0_00038.png,0,complete
mnist_all/0/mnist_test_0_00039.png,0,complete
mnist_all/0/mnist_test_0_00040.png,0,incomplete
mnist_all/0/mnist_test_0_00041.png,0,complete
mnist_all/0/mnist_test_0_00042.png,0,complete
mnist_all/0/mnist_test_0_00043.png,0,complete
mnist_all/0/mnist_test_0_00044.png,0,incomplete
mnist_all/0/mnist_test_0_00045.png,0,complete
mnist_all/0/mnist_test_0_00046.png,0,incomplete
mnist_all/0/mnist_test_0_00047.png,0,complete
mnist_all/0/mnist_test_0_00048.png,0,incomplete
mnist_all/0/mnist_test_0_00049.png,0,complete
mnist_all/0/mnist_test_0_00050.png,0,incomplete
mnist_all/0/mnist_test_0_00051.png,0,complete
mnist_all/0/mnist_test_0_00052.png,0,complete
mnist_all/0/mnist_test_0_00053.png,0,complete
mnist_all/0/mnist_test_0_00054.png,0,incomplete
mnist_all/0/mnist_test_0_00055.png,0,incomplete
mnist_all/0/mnist_test_0_00056.png,0,complete
mnist_all/0/mnist_test_0_00057.png,0,complete
mnist_all/0/mnist_test_0_00058.png,0,complete
mnist_all/0/mnist_test_0_00059.png,0,complete
mnist_all/0/mnist_test_0_00060.png,0,complete
mnist_all/0/mnist_test_0_00061.png,0,complete
mnist_all/0/mnist_test_0_00062.png,0,incomplete
mnist_all/0/mnist_test_0_00063.png,0,complete
mnist_all/0/mnist_test_0_00064.png,0,complete
mnist_all/0/mnist_test_0_00065.png,0,incomplete
mnist_all/0/mnist_test_0_00066.png,0,complete
mnist_all/0/mnist_test_0_00067.png,0,complete
mnist_all/0/mnist_test_0_00068.png,0,complete
mnist_all/0/mnist_test_0_00069.png,0,complete
mnist_all/0/mnist_test_0_00070.png,0,complete
mnist_all/0/mnist_test_0_00071.png,0,complete
mnist_all/0/mnist_test_0_00072.png,0,complete
mnist_all/0/mnist_test_0_00073.png,0,complete
mnist_all/0/mnist_test_0_00074.png,0,incomplete
mnist_all/0/mnist_test_0_00075.png,0,complete
mnist_all/0/mnist_test_0_00076.png,0,complete
mnist_all/0/mnist_test_0_00077.png,0,complete
mnist_all/0/mnist_test_0_00078.png,0,incomplete
mnist_all/0/mnist_test_0_00079.png,0,complete
mnist_all/0/mnist_test_0_00080.png,0,incomplete
mnist_all/0/mnist_test_0_00081.png,0,complete
mnist_all/0/mnist_test_0_00082.png,0,complete
mnist_all/0/mnist_test_0_00083.png,0,complete
mnist_all/0/mnist_test_0_00084.png,0,complete
mnist_all/0/mnist_test_0_00085.png,0,complete
mnist_all/0/mnist_test_0_00086.png,0,complete
mnist_all/0/mnist_test_0_00087.png,0,complete
mnist_all/0/mnist_test_0_00088.png,0,complete
mnist_all/0/mnist_test_0_00089.png,0,complete
mnist_all/0/mnist_test_0_00090.png,0,complete
mnist_all/0/mnist_test_0_00091.png,0,complete
mnist_all/0/mnist_test_0_00092.png,0,complete
mnist_all/0/mnist_test_0_00093.png,0,complete
mnist_all/0/mnist_test_0_00094.png,0,complete
mnist_all/0/mnist_test_0_00095.png,0,complete
mnist_all/0/mnist_test_0_00096.png,0,complete
mnist_all/0/mnist_test_0_00097.png,0,complete
mnist_all/0/mnist_test_0_00098.png,0,complete
mnist_all/0/mnist_test_0_00099.png,0,complete
mnist_all/0/mnist_test_0_00100.png,0,complete
mnist_all/0/mnist_test_0_00101.png,0,complete
mnist_all/0/mnist_test_0_00102.png,0,incomplete
mnist_all/0/mnist_test_0_00103.png,0,complete
mnist_all/0/mnist_test_0_00104.png,0,incomplete
mnist_all/0/mnist_test_0_00105.png,0,complete
mnist_all/0/mnist_test_0_00106.png,0,complete
mnist_all/0/mnist_test_0_00107.png,0,complete
mnist_all/0/mnist_test_0_00108.png,0,complete
mnist_all/0/mnist_test_0_00109.png,0,complete
mnist_all/0/mnist_test_0_00110.png,0,complete
mnist_all/0/mnist_test_0_00111.png,0,complete
mnist_all/0/mnist_test_0_00112.png,0,complete
mnist_all/0/mnist_test_0_00113.png,0,complete
mnist_all/0/mnist_test_0_00114.png,0,complete
mnist_all/0/mnist_test_0_00115.png,0,complete
mnist_all/0/mnist_test_0_00116.png,0,incomplete
mnist_all/0/mnist_test_0_00117.png,0,complete
mnist_all/0/mnist_test_0_00118.png,0,complete
mnist_all/0/mnist_test_0_00119.png,0,complete
mnist_all/0/mnist_test_0_00120.png,0,incomplete
mnist_all/0/mnist_test_0_00121.png,0,incomplete
mnist_all/0/mnist_test_0_00122.png,0,incomplete
mnist_all/0/mnist_test_0_00123.png,0,complete
mnist_all/0/mnist_test_0_00124.png,0,incomplete
mnist_all/0/mnist_test_0_00125.png,0,complete
mnist_all/0/mnist_test_0_00126.png,0,complete
mnist_all/0/mnist_test_0_00127.png,0,complete
mnist_all/0/mnist_test_0_00128.png,0,incomplete
mnist_all/0/mnist_test_0_00129.png,0,incomplete
mnist_all/0/mnist_test_0_00130.png,0,incomplete
mnist_all/0/mnist_test_0_00131.png,0,complete
mnist_all/0/mnist_test_0_00132.png,0,complete
mnist_all/0/mnist_test_0_00133.png,0,complete
mnist_all/0/mnist_test_0_00134.png,0,incomplete
mnist_all/0/mnist_test_0_00135.png,0,incomplete
mnist_all/0/mnist_test_0_00136.png,0,complete
mnist_all/0/mnist_test_0_00137.png,0,complete
mnist_all/0/mnist_test_0_00138.png,0,incomplete
mnist_all/0/mnist_test_0_00139.png,0,incomplete
mnist_all/0/mnist_test_0_00140.png,0,complete
mnist_all/0/mnist_test_0_00141.png,0,complete
mnist_all/0/mnist_test_0_00142.png,0,incomplete
mnist_all/0/mnist_test_0_00143.png,0,complete
mnist_all/0/mnist_test_0_00144.png,0,complete
mnist_all/0/mnist_test_0_00145.png,0,complete
mnist_all/0/mnist_test_0_00146.png,0,complete
mnist_all/0/mnist_test_0_00147.png,0,incomplete
mnist_all/0/mnist_test_0_00148.png,0,complete
mnist_all/0/mnist_test_0_00149.png,0,complete
mnist_all/0/mnist_test_0_00150.png,0,complete
mnist_all/0/mnist_test_0_00151.png,0,incomplete
mnist_all/0/mnist_test_0_00152.png,0,complete
mnist_all/0/mnist_test_0_00153.png,0,complete
mnist_all/0/mnist_test_0_00154.png,0,complete
mnist_all/0/mnist_test_0_00155.png,0,incomplete
mnist_all/0/mnist_test_0_00156.png,0,incomplete
mnist_all/0/mnist_test_0_00157.png,0,complete
mnist_all/0/mnist_test_0_00158.png,0,incomplete
mnist_all/0/mnist_test_0_00159.png,0,incomplete
mnist_all/0/mnist_test_0_00160.png,0,complete
mnist_all/0/mnist_test_0_00161.png,0,incomplete
mnist_all/0/mnist_test_0_00162.png,0,complete
mnist_all/0/mnist_test_0_00163.png,0,complete
mnist_all/0/mnist_test_0_00164.png,0,incomplete
mnist_all/0/mnist_test_0_00165.png,0,complete
mnist_all/0/mnist_test_0_00166.png,0,complete
mnist_all/0/mnist_test_0_00167.png,0,incomplete
mnist_all/0/mnist_test_0_00168.png,0,complete
mnist_all/0/mnist_test_0_00169.png,0,complete
mnist_all/0/mnist_test_0_00170.png,0,complete
mnist_all/0/mnist_test_0_00171.png,0,complete
mnist_all/0/mnist_test_0_00172.png,0,complete
mnist_all/0/mnist_test_0_00173.png,0,complete
mnist_all/0/mnist_test_0_00174.png,0,complete
mnist_all/0/mnist_test_0_00175.png,0,incomplete
mnist_all/0/mnist_test_0_00176.png,0,incomplete
mnist_all/0/mnist_test_0_00177.png,0,complete
mnist_all/0/mnist_test_0_00178.png,0,complete
mnist_all/0/mnist_test_0_00179.png,0,complete
mnist_all/0/mnist_test_0_00180.png,0,incomplete
mnist_all/0/mnist_test_0_00181.png,0,incomplete
mnist_all/0/mnist_test_0_00182.png,0,complete
mnist_all/0/mnist_test_0_00183.png,0,complete
mnist_all/0/mnist_test_0_00184.png,0,complete
mnist_all/0/mnist_test_0_00185.png,0,complete
mnist_all/0/mnist_test_0_00186.png,0,complete
mnist_all/0/mnist_test_0_00187.png,0,complete
mnist_all/0/mnist_test_0_00188.png,0,incomplete
mnist_all/0/mnist_test_0_00189.png,0,complete
mnist_all/0/mnist_test_0_00190.png,0,complete
mnist_all/0/mnist_test_0_00191.png,0,complete
mnist_all/0/mnist_test_0_00192.png,0,complete
mnist_all/0/mnist_test_0_00193.png,0,complete
mnist_all/0/mnist_test_0_00194.png,0,complete
mnist_all/0/mnist_test_0_00195.png,0,complete
mnist_all/0/mnist_test_0_00196.png,0,incomplete
mnist_all/0/mnist_test_0_00197.png,0,complete
mnist_all/0/mnist_test_0_00198.png,0,complete
mnist_all/0/mnist_test_0_00199.png,0,incomplete
mnist_all/0/mnist_test_0_00200.png,0,incomplete
mnist_all/0/mnist_test_0_00201.png,0,complete
mnist_all/0/mnist_test_0_00202.png,0,incomplete
mnist_all/0/mnist_test_0_00203.png,0,incomplete
mnist_all/0/mnist_test_0_00204.png,0,incomplete
mnist_all/0/mnist_test_0_00205.png,0,complete
mnist_all/0/mnist_test_0_00206.png,0,complete
mnist_all/0/mnist_test_0_00207.png,0,complete
mnist_all/0/mnist_test_0_00208.png,0,complete
mnist_all/0/mnist_test_0_00209.png,0,complete
mnist_all/0/mnist_test_0_00210.png,0,complete
mnist_all/0/mnist_test_0_00211.png,0,incomplete
mnist_all/0/mnist_test_0_00212.png,0,complete
mnist_all/0/mnist_test_0_00213.png,0,complete
mnist_all/0/mnist_test_0_00214.png,0,incomplete
mnist_all/0/mnist_test_0_00215.png,0,complete
mnist_all/0/mnist_test_0_00216.png,0,incomplete
mnist_all/0/mnist_test_0_00217.png,0,complete
mnist_all/0/mnist_test_0_00218.png,0,complete
mnist_all/0/mnist_test_0_00219.png,0,complete
mnist_all/0/mnist_test_0_00220.png,0,incomplete
mnist_all/0/mnist_test_0_00221.png,0,complete
mnist_all/0/mnist_test_0_00222.png,0,complete
mnist_all/0/mnist_test_0_00223.png,0,complete
mnist_all/0/mnist_test_0_00224.png,0,complete
mnist_all/0/mnist_test_0_00225.png,0,incomplete
mnist_all/0/mnist_test_0_00226.png,0,complete
mnist_all/0/mnist_test_0_00227.png,0,complete
mnist_all/0/mnist_test_0_00228.png,0,complete
mnist_all/0/mnist_test_0_00229.png,0,complete
mnist_all/0/mnist_test_0_00230.png,0,incomplete
mnist_all/0/mnist_test_0_00231.png,0,incomplete
mnist_all/0/mnist_test_0_00232.png,0,complete
mnist_all/0/mnist_test_0_00233.png,0,complete
mnist_all/0/mnist_test_0_00234.png,0,complete
mnist_all/0/mnist_test_0_00235.png,0,complete
mnist_all/0/mnist_test_0_00236.png,0,incomplete
mnist_all/0/mnist_test_0_00237.png,0,complete
mnist_all/0/mnist_test_0_00238.png,0,complete
mnist_all/0/mnist_test_0_00239.png,0,complete
mnist_all/0/mnist_test_0_00240.png,0,complete
mnist_all/0/mnist_test_0_00241.png,0,complete
mnist_all/0/mnist_test_0_00242.png,0,incomplete
mnist_all/0/mnist_test_0_00243.png,0,complete
mnist_all/0/mnist_test_0_00244.png,0,complete
mnist_all/0/mnist_test_0_00245.png,0,incomplete
mnist_all/0/mnist_test_0_00246.png,0,incomplete
mnist_all/0/mnist_test_0_00247.png,0,unreviewed
mnist_all/0/mnist_test_0_00248.png,0,complete
mnist_all/0/mnist_test_0_00249.png,0,incomplete
mnist_all/0/mnist_test_0_00250.png,0,incomplete
mnist_all/0/mnist_test_0_00251.png,0,complete
mnist_all/0/mnist_test_0_00252.png,0,unreviewed
mnist_all/0/mnist_test_0_00253.png,0,complete
mnist_all/0/mnist_test_0_00254.png,0,complete
mnist_all/0/mnist_test_0_00255.png,0,complete
mnist_all/0/mnist_test_0_00256.png,0,complete
mnist_all/0/mnist_test_0_00257.png,0,complete
mnist_all/0/mnist_test_0_00258.png,0,incomplete
mnist_all/0/mnist_test_0_00259.png,0,incomplete
mnist_all/0/mnist_test_0_00260.png,0,complete
mnist_all/0/mnist_test_0_00261.png,0,incomplete
mnist_all/0/mnist_test_0_00262.png,0,complete
mnist_all/0/mnist_test_0_00263.png,0,complete
mnist_all/0/mnist_test_0_00264.png,0,incomplete
mnist_all/0/mnist_test_0_00265.png,0,incomplete
mnist_all/0/mnist_test_0_00266.png,0,complete
mnist_all/0/mnist_test_0_00267.png,0,unreviewed
mnist_all/0/mnist_test_0_00268.png,0,complete
mnist_all/0/mnist_test_0_00269.png,0,complete
mnist_all/0/mnist_test_0_00270.png,0,complete
mnist_all/0/mnist_test_0_00271.png,0,complete
mnist_all/0/mnist_test_0_00272.png,0,complete
mnist_all/0/mnist_test_0_00273.png,0,unreviewed
mnist_all/0/mnist_test_0_00274.png,0,complete
mnist_all/0/mnist_test_0_00275.png,0,unreviewed
mnist_all/0/mnist_test_0_00276.png,0,complete
mnist_all/0/mnist_test_0_00277.png,0,complete
mnist_all/0/mnist_test_0_00278.png,0,unreviewed
mnist_all/0/mnist_test_0_00279.png,0,complete
mnist_all/0/mnist_test_0_00280.png,0,complete
mnist_all/0/mnist_test_0_00281.png,0,complete
mnist_all/0/mnist_test_0_00282.png,0,complete
mnist_all/0/mnist_test_0_00283.png,0,complete
mnist_all/0/mnist_test_0_00284.png,0,complete
mnist_all/0/mnist_test_0_00285.png,0,incomplete
mnist_all/0/mnist_test_0_00286.png,0,incomplete
mnist_all/0/mnist_test_0_00287.png,0,complete
mnist_all/0/mnist_test_0_00288.png,0,complete
mnist_all/0/mnist_test_0_00289.png,0,incomplete
mnist_all/0/mnist_test_0_00290.png,0,complete
mnist_all/0/mnist_test_0_00291.png,0,incomplete
mnist_all/0/mnist_test_0_00292.png,0,incomplete
mnist_all/0/mnist_test_0_00293.png,0,complete
mnist_all/0/mnist_test_0_00294.png,0,complete
mnist_all/0/mnist_test_0_00295.png,0,complete
mnist_all/0/mnist_test_0_00296.png,0,complete
mnist_all/0/mnist_test_0_00297.png,0,incomplete
mnist_all/0/mnist_test_0_00298.png,0,unreviewed
mnist_all/0/mnist_test_0_00299.png,0,complete
mnist_all/0/mnist_test_0_00300.png,0,complete
mnist_all/0/mnist_test_0_00301.png,0,complete
mnist_all/0/mnist_test_0_00302.png,0,incomplete
mnist_all/0/mnist_test_0_00303.png,0,complete
mnist_all/0/mnist_test_0_00304.png,0,complete
mnist_all/0/mnist_test_0_00305.png,0,unreviewed
mnist_all/0/mnist_test_0_00306.png,0,incomplete
mnist_all/0/mnist_test_0_00307.png,0,complete
mnist_all/0/mnist_test_0_00308.png,0,complete
mnist_all/0/mnist_test_0_00309.png,0,complete
mnist_all/0/mnist_test_0_00310.png,0,complete
mnist_all/0/mnist_test_0_00311.png,0,incomplete
mnist_all/0/mnist_test_0_00312.png,0,incomplete
mnist_all/0/mnist_test_0_00313.png,0,complete
mnist_all/0/mnist_test_0_00314.png,0,complete
mnist_all/0/mnist_test_0_00315.png,0,complete
mnist_all/0/mnist_test_0_00316.png,0,complete
mnist_all/0/mnist_test_0_00317.png,0,incomplete
mnist_all/0/mnist_test_0_00318.png,0,complete
mnist_all/0/mnist_test_0_00319.png,0,incomplete
mnist_all/0/mnist_test_0_00320.png,0,complete
mnist_all/0/mnist_test_0_00321.png,0,complete
mnist_all/0/mnist_test_0_00322.png,0,unreviewed
mnist_all/0/mnist_test_0_00323.png,0,complete
mnist_all/0/mnist_test_0_00324.png,0,complete
mnist_all/0/mnist_test_0_00325.png,0,complete
mnist_all/0/mnist_test_0_00326.png,0,incomplete
mnist_all/0/mnist_test_0_00327.png,0,complete
mnist_all/0/mnist_test_0_00328.png,0,complete
mnist_all/0/mnist_test_0_00329.png,0,complete
mnist_all/0/mnist_test_0_00330.png,0,incomplete
mnist_all/0/mnist_test_0_00331.png,0,complete
mnist_all/0/mnist_test_0_00332.png,0,complete
mnist_all/0/mnist_test_0_00333.png,0,unreviewed
mnist_all/0/mnist_test_0_00334.png,0,complete
mnist_all/0/mnist_test_0_00335.png,0,complete
mnist_all/0/mnist_test_0_00336.png,0,incomplete
mnist_all/0/mnist_test_0_00337.png,0,complete
mnist_all/0/mnist_test_0_00338.png,0,complete
mnist_all/0/mnist_test_0_00339.png,0,complete
mnist_all/0/mnist_test_0_00340.png,0,unreviewed
mnist_all/0/mnist_test_0_00341.png,0,complete
mnist_all/0/mnist_test_0_00342.png,0,incomplete
mnist_all/0/mnist_test_0_00343.png,0,complete
mnist_all/0/mnist_test_0_00344.png,0,complete
mnist_all/0/mnist_test_0_00345.png,0,complete
mnist_all/0/mnist_test_0_00346.png,0,unreviewed
mnist_all/0/mnist_test_0_00347.png,0,complete
mnist_all/0/mnist_test_0_00348.png,0,unreviewed
mnist_all/0/mnist_test_0_00349.png,0,complete
mnist_all/0/mnist_test_0_00350.png,0,complete
mnist_all/0/mnist_test_0_00351.png,0,unreviewed
mnist_all/0/mnist_test_0_00352.png,0,complete
mnist_all/0/mnist_test_0_00353.png,0,incomplete
mnist_all/0/mnist_test_0_00354.png,0,complete
mnist_all/0/mnist_test_0_00355.png,0,unreviewed
mnist_all/0/mnist_test_0_00356.png,0,complete
mnist_all/0/mnist_test_0_00357.png,0,complete
mnist_all/0/mnist_test_0_00358.png,0,incomplete
mnist_all/0/mnist_test_0_00359.png,0,unreviewed
mnist_all/0/mnist_test_0_00360.png,0,complete
mnist_all/0/mnist_test_0_00361.png,0,complete
mnist_all/0/mnist_test_0_00362.png,0,complete
mnist_all/0/mnist_test_0_00363.png,0,unreviewed
mnist_all/0/mnist_test_0_00364.png,0,complete
mnist_all/0/mnist_test_0_00365.png,0,incomplete
mnist_all/0/mnist_test_0_00366.png,0,complete
mnist_all/0/mnist_test_0_00367.png,0,complete
mnist_all/0/mnist_test_0_00368.png,0,complete
mnist_all/0/mnist_test_0_00369.png,0,complete
mnist_all/0/mnist_test_0_00370.png,0,complete
mnist_all/0/mnist_test_0_00371.png,0,complete
mnist_all/0/mnist_test_0_00372.png,0,complete
mnist_all/0/mnist_test_0_00373.png,0,incomplete
mnist_all/0/mnist_test_0_00374.png,0,unreviewed
mnist_all/0/mnist_test_0_00375.png,0,complete
mnist_all/0/mnist_test_0_00376.png,0,incomplete
mnist_all/0/mnist_test_0_00377.png,0,complete
mnist_all/0/mnist_test_0_00378.png,0,unreviewed
mnist_all/0/mnist_test_0_00379.png,0,complete
mnist_all/0/mnist_test_0_00380.png,0,complete
mnist_all/0/mnist_test_0_00381.png,0,complete
mnist_all/0/mnist_test_0_00382.png,0,incomplete
mnist_all/0/mnist_test_0_00383.png,0,incomplete
mnist_all/0/mnist_test_0_00384.png,0,complete
mnist_all/0/mnist_test_0_00385.png,0,complete
mnist_all/0/mnist_test_0_00386.png,0,complete
mnist_all/0/mnist_test_0_00387.png,0,complete
mnist_all/0/mnist_test_0_00388.png,0,incomplete
mnist_all/0/mnist_test_0_00389.png,0,complete
mnist_all/0/mnist_test_0_00390.png,0,incomplete
mnist_all/0/mnist_test_0_00391.png,0,complete
mnist_all/0/mnist_test_0_00392.png,0,complete
mnist_all/0/mnist_test_0_00393.png,0,complete
mnist_all/0/mnist_test_0_00394.png,0,complete
mnist_all/0/mnist_test_0_00395.png,0,complete
mnist_all/0/mnist_test_0_00396.png,0,complete
mnist_all/0/mnist_test_0_00397.png,0,complete
mnist_all/0/mnist_test_0_00398.png,0,complete
mnist_all/0/mnist_test_0_00399.png,0,unreviewed
mnist_all/0/mnist_test_0_00400.png,0,complete
mnist_all/0/mnist_test_0_00401.png,0,complete
mnist_all/0/mnist_test_0_00402.png,0,complete
mnist_all/0/mnist_test_0_00403.png,0,complete
mnist_all/0/mnist_test_0_00404.png,0,complete
mnist_all/0/mnist_test_0_00405.png,0,complete
mnist_all/0/mnist_test_0_00406.png,0,complete
mnist_all/0/mnist_test_0_00407.png,0,complete
mnist_all/0/mnist_test_0_00408.png,0,complete
mnist_all/0/mnist_test_0_00409.png,0,complete
mnist_all/0/mnist_test_0_00410.png,0,complete
mnist_all/0/mnist_test_0_00411.png,0,complete
mnist_all/0/mnist_test_0_00412.png,0,complete
mnist_all/0/mnist_test_0_00413.png,0,complete
mnist_all/0/mnist_test_0_00414.png,0,complete
mnist_all/0/mnist_test_0_00415.png,0,complete
mnist_all/0/mnist_test_0_00416.png,0,complete
mnist_all/0/mnist_test_0_00417.png,0,complete
mnist_all/0/mnist_test_0_00418.png,0,complete
mnist_all/0/mnist_test_0_00419.png,0,complete
mnist_all/0/mnist_test_0_00420.png,0,complete
mnist_all/0/mnist_test_0_00421.png,0,complete
mnist_all/0/mnist_test_0_00422.png,0,complete
mnist_all/0/mnist_test_0_00423.png,0,complete
mnist_all/0/mnist_test_0_00424.png,0,complete
mnist_all/0/mnist_test_0_00425.png,0,incomplete
mnist_all/0/mnist_test_0_00426.png,0,complete
mnist_all/0/mnist_test_0_00427.png,0,complete
mnist_all/0/mnist_test_0_00428.png,0,complete
mnist_all/0/mnist_test_0_00429.png,0,complete
mnist_all/0/mnist_test_0_00430.png,0,complete
mnist_all/0/mnist_test_0_00431.png,0,unreviewed
mnist_all/0/mnist_test_0_00432.png,0,complete
mnist_all/0/mnist_test_0_00433.png,0,incomplete
mnist_all/0/mnist_test_0_00434.png,0,complete
mnist_all/0/mnist_test_0_00435.png,0,complete
mnist_all/0/mnist_test_0_00436.png,0,incomplete
mnist_all/0/mnist_test_0_00437.png,0,complete
mnist_all/0/mnist_test_0_00438.png,0,incomplete
mnist_all/0/mnist_test_0_00439.png,0,complete
mnist_all/0/mnist_test_0_00440.png,0,complete
mnist_all/0/mnist_test_0_00441.png,0,unreviewed
mnist_all/0/mnist_test_0_00442.png,0,complete
mnist_all/0/mnist_test_0_00443.png,0,complete
mnist_all/0/mnist_test_0_00444.png,0,complete
mnist_all/0/mnist_test_0_00445.png,0,complete
mnist_all/0/mnist_test_0_00446.png,0,complete
mnist_all/0/mnist_test_0_00447.png,0,complete
mnist_all/0/mnist_test_0_00448.png,0,incomplete
mnist_all/0/mnist_test_0_00449.png,0,complete
mnist_all/0/mnist_test_0_00450.png,0,complete
mnist_all/0/mnist_test_0_00451.png,0,unreviewed
mnist_all/0/mnist_test_0_00452.png,0,complete
mnist_all/0/mnist_test_0_00453.png,0,unreviewed
mnist_all/0/mnist_test_0_00454.png,0,complete
mnist_all/0/mnist_test_0_00455.png,0,unreviewed
mnist_all/0/mnist_test_0_00456.png,0,complete
mnist_all/0/mnist_test_0_00457.png,0,complete
mnist_all/0/mnist_test_0_00458.png,0,complete
mnist_all/0/mnist_test_0_00459.png,0,complete
mnist_all/0/mnist_test_0_00460.png,0,unreviewed
mnist_all/0/mnist_test_0_00461.png,0,complete
mnist_all/0/mnist_test_0_00462.png,0,complete
mnist_all/0/mnist_test_0_00463.png,0,complete
mnist_all/0/mnist_test_0_00464.png,0,complete
mnist_all/0/mnist_test_0_00465.png,0,complete
mnist_all/0/mnist_test_0_00466.png,0,complete
mnist_all/0/mnist_test_0_00467.png,0,complete
mnist_all/0/mnist_test_0_00468.png,0,complete
mnist_all/0/mnist_test_0_00469.png,0,complete
mnist_all/0/mnist_test_0_00470.png,0,complete
mnist_all/0/mnist_test_0_00471.png,0,complete
mnist_all/0/mnist_test_0_00472.png,0,complete
mnist_all/0/mnist_test_0_00473.png,0,complete
mnist_all/0/mnist_test_0_00474.png,0,complete
mnist_all/0/mnist_test_0_00475.png,0,complete
mnist_all/0/mnist_test_0_00476.png,0,complete
mnist_all/0/mnist_test_0_00477.png,0,complete
mnist_all/0/mnist_test_0_00478.png,0,incomplete
mnist_all/0/mnist_test_0_00479.png,0,complete
mnist_all/0/mnist_test_0_00480.png,0,complete
mnist_all/0/mnist_test_0_00481.png,0,complete
mnist_all/0/mnist_test_0_00482.png,0,complete
mnist_all/0/mnist_test_0_00483.png,0,complete
mnist_all/0/mnist_test_0_00484.png,0,complete
mnist_all/0/mnist_test_0_00485.png,0,unreviewed
mnist_all/0/mnist_test_0_00486.png,0,incomplete
mnist_all/0/mnist_test_0_00487.png,0,complete
mnist_all/0/mnist_test_0_00488.png,0,complete
mnist_all/0/mnist_test_0_00489.png,0,complete
mnist_all/0/mnist_test_0_00490.png,0,complete
mnist_all/0/mnist_test_0_00491.png,0,complete
mnist_all/0/mnist_test_0_00492.png,0,complete
mnist_all/0/mnist_test_0_00493.png,0,complete
mnist_all/0/mnist_test_0_00494.png,0,complete
mnist_all/0/mnist_test_0_00495.png,0,complete
mnist_all/0/mnist_test_0_00496.png,0,complete
mnist_all/0/mnist_test_0_00497.png,0,complete
mnist_all/0/mnist_test_0_00498.png,0,complete
mnist_all/0/mnist_test_0_00499.png,0,complete
mnist_all/0/mnist_test_0_00500.png,0,complete
mnist_all/0/mnist_test_0_00501.png,0,complete
mnist_all/0/mnist_test_0_00502.png,0,complete
mnist_all/0/mnist_test_0_00503.png,0,complete
mnist_all/0/mnist_test_0_00504.png,0,complete
mnist_all/0/mnist_test_0_00505.png,0,complete
mnist_all/0/mnist_test_0_00506.png,0,complete
mnist_all/0/mnist_test_0_00507.png,0,complete
mnist_all/0/mnist_test_0_00508.png,0,incomplete
mnist_all/0/mnist_test_0_00509.png,0,complete
mnist_all/0/mnist_test_0_00510.png,0,complete
mnist_all/0/mnist_test_0_00511.png,0,complete
mnist_all/0/mnist_test_0_00512.png,0,complete
mnist_all/0/mnist_test_0_00513.png,0,complete
mnist_all/0/mnist_test_0_00514.png,0,complete
mnist_all/0/mnist_test_0_00515.png,0,complete
mnist_all/0/mnist_test_0_00516.png,0,complete
mnist_all/0/mnist_test_0_00517.png,0,complete
mnist_all/0/mnist_test_0_00518.png,0,complete
mnist_all/0/mnist_test_0_00519.png,0,complete
mnist_all/0/mnist_test_0_00520.png,0,complete
mnist_all/0/mnist_test_0_00521.png,0,complete
mnist_all/0/mnist_test_0_00522.png,0,complete
mnist_all/0/mnist_test_0_00523.png,0,complete
mnist_all/0/mnist_test_0_00524.png,0,unreviewed
mnist_all/0/mnist_test_0_00525.png,0,complete
mnist_all/0/mnist_test_0_00526.png,0,complete
mnist_all/0/mnist_test_0_00527.png,0,complete
mnist_all/0/mnist_test_0_00528.png,0,complete
mnist_all/0/mnist_test_0_00529.png,0,complete
mnist_all/0/mnist_test_0_00530.png,0,complete
mnist_all/0/mnist_test_0_00531.png,0,complete
mnist_all/0/mnist_test_0_00532.png,0,complete
mnist_all/0/mnist_test_0_00533.png,0,complete
mnist_all/0/mnist_test_0_00534.png,0,complete
mnist_all/0/mnist_test_0_00535.png,0,complete
mnist_all/0/mnist_test_0_00536.png,0,complete
mnist_all/0/mnist_test_0_00537.png,0,complete
mnist_all/0/mnist_test_0_00538.png,0,complete
mnist_all/0/mnist_test_0_00539.png,0,complete
mnist_all/0/mnist_test_0_00540.png,0,complete
mnist_all/0/mnist_test_0_00541.png,0,complete
mnist_all/0/mnist_test_0_00542.png,0,unreviewed
mnist_all/0/mnist_test_0_00543.png,0,complete
mnist_all/0/mnist_test_0_00544.png,0,complete
mnist_all/0/mnist_test_0_00545.png,0,complete
mnist_all/0/mnist_test_0_00546.png,0,complete
mnist_all/0/mnist_test_0_00547.png,0,complete
mnist_all/0/mnist_test_0_00548.png,0,incomplete
mnist_all/0/mnist_test_0_00549.png,0,complete
mnist_all/0/mnist_test_0_00550.png,0,complete
mnist_all/0/mnist_test_0_00551.png,0,complete
mnist_all/0/mnist_test_0_00552.png,0,complete
mnist_all/0/mnist_test_0_00553.png,0,complete
mnist_all/0/mnist_test_0_00554.png,0,complete
mnist_all/0/mnist_test_0_00555.png,0,complete
mnist_all/0/mnist_test_0_00556.png,0,complete
mnist_all/0/mnist_test_0_00557.png,0,complete
mnist_all/0/mnist_test_0_00558.png,0,complete
mnist_all/0/mnist_test_0_00559.png,0,complete
mnist_all/0/mnist_test_0_00560.png,0,complete
mnist_all/0/mnist_test_0_00561.png,0,complete
mnist_all/0/mnist_test_0_00562.png,0,complete
mnist_all/0/mnist_test_0_00563.png,0,complete
mnist_all/0/mnist_test_0_00564.png,0,complete
mnist_all/0/mnist_test_0_00565.png,0,complete
mnist_all/0/mnist_test_0_00566.png,0,complete
mnist_all/0/mnist_test_0_00567.png,0,incomplete
mnist_all/0/mnist_test_0_00568.png,0,complete
mnist_all/0/mnist_test_0_00569.png,0,complete
mnist_all/0/mnist_test_0_00570.png,0,complete
mnist_all/0/mnist_test_0_00571.png,0,complete
mnist_all/0/mnist_test_0_00572.png,0,complete
mnist_all/0/mnist_test_0_00573.png,0,complete
mnist_all/0/mnist_test_0_00574.png,0,complete
mnist_all/0/mnist_test_0_00575.png,0,complete
mnist_all/0/mnist_test_0_00576.png,0,complete
mnist_all/0/mnist_test_0_00577.png,0,complete
mnist_all/0/mnist_test_0_00578.png,0,complete
mnist_all/0/mnist_test_0_00579.png,0,complete
mnist_all/0/mnist_test_0_00580.png,0,complete
mnist_all/0/mnist_test_0_00581.png,0,complete
mnist_all/0/mnist_test_0_00582.png,0,complete
mnist_all/0/mnist_test_0_00583.png,0,complete
mnist_all/0/mnist_test_0_00584.png,0,complete
mnist_all/0/mnist_test_0_00585.png,0,complete
mnist_all/0/mnist_test_0_00586.png,0,complete
mnist_all/0/mnist_test_0_00587.png,0,complete
mnist_all/0/mnist_test_0_00588.png,0,complete
mnist_all/0/mnist_test_0_00589.png,0,complete
mnist_all/0/mnist_test_0_00590.png,0,complete
mnist_all/0/mnist_test_0_00591.png,0,complete
mnist_all/0/mnist_test_0_00592.png,0,incomplete
mnist_all/0/mnist_test_0_00593.png,0,complete
mnist_all/0/mnist_test_0_00594.png,0,complete
mnist_all/0/mnist_test_0_00595.png,0,complete
mnist_all/0/mnist_test_0_00596.png,0,complete
mnist_all/0/mnist_test_0_00597.png,0,complete
mnist_all/0/mnist_test_0_00598.png,0,complete
mnist_all/0/mnist_test_0_00599.png,0,complete
mnist_all/0/mnist_test_0_00600.png,0,incomplete
mnist_all/0/mnist_test_0_00601.png,0,complete
mnist_all/0/mnist_test_0_00602.png,0,complete
mnist_all/0/mnist_test_0_00603.png,0,complete
mnist_all/0/mnist_test_0_00604.png,0,complete
mnist_all/0/mnist_test_0_00605.png,0,complete
mnist_all/0/mnist_test_0_00606.png,0,incomplete
mnist_all/0/mnist_test_0_00607.png,0,incomplete
mnist_all/0/mnist_test_0_00608.png,0,incomplete
mnist_all/0/mnist_test_0_00609.png,0,incomplete
mnist_all/0/mnist_test_0_00610.png,0,complete
mnist_all/0/mnist_test_0_00611.png,0,complete
mnist_all/0/mnist_test_0_00612.png,0,complete
mnist_all/0/mnist_test_0_00613.png,0,complete
mnist_all/0/mnist_test_0_00614.png,0,complete
mnist_all/0/mnist_test_0_00615.png,0,complete
mnist_all/0/mnist_test_0_00616.png,0,complete
mnist_all/0/mnist_test_0_00617.png,0,complete
mnist_all/0/mnist_test_0_00618.png,0,complete
mnist_all/0/mnist_test_0_00619.png,0,complete
mnist_all/0/mnist_test_0_00620.png,0,unreviewed
mnist_all/0/mnist_test_0_00621.png,0,incomplete
mnist_all/0/mnist_test_0_00622.png,0,incomplete
mnist_all/0/mnist_test_0_00623.png,0,incomplete
mnist_all/0/mnist_test_0_00624.png,0,unreviewed
mnist_all/0/mnist_test_0_00625.png,0,incomplete
mnist_all/0/mnist_test_0_00626.png,0,complete
mnist_all/0/mnist_test_0_00627.png,0,complete
mnist_all/0/mnist_test_0_00628.png,0,incomplete
mnist_all/0/mnist_test_0_00629.png,0,incomplete
mnist_all/0/mnist_test_0_00630.png,0,incomplete
mnist_all/0/mnist_test_0_00631.png,0,incomplete
mnist_all/0/mnist_test_0_00632.png,0,complete
mnist_all/0/mnist_test_0_00633.png,0,complete
mnist_all/0/mnist_test_0_00634.png,0,unreviewed
mnist_all/0/mnist_test_0_00635.png,0,complete
mnist_all/0/mnist_test_0_00636.png,0,incomplete
mnist_all/0/mnist_test_0_00637.png,0,complete
mnist_all/0/mnist_test_0_00638.png,0,complete
mnist_all/0/mnist_test_0_00639.png,0,complete
mnist_all/0/mnist_test_0_00640.png,0,complete
mnist_all/0/mnist_test_0_00641.png,0,complete
mnist_all/0/mnist_test_0_00642.png,0,complete
mnist_all/0/mnist_test_0_00643.png,0,complete
mnist_all/0/mnist_test_0_00644.png,0,complete
mnist_all/0/mnist_test_0_00645.png,0,complete
mnist_all/0/mnist_test_0_00646.png,0,complete
mnist_all/0/mnist_test_0_00647.png,0,complete
mnist_all/0/mnist_test_0_00648.png,0,complete
mnist_all/0/mnist_test_0_00649.png,0,complete
mnist_all/0/mnist_test_0_00650.png,0,complete
mnist_all/0/mnist_test_0_00651.png,0,complete
mnist_all/0/mnist_test_0_00652.png,0,complete
mnist_all/0/mnist_test_0_00653.png,0,complete
mnist_all/0/mnist_test_0_00654.png,0,incomplete
mnist_all/0/mnist_test_0_00655.png,0,complete
mnist_all/0/mnist_test_0_00656.png,0,complete
mnist_all/0/mnist_test_0_00657.png,0,complete
mnist_all/0/mnist_test_0_00658.png,0,complete
mnist_all/0/mnist_test_0_00659.png,0,complete
mnist_all/0/mnist_test_0_00660.png,0,complete
mnist_all/0/mnist_test_0_00661.png,0,complete
mnist_all/0/mnist_test_0_00662.png,0,complete
mnist_all/0/mnist_test_0_00663.png,0,complete
mnist_all/0/mnist_test_0_00664.png,0,complete
mnist_all/0/mnist_test_0_00665.png,0,complete
mnist_all/0/mnist_test_0_00666.png,0,complete
mnist_all/0/mnist_test_0_00667.png,0,complete
mnist_all/0/mnist_test_0_00668.png,0,complete
mnist_all/0/mnist_test_0_00669.png,0,complete
mnist_all/0/mnist_test_0_00670.png,0,complete
mnist_all/0/mnist_test_0_00671.png,0,complete
mnist_all/0/mnist_test_0_00672.png,0,complete
mnist_all/0/mnist_test_0_00673.png,0,complete
mnist_all/0/mnist_test_0_00674.png,0,complete
mnist_all/0/mnist_test_0_00675.png,0,incomplete
mnist_all/0/mnist_test_0_00676.png,0,complete
mnist_all/0/mnist_test_0_00677.png,0,complete
mnist_all/0/mnist_test_0_00678.png,0,complete
mnist_all/0/mnist_test_0_00679.png,0,incomplete
mnist_all/0/mnist_test_0_00680.png,0,unreviewed
mnist_all/0/mnist_test_0_00681.png,0,complete
mnist_all/0/mnist_test_0_00682.png,0,complete
mnist_all/0/mnist_test_0_00683.png,0,complete
mnist_all/0/mnist_test_0_00684.png,0,complete
mnist_all/0/mnist_test_0_00685.png,0,complete
mnist_all/0/mnist_test_0_00686.png,0,complete
mnist_all/0/mnist_test_0_00687.png,0,unreviewed
mnist_all/0/mnist_test_0_00688.png,0,unreviewed
mnist_all/0/mnist_test_0_00689.png,0,complete
mnist_all/0/mnist_test_0_00690.png,0,complete
mnist_all/0/mnist_test_0_00691.png,0,complete
mnist_all/0/mnist_test_0_00692.png,0,complete
mnist_all/0/mnist_test_0_00693.png,0,incomplete
mnist_all/0/mnist_test_0_00694.png,0,complete
mnist_all/0/mnist_test_0_00695.png,0,complete
mnist_all/0/mnist_test_0_00696.png,0,complete
mnist_all/0/mnist_test_0_00697.png,0,complete
mnist_all/0/mnist_test_0_00698.png,0,complete
mnist_all/0/mnist_test_0_00699.png,0,complete
mnist_all/0/mnist_test_0_00700.png,0,complete
mnist_all/0/mnist_test_0_00701.png,0,complete
mnist_all/0/mnist_test_0_00702.png,0,complete
mnist_all/0/mnist_test_0_00703.png,0,complete
mnist_all/0/mnist_test_0_00704.png,0,complete
mnist_all/0/mnist_test_0_00705.png,0,complete
mnist_all/0/mnist_test_0_00706.png,0,complete
mnist_all/0/mnist_test_0_00707.png,0,complete
mnist_all/0/mnist_test_0_00708.png,0,complete
mnist_all/0/mnist_test_0_00709.png,0,complete
mnist_all/0/mnist_test_0_00710.png,0,complete
mnist_all/0/mnist_test_0_00711.png,0,incomplete
mnist_all/0/mnist_test_0_00712.png,0,complete
mnist_all/0/mnist_test_0_00713.png,0,incomplete
mnist_all/0/mnist_test_0_00714.png,0,complete
mnist_all/0/mnist_test_0_00715.png,0,incomplete
mnist_all/0/mnist_test_0_00716.png,0,incomplete
mnist_all/0/mnist_test_0_00717.png,0,incomplete
mnist_all/0/mnist_test_0_00718.png,0,complete
mnist_all/0/mnist_test_0_00719.png,0,incomplete
mnist_all/0/mnist_test_0_00720.png,0,complete
mnist_all/0/mnist_test_0_00721.png,0,complete
mnist_all/0/mnist_test_0_00722.png,0,complete
mnist_all/0/mnist_test_0_00723.png,0,complete
mnist_all/0/mnist_test_0_00724.png,0,complete
mnist_all/0/mnist_test_0_00725.png,0,complete
mnist_all/0/mnist_test_0_00726.png,0,complete
mnist_all/0/mnist_test_0_00727.png,0,complete
mnist_all/0/mnist_test_0_00728.png,0,incomplete
mnist_all/0/mnist_test_0_00729.png,0,complete
mnist_all/0/mnist_test_0_00730.png,0,complete
mnist_all/0/mnist_test_0_00731.png,0,complete
mnist_all/0/mnist_test_0_00732.png,0,complete
mnist_all/0/mnist_test_0_00733.png,0,complete
mnist_all/0/mnist_test_0_00734.png,0,complete
mnist_all/0/mnist_test_0_00735.png,0,complete
mnist_all/0/mnist_test_0_00736.png,0,complete
mnist_all/0/mnist_test_0_00737.png,0,complete
mnist_all/0/mnist_test_0_00738.png,0,incomplete
mnist_all/0/mnist_test_0_00739.png,0,complete
mnist_all/0/mnist_test_0_00740.png,0,complete
mnist_all/0/mnist_test_0_00741.png,0,complete
mnist_all/0/mnist_test_0_00742.png,0,complete
mnist_all/0/mnist_test_0_00743.png,0,unreviewed
mnist_all/0/mnist_test_0_00744.png,0,complete
mnist_all/0/mnist_test_0_00745.png,0,complete
mnist_all/0/mnist_test_0_00746.png,0,complete
mnist_all/0/mnist_test_0_00747.png,0,complete
mnist_all/0/mnist_test_0_00748.png,0,complete
mnist_all/0/mnist_test_0_00749.png,0,complete
mnist_all/0/mnist_test_0_00750.png,0,complete
mnist_all/0/mnist_test_0_00751.png,0,complete
mnist_all/0/mnist_test_0_00752.png,0,complete
mnist_all/0/mnist_test_0_00753.png,0,complete
mnist_all/0/mnist_test_0_00754.png,0,complete
mnist_all/0/mnist_test_0_00755.png,0,complete
mnist_all/0/mnist_test_0_00756.png,0,complete
mnist_all/0/mnist_test_0_00757.png,0,complete
mnist_all/0/mnist_test_0_00758.png,0,complete
mnist_all/0/mnist_test_0_00759.png,0,complete
mnist_all/0/mnist_test_0_00760.png,0,complete
mnist_all/0/mnist_test_0_00761.png,0,complete
mnist_all/0/mnist_test_0_00762.png,0,complete
mnist_all/0/mnist_test_0_00763.png,0,complete
mnist_all/0/mnist_test_0_00764.png,0,complete
mnist_all/0/mnist_test_0_00765.png,0,complete
mnist_all/0/mnist_test_0_00766.png,0,complete
mnist_all/0/mnist_test_0_00767.png,0,complete
mnist_all/0/mnist_test_0_00768.png,0,complete
mnist_all/0/mnist_test_0_00769.png,0,complete
mnist_all/0/mnist_test_0_00770.png,0,complete
mnist_all/0/mnist_test_0_00771.png,0,complete
mnist_all/0/mnist_test_0_00772.png,0,complete
mnist_all/0/mnist_test_0_00773.png,0,complete
mnist_all/0/mnist_test_0_00774.png,0,complete
mnist_all/0/mnist_test_0_00775.png,0,complete
mnist_all/0/mnist_test_0_00776.png,0,complete
mnist_all/0/mnist_test_0_00777.png,0,complete
mnist_all/0/mnist_test_0_00778.png,0,complete
mnist_all/0/mnist_test_0_00779.png,0,complete
mnist_all/0/mnist_test_0_00780.png,0,complete
mnist_all/0/mnist_test_0_00781.png,0,complete
mnist_all/0/mnist_test_0_00782.png,0,complete
mnist_all/0/mnist_test_0_00783.png,0,complete
mnist_all/0/mnist_test_0_00784.png,0,unreviewed
mnist_all/0/mnist_test_0_00785.png,0,complete
mnist_all/0/mnist_test_0_00786.png,0,complete
mnist_all/0/mnist_test_0_00787.png,0,unreviewed
mnist_all/0/mnist_test_0_00788.png,0,complete
mnist_all/0/mnist_test_0_00789.png,0,complete
mnist_all/0/mnist_test_0_00790.png,0,incomplete
mnist_all/0/mnist_test_0_00791.png,0,unreviewed
mnist_all/0/mnist_test_0_00792.png,0,complete
mnist_all/0/mnist_test_0_00793.png,0,complete
mnist_all/0/mnist_test_0_00794.png,0,incomplete
mnist_all/0/mnist_test_0_00795.png,0,complete
mnist_all/0/mnist_test_0_00796.png,0,complete
mnist_all/0/mnist_test_0_00797.png,0,incomplete
mnist_all/0/mnist_test_0_00798.png,0,complete
mnist_all/0/mnist_test_0_00799.png,0,incomplete
mnist_all/0/mnist_test_0_00800.png,0,complete
mnist_all/0/mnist_test_0_00801.png,0,complete
mnist_all/0/mnist_test_0_00802.png,0,complete
mnist_all/0/mnist_test_0_00803.png,0,complete
mnist_all/0/mnist_test_0_00804.png,0,complete
mnist_all/0/mnist_test_0_00805.png,0,complete
mnist_all/0/mnist_test_0_00806.png,0,complete
mnist_all/0/mnist_test_0_00807.png,0,complete
mnist_all/0/mnist_test_0_00808.png,0,complete
mnist_all/0/mnist_test_0_00809.png,0,complete
mnist_all/0/mnist_test_0_00810.png,0,complete
mnist_all/0/mnist_test_0_00811.png,0,complete
mnist_all/0/mnist_test_0_00812.png,0,incomplete
mnist_all/0/mnist_test_0_00813.png,0,complete
mnist_all/0/mnist_test_0_00814.png,0,complete
mnist_all/0/mnist_test_0_00815.png,0,complete
mnist_all/0/mnist_test_0_00816.png,0,unreviewed
mnist_all/0/mnist_test_0_00817.png,0,incomplete
mnist_all/0/mnist_test_0_00818.png,0,incomplete
mnist_all/0/mnist_test_0_00819.png,0,incomplete
mnist_all/0/mnist_test_0_00820.png,0,complete
mnist_all/0/mnist_test_0_00821.png,0,complete
mnist_all/0/mnist_test_0_00822.png,0,complete
mnist_all/0/mnist_test_0_00823.png,0,complete
mnist_all/0/mnist_test_0_00824.png,0,complete
mnist_all/0/mnist_test_0_00825.png,0,complete
mnist_all/0/mnist_test_0_00826.png,0,incomplete
mnist_all/0/mnist_test_0_00827.png,0,complete
mnist_all/0/mnist_test_0_00828.png,0,complete
mnist_all/0/mnist_test_0_00829.png,0,complete
mnist_all/0/mnist_test_0_00830.png,0,complete
mnist_all/0/mnist_test_0_00831.png,0,complete
mnist_all/0/mnist_test_0_00832.png,0,unreviewed
mnist_all/0/mnist_test_0_00833.png,0,complete
mnist_all/0/mnist_test_0_00834.png,0,complete
mnist_all/0/mnist_test_0_00835.png,0,complete
mnist_all/0/mnist_test_0_00836.png,0,complete
mnist_all/0/mnist_test_0_00837.png,0,unreviewed
mnist_all/0/mnist_test_0_00838.png,0,complete
mnist_all/0/mnist_test_0_00839.png,0,complete
mnist_all/0/mnist_test_0_00840.png,0,complete
mnist_all/0/mnist_test_0_00841.png,0,complete
mnist_all/0/mnist_test_0_00842.png,0,complete
mnist_all/0/mnist_test_0_00843.png,0,complete
mnist_all/0/mnist_test_0_00844.png,0,complete
mnist_all/0/mnist_test_0_00845.png,0,complete
mnist_all/0/mnist_test_0_00846.png,0,complete
mnist_all/0/mnist_test_0_00847.png,0,complete
mnist_all/0/mnist_test_0_00848.png,0,complete
mnist_all/0/mnist_test_0_00849.png,0,complete
mnist_all/0/mnist_test_0_00850.png,0,complete
mnist_all/0/mnist_test_0_00851.png,0,complete
mnist_all/0/mnist_test_0_00852.png,0,complete
mnist_all/0/mnist_test_0_00853.png,0,complete
mnist_all/0/mnist_test_0_00854.png,0,complete
mnist_all/0/mnist_test_0_00855.png,0,complete
mnist_all/0/mnist_test_0_00856.png,0,complete
mnist_all/0/mnist_test_0_00857.png,0,complete
mnist_all/0/mnist_test_0_00858.png,0,incomplete
mnist_all/0/mnist_test_0_00859.png,0,complete
mnist_all/0/mnist_test_0_00860.png,0,complete
mnist_all/0/mnist_test_0_00861.png,0,complete
mnist_all/0/mnist_test_0_00862.png,0,complete
mnist_all/0/mnist_test_0_00863.png,0,complete
mnist_all/0/mnist_test_0_00864.png,0,complete
mnist_all/0/mnist_test_0_00865.png,0,incomplete
mnist_all/0/mnist_test_0_00866.png,0,complete
mnist_all/0/mnist_test_0_00867.png,0,complete
mnist_all/0/mnist_test_0_00868.png,0,complete
mnist_all/0/mnist_test_0_00869.png,0,incomplete
mnist_all/0/mnist_test_0_00870.png,0,complete
mnist_all/0/mnist_test_0_00871.png,0,complete
mnist_all/0/mnist_test_0_00872.png,0,complete
mnist_all/0/mnist_test_0_00873.png,0,complete
mnist_all/0/mnist_test_0_00874.png,0,complete
mnist_all/0/mnist_test_0_00875.png,0,complete
mnist_all/0/mnist_test_0_00876.png,0,complete
mnist_all/0/mnist_test_0_00877.png,0,complete
mnist_all/0/mnist_test_0_00878.png,0,complete
mnist_all/0/mnist_test_0_00879.png,0,complete
mnist_all/0/mnist_test_0_00880.png,0,complete
mnist_all/0/mnist_test_0_00881.png,0,complete
mnist_all/0/mnist_test_0_00882.png,0,complete
mnist_all/0/mnist_test_0_00883.png,0,complete
mnist_all/0/mnist_test_0_00884.png,0,complete
mnist_all/0/mnist_test_0_00885.png,0,complete
mnist_all/0/mnist_test_0_00886.png,0,complete
mnist_all/0/mnist_test_0_00887.png,0,complete
mnist_all/0/mnist_test_0_00888.png,0,complete
mnist_all/0/mnist_test_0_00889.png,0,complete
mnist_all/0/mnist_test_0_00890.png,0,complete
mnist_all/0/mnist_test_0_00891.png,0,complete
mnist_all/0/mnist_test_0_00892.png,0,complete
mnist_all/0/mnist_test_0_00893.png,0,complete
mnist_all/0/mnist_test_0_00894.png,0,complete
mnist_all/0/mnist_test_0_00895.png,0,complete
mnist_all/0/mnist_test_0_00896.png,0,complete
mnist_all/0/mnist_test_0_00897.png,0,complete
mnist_all/0/mnist_test_0_00898.png,0,complete
mnist_all/0/mnist_test_0_00899.png,0,complete
mnist_all/0/mnist_test_0_00900.png,0,complete
mnist_all/0/mnist_test_0_00901.png,0,complete
mnist_all/0/mnist_test_0_00902.png,0,complete
mnist_all/0/mnist_test_0_00903.png,0,complete
mnist_all/0/mnist_test_0_00904.png,0,complete
mnist_all/0/mnist_test_0_00905.png,0,complete
mnist_all/0/mnist_test_0_00906.png,0,unreviewed
mnist_all/0/mnist_test_0_00907.png,0,incomplete
mnist_all/0/mnist_test_0_00908.png,0,complete
mnist_all/0/mnist_test_0_00909.png,0,complete
mnist_all/0/mnist_test_0_00910.png,0,complete
mnist_all/0/mnist_test_0_00911.png,0,complete
mnist_all/0/mnist_test_0_00912.png,0,incomplete
mnist_all/0/mnist_test_0_00913.png,0,complete
mnist_all/0/mnist_test_0_00914.png,0,complete
mnist_all/0/mnist_test_0_00915.png,0,complete
mnist_all/0/mnist_test_0_00916.png,0,complete
mnist_all/0/mnist_test_0_00917.png,0,complete
mnist_all/0/mnist_test_0_00918.png,0,incomplete
mnist_all/0/mnist_test_0_00919.png,0,complete
mnist_all/0/mnist_test_0_00920.png,0,complete
mnist_all/0/mnist_test_0_00921.png,0,incomplete
mnist_all/0/mnist_test_0_00922.png,0,complete
mnist_all/0/mnist_test_0_00923.png,0,complete
mnist_all/0/mnist_test_0_00924.png,0,complete
mnist_all/0/mnist_test_0_00925.png,0,complete
mnist_all/0/mnist_test_0_00926.png,0,unreviewed
mnist_all/0/mnist_test_0_00927.png,0,complete
mnist_all/0/mnist_test_0_00928.png,0,complete
mnist_all/0/mnist_test_0_00929.png,0,complete
mnist_all/0/mnist_test_0_00930.png,0,complete
mnist_all/0/mnist_test_0_00931.png,0,complete
mnist_all/0/mnist_test_0_00932.png,0,incomplete
mnist_all/0/mnist_test_0_00933.png,0,complete
mnist_all/0/mnist_test_0_00934.png,0,complete
mnist_all/0/mnist_test_0_00935.png,0,complete
mnist_all/0/mnist_test_0_00936.png,0,complete
mnist_all/0/mnist_test_0_00937.png,0,complete
mnist_all/0/mnist_test_0_00938.png,0,complete
mnist_all/0/mnist_test_0_00939.png,0,incomplete
mnist_all/0/mnist_test_0_00940.png,0,complete
mnist_all/0/mnist_test_0_00941.png,0,unreviewed
mnist_all/0/mnist_test_0_00942.png,0,incomplete
mnist_all/0/mnist_test_0_00943.png,0,complete
mnist_all/0/mnist_test_0_00944.png,0,complete
mnist_all/0/mnist_test_0_00945.png,0,complete
mnist_all/0/mnist_test_0_00946.png,0,complete
mnist_all/0/mnist_test_0_00947.png,0,unreviewed
mnist_all/0/mnist_test_0_00948.png,0,unreviewed
mnist_all/0/mnist_test_0_00949.png,0,incomplete
mnist_all/0/mnist_test_0_00950.png,0,complete
mnist_all/0/mnist_test_0_00951.png,0,incomplete
mnist_all/0/mnist_test_0_00952.png,0,complete
mnist_all/0/mnist_test_0_00953.png,0,complete
mnist_all/0/mnist_test_0_00954.png,0,complete
mnist_all/0/mnist_test_0_00955.png,0,complete
mnist_all/0/mnist_test_0_00956.png,0,complete
mnist_all/0/mnist_test_0_00957.png,0,complete
mnist_all/0/mnist_test_0_00958.png,0,complete
mnist_all/0/mnist_test_0_00959.png,0,complete
mnist_all/0/mnist_test_0_00960.png,0,complete
mnist_all/0/mnist_test_0_00961.png,0,complete
mnist_all/0/mnist_test_0_00962.png,0,complete
mnist_all/0/mnist_test_0_00963.png,0,complete
mnist_all/0/mnist_test_0_00964.png,0,complete
mnist_all/0/mnist_test_0_00965.png,0,complete
mnist_all/0/mnist_test_0_00966.png,0,unreviewed
mnist_all/0/mnist_test_0_00967.png,0,complete
mnist_all/0/mnist_test_0_00968.png,0,unreviewed
mnist_all/0/mnist_test_0_00969.png,0,complete
mnist_all/0/mnist_test_0_00970.png,0,complete
mnist_all/0/mnist_test_0_00971.png,0,complete
mnist_all/0/mnist_test_0_00972.png,0,complete
mnist_all/0/mnist_test_0_00973.png,0,incomplete
mnist_all/0/mnist_test_0_00974.png,0,unreviewed
mnist_all/0/mnist_test_0_00975.png,0,complete
mnist_all/0/mnist_test_0_00976.png,0,complete
mnist_all/0/mnist_test_0_00977.png,0,complete
mnist_all/0/mnist_test_0_00978.png,0,complete
mnist_all/0/mnist_test_0_00979.png,0,complete
mnist_all/1/mnist_test_1_00000.png,1,complete
mnist_all/1/mnist_test_1_00001.png,1,complete
mnist_all/1/mnist_test_1_00002.png,1,complete
mnist_all/1/mnist_test_1_00003.png,1,complete
mnist_all/1/mnist_test_1_00004.png,1,complete
mnist_all/1/mnist_test_1_00005.png,1,complete
mnist_all/1/mnist_test_1_00006.png,1,complete
mnist_all/1/mnist_test_1_00007.png,1,complete
mnist_all/1/mnist_test_1_00008.png,1,complete
mnist_all/1/mnist_test_1_00009.png,1,complete
mnist_all/1/mnist_test_1_00010.png,1,complete
mnist_all/1/mnist_test_1_00011.png,1,complete
mnist_all/1/mnist_test_1_00012.png,1,complete
mnist_all/1/mnist_test_1_00013.png,1,complete
mnist_all/1/mnist_test_1_00014.png,1,complete
mnist_all/1/mnist_test_1_00015.png,1,complete
mnist_all/1/mnist_test_1_00016.png,1,complete
mnist_all/1/mnist_test_1_00017.png,1,complete
mnist_all/1/mnist_test_1_00018.png,1,complete
mnist_all/1/mnist_test_1_00019.png,1,complete
mnist_all/1/mnist_test_1_00020.png,1,complete
mnist_all/1/mnist_test_1_00021.png,1,complete
mnist_all/1/mnist_test_1_00022.png,1,complete
mnist_all/1/mnist_test_1_00023.png,1,complete
mnist_all/1/mnist_test_1_00024.png,1,complete
mnist_all/1/mnist_test_1_00025.png,1,complete
mnist_all/1/mnist_test_1_00026.png,1,complete
mnist_all/1/mnist_test_1_00027.png,1,complete
mnist_all/1/mnist_test_1_00028.png,1,complete
mnist_all/1/mnist_test_1_00029.png,1,complete
mnist_all/1/mnist_test_1_00030.png,1,complete
mnist_all/1/mnist_test_1_00031.png,1,complete
mnist_all/1/mnist_test_1_00032.png,1,complete
mnist_all/1/mnist_test_1_00033.png,1,complete
mnist_all/1/mnist_test_1_00034.png,1,complete
mnist_all/1/mnist_test_1_00035.png,1,complete
mnist_all/1/mnist_test_1_00036.png,1,complete
mnist_all/1/mnist_test_1_00037.png,1,complete
mnist_all/1/mnist_test_1_00038.png,1,complete
mnist_all/1/mnist_test_1_00039.png,1,complete
mnist_all/1/mnist_test_1_00040.png,1,complete
mnist_all/1/mnist_test_1_00041.png,1,complete
mnist_all/1/mnist_test_1_00042.png,1,complete
mnist_all/1/mnist_test_1_00043.png,1,complete
mnist_all/1/mnist_test_1_00044.png,1,complete
mnist_all/1/mnist_test_1_00045.png,1,complete
mnist_all/1/mnist_test_1_00046.png,1,complete
mnist_all/1/mnist_test_1_00047.png,1,complete
mnist_all/1/mnist_test_1_00048.png,1,complete
mnist_all/1/mnist_test_1_00049.png,1,complete
mnist_all/1/mnist_test_1_00050.png,1,complete
mnist_all/1/mnist_test_1_00051.png,1,incomplete
mnist_all/1/mnist_test_1_00052.png,1,complete
mnist_all/1/mnist_test_1_00053.png,1,complete
mnist_all/1/mnist_test_1_00054.png,1,complete
mnist_all/1/mnist_test_1_00055.png,1,complete
mnist_all/1/mnist_test_1_00056.png,1,complete
mnist_all/1/mnist_test_1_00057.png,1,complete
mnist_all/1/mnist_test_1_00058.png,1,complete
mnist_all/1/mnist_test_1_00059.png,1,complete
mnist_all/1/mnist_test_1_00060.png,1,complete
mnist_all/1/mnist_test_1_00061.png,1,complete
mnist_all/1/mnist_test_1_00062.png,1,complete
mnist_all/1/mnist_test_1_00063.png,1,complete
mnist_all/1/mnist_test_1_00064.png,1,complete
mnist_all/1/mnist_test_1_00065.png,1,complete
mnist_all/1/mnist_test_1_00066.png,1,complete
mnist_all/1/mnist_test_1_00067.png,1,complete
mnist_all/1/mnist_test_1_00068.png,1,complete
mnist_all/1/mnist_test_1_00069.png,1,complete
mnist_all/1/mnist_test_1_00070.png,1,complete
mnist_all/1/mnist_test_1_00071.png,1,complete
mnist_all/1/mnist_test_1_00072.png,1,complete
mnist_all/1/mnist_test_1_00073.png,1,complete
mnist_all/1/mnist_test_1_00074.png,1,complete
mnist_all/1/mnist_test_1_00075.png,1,complete
mnist_all/1/mnist_test_1_00076.png,1,complete
mnist_all/1/mnist_test_1_00077.png,1,complete
mnist_all/1/mnist_test_1_00078.png,1,complete
mnist_all/1/mnist_test_1_00079.png,1,complete
mnist_all/1/mnist_test_1_00080.png,1,complete
mnist_all/1/mnist_test_1_00081.png,1,complete
mnist_all/1/mnist_test_1_00082.png,1,complete
mnist_all/1/mnist_test_1_00083.png,1,complete
mnist_all/1/mnist_test_1_00084.png,1,complete
mnist_all/1/mnist_test_1_00085.png,1,complete
mnist_all/1/mnist_test_1_00086.png,1,complete
mnist_all/1/mnist_test_1_00087.png,1,complete
mnist_all/1/mnist_test_1_00088.png,1,complete
mnist_all/1/mnist_test_1_00089.png,1,complete
mnist_all/1/mnist_test_1_00090.png,1,complete
mnist_all/1/mnist_test_1_00091.png,1,complete
mnist_all/1/mnist_test_1_00092.png,1,complete
mnist_all/1/mnist_test_1_00093.png,1,complete
mnist_all/1/mnist_test_1_00094.png,1,complete
mnist_all/1/mnist_test_1_00095.png,1,complete
mnist_all/1/mnist_test_1_00096.png,1,complete
mnist_all/1/mnist_test_1_00097.png,1,complete
mnist_all/1/mnist_test_1_00098.png,1,complete
mnist_all/1/mnist_test_1_00099.png,1,complete
mnist_all/1/mnist_test_1_00100.png,1,complete
mnist_all/1/mnist_test_1_00101.png,1,complete
mnist_all/1/mnist_test_1_00102.png,1,complete
mnist_all/1/mnist_test_1_00103.png,1,complete
mnist_all/1/mnist_test_1_00104.png,1,complete
mnist_all/1/mnist_test_1_00105.png,1,complete
mnist_all/1/mnist_test_1_00106.png,1,complete
mnist_all/1/mnist_test_1_00107.png,1,complete
mnist_all/1/mnist_test_1_00108.png,1,complete
mnist_all/1/mnist_test_1_00109.png,1,complete
mnist_all/1/mnist_test_1_00110.png,1,complete
mnist_all/1/mnist_test_1_00111.png,1,complete
mnist_all/1/mnist_test_1_00112.png,1,complete
mnist_all/1/mnist_test_1_00113.png,1,complete
mnist_all/1/mnist_test_1_00114.png,1,complete
mnist_all/1/mnist_test_1_00115.png,1,complete
mnist_all/1/mnist_test_1_00116.png,1,complete
mnist_all/1/mnist_test_1_00117.png,1,unreviewed
mnist_all/1/mnist_test_1_00118.png,1,complete
mnist_all/1/mnist_test_1_00119.png,1,complete
mnist_all/1/mnist_test_1_00120.png,1,complete
mnist_all/1/mnist_test_1_00121.png,1,complete
mnist_all/1/mnist_test_1_00122.png,1,complete
mnist_all/1/mnist_test_1_00123.png,1,complete
mnist_all/1/mnist_test_1_00124.png,1,complete
mnist_all/1/mnist_test_1_00125.png,1,complete
mnist_all/1/mnist_test_1_00126.png,1,complete
mnist_all/1/mnist_test_1_00127.png,1,complete
mnist_all/1/mnist_test_1_00128.png,1,complete
mnist_all/1/mnist_test_1_00129.png,1,complete
mnist_all/1/mnist_test_1_00130.png,1,complete
mnist_all/1/mnist_test_1_00131.png,1,complete
mnist_all/1/mnist_test_1_00132.png,1,complete
mnist_all/1/mnist_test_1_00133.png,1,complete
mnist_all/1/mnist_test_1_00134.png,1,complete
mnist_all/1/mnist_test_1_00135.png,1,complete
mnist_all/1/mnist_test_1_00136.png,1,complete
mnist_all/1/mnist_test_1_00137.png,1,complete
mnist_all/1/mnist_test_1_00138.png,1,complete
mnist_all/1/mnist_test_1_00139.png,1,complete
mnist_all/1/mnist_test_1_00140.png,1,complete
mnist_all/1/mnist_test_1_00141.png,1,complete
mnist_all/1/mnist_test_1_00142.png,1,complete
mnist_all/1/mnist_test_1_00143.png,1,complete
mnist_all/1/mnist_test_1_00144.png,1,complete
mnist_all/1/mnist_test_1_00145.png,1,complete
mnist_all/1/mnist_test_1_00146.png,1,complete
mnist_all/1/mnist_test_1_00147.png,1,complete
mnist_all/1/mnist_test_1_00148.png,1,complete
mnist_all/1/mnist_test_1_00149.png,1,complete
mnist_all/1/mnist_test_1_00150.png,1,complete
mnist_all/1/mnist_test_1_00151.png,1,complete
mnist_all/1/mnist_test_1_00152.png,1,complete
mnist_all/1/mnist_test_1_00153.png,1,complete
mnist_all/1/mnist_test_1_00154.png,1,complete
mnist_all/1/mnist_test_1_00155.png,1,complete
mnist_all/1/mnist_test_1_00156.png,1,complete
mnist_all/1/mnist_test_1_00157.png,1,complete
mnist_all/1/mnist_test_1_00158.png,1,complete
mnist_all/1/mnist_test_1_00159.png,1,complete
mnist_all/1/mnist_test_1_00160.png,1,complete
mnist_all/1/mnist_test_1_00161.png,1,complete
mnist_all/1/mnist_test_1_00162.png,1,complete
mnist_all/1/mnist_test_1_00163.png,1,complete
mnist_all/1/mnist_test_1_00164.png,1,complete
mnist_all/1/mnist_test_1_00165.png,1,complete
mnist_all/1/mnist_test_1_00166.png,1,complete
mnist_all/1/mnist_test_1_00167.png,1,complete
mnist_all/1/mnist_test_1_00168.png,1,complete
mnist_all/1/mnist_test_1_00169.png,1,complete
mnist_all/1/mnist_test_1_00170.png,1,complete
mnist_all/1/mnist_test_1_00171.png,1,complete
mnist_all/1/mnist_test_1_00172.png,1,complete
mnist_all/1/mnist_test_1_00173.png,1,complete
mnist_all/1/mnist_test_1_00174.png,1,complete
mnist_all/1/mnist_test_1_00175.png,1,complete
mnist_all/1/mnist_test_1_00176.png,1,complete
mnist_all/1/mnist_test_1_00177.png,1,complete
mnist_all/1/mnist_test_1_00178.png,1,complete
mnist_all/1/mnist_test_1_00179.png,1,complete
mnist_all/1/mnist_test_1_00180.png,1,incomplete
mnist_all/1/mnist_test_1_00181.png,1,complete
mnist_all/1/mnist_test_1_00182.png,1,complete
mnist_all/1/mnist_test_1_00183.png,1,complete
mnist_all/1/mnist_test_1_00184.png,1,complete
mnist_all/1/mnist_test_1_00185.png,1,complete
mnist_all/1/mnist_test_1_00186.png,1,complete
mnist_all/1/mnist_test_1_00187.png,1,complete
mnist_all/1/mnist_test_1_00188.png,1,complete
mnist_all/1/mnist_test_1_00189.png,1,complete
mnist_all/1/mnist_test_1_00190.png,1,complete
mnist_all/1/mnist_test_1_00191.png,1,complete
mnist_all/1/mnist_test_1_00192.png,1,complete
mnist_all/1/mnist_test_1_00193.png,1,complete
mnist_all/1/mnist_test_1_00194.png,1,complete
mnist_all/1/mnist_test_1_00195.png,1,complete
mnist_all/1/mnist_test_1_00196.png,1,complete
mnist_all/1/mnist_test_1_00197.png,1,complete
mnist_all/1/mnist_test_1_00198.png,1,complete
mnist_all/1/mnist_test_1_00199.png,1,complete
mnist_all/1/mnist_test_1_00200.png,1,complete
mnist_all/1/mnist_test_1_00201.png,1,complete
mnist_all/1/mnist_test_1_00202.png,1,complete
mnist_all/1/mnist_test_1_00203.png,1,complete
mnist_all/1/mnist_test_1_00204.png,1,complete
mnist_all/1/mnist_test_1_00205.png,1,complete
mnist_all/1/mnist_test_1_00206.png,1,complete
mnist_all/1/mnist_test_1_00207.png,1,complete
mnist_all/1/mnist_test_1_00208.png,1,complete
mnist_all/1/mnist_test_1_00209.png,1,complete
mnist_all/1/mnist_test_1_00210.png,1,complete
mnist_all/1/mnist_test_1_00211.png,1,complete
mnist_all/1/mnist_test_1_00212.png,1,complete
mnist_all/1/mnist_test_1_00213.png,1,complete
mnist_all/1/mnist_test_1_00214.png,1,complete
mnist_all/1/mnist_test_1_00215.png,1,complete
mnist_all/1/mnist_test_1_00216.png,1,complete
mnist_all/1/mnist_test_1_00217.png,1,complete
mnist_all/1/mnist_test_1_00218.png,1,complete
mnist_all/1/mnist_test_1_00219.png,1,unreviewed
mnist_all/1/mnist_test_1_00220.png,1,complete
mnist_all/1/mnist_test_1_00221.png,1,complete
mnist_all/1/mnist_test_1_00222.png,1,complete
mnist_all/1/mnist_test_1_00223.png,1,complete
mnist_all/1/mnist_test_1_00224.png,1,complete
mnist_all/1/mnist_test_1_00225.png,1,complete
mnist_all/1/mnist_test_1_00226.png,1,complete
mnist_all/1/mnist_test_1_00227.png,1,complete
mnist_all/1/mnist_test_1_00228.png,1,complete
mnist_all/1/mnist_test_1_00229.png,1,complete
mnist_all/1/mnist_test_1_00230.png,1,complete
mnist_all/1/mnist_test_1_00231.png,1,complete
mnist_all/1/mnist_test_1_00232.png,1,complete
mnist_all/1/mnist_test_1_00233.png,1,complete
mnist_all/1/mnist_test_1_00234.png,1,complete
mnist_all/1/mnist_test_1_00235.png,1,complete
mnist_all/1/mnist_test_1_00236.png,1,complete
mnist_all/1/mnist_test_1_00237.png,1,complete
mnist_all/1/mnist_test_1_00238.png,1,complete
mnist_all/1/mnist_test_1_00239.png,1,complete
mnist_all/1/mnist_test_1_00240.png,1,complete
mnist_all/1/mnist_test_1_00241.png,1,complete
mnist_all/1/mnist_test_1_00242.png,1,complete
mnist_all/1/mnist_test_1_00243.png,1,complete
mnist_all/1/mnist_test_1_00244.png,1,complete
mnist_all/1/mnist_test_1_00245.png,1,complete
mnist_all/1/mnist_test_1_00246.png,1,complete
mnist_all/1/mnist_test_1_00247.png,1,complete
mnist_all/1/mnist_test_1_00248.png,1,complete
mnist_all/1/mnist_test_1_00249.png,1,complete
mnist_all/1/mnist_test_1_00250.png,1,complete
mnist_all/1/mnist_test_1_00251.png,1,complete
mnist_all/1/mnist_test_1_00252.png,1,complete
mnist_all/1/mnist_test_1_00253.png,1,complete
mnist_all/1/mnist_test_1_00254.png,1,complete
mnist_all/1/mnist_test_1_00255.png,1,complete
mnist_all/1/mnist_test_1_00256.png,1,incomplete
mnist_all/1/mnist_test_1_00257.png,1,complete
mnist_all/1/mnist_test_1_00258.png,1,complete
mnist_all/1/mnist_test_1_00259.png,1,complete
mnist_all/1/mnist_test_1_00260.png,1,complete
mnist_all/1/mnist_test_1_00261.png,1,complete
mnist_all/1/mnist_test_1_00262.png,1,unreviewed
mnist_all/1/mnist_test_1_00263.png,1,complete
mnist_all/1/mnist_test_1_00264.png,1,complete
mnist_all/1/mnist_test_1_00265.png,1,complete
mnist_all/1/mnist_test_1_00266.png,1,complete
mnist_all/1/mnist_test_1_00267.png,1,complete
mnist_all/1/mnist_test_1_00268.png,1,complete
mnist_all/1/mnist_test_1_00269.png,1,complete
mnist_all/1/mnist_test_1_00270.png,1,complete
mnist_all/1/mnist_test_1_00271.png,1,complete
mnist_all/1/mnist_test_1_00272.png,1,complete
mnist_all/1/mnist_test_1_00273.png,1,complete
mnist_all/1/mnist_test_1_00274.png,1,complete
mnist_all/1/mnist_test_1_00275.png,1,complete
mnist_all/1/mnist_test_1_00276.png,1,complete
mnist_all/1/mnist_test_1_00277.png,1,complete
mnist_all/1/mnist_test_1_00278.png,1,complete
mnist_all/1/mnist_test_1_00279.png,1,complete
mnist_all/1/mnist_test_1_00280.png,1,complete
mnist_all/1/mnist_test_1_00281.png,1,complete
mnist_all/1/mnist_test_1_00282.png,1,complete
mnist_all/1/mnist_test_1_00283.png,1,complete
mnist_all/1/mnist_test_1_00284.png,1,complete
mnist_all/1/mnist_test_1_00285.png,1,complete
mnist_all/1/mnist_test_1_00286.png,1,complete
mnist_all/1/mnist_test_1_00287.png,1,complete
mnist_all/1/mnist_test_1_00288.png,1,complete
mnist_all/1/mnist_test_1_00289.png,1,complete
mnist_all/1/mnist_test_1_00290.png,1,complete
mnist_all/1/mnist_test_1_00291.png,1,complete
mnist_all/1/mnist_test_1_00292.png,1,complete
mnist_all/1/mnist_test_1_00293.png,1,complete
mnist_all/1/mnist_test_1_00294.png,1,complete
mnist_all/1/mnist_test_1_00295.png,1,complete
mnist_all/1/mnist_test_1_00296.png,1,complete
mnist_all/1/mnist_test_1_00297.png,1,complete
mnist_all/1/mnist_test_1_00298.png,1,complete
mnist_all/1/mnist_test_1_00299.png,1,complete
mnist_all/1/mnist_test_1_00300.png,1,complete
mnist_all/1/mnist_test_1_00301.png,1,complete
mnist_all/1/mnist_test_1_00302.png,1,complete
mnist_all/1/mnist_test_1_00303.png,1,complete
mnist_all/1/mnist_test_1_00304.png,1,complete
mnist_all/1/mnist_test_1_00305.png,1,complete
mnist_all/1/mnist_test_1_00306.png,1,complete
mnist_all/1/mnist_test_1_00307.png,1,complete
mnist_all/1/mnist_test_1_00308.png,1,complete
mnist_all/1/mnist_test_1_00309.png,1,complete
mnist_all/1/mnist_test_1_00310.png,1,complete
mnist_all/1/mnist_test_1_00311.png,1,complete
mnist_all/1/mnist_test_1_00312.png,1,complete
mnist_all/1/mnist_test_1_00313.png,1,complete
mnist_all/1/mnist_test_1_00314.png,1,complete
mnist_all/1/mnist_test_1_00315.png,1,complete
mnist_all/1/mnist_test_1_00316.png,1,complete
mnist_all/1/mnist_test_1_00317.png,1,complete
mnist_all/1/mnist_test_1_00318.png,1,complete
mnist_all/1/mnist_test_1_00319.png,1,complete
mnist_all/1/mnist_test_1_00320.png,1,complete
mnist_all/1/mnist_test_1_00321.png,1,complete
mnist_all/1/mnist_test_1_00322.png,1,complete
mnist_all/1/mnist_test_1_00323.png,1,complete
mnist_all/1/mnist_test_1_00324.png,1,unreviewed
mnist_all/1/mnist_test_1_00325.png,1,complete
mnist_all/1/mnist_test_1_00326.png,1,complete
mnist_all/1/mnist_test_1_00327.png,1,complete
mnist_all/1/mnist_test_1_00328.png,1,complete
mnist_all/1/mnist_test_1_00329.png,1,complete
mnist_all/1/mnist_test_1_00330.png,1,complete
mnist_all/1/mnist_test_1_00331.png,1,complete
mnist_all/1/mnist_test_1_00332.png,1,complete
mnist_all/1/mnist_test_1_00333.png,1,complete
mnist_all/1/mnist_test_1_00334.png,1,complete
mnist_all/1/mnist_test_1_00335.png,1,complete
mnist_all/1/mnist_test_1_00336.png,1,complete
mnist_all/1/mnist_test_1_00337.png,1,complete
mnist_all/1/mnist_test_1_00338.png,1,complete
mnist_all/1/mnist_test_1_00339.png,1,complete
mnist_all/1/mnist_test_1_00340.png,1,complete
mnist_all/1/mnist_test_1_00341.png,1,complete
mnist_all/1/mnist_test_1_00342.png,1,complete
mnist_all/1/mnist_test_1_00343.png,1,complete
mnist_all/1/mnist_test_1_00344.png,1,complete
mnist_all/1/mnist_test_1_00345.png,1,complete
mnist_all/1/mnist_test_1_00346.png,1,complete
mnist_all/1/mnist_test_1_00347.png,1,complete
mnist_all/1/mnist_test_1_00348.png,1,complete
mnist_all/1/mnist_test_1_00349.png,1,complete
mnist_all/1/mnist_test_1_00350.png,1,complete
mnist_all/1/mnist_test_1_00351.png,1,complete
mnist_all/1/mnist_test_1_00352.png,1,complete
mnist_all/1/mnist_test_1_00353.png,1,complete
mnist_all/1/mnist_test_1_00354.png,1,complete
mnist_all/1/mnist_test_1_00355.png,1,complete
mnist_all/1/mnist_test_1_00356.png,1,complete
mnist_all/1/mnist_test_1_00357.png,1,complete
mnist_all/1/mnist_test_1_00358.png,1,complete
mnist_all/1/mnist_test_1_00359.png,1,unreviewed
mnist_all/1/mnist_test_1_00360.png,1,complete
mnist_all/1/mnist_test_1_00361.png,1,unreviewed
mnist_all/1/mnist_test_1_00362.png,1,complete
mnist_all/1/mnist_test_1_00363.png,1,complete
mnist_all/1/mnist_test_1_00364.png,1,complete
mnist_all/1/mnist_test_1_00365.png,1,complete
mnist_all/1/mnist_test_1_00366.png,1,complete
mnist_all/1/mnist_test_1_00367.png,1,complete
mnist_all/1/mnist_test_1_00368.png,1,complete
mnist_all/1/mnist_test_1_00369.png,1,complete
mnist_all/1/mnist_test_1_00370.png,1,complete
mnist_all/1/mnist_test_1_00371.png,1,complete
mnist_all/1/mnist_test_1_00372.png,1,complete
mnist_all/1/mnist_test_1_00373.png,1,complete
mnist_all/1/mnist_test_1_00374.png,1,complete
mnist_all/1/mnist_test_1_00375.png,1,complete
mnist_all/1/mnist_test_1_00376.png,1,complete
mnist_all/1/mnist_test_1_00377.png,1,complete
mnist_all/1/mnist_test_1_00378.png,1,incomplete
mnist_all/1/mnist_test_1_00379.png,1,complete
mnist_all/1/mnist_test_1_00380.png,1,complete
mnist_all/1/mnist_test_1_00381.png,1,complete
mnist_all/1/mnist_test_1_00382.png,1,complete
mnist_all/1/mnist_test_1_00383.png,1,complete
mnist_all/1/mnist_test_1_00384.png,1,complete
mnist_all/1/mnist_test_1_00385.png,1,complete
mnist_all/1/mnist_test_1_00386.png,1,complete
mnist_all/1/mnist_test_1_00387.png,1,complete
mnist_all/1/mnist_test_1_00388.png,1,complete
mnist_all/1/mnist_test_1_00389.png,1,complete
mnist_all/1/mnist_test_1_00390.png,1,complete
mnist_all/1/mnist_test_1_00391.png,1,complete
mnist_all/1/mnist_test_1_00392.png,1,complete
mnist_all/1/mnist_test_1_00393.png,1,complete
mnist_all/1/mnist_test_1_00394.png,1,complete
mnist_all/1/mnist_test_1_00395.png,1,complete
mnist_all/1/mnist_test_1_00396.png,1,complete
mnist_all/1/mnist_test_1_00397.png,1,complete
mnist_all/1/mnist_test_1_00398.png,1,complete
mnist_all/1/mnist_test_1_00399.png,1,complete
mnist_all/1/mnist_test_1_00400.png,1,complete
mnist_all/1/mnist_test_1_00401.png,1,complete
mnist_all/1/mnist_test_1_00402.png,1,complete
mnist_all/1/mnist_test_1_00403.png,1,complete
mnist_all/1/mnist_test_1_00404.png,1,complete
mnist_all/1/mnist_test_1_00405.png,1,complete
mnist_all/1/mnist_test_1_00406.png,1,complete
mnist_all/1/mnist_test_1_00407.png,1,complete
mnist_all/1/mnist_test_1_00408.png,1,complete
mnist_all/1/mnist_test_1_00409.png,1,complete
mnist_all/1/mnist_test_1_00410.png,1,complete
mnist_all/1/mnist_test_1_00411.png,1,complete
mnist_all/1/mnist_test_1_00412.png,1,complete
mnist_all/1/mnist_test_1_00413.png,1,complete
mnist_all/1/mnist_test_1_00414.png,1,complete
mnist_all/1/mnist_test_1_00415.png,1,complete
mnist_all/1/mnist_test_1_00416.png,1,complete
mnist_all/1/mnist_test_1_00417.png,1,complete
mnist_all/1/mnist_test_1_00418.png,1,complete
mnist_all/1/mnist_test_1_00419.png,1,complete
mnist_all/1/mnist_test_1_00420.png,1,complete
mnist_all/1/mnist_test_1_00421.png,1,complete
mnist_all/1/mnist_test_1_00422.png,1,complete
mnist_all/1/mnist_test_1_00423.png,1,complete
mnist_all/1/mnist_test_1_00424.png,1,complete
mnist_all/1/mnist_test_1_00425.png,1,complete
mnist_all/1/mnist_test_1_00426.png,1,complete
mnist_all/1/mnist_test_1_00427.png,1,complete
mnist_all/1/mnist_test_1_00428.png,1,complete
mnist_all/1/mnist_test_1_00429.png,1,complete
mnist_all/1/mnist_test_1_00430.png,1,complete
mnist_all/1/mnist_test_1_00431.png,1,complete
mnist_all/1/mnist_test_1_00432.png,1,complete
mnist_all/1/mnist_test_1_00433.png,1,complete
mnist_all/1/mnist_test_1_00434.png,1,complete
mnist_all/1/mnist_test_1_00435.png,1,incomplete
mnist_all/1/mnist_test_1_00436.png,1,complete
mnist_all/1/mnist_test_1_00437.png,1,complete
mnist_all/1/mnist_test_1_00438.png,1,complete
mnist_all/1/mnist_test_1_00439.png,1,complete
mnist_all/1/mnist_test_1_00440.png,1,complete
mnist_all/1/mnist_test_1_00441.png,1,complete
mnist_all/1/mnist_test_1_00442.png,1,complete
mnist_all/1/mnist_test_1_00443.png,1,complete
mnist_all/1/mnist_test_1_00444.png,1,complete
mnist_all/1/mnist_test_1_00445.png,1,complete
mnist_all/1/mnist_test_1_00446.png,1,complete
mnist_all/1/mnist_test_1_00447.png,1,complete
mnist_all/1/mnist_test_1_00448.png,1,complete
mnist_all/1/mnist_test_1_00449.png,1,complete
mnist_all/1/mnist_test_1_00450.png,1,complete
mnist_all/1/mnist_test_1_00451.png,1,complete
mnist_all/1/mnist_test_1_00452.png,1,complete
mnist_all/1/mnist_test_1_00453.png,1,unreviewed
mnist_all/1/mnist_test_1_00454.png,1,complete
mnist_all/1/mnist_test_1_00455.png,1,complete
mnist_all/1/mnist_test_1_00456.png,1,complete
mnist_all/1/mnist_test_1_00457.png,1,complete
mnist_all/1/mnist_test_1_00458.png,1,complete
mnist_all/1/mnist_test_1_00459.png,1,complete
mnist_all/1/mnist_test_1_00460.png,1,complete
mnist_all/1/mnist_test_1_00461.png,1,complete
mnist_all/1/mnist_test_1_00462.png,1,complete
mnist_all/1/mnist_test_1_00463.png,1,complete
mnist_all/1/mnist_test_1_00464.png,1,complete
mnist_all/1/mnist_test_1_00465.png,1,complete
mnist_all/1/mnist_test_1_00466.png,1,complete
mnist_all/1/mnist_test_1_00467.png,1,complete
mnist_all/1/mnist_test_1_00468.png,1,complete
mnist_all/1/mnist_test_1_00469.png,1,complete
mnist_all/1/mnist_test_1_00470.png,1,complete
mnist_all/1/mnist_test_1_00471.png,1,complete
mnist_all/1/mnist_test_1_00472.png,1,complete
mnist_all/1/mnist_test_1_00473.png,1,complete
mnist_all/1/mnist_test_1_00474.png,1,complete
mnist_all/1/mnist_test_1_00475.png,1,complete
mnist_all/1/mnist_test_1_00476.png,1,complete
mnist_all/1/mnist_test_1_00477.png,1,complete
mnist_all/1/mnist_test_1_00478.png,1,complete
mnist_all/1/mnist_test_1_00479.png,1,complete
mnist_all/1/mnist_test_1_00480.png,1,complete
mnist_all/1/mnist_test_1_00481.png,1,complete
mnist_all/1/mnist_test_1_00482.png,1,complete
mnist_all/1/mnist_test_1_00483.png,1,complete
mnist_all/1/mnist_test_1_00484.png,1,complete
mnist_all/1/mnist_test_1_00485.png,1,complete
mnist_all/1/mnist_test_1_00486.png,1,complete
mnist_all/1/mnist_test_1_00487.png,1,complete
mnist_all/1/mnist_test_1_00488.png,1,complete
mnist_all/1/mnist_test_1_00489.png,1,complete
mnist_all/1/mnist_test_1_00490.png,1,complete
mnist_all/1/mnist_test_1_00491.png,1,complete
mnist_all/1/mnist_test_1_00492.png,1,complete
mnist_all/1/mnist_test_1_00493.png,1,complete
mnist_all/1/mnist_test_1_00494.png,1,complete
mnist_all/1/mnist_test_1_00495.png,1,complete
mnist_all/1/mnist_test_1_00496.png,1,complete
mnist_all/1/mnist_test_1_00497.png,1,complete
mnist_all/1/mnist_test_1_00498.png,1,complete
mnist_all/1/mnist_test_1_00499.png,1,complete
mnist_all/1/mnist_test_1_00500.png,1,complete
mnist_all/1/mnist_test_1_00501.png,1,complete
mnist_all/1/mnist_test_1_00502.png,1,complete
mnist_all/1/mnist_test_1_00503.png,1,complete
mnist_all/1/mnist_test_1_00504.png,1,complete
mnist_all/1/mnist_test_1_00505.png,1,complete
mnist_all/1/mnist_test_1_00506.png,1,complete
mnist_all/1/mnist_test_1_00507.png,1,complete
mnist_all/1/mnist_test_1_00508.png,1,complete
mnist_all/1/mnist_test_1_00509.png,1,complete
mnist_all/1/mnist_test_1_00510.png,1,complete
mnist_all/1/mnist_test_1_00511.png,1,complete
mnist_all/1/mnist_test_1_00512.png,1,unreviewed
mnist_all/1/mnist_test_1_00513.png,1,complete
mnist_all/1/mnist_test_1_00514.png,1,complete
mnist_all/1/mnist_test_1_00515.png,1,complete
mnist_all/1/mnist_test_1_00516.png,1,complete
mnist_all/1/mnist_test_1_00517.png,1,complete
mnist_all/1/mnist_test_1_00518.png,1,complete
mnist_all/1/mnist_test_1_00519.png,1,complete
mnist_all/1/mnist_test_1_00520.png,1,complete
mnist_all/1/mnist_test_1_00521.png,1,complete
mnist_all/1/mnist_test_1_00522.png,1,complete
mnist_all/1/mnist_test_1_00523.png,1,complete
mnist_all/1/mnist_test_1_00524.png,1,complete
mnist_all/1/mnist_test_1_00525.png,1,complete
mnist_all/1/mnist_test_1_00526.png,1,complete
mnist_all/1/mnist_test_1_00527.png,1,complete
mnist_all/1/mnist_test_1_00528.png,1,complete
mnist_all/1/mnist_test_1_00529.png,1,complete
mnist_all/1/mnist_test_1_00530.png,1,complete
mnist_all/1/mnist_test_1_00531.png,1,complete
mnist_all/1/mnist_test_1_00532.png,1,complete
mnist_all/1/mnist_test_1_00533.png,1,complete
mnist_all/1/mnist_test_1_00534.png,1,complete
mnist_all/1/mnist_test_1_00535.png,1,complete
mnist_all/1/mnist_test_1_00536.png,1,complete
mnist_all/1/mnist_test_1_00537.png,1,complete
mnist_all/1/mnist_test_1_00538.png,1,complete
mnist_all/1/mnist_test_1_00539.png,1,complete
mnist_all/1/mnist_test_1_00540.png,1,complete
mnist_all/1/mnist_test_1_00541.png,1,complete
mnist_all/1/mnist_test_1_00542.png,1,complete
mnist_all/1/mnist_test_1_00543.png,1,complete
mnist_all/1/mnist_test_1_00544.png,1,complete
mnist_all/1/mnist_test_1_00545.png,1,complete
mnist_all/1/mnist_test_1_00546.png,1,complete
mnist_all/1/mnist_test_1_00547.png,1,complete
mnist_all/1/mnist_test_1_00548.png,1,complete
mnist_all/1/mnist_test_1_00549.png,1,complete
mnist_all/1/mnist_test_1_00550.png,1,complete
mnist_all/1/mnist_test_1_00551.png,1,complete
mnist_all/1/mnist_test_1_00552.png,1,complete
mnist_all/1/mnist_test_1_00553.png,1,complete
mnist_all/1/mnist_test_1_00554.png,1,complete
mnist_all/1/mnist_test_1_00555.png,1,complete
mnist_all/1/mnist_test_1_00556.png,1,complete
mnist_all/1/mnist_test_1_00557.png,1,complete
mnist_all/1/mnist_test_1_00558.png,1,complete
mnist_all/1/mnist_test_1_00559.png,1,complete
mnist_all/1/mnist_test_1_00560.png,1,complete
mnist_all/1/mnist_test_1_00561.png,1,complete
mnist_all/1/mnist_test_1_00562.png,1,complete
mnist_all/1/mnist_test_1_00563.png,1,complete
mnist_all/1/mnist_test_1_00564.png,1,complete
mnist_all/1/mnist_test_1_00565.png,1,complete
mnist_all/1/mnist_test_1_00566.png,1,complete
mnist_all/1/mnist_test_1_00567.png,1,complete
mnist_all/1/mnist_test_1_00568.png,1,complete
mnist_all/1/mnist_test_1_00569.png,1,complete
mnist_all/1/mnist_test_1_00570.png,1,complete
mnist_all/1/mnist_test_1_00571.png,1,complete
mnist_all/1/mnist_test_1_00572.png,1,complete
mnist_all/1/mnist_test_1_00573.png,1,complete
mnist_all/1/mnist_test_1_00574.png,1,complete
mnist_all/1/mnist_test_1_00575.png,1,complete
mnist_all/1/mnist_test_1_00576.png,1,complete
mnist_all/1/mnist_test_1_00577.png,1,complete
mnist_all/1/mnist_test_1_00578.png,1,complete
mnist_all/1/mnist_test_1_00579.png,1,complete
mnist_all/1/mnist_test_1_00580.png,1,complete
mnist_all/1/mnist_test_1_00581.png,1,complete
mnist_all/1/mnist_test_1_00582.png,1,complete
mnist_all/1/mnist_test_1_00583.png,1,complete
mnist_all/1/mnist_test_1_00584.png,1,complete
mnist_all/1/mnist_test_1_00585.png,1,complete
mnist_all/1/mnist_test_1_00586.png,1,complete
mnist_all/1/mnist_test_1_00587.png,1,complete
mnist_all/1/mnist_test_1_00588.png,1,complete
mnist_all/1/mnist_test_1_00589.png,1,complete
mnist_all/1/mnist_test_1_00590.png,1,complete
mnist_all/1/mnist_test_1_00591.png,1,complete
mnist_all/1/mnist_test_1_00592.png,1,complete
mnist_all/1/mnist_test_1_00593.png,1,complete
mnist_all/1/mnist_test_1_00594.png,1,complete
mnist_all/1/mnist_test_1_00595.png,1,complete
mnist_all/1/mnist_test_1_00596.png,1,complete
mnist_all/1/mnist_test_1_00597.png,1,complete
mnist_all/1/mnist_test_1_00598.png,1,complete
mnist_all/1/mnist_test_1_00599.png,1,complete
mnist_all/1/mnist_test_1_00600.png,1,complete
mnist_all/1/mnist_test_1_00601.png,1,complete
mnist_all/1/mnist_test_1_00602.png,1,complete
mnist_all/1/mnist_test_1_00603.png,1,complete
mnist_all/1/mnist_test_1_00604.png,1,complete
mnist_all/1/mnist_test_1_00605.png,1,complete
mnist_all/1/mnist_test_1_00606.png,1,complete
mnist_all/1/mnist_test_1_00607.png,1,complete
mnist_all/1/mnist_test_1_00608.png,1,complete
mnist_all/1/mnist_test_1_00609.png,1,complete
mnist_all/1/mnist_test_1_00610.png,1,complete
mnist_all/1/mnist_test_1_00611.png,1,complete
mnist_all/1/mnist_test_1_00612.png,1,complete
mnist_all/1/mnist_test_1_00613.png,1,complete
mnist_all/1/mnist_test_1_00614.png,1,complete
mnist_all/1/mnist_test_1_00615.png,1,complete
mnist_all/1/mnist_test_1_00616.png,1,complete
mnist_all/1/mnist_test_1_00617.png,1,complete
mnist_all/1/mnist_test_1_00618.png,1,complete
mnist_all/1/mnist_test_1_00619.png,1,complete
mnist_all/1/mnist_test_1_00620.png,1,complete
mnist_all/1/mnist_test_1_00621.png,1,complete
mnist_all/1/mnist_test_1_00622.png,1,complete
mnist_all/1/mnist_test_1_00623.png,1,complete
mnist_all/1/mnist_test_1_00624.png,1,complete
mnist_all/1/mnist_test_1_00625.png,1,complete
mnist_all/1/mnist_test_1_00626.png,1,complete
mnist_all/1/mnist_test_1_00627.png,1,complete
mnist_all/1/mnist_test_1_00628.png,1,complete
mnist_all/1/mnist_test_1_00629.png,1,complete
mnist_all/1/mnist_test_1_00630.png,1,complete
mnist_all/1/mnist_test_1_00631.png,1,complete
mnist_all/1/mnist_test_1_00632.png,1,complete
mnist_all/1/mnist_test_1_00633.png,1,complete
mnist_all/1/mnist_test_1_00634.png,1,complete
mnist_all/1/mnist_test_1_00635.png,1,complete
mnist_all/1/mnist_test_1_00636.png,1,complete
mnist_all/1/mnist_test_1_00637.png,1,complete
mnist_all/1/mnist_test_1_00638.png,1,complete
mnist_all/1/mnist_test_1_00639.png,1,complete
mnist_all/1/mnist_test_1_00640.png,1,complete
mnist_all/1/mnist_test_1_00641.png,1,complete
mnist_all/1/mnist_test_1_00642.png,1,complete
mnist_all/1/mnist_test_1_00643.png,1,complete
mnist_all/1/mnist_test_1_00644.png,1,complete
mnist_all/1/mnist_test_1_00645.png,1,complete
mnist_all/1/mnist_test_1_00646.png,1,complete
mnist_all/1/mnist_test_1_00647.png,1,complete
mnist_all/1/mnist_test_1_00648.png,1,complete
mnist_all/1/mnist_test_1_00649.png,1,complete
mnist_all/1/mnist_test_1_00650.png,1,complete
mnist_all/1/mnist_test_1_00651.png,1,complete
mnist_all/1/mnist_test_1_00652.png,1,complete
mnist_all/1/mnist_test_1_00653.png,1,complete
mnist_all/1/mnist_test_1_00654.png,1,complete
mnist_all/1/mnist_test_1_00655.png,1,complete
mnist_all/1/mnist_test_1_00656.png,1,complete
mnist_all/1/mnist_test_1_00657.png,1,complete
mnist_all/1/mnist_test_1_00658.png,1,complete
mnist_all/1/mnist_test_1_00659.png,1,complete
mnist_all/1/mnist_test_1_00660.png,1,complete
mnist_all/1/mnist_test_1_00661.png,1,complete
mnist_all/1/mnist_test_1_00662.png,1,complete
mnist_all/1/mnist_test_1_00663.png,1,complete
mnist_all/1/mnist_test_1_00664.png,1,complete
mnist_all/1/mnist_test_1_00665.png,1,complete
mnist_all/1/mnist_test_1_00666.png,1,complete
mnist_all/1/mnist_test_1_00667.png,1,complete
mnist_all/1/mnist_test_1_00668.png,1,complete
mnist_all/1/mnist_test_1_00669.png,1,complete
mnist_all/1/mnist_test_1_00670.png,1,complete
mnist_all/1/mnist_test_1_00671.png,1,complete
mnist_all/1/mnist_test_1_00672.png,1,complete
mnist_all/1/mnist_test_1_00673.png,1,complete
mnist_all/1/mnist_test_1_00674.png,1,complete
mnist_all/1/mnist_test_1_00675.png,1,complete
mnist_all/1/mnist_test_1_00676.png,1,complete
mnist_all/1/mnist_test_1_00677.png,1,complete
mnist_all/1/mnist_test_1_00678.png,1,complete
mnist_all/1/mnist_test_1_00679.png,1,complete
mnist_all/1/mnist_test_1_00680.png,1,complete
mnist_all/1/mnist_test_1_00681.png,1,complete
mnist_all/1/mnist_test_1_00682.png,1,complete
mnist_all/1/mnist_test_1_00683.png,1,complete
mnist_all/1/mnist_test_1_00684.png,1,complete
mnist_all/1/mnist_test_1_00685.png,1,incomplete
mnist_all/1/mnist_test_1_00686.png,1,complete
mnist_all/1/mnist_test_1_00687.png,1,complete
mnist_all/1/mnist_test_1_00688.png,1,complete
mnist_all/1/mnist_test_1_00689.png,1,complete
mnist_all/1/mnist_test_1_00690.png,1,complete
mnist_all/1/mnist_test_1_00691.png,1,complete
mnist_all/1/mnist_test_1_00692.png,1,complete
mnist_all/1/mnist_test_1_00693.png,1,complete
mnist_all/1/mnist_test_1_00694.png,1,complete
mnist_all/1/mnist_test_1_00695.png,1,complete
mnist_all/1/mnist_test_1_00696.png,1,complete
mnist_all/1/mnist_test_1_00697.png,1,complete
mnist_all/1/mnist_test_1_00698.png,1,complete
mnist_all/1/mnist_test_1_00699.png,1,complete
mnist_all/1/mnist_test_1_00700.png,1,complete
mnist_all/1/mnist_test_1_00701.png,1,complete
mnist_all/1/mnist_test_1_00702.png,1,complete
mnist_all/1/mnist_test_1_00703.png,1,complete
mnist_all/1/mnist_test_1_00704.png,1,complete
mnist_all/1/mnist_test_1_00705.png,1,complete
mnist_all/1/mnist_test_1_00706.png,1,complete
mnist_all/1/mnist_test_1_00707.png,1,complete
mnist_all/1/mnist_test_1_00708.png,1,complete
mnist_all/1/mnist_test_1_00709.png,1,complete
mnist_all/1/mnist_test_1_00710.png,1,complete
mnist_all/1/mnist_test_1_00711.png,1,complete
mnist_all/1/mnist_test_1_00712.png,1,complete
mnist_all/1/mnist_test_1_00713.png,1,complete
mnist_all/1/mnist_test_1_00714.png,1,complete
mnist_all/1/mnist_test_1_00715.png,1,complete
mnist_all/1/mnist_test_1_00716.png,1,complete
mnist_all/1/mnist_test_1_00717.png,1,complete
mnist_all/1/mnist_test_1_00718.png,1,complete
mnist_all/1/mnist_test_1_00719.png,1,complete
mnist_all/1/mnist_test_1_00720.png,1,complete
mnist_all/1/mnist_test_1_00721.png,1,complete
mnist_all/1/mnist_test_1_00722.png,1,complete
mnist_all/1/mnist_test_1_00723.png,1,complete
mnist_all/1/mnist_test_1_00724.png,1,complete
mnist_all/1/mnist_test_1_00725.png,1,complete
mnist_all/1/mnist_test_1_00726.png,1,complete
mnist_all/1/mnist_test_1_00727.png,1,complete
mnist_all/1/mnist_test_1_00728.png,1,complete
mnist_all/1/mnist_test_1_00729.png,1,complete
mnist_all/1/mnist_test_1_00730.png,1,complete
mnist_all/1/mnist_test_1_00731.png,1,complete
mnist_all/1/mnist_test_1_00732.png,1,complete
mnist_all/1/mnist_test_1_00733.png,1,complete
mnist_all/1/mnist_test_1_00734.png,1,complete
mnist_all/1/mnist_test_1_00735.png,1,complete
mnist_all/1/mnist_test_1_00736.png,1,complete
mnist_all/1/mnist_test_1_00737.png,1,complete
mnist_all/1/mnist_test_1_00738.png,1,complete
mnist_all/1/mnist_test_1_00739.png,1,complete
mnist_all/1/mnist_test_1_00740.png,1,complete
mnist_all/1/mnist_test_1_00741.png,1,complete
mnist_all/1/mnist_test_1_00742.png,1,complete
mnist_all/1/mnist_test_1_00743.png,1,complete
mnist_all/1/mnist_test_1_00744.png,1,complete
mnist_all/1/mnist_test_1_00745.png,1,complete
mnist_all/1/mnist_test_1_00746.png,1,complete
mnist_all/1/mnist_test_1_00747.png,1,complete
mnist_all/1/mnist_test_1_00748.png,1,unreviewed
mnist_all/1/mnist_test_1_00749.png,1,unreviewed
mnist_all/1/mnist_test_1_00750.png,1,incomplete
mnist_all/1/mnist_test_1_00751.png,1,complete
mnist_all/1/mnist_test_1_00752.png,1,complete
mnist_all/1/mnist_test_1_00753.png,1,complete
mnist_all/1/mnist_test_1_00754.png,1,complete
mnist_all/1/mnist_test_1_00755.png,1,complete
mnist_all/1/mnist_test_1_00756.png,1,complete
mnist_all/1/mnist_test_1_00757.png,1,complete
mnist_all/1/mnist_test_1_00758.png,1,complete
mnist_all/1/mnist_test_1_00759.png,1,complete
mnist_all/1/mnist_test_1_00760.png,1,complete
mnist_all/1/mnist_test_1_00761.png,1,complete
mnist_all/1/mnist_test_1_00762.png,1,complete
mnist_all/1/mnist_test_1_00763.png,1,complete
mnist_all/1/mnist_test_1_00764.png,1,complete
mnist_all/1/mnist_test_1_00765.png,1,complete
mnist_all/1/mnist_test_1_00766.png,1,complete
mnist_all/1/mnist_test_1_00767.png,1,complete
mnist_all/1/mnist_test_1_00768.png,1,complete
mnist_all/1/mnist_test_1_00769.png,1,complete
mnist_all/1/mnist_test_1_00770.png,1,complete
mnist_all/1/mnist_test_1_00771.png,1,complete
mnist_all/1/mnist_test_1_00772.png,1,complete
mnist_all/1/mnist_test_1_00773.png,1,complete
mnist_all/1/mnist_test_1_00774.png,1,complete
mnist_all/1/mnist_test_1_00775.png,1,complete
mnist_all/1/mnist_test_1_00776.png,1,complete
mnist_all/1/mnist_test_1_00777.png,1,complete
mnist_all/1/mnist_test_1_00778.png,1,complete
mnist_all/1/mnist_test_1_00779.png,1,complete
mnist_all/1/mnist_test_1_00780.png,1,complete
mnist_all/1/mnist_test_1_00781.png,1,complete
mnist_all/1/mnist_test_1_00782.png,1,complete
mnist_all/1/mnist_test_1_00783.png,1,complete
mnist_all/1/mnist_test_1_00784.png,1,complete
mnist_all/1/mnist_test_1_00785.png,1,complete
mnist_all/1/mnist_test_1_00786.png,1,complete
mnist_all/1/mnist_test_1_00787.png,1,complete
mnist_all/1/mnist_test_1_00788.png,1,complete
mnist_all/1/mnist_test_1_00789.png,1,complete
mnist_all/1/mnist_test_1_00790.png,1,complete
mnist_all/1/mnist_test_1_00791.png,1,complete
mnist_all/1/mnist_test_1_00792.png,1,complete
mnist_all/1/mnist_test_1_00793.png,1,complete
mnist_all/1/mnist_test_1_00794.png,1,complete
mnist_all/1/mnist_test_1_00795.png,1,complete
mnist_all/1/mnist_test_1_00796.png,1,complete
mnist_all/1/mnist_test_1_00797.png,1,complete
mnist_all/1/mnist_test_1_00798.png,1,complete
mnist_all/1/mnist_test_1_00799.png,1,complete
mnist_all/1/mnist_test_1_00800.png,1,complete
mnist_all/1/mnist_test_1_00801.png,1,complete
mnist_all/1/mnist_test_1_00802.png,1,complete
mnist_all/1/mnist_test_1_00803.png,1,complete
mnist_all/1/mnist_test_1_00804.png,1,complete
mnist_all/1/mnist_test_1_00805.png,1,complete
mnist_all/1/mnist_test_1_00806.png,1,complete
mnist_all/1/mnist_test_1_00807.png,1,complete
mnist_all/1/mnist_test_1_00808.png,1,complete
mnist_all/1/mnist_test_1_00809.png,1,complete
mnist_all/1/mnist_test_1_00810.png,1,complete
mnist_all/1/mnist_test_1_00811.png,1,complete
mnist_all/1/mnist_test_1_00812.png,1,complete
mnist_all/1/mnist_test_1_00813.png,1,complete
mnist_all/1/mnist_test_1_00814.png,1,complete
mnist_all/1/mnist_test_1_00815.png,1,complete
mnist_all/1/mnist_test_1_00816.png,1,complete
mnist_all/1/mnist_test_1_00817.png,1,complete
mnist_all/1/mnist_test_1_00818.png,1,complete
mnist_all/1/mnist_test_1_00819.png,1,complete
mnist_all/1/mnist_test_1_00820.png,1,complete
mnist_all/1/mnist_test_1_00821.png,1,complete
mnist_all/1/mnist_test_1_00822.png,1,complete
mnist_all/1/mnist_test_1_00823.png,1,complete
mnist_all/1/mnist_test_1_00824.png,1,complete
mnist_all/1/mnist_test_1_00825.png,1,complete
mnist_all/1/mnist_test_1_00826.png,1,complete
mnist_all/1/mnist_test_1_00827.png,1,complete
mnist_all/1/mnist_test_1_00828.png,1,complete
mnist_all/1/mnist_test_1_00829.png,1,complete
mnist_all/1/mnist_test_1_00830.png,1,complete
mnist_all/1/mnist_test_1_00831.png,1,complete
mnist_all/1/mnist_test_1_00832.png,1,complete
mnist_all/1/mnist_test_1_00833.png,1,complete
mnist_all/1/mnist_test_1_00834.png,1,complete
mnist_all/1/mnist_test_1_00835.png,1,complete
mnist_all/1/mnist_test_1_00836.png,1,complete
mnist_all/1/mnist_test_1_00837.png,1,complete
mnist_all/1/mnist_test_1_00838.png,1,complete
mnist_all/1/mnist_test_1_00839.png,1,complete
mnist_all/1/mnist_test_1_00840.png,1,complete
mnist_all/1/mnist_test_1_00841.png,1,complete
mnist_all/1/mnist_test_1_00842.png,1,complete
mnist_all/1/mnist_test_1_00843.png,1,complete
mnist_all/1/mnist_test_1_00844.png,1,complete
mnist_all/1/mnist_test_1_00845.png,1,complete
mnist_all/1/mnist_test_1_00846.png,1,complete
mnist_all/1/mnist_test_1_00847.png,1,complete
mnist_all/1/mnist_test_1_00848.png,1,complete
mnist_all/1/mnist_test_1_00849.png,1,complete
mnist_all/1/mnist_test_1_00850.png,1,complete
mnist_all/1/mnist_test_1_00851.png,1,complete
mnist_all/1/mnist_test_1_00852.png,1,complete
mnist_all/1/mnist_test_1_00853.png,1,complete
mnist_all/1/mnist_test_1_00854.png,1,complete
mnist_all/1/mnist_test_1_00855.png,1,complete
mnist_all/1/mnist_test_1_00856.png,1,complete
mnist_all/1/mnist_test_1_00857.png,1,complete
mnist_all/1/mnist_test_1_00858.png,1,complete
mnist_all/1/mnist_test_1_00859.png,1,complete
mnist_all/1/mnist_test_1_00860.png,1,complete
mnist_all/1/mnist_test_1_00861.png,1,complete
mnist_all/1/mnist_test_1_00862.png,1,complete
mnist_all/1/mnist_test_1_00863.png,1,complete
mnist_all/1/mnist_test_1_00864.png,1,complete
mnist_all/1/mnist_test_1_00865.png,1,complete
mnist_all/1/mnist_test_1_00866.png,1,complete
mnist_all/1/mnist_test_1_00867.png,1,complete
mnist_all/1/mnist_test_1_00868.png,1,complete
mnist_all/1/mnist_test_1_00869.png,1,complete
mnist_all/1/mnist_test_1_00870.png,1,complete
mnist_all/1/mnist_test_1_00871.png,1,complete
mnist_all/1/mnist_test_1_00872.png,1,complete
mnist_all/1/mnist_test_1_00873.png,1,complete
mnist_all/1/mnist_test_1_00874.png,1,complete
mnist_all/1/mnist_test_1_00875.png,1,complete
mnist_all/1/mnist_test_1_00876.png,1,complete
mnist_all/1/mnist_test_1_00877.png,1,complete
mnist_all/1/mnist_test_1_00878.png,1,complete
mnist_all/1/mnist_test_1_00879.png,1,complete
mnist_all/1/mnist_test_1_00880.png,1,complete
mnist_all/1/mnist_test_1_00881.png,1,complete
mnist_all/1/mnist_test_1_00882.png,1,complete
mnist_all/1/mnist_test_1_00883.png,1,complete
mnist_all/1/mnist_test_1_00884.png,1,complete
mnist_all/1/mnist_test_1_00885.png,1,complete
mnist_all/1/mnist_test_1_00886.png,1,complete
mnist_all/1/mnist_test_1_00887.png,1,complete
mnist_all/1/mnist_test_1_00888.png,1,complete
mnist_all/1/mnist_test_1_00889.png,1,complete
mnist_all/1/mnist_test_1_00890.png,1,complete
mnist_all/1/mnist_test_1_00891.png,1,complete
mnist_all/1/mnist_test_1_00892.png,1,complete
mnist_all/1/mnist_test_1_00893.png,1,complete
mnist_all/1/mnist_test_1_00894.png,1,complete
mnist_all/1/mnist_test_1_00895.png,1,complete
mnist_all/1/mnist_test_1_00896.png,1,complete
mnist_all/1/mnist_test_1_00897.png,1,complete
mnist_all/1/mnist_test_1_00898.png,1,complete
mnist_all/1/mnist_test_1_00899.png,1,complete
mnist_all/1/mnist_test_1_00900.png,1,complete
mnist_all/1/mnist_test_1_00901.png,1,complete
mnist_all/1/mnist_test_1_00902.png,1,complete
mnist_all/1/mnist_test_1_00903.png,1,complete
mnist_all/1/mnist_test_1_00904.png,1,complete
mnist_all/1/mnist_test_1_00905.png,1,complete
mnist_all/1/mnist_test_1_00906.png,1,complete
mnist_all/1/mnist_test_1_00907.png,1,unreviewed
mnist_all/1/mnist_test_1_00908.png,1,complete
mnist_all/1/mnist_test_1_00909.png,1,complete
mnist_all/1/mnist_test_1_00910.png,1,complete
mnist_all/1/mnist_test_1_00911.png,1,complete
mnist_all/1/mnist_test_1_00912.png,1,complete
mnist_all/1/mnist_test_1_00913.png,1,complete
mnist_all/1/mnist_test_1_00914.png,1,complete
mnist_all/1/mnist_test_1_00915.png,1,complete
mnist_all/1/mnist_test_1_00916.png,1,complete
mnist_all/1/mnist_test_1_00917.png,1,complete
mnist_all/1/mnist_test_1_00918.png,1,complete
mnist_all/1/mnist_test_1_00919.png,1,complete
mnist_all/1/mnist_test_1_00920.png,1,complete
mnist_all/1/mnist_test_1_00921.png,1,complete
mnist_all/1/mnist_test_1_00922.png,1,complete
mnist_all/1/mnist_test_1_00923.png,1,complete
mnist_all/1/mnist_test_1_00924.png,1,complete
mnist_all/1/mnist_test_1_00925.png,1,complete
mnist_all/1/mnist_test_1_00926.png,1,complete
mnist_all/1/mnist_test_1_00927.png,1,complete
mnist_all/1/mnist_test_1_00928.png,1,complete
mnist_all/1/mnist_test_1_00929.png,1,complete
mnist_all/1/mnist_test_1_00930.png,1,complete
mnist_all/1/mnist_test_1_00931.png,1,complete
mnist_all/1/mnist_test_1_00932.png,1,complete
mnist_all/1/mnist_test_1_00933.png,1,complete
mnist_all/1/mnist_test_1_00934.png,1,complete
mnist_all/1/mnist_test_1_00935.png,1,complete
mnist_all/1/mnist_test_1_00936.png,1,complete
mnist_all/1/mnist_test_1_00937.png,1,complete
mnist_all/1/mnist_test_1_00938.png,1,complete
mnist_all/1/mnist_test_1_00939.png,1,complete
mnist_all/1/mnist_test_1_00940.png,1,complete
mnist_all/1/mnist_test_1_00941.png,1,complete
mnist_all/1/mnist_test_1_00942.png,1,complete
mnist_all/1/mnist_test_1_00943.png,1,complete
mnist_all/1/mnist_test_1_00944.png,1,complete
mnist_all/1/mnist_test_1_00945.png,1,complete
mnist_all/1/mnist_test_1_00946.png,1,complete
mnist_all/1/mnist_test_1_00947.png,1,complete
mnist_all/1/mnist_test_1_00948.png,1,complete
mnist_all/1/mnist_test_1_00949.png,1,complete
mnist_all/1/mnist_test_1_00950.png,1,complete
mnist_all/1/mnist_test_1_00951.png,1,complete
mnist_all/1/mnist_test_1_00952.png,1,complete
mnist_all/1/mnist_test_1_00953.png,1,complete
mnist_all/1/mnist_test_1_00954.png,1,complete
mnist_all/1/mnist_test_1_00955.png,1,complete
mnist_all/1/mnist_test_1_00956.png,1,complete
mnist_all/1/mnist_test_1_00957.png,1,complete
mnist_all/1/mnist_test_1_00958.png,1,unreviewed
mnist_all/1/mnist_test_1_00959.png,1,complete
mnist_all/1/mnist_test_1_00960.png,1,complete
mnist_all/1/mnist_test_1_00961.png,1,complete
mnist_all/1/mnist_test_1_00962.png,1,complete
mnist_all/1/mnist_test_1_00963.png,1,complete
mnist_all/1/mnist_test_1_00964.png,1,complete
mnist_all/1/mnist_test_1_00965.png,1,complete
mnist_all/1/mnist_test_1_00966.png,1,complete
mnist_all/1/mnist_test_1_00967.png,1,complete
mnist_all/1/mnist_test_1_00968.png,1,complete
mnist_all/1/mnist_test_1_00969.png,1,complete
mnist_all/1/mnist_test_1_00970.png,1,complete
mnist_all/1/mnist_test_1_00971.png,1,complete
mnist_all/1/mnist_test_1_00972.png,1,complete
mnist_all/1/mnist_test_1_00973.png,1,complete
mnist_all/1/mnist_test_1_00974.png,1,complete
mnist_all/1/mnist_test_1_00975.png,1,complete
mnist_all/1/mnist_test_1_00976.png,1,complete
mnist_all/1/mnist_test_1_00977.png,1,complete
mnist_all/1/mnist_test_1_00978.png,1,complete
mnist_all/1/mnist_test_1_00979.png,1,complete
mnist_all/1/mnist_test_1_00980.png,1,complete
mnist_all/1/mnist_test_1_00981.png,1,complete
mnist_all/1/mnist_test_1_00982.png,1,complete
mnist_all/1/mnist_test_1_00983.png,1,complete
mnist_all/1/mnist_test_1_00984.png,1,complete
mnist_all/1/mnist_test_1_00985.png,1,complete
mnist_all/1/mnist_test_1_00986.png,1,complete
mnist_all/1/mnist_test_1_00987.png,1,complete
mnist_all/1/mnist_test_1_00988.png,1,complete
mnist_all/1/mnist_test_1_00989.png,1,complete
mnist_all/1/mnist_test_1_00990.png,1,complete
mnist_all/1/mnist_test_1_00991.png,1,complete
mnist_all/1/mnist_test_1_00992.png,1,complete
mnist_all/1/mnist_test_1_00993.png,1,complete
mnist_all/1/mnist_test_1_00994.png,1,complete
mnist_all/1/mnist_test_1_00995.png,1,complete
mnist_all/1/mnist_test_1_00996.png,1,complete
mnist_all/1/mnist_test_1_00997.png,1,complete
mnist_all/1/mnist_test_1_00998.png,1,complete
mnist_all/1/mnist_test_1_00999.png,1,complete
mnist_all/1/mnist_test_1_01000.png,1,complete
mnist_all/1/mnist_test_1_01001.png,1,complete
mnist_all/1/mnist_test_1_01002.png,1,complete
mnist_all/1/mnist_test_1_01003.png,1,complete
mnist_all/1/mnist_test_1_01004.png,1,complete
mnist_all/1/mnist_test_1_01005.png,1,complete
mnist_all/1/mnist_test_1_01006.png,1,complete
mnist_all/1/mnist_test_1_01007.png,1,complete
mnist_all/1/mnist_test_1_01008.png,1,complete
mnist_all/1/mnist_test_1_01009.png,1,complete
mnist_all/1/mnist_test_1_01010.png,1,complete
mnist_all/1/mnist_test_1_01011.png,1,complete
mnist_all/1/mnist_test_1_01012.png,1,complete
mnist_all/1/mnist_test_1_01013.png,1,complete
mnist_all/1/mnist_test_1_01014.png,1,complete
mnist_all/1/mnist_test_1_01015.png,1,complete
mnist_all/1/mnist_test_1_01016.png,1,complete
mnist_all/1/mnist_test_1_01017.png,1,complete
mnist_all/1/mnist_test_1_01018.png,1,complete
mnist_all/1/mnist_test_1_01019.png,1,complete
mnist_all/1/mnist_test_1_01020.png,1,complete
mnist_all/1/mnist_test_1_01021.png,1,complete
mnist_all/1/mnist_test_1_01022.png,1,complete
mnist_all/1/mnist_test_1_01023.png,1,complete
mnist_all/1/mnist_test_1_01024.png,1,complete
mnist_all/1/mnist_test_1_01025.png,1,complete
mnist_all/1/mnist_test_1_01026.png,1,complete
mnist_all/1/mnist_test_1_01027.png,1,complete
mnist_all/1/mnist_test_1_01028.png,1,complete
mnist_all/1/mnist_test_1_01029.png,1,complete
mnist_all/1/mnist_test_1_01030.png,1,complete
mnist_all/1/mnist_test_1_01031.png,1,complete
mnist_all/1/mnist_test_1_01032.png,1,complete
mnist_all/1/mnist_test_1_01033.png,1,complete
mnist_all/1/mnist_test_1_01034.png,1,complete
mnist_all/1/mnist_test_1_01035.png,1,complete
mnist_all/1/mnist_test_1_01036.png,1,complete
mnist_all/1/mnist_test_1_01037.png,1,complete
mnist_all/1/mnist_test_1_01038.png,1,complete
mnist_all/1/mnist_test_1_01039.png,1,complete
mnist_all/1/mnist_test_1_01040.png,1,complete
mnist_all/1/mnist_test_1_01041.png,1,complete
mnist_all/1/mnist_test_1_01042.png,1,complete
mnist_all/1/mnist_test_1_01043.png,1,complete
mnist_all/1/mnist_test_1_01044.png,1,complete
mnist_all/1/mnist_test_1_01045.png,1,complete
mnist_all/1/mnist_test_1_01046.png,1,complete
mnist_all/1/mnist_test_1_01047.png,1,complete
mnist_all/1/mnist_test_1_01048.png,1,complete
mnist_all/1/mnist_test_1_01049.png,1,complete
mnist_all/1/mnist_test_1_01050.png,1,complete
mnist_all/1/mnist_test_1_01051.png,1,complete
mnist_all/1/mnist_test_1_01052.png,1,complete
mnist_all/1/mnist_test_1_01053.png,1,complete
mnist_all/1/mnist_test_1_01054.png,1,complete
mnist_all/1/mnist_test_1_01055.png,1,complete
mnist_all/1/mnist_test_1_01056.png,1,complete
mnist_all/1/mnist_test_1_01057.png,1,complete
mnist_all/1/mnist_test_1_01058.png,1,complete
mnist_all/1/mnist_test_1_01059.png,1,complete
mnist_all/1/mnist_test_1_01060.png,1,complete
mnist_all/1/mnist_test_1_01061.png,1,complete
mnist_all/1/mnist_test_1_01062.png,1,complete
mnist_all/1/mnist_test_1_01063.png,1,complete
mnist_all/1/mnist_test_1_01064.png,1,complete
mnist_all/1/mnist_test_1_01065.png,1,complete
mnist_all/1/mnist_test_1_01066.png,1,complete
mnist_all/1/mnist_test_1_01067.png,1,complete
mnist_all/1/mnist_test_1_01068.png,1,complete
mnist_all/1/mnist_test_1_01069.png,1,complete
mnist_all/1/mnist_test_1_01070.png,1,complete
mnist_all/1/mnist_test_1_01071.png,1,complete
mnist_all/1/mnist_test_1_01072.png,1,complete
mnist_all/1/mnist_test_1_01073.png,1,complete
mnist_all/1/mnist_test_1_01074.png,1,complete
mnist_all/1/mnist_test_1_01075.png,1,complete
mnist_all/1/mnist_test_1_01076.png,1,complete
mnist_all/1/mnist_test_1_01077.png,1,complete
mnist_all/1/mnist_test_1_01078.png,1,complete
mnist_all/1/mnist_test_1_01079.png,1,complete
mnist_all/1/mnist_test_1_01080.png,1,complete
mnist_all/1/mnist_test_1_01081.png,1,complete
mnist_all/1/mnist_test_1_01082.png,1,complete
mnist_all/1/mnist_test_1_01083.png,1,complete
mnist_all/1/mnist_test_1_01084.png,1,complete
mnist_all/1/mnist_test_1_01085.png,1,complete
mnist_all/1/mnist_test_1_01086.png,1,complete
mnist_all/1/mnist_test_1_01087.png,1,complete
mnist_all/1/mnist_test_1_01088.png,1,complete
mnist_all/1/mnist_test_1_01089.png,1,complete
mnist_all/1/mnist_test_1_01090.png,1,incomplete
mnist_all/1/mnist_test_1_01091.png,1,complete
mnist_all/1/mnist_test_1_01092.png,1,complete
mnist_all/1/mnist_test_1_01093.png,1,complete
mnist_all/1/mnist_test_1_01094.png,1,complete
mnist_all/1/mnist_test_1_01095.png,1,complete
mnist_all/1/mnist_test_1_01096.png,1,complete
mnist_all/1/mnist_test_1_01097.png,1,complete
mnist_all/1/mnist_test_1_01098.png,1,complete
mnist_all/1/mnist_test_1_01099.png,1,complete
mnist_all/1/mnist_test_1_01100.png,1,complete
mnist_all/1/mnist_test_1_01101.png,1,complete
mnist_all/1/mnist_test_1_01102.png,1,complete
mnist_all/1/mnist_test_1_01103.png,1,complete
mnist_all/1/mnist_test_1_01104.png,1,complete
mnist_all/1/mnist_test_1_01105.png,1,complete
mnist_all/1/mnist_test_1_01106.png,1,complete
mnist_all/1/mnist_test_1_01107.png,1,complete
mnist_all/1/mnist_test_1_01108.png,1,complete
mnist_all/1/mnist_test_1_01109.png,1,complete
mnist_all/1/mnist_test_1_01110.png,1,complete
mnist_all/1/mnist_test_1_01111.png,1,complete
mnist_all/1/mnist_test_1_01112.png,1,complete
mnist_all/1/mnist_test_1_01113.png,1,complete
mnist_all/1/mnist_test_1_01114.png,1,complete
mnist_all/1/mnist_test_1_01115.png,1,complete
mnist_all/1/mnist_test_1_01116.png,1,complete
mnist_all/1/mnist_test_1_01117.png,1,complete
mnist_all/1/mnist_test_1_01118.png,1,complete
mnist_all/1/mnist_test_1_01119.png,1,complete
mnist_all/1/mnist_test_1_01120.png,1,complete
mnist_all/1/mnist_test_1_01121.png,1,complete
mnist_all/1/mnist_test_1_01122.png,1,complete
mnist_all/1/mnist_test_1_01123.png,1,complete
mnist_all/1/mnist_test_1_01124.png,1,complete
mnist_all/1/mnist_test_1_01125.png,1,complete
mnist_all/1/mnist_test_1_01126.png,1,complete
mnist_all/1/mnist_test_1_01127.png,1,complete
mnist_all/1/mnist_test_1_01128.png,1,complete
mnist_all/1/mnist_test_1_01129.png,1,complete
mnist_all/1/mnist_test_1_01130.png,1,complete
mnist_all/1/mnist_test_1_01131.png,1,complete
mnist_all/1/mnist_test_1_01132.png,1,complete
mnist_all/1/mnist_test_1_01133.png,1,complete
mnist_all/1/mnist_test_1_01134.png,1,complete
mnist_all/2/mnist_test_2_00000.png,2,complete
mnist_all/2/mnist_test_2_00001.png,2,complete
mnist_all/2/mnist_test_2_00002.png,2,unreviewed
mnist_all/2/mnist_test_2_00003.png,2,complete
mnist_all/2/mnist_test_2_00004.png,2,unreviewed
mnist_all/2/mnist_test_2_00005.png,2,complete
mnist_all/2/mnist_test_2_00006.png,2,complete
mnist_all/2/mnist_test_2_00007.png,2,complete
mnist_all/2/mnist_test_2_00008.png,2,unreviewed
mnist_all/2/mnist_test_2_00009.png,2,complete
mnist_all/2/mnist_test_2_00010.png,2,complete
mnist_all/2/mnist_test_2_00011.png,2,unreviewed
mnist_all/2/mnist_test_2_00012.png,2,complete
mnist_all/2/mnist_test_2_00013.png,2,complete
mnist_all/2/mnist_test_2_00014.png,2,complete
mnist_all/2/mnist_test_2_00015.png,2,complete
mnist_all/2/mnist_test_2_00016.png,2,complete
mnist_all/2/mnist_test_2_00017.png,2,unreviewed
mnist_all/2/mnist_test_2_00018.png,2,complete
mnist_all/2/mnist_test_2_00019.png,2,complete
mnist_all/2/mnist_test_2_00020.png,2,complete
mnist_all/2/mnist_test_2_00021.png,2,complete
mnist_all/2/mnist_test_2_00022.png,2,unreviewed
mnist_all/2/mnist_test_2_00023.png,2,complete
mnist_all/2/mnist_test_2_00024.png,2,complete
mnist_all/2/mnist_test_2_00025.png,2,complete
mnist_all/2/mnist_test_2_00026.png,2,complete
mnist_all/2/mnist_test_2_00027.png,2,complete
mnist_all/2/mnist_test_2_00028.png,2,complete
mnist_all/2/mnist_test_2_00029.png,2,complete
mnist_all/2/mnist_test_2_00030.png,2,complete
mnist_all/2/mnist_test_2_00031.png,2,complete
mnist_all/2/mnist_test_2_00032.png,2,unreviewed
mnist_all/2/mnist_test_2_00033.png,2,complete
mnist_all/2/mnist_test_2_00034.png,2,unreviewed
mnist_all/2/mnist_test_2_00035.png,2,complete
mnist_all/2/mnist_test_2_00036.png,2,complete
mnist_all/2/mnist_test_2_00037.png,2,unreviewed
mnist_all/2/mnist_test_2_00038.png,2,complete
mnist_all/2/mnist_test_2_00039.png,2,complete
mnist_all/2/mnist_test_2_00040.png,2,complete
mnist_all/2/mnist_test_2_00041.png,2,unreviewed
mnist_all/2/mnist_test_2_00042.png,2,complete
mnist_all/2/mnist_test_2_00043.png,2,complete
mnist_all/2/mnist_test_2_00044.png,2,unreviewed
mnist_all/2/mnist_test_2_00045.png,2,complete
mnist_all/2/mnist_test_2_00046.png,2,complete
mnist_all/2/mnist_test_2_00047.png,2,complete
mnist_all/2/mnist_test_2_00048.png,2,complete
mnist_all/2/mnist_test_2_00049.png,2,complete
mnist_all/2/mnist_test_2_00050.png,2,complete
mnist_all/2/mnist_test_2_00051.png,2,complete
mnist_all/2/mnist_test_2_00052.png,2,complete
mnist_all/2/mnist_test_2_00053.png,2,complete
mnist_all/2/mnist_test_2_00054.png,2,complete
mnist_all/2/mnist_test_2_00055.png,2,complete
mnist_all/2/mnist_test_2_00056.png,2,complete
mnist_all/2/mnist_test_2_00057.png,2,complete
mnist_all/2/mnist_test_2_00058.png,2,complete
mnist_all/2/mnist_test_2_00059.png,2,complete
mnist_all/2/mnist_test_2_00060.png,2,complete
mnist_all/2/mnist_test_2_00061.png,2,complete
mnist_all/2/mnist_test_2_00062.png,2,complete
mnist_all/2/mnist_test_2_00063.png,2,unreviewed
mnist_all/2/mnist_test_2_00064.png,2,complete
mnist_all/2/mnist_test_2_00065.png,2,complete
mnist_all/2/mnist_test_2_00066.png,2,complete
mnist_all/2/mnist_test_2_00067.png,2,complete
mnist_all/2/mnist_test_2_00068.png,2,unreviewed
mnist_all/2/mnist_test_2_00069.png,2,complete
mnist_all/2/mnist_test_2_00070.png,2,complete
mnist_all/2/mnist_test_2_00071.png,2,complete
mnist_all/2/mnist_test_2_00072.png,2,complete
mnist_all/2/mnist_test_2_00073.png,2,unreviewed
mnist_all/2/mnist_test_2_00074.png,2,complete
mnist_all/2/mnist_test_2_00075.png,2,complete
mnist_all/2/mnist_test_2_00076.png,2,complete
mnist_all/2/mnist_test_2_00077.png,2,complete
mnist_all/2/mnist_test_2_00078.png,2,complete
mnist_all/2/mnist_test_2_00079.png,2,complete
mnist_all/2/mnist_test_2_00080.png,2,complete
mnist_all/2/mnist_test_2_00081.png,2,complete
mnist_all/2/mnist_test_2_00082.png,2,complete
mnist_all/2/mnist_test_2_00083.png,2,complete
mnist_all/2/mnist_test_2_00084.png,2,complete
mnist_all/2/mnist_test_2_00085.png,2,complete
mnist_all/2/mnist_test_2_00086.png,2,complete
mnist_all/2/mnist_test_2_00087.png,2,complete
mnist_all/2/mnist_test_2_00088.png,2,unreviewed
mnist_all/2/mnist_test_2_00089.png,2,complete
mnist_all/2/mnist_test_2_00090.png,2,incomplete
mnist_all/2/mnist_test_2_00091.png,2,complete
mnist_all/2/mnist_test_2_00092.png,2,complete
mnist_all/2/mnist_test_2_00093.png,2,complete
mnist_all/2/mnist_test_2_00094.png,2,complete
mnist_all/2/mnist_test_2_00095.png,2,unreviewed
mnist_all/2/mnist_test_2_00096.png,2,complete
mnist_all/2/mnist_test_2_00097.png,2,unreviewed
mnist_all/2/mnist_test_2_00098.png,2,unreviewed
mnist_all/2/mnist_test_2_00099.png,2,complete
mnist_all/2/mnist_test_2_00100.png,2,complete
mnist_all/2/mnist_test_2_00101.png,2,complete
mnist_all/2/mnist_test_2_00102.png,2,complete
mnist_all/2/mnist_test_2_00103.png,2,complete
mnist_all/2/mnist_test_2_00104.png,2,complete
mnist_all/2/mnist_test_2_00105.png,2,complete
mnist_all/2/mnist_test_2_00106.png,2,complete
mnist_all/2/mnist_test_2_00107.png,2,unreviewed
mnist_all/2/mnist_test_2_00108.png,2,complete
mnist_all/2/mnist_test_2_00109.png,2,complete
mnist_all/2/mnist_test_2_00110.png,2,complete
mnist_all/2/mnist_test_2_00111.png,2,complete
mnist_all/2/mnist_test_2_00112.png,2,complete
mnist_all/2/mnist_test_2_00113.png,2,complete
mnist_all/2/mnist_test_2_00114.png,2,unreviewed
mnist_all/2/mnist_test_2_00115.png,2,complete
mnist_all/2/mnist_test_2_00116.png,2,complete
mnist_all/2/mnist_test_2_00117.png,2,complete
mnist_all/2/mnist_test_2_00118.png,2,complete
mnist_all/2/mnist_test_2_00119.png,2,complete
mnist_all/2/mnist_test_2_00120.png,2,complete
mnist_all/2/mnist_test_2_00121.png,2,unreviewed
mnist_all/2/mnist_test_2_00122.png,2,complete
mnist_all/2/mnist_test_2_00123.png,2,complete
mnist_all/2/mnist_test_2_00124.png,2,complete
mnist_all/2/mnist_test_2_00125.png,2,complete
mnist_all/2/mnist_test_2_00126.png,2,complete
mnist_all/2/mnist_test_2_00127.png,2,complete
mnist_all/2/mnist_test_2_00128.png,2,unreviewed
mnist_all/2/mnist_test_2_00129.png,2,unreviewed
mnist_all/2/mnist_test_2_00130.png,2,complete
mnist_all/2/mnist_test_2_00131.png,2,complete
mnist_all/2/mnist_test_2_00132.png,2,complete
mnist_all/2/mnist_test_2_00133.png,2,unreviewed
mnist_all/2/mnist_test_2_00134.png,2,complete
mnist_all/2/mnist_test_2_00135.png,2,complete
mnist_all/2/mnist_test_2_00136.png,2,unreviewed
mnist_all/2/mnist_test_2_00137.png,2,complete
mnist_all/2/mnist_test_2_00138.png,2,complete
mnist_all/2/mnist_test_2_00139.png,2,complete
mnist_all/2/mnist_test_2_00140.png,2,complete
mnist_all/2/mnist_test_2_00141.png,2,complete
mnist_all/2/mnist_test_2_00142.png,2,unreviewed
mnist_all/2/mnist_test_2_00143.png,2,complete
mnist_all/2/mnist_test_2_00144.png,2,complete
mnist_all/2/mnist_test_2_00145.png,2,complete
mnist_all/2/mnist_test_2_00146.png,2,complete
mnist_all/2/mnist_test_2_00147.png,2,complete
mnist_all/2/mnist_test_2_00148.png,2,complete
mnist_all/2/mnist_test_2_00149.png,2,complete
mnist_all/2/mnist_test_2_00150.png,2,unreviewed
mnist_all/2/mnist_test_2_00151.png,2,complete
mnist_all/2/mnist_test_2_00152.png,2,unreviewed
mnist_all/2/mnist_test_2_00153.png,2,complete
mnist_all/2/mnist_test_2_00154.png,2,complete
mnist_all/2/mnist_test_2_00155.png,2,complete
mnist_all/2/mnist_test_2_00156.png,2,unreviewed
mnist_all/2/mnist_test_2_00157.png,2,complete
mnist_all/2/mnist_test_2_00158.png,2,complete
mnist_all/2/mnist_test_2_00159.png,2,unreviewed
mnist_all/2/mnist_test_2_00160.png,2,complete
mnist_all/2/mnist_test_2_00161.png,2,complete
mnist_all/2/mnist_test_2_00162.png,2,complete
mnist_all/2/mnist_test_2_00163.png,2,complete
mnist_all/2/mnist_test_2_00164.png,2,complete
mnist_all/2/mnist_test_2_00165.png,2,complete
mnist_all/2/mnist_test_2_00166.png,2,complete
mnist_all/2/mnist_test_2_00167.png,2,complete
mnist_all/2/mnist_test_2_00168.png,2,unreviewed
mnist_all/2/mnist_test_2_00169.png,2,unreviewed
mnist_all/2/mnist_test_2_00170.png,2,unreviewed
mnist_all/2/mnist_test_2_00171.png,2,complete
mnist_all/2/mnist_test_2_00172.png,2,complete
mnist_all/2/mnist_test_2_00173.png,2,complete
mnist_all/2/mnist_test_2_00174.png,2,complete
mnist_all/2/mnist_test_2_00175.png,2,unreviewed
mnist_all/2/mnist_test_2_00176.png,2,complete
mnist_all/2/mnist_test_2_00177.png,2,unreviewed
mnist_all/2/mnist_test_2_00178.png,2,complete
mnist_all/2/mnist_test_2_00179.png,2,complete
mnist_all/2/mnist_test_2_00180.png,2,complete
mnist_all/2/mnist_test_2_00181.png,2,complete
mnist_all/2/mnist_test_2_00182.png,2,complete
mnist_all/2/mnist_test_2_00183.png,2,complete
mnist_all/2/mnist_test_2_00184.png,2,complete
mnist_all/2/mnist_test_2_00185.png,2,unreviewed
mnist_all/2/mnist_test_2_00186.png,2,unreviewed
mnist_all/2/mnist_test_2_00187.png,2,complete
mnist_all/2/mnist_test_2_00188.png,2,complete
mnist_all/2/mnist_test_2_00189.png,2,complete
mnist_all/2/mnist_test_2_00190.png,2,unreviewed
mnist_all/2/mnist_test_2_00191.png,2,complete
mnist_all/2/mnist_test_2_00192.png,2,complete
mnist_all/2/mnist_test_2_00193.png,2,complete
mnist_all/2/mnist_test_2_00194.png,2,complete
mnist_all/2/mnist_test_2_00195.png,2,complete
mnist_all/2/mnist_test_2_00196.png,2,complete
mnist_all/2/mnist_test_2_00197.png,2,complete
mnist_all/2/mnist_test_2_00198.png,2,complete
mnist_all/2/mnist_test_2_00199.png,2,unreviewed
mnist_all/2/mnist_test_2_00200.png,2,complete
mnist_all/2/mnist_test_2_00201.png,2,complete
mnist_all/2/mnist_test_2_00202.png,2,complete
mnist_all/2/mnist_test_2_00203.png,2,complete
mnist_all/2/mnist_test_2_00204.png,2,complete
mnist_all/2/mnist_test_2_00205.png,2,complete
mnist_all/2/mnist_test_2_00206.png,2,complete
mnist_all/2/mnist_test_2_00207.png,2,complete
mnist_all/2/mnist_test_2_00208.png,2,unreviewed
mnist_all/2/mnist_test_2_00209.png,2,complete
mnist_all/2/mnist_test_2_00210.png,2,complete
mnist_all/2/mnist_test_2_00211.png,2,unreviewed
mnist_all/2/mnist_test_2_00212.png,2,complete
mnist_all/2/mnist_test_2_00213.png,2,complete
mnist_all/2/mnist_test_2_00214.png,2,complete
mnist_all/2/mnist_test_2_00215.png,2,complete
mnist_all/2/mnist_test_2_00216.png,2,unreviewed
mnist_all/2/mnist_test_2_00217.png,2,complete
mnist_all/2/mnist_test_2_00218.png,2,complete
mnist_all/2/mnist_test_2_00219.png,2,complete
mnist_all/2/mnist_test_2_00220.png,2,complete
mnist_all/2/mnist_test_2_00221.png,2,complete
mnist_all/2/mnist_test_2_00222.png,2,unreviewed
mnist_all/2/mnist_test_2_00223.png,2,complete
mnist_all/2/mnist_test_2_00224.png,2,complete
mnist_all/2/mnist_test_2_00225.png,2,incomplete
mnist_all/2/mnist_test_2_00226.png,2,complete
mnist_all/2/mnist_test_2_00227.png,2,complete
mnist_all/2/mnist_test_2_00228.png,2,complete
mnist_all/2/mnist_test_2_00229.png,2,complete
mnist_all/2/mnist_test_2_00230.png,2,complete
mnist_all/2/mnist_test_2_00231.png,2,complete
mnist_all/2/mnist_test_2_00232.png,2,complete
mnist_all/2/mnist_test_2_00233.png,2,complete
mnist_all/2/mnist_test_2_00234.png,2,complete
mnist_all/2/mnist_test_2_00235.png,2,complete
mnist_all/2/mnist_test_2_00236.png,2,complete
mnist_all/2/mnist_test_2_00237.png,2,complete
mnist_all/2/mnist_test_2_00238.png,2,unreviewed
mnist_all/2/mnist_test_2_00239.png,2,complete
mnist_all/2/mnist_test_2_00240.png,2,complete
mnist_all/2/mnist_test_2_00241.png,2,complete
mnist_all/2/mnist_test_2_00242.png,2,complete
mnist_all/2/mnist_test_2_00243.png,2,complete
mnist_all/2/mnist_test_2_00244.png,2,complete
mnist_all/2/mnist_test_2_00245.png,2,unreviewed
mnist_all/2/mnist_test_2_00246.png,2,complete
mnist_all/2/mnist_test_2_00247.png,2,complete
mnist_all/2/mnist_test_2_00248.png,2,complete
mnist_all/2/mnist_test_2_00249.png,2,complete
mnist_all/2/mnist_test_2_00250.png,2,complete
mnist_all/2/mnist_test_2_00251.png,2,complete
mnist_all/2/mnist_test_2_00252.png,2,unreviewed
mnist_all/2/mnist_test_2_00253.png,2,complete
mnist_all/2/mnist_test_2_00254.png,2,complete
mnist_all/2/mnist_test_2_00255.png,2,unreviewed
mnist_all/2/mnist_test_2_00256.png,2,complete
mnist_all/2/mnist_test_2_00257.png,2,complete
mnist_all/2/mnist_test_2_00258.png,2,unreviewed
mnist_all/2/mnist_test_2_00259.png,2,complete
mnist_all/2/mnist_test_2_00260.png,2,complete
mnist_all/2/mnist_test_2_00261.png,2,complete
mnist_all/2/mnist_test_2_00262.png,2,complete
mnist_all/2/mnist_test_2_00263.png,2,unreviewed
mnist_all/2/mnist_test_2_00264.png,2,unreviewed
mnist_all/2/mnist_test_2_00265.png,2,unreviewed
mnist_all/2/mnist_test_2_00266.png,2,complete
mnist_all/2/mnist_test_2_00267.png,2,complete
mnist_all/2/mnist_test_2_00268.png,2,complete
mnist_all/2/mnist_test_2_00269.png,2,incomplete
mnist_all/2/mnist_test_2_00270.png,2,complete
mnist_all/2/mnist_test_2_00271.png,2,complete
mnist_all/2/mnist_test_2_00272.png,2,unreviewed
mnist_all/2/mnist_test_2_00273.png,2,complete
mnist_all/2/mnist_test_2_00274.png,2,complete
mnist_all/2/mnist_test_2_00275.png,2,unreviewed
mnist_all/2/mnist_test_2_00276.png,2,unreviewed
mnist_all/2/mnist_test_2_00277.png,2,complete
mnist_all/2/mnist_test_2_00278.png,2,complete
mnist_all/2/mnist_test_2_00279.png,2,complete
mnist_all/2/mnist_test_2_00280.png,2,complete
mnist_all/2/mnist_test_2_00281.png,2,complete
mnist_all/2/mnist_test_2_00282.png,2,complete
mnist_all/2/mnist_test_2_00283.png,2,complete
mnist_all/2/mnist_test_2_00284.png,2,complete
mnist_all/2/mnist_test_2_00285.png,2,unreviewed
mnist_all/2/mnist_test_2_00286.png,2,complete
mnist_all/2/mnist_test_2_00287.png,2,complete
mnist_all/2/mnist_test_2_00288.png,2,complete
mnist_all/2/mnist_test_2_00289.png,2,complete
mnist_all/2/mnist_test_2_00290.png,2,complete
mnist_all/2/mnist_test_2_00291.png,2,unreviewed
mnist_all/2/mnist_test_2_00292.png,2,complete
mnist_all/2/mnist_test_2_00293.png,2,complete
mnist_all/2/mnist_test_2_00294.png,2,complete
mnist_all/2/mnist_test_2_00295.png,2,complete
mnist_all/2/mnist_test_2_00296.png,2,unreviewed
mnist_all/2/mnist_test_2_00297.png,2,complete
mnist_all/2/mnist_test_2_00298.png,2,unreviewed
mnist_all/2/mnist_test_2_00299.png,2,unreviewed
mnist_all/2/mnist_test_2_00300.png,2,complete
mnist_all/2/mnist_test_2_00301.png,2,complete
mnist_all/2/mnist_test_2_00302.png,2,complete
mnist_all/2/mnist_test_2_00303.png,2,complete
mnist_all/2/mnist_test_2_00304.png,2,complete
mnist_all/2/mnist_test_2_00305.png,2,complete
mnist_all/2/mnist_test_2_00306.png,2,complete
mnist_all/2/mnist_test_2_00307.png,2,unreviewed
mnist_all/2/mnist_test_2_00308.png,2,complete
mnist_all/2/mnist_test_2_00309.png,2,complete
mnist_all/2/mnist_test_2_00310.png,2,complete
mnist_all/2/mnist_test_2_00311.png,2,complete
mnist_all/2/mnist_test_2_00312.png,2,unreviewed
mnist_all/2/mnist_test_2_00313.png,2,complete
mnist_all/2/mnist_test_2_00314.png,2,unreviewed
mnist_all/2/mnist_test_2_00315.png,2,unreviewed
mnist_all/2/mnist_test_2_00316.png,2,complete
mnist_all/2/mnist_test_2_00317.png,2,complete
mnist_all/2/mnist_test_2_00318.png,2,unreviewed
mnist_all/2/mnist_test_2_00319.png,2,complete
mnist_all/2/mnist_test_2_00320.png,2,complete
mnist_all/2/mnist_test_2_00321.png,2,complete
mnist_all/2/mnist_test_2_00322.png,2,complete
mnist_all/2/mnist_test_2_00323.png,2,complete
mnist_all/2/mnist_test_2_00324.png,2,complete
mnist_all/2/mnist_test_2_00325.png,2,complete
mnist_all/2/mnist_test_2_00326.png,2,complete
mnist_all/2/mnist_test_2_00327.png,2,unreviewed
mnist_all/2/mnist_test_2_00328.png,2,complete
mnist_all/2/mnist_test_2_00329.png,2,unreviewed
mnist_all/2/mnist_test_2_00330.png,2,complete
mnist_all/2/mnist_test_2_00331.png,2,complete
mnist_all/2/mnist_test_2_00332.png,2,complete
mnist_all/2/mnist_test_2_00333.png,2,unreviewed
mnist_all/2/mnist_test_2_00334.png,2,complete
mnist_all/2/mnist_test_2_00335.png,2,incomplete
mnist_all/2/mnist_test_2_00336.png,2,complete
mnist_all/2/mnist_test_2_00337.png,2,complete
mnist_all/2/mnist_test_2_00338.png,2,unreviewed
mnist_all/2/mnist_test_2_00339.png,2,unreviewed
mnist_all/2/mnist_test_2_00340.png,2,complete
mnist_all/2/mnist_test_2_00341.png,2,complete
mnist_all/2/mnist_test_2_00342.png,2,complete
mnist_all/2/mnist_test_2_00343.png,2,complete
mnist_all/2/mnist_test_2_00344.png,2,complete
mnist_all/2/mnist_test_2_00345.png,2,complete
mnist_all/2/mnist_test_2_00346.png,2,complete
mnist_all/2/mnist_test_2_00347.png,2,complete
mnist_all/2/mnist_test_2_00348.png,2,complete
mnist_all/2/mnist_test_2_00349.png,2,complete
mnist_all/2/mnist_test_2_00350.png,2,complete
mnist_all/2/mnist_test_2_00351.png,2,unreviewed
mnist_all/2/mnist_test_2_00352.png,2,unreviewed
mnist_all/2/mnist_test_2_00353.png,2,unreviewed
mnist_all/2/mnist_test_2_00354.png,2,complete
mnist_all/2/mnist_test_2_00355.png,2,complete
mnist_all/2/mnist_test_2_00356.png,2,unreviewed
mnist_all/2/mnist_test_2_00357.png,2,complete
mnist_all/2/mnist_test_2_00358.png,2,complete
mnist_all/2/mnist_test_2_00359.png,2,unreviewed
mnist_all/2/mnist_test_2_00360.png,2,complete
mnist_all/2/mnist_test_2_00361.png,2,complete
mnist_all/2/mnist_test_2_00362.png,2,incomplete
mnist_all/2/mnist_test_2_00363.png,2,complete
mnist_all/2/mnist_test_2_00364.png,2,complete
mnist_all/2/mnist_test_2_00365.png,2,complete
mnist_all/2/mnist_test_2_00366.png,2,complete
mnist_all/2/mnist_test_2_00367.png,2,unreviewed
mnist_all/2/mnist_test_2_00368.png,2,complete
mnist_all/2/mnist_test_2_00369.png,2,complete
mnist_all/2/mnist_test_2_00370.png,2,unreviewed
mnist_all/2/mnist_test_2_00371.png,2,complete
mnist_all/2/mnist_test_2_00372.png,2,complete
mnist_all/2/mnist_test_2_00373.png,2,unreviewed
mnist_all/2/mnist_test_2_00374.png,2,complete
mnist_all/2/mnist_test_2_00375.png,2,incomplete
mnist_all/2/mnist_test_2_00376.png,2,complete
mnist_all/2/mnist_test_2_00377.png,2,complete
mnist_all/2/mnist_test_2_00378.png,2,complete
mnist_all/2/mnist_test_2_00379.png,2,complete
mnist_all/2/mnist_test_2_00380.png,2,complete
mnist_all/2/mnist_test_2_00381.png,2,complete
mnist_all/2/mnist_test_2_00382.png,2,complete
mnist_all/2/mnist_test_2_00383.png,2,complete
mnist_all/2/mnist_test_2_00384.png,2,complete
mnist_all/2/mnist_test_2_00385.png,2,unreviewed
mnist_all/2/mnist_test_2_00386.png,2,complete
mnist_all/2/mnist_test_2_00387.png,2,complete
mnist_all/2/mnist_test_2_00388.png,2,complete
mnist_all/2/mnist_test_2_00389.png,2,complete
mnist_all/2/mnist_test_2_00390.png,2,complete
mnist_all/2/mnist_test_2_00391.png,2,complete
mnist_all/2/mnist_test_2_00392.png,2,unreviewed
mnist_all/2/mnist_test_2_00393.png,2,complete
mnist_all/2/mnist_test_2_00394.png,2,complete
mnist_all/2/mnist_test_2_00395.png,2,complete
mnist_all/2/mnist_test_2_00396.png,2,complete
mnist_all/2/mnist_test_2_00397.png,2,unreviewed
mnist_all/2/mnist_test_2_00398.png,2,complete
mnist_all/2/mnist_test_2_00399.png,2,complete
mnist_all/2/mnist_test_2_00400.png,2,complete
mnist_all/2/mnist_test_2_00401.png,2,complete
mnist_all/2/mnist_test_2_00402.png,2,complete
mnist_all/2/mnist_test_2_00403.png,2,complete
mnist_all/2/mnist_test_2_00404.png,2,complete
mnist_all/2/mnist_test_2_00405.png,2,complete
mnist_all/2/mnist_test_2_00406.png,2,complete
mnist_all/2/mnist_test_2_00407.png,2,complete
mnist_all/2/mnist_test_2_00408.png,2,complete
mnist_all/2/mnist_test_2_00409.png,2,unreviewed
mnist_all/2/mnist_test_2_00410.png,2,complete
mnist_all/2/mnist_test_2_00411.png,2,complete
mnist_all/2/mnist_test_2_00412.png,2,complete
mnist_all/2/mnist_test_2_00413.png,2,complete
mnist_all/2/mnist_test_2_00414.png,2,complete
mnist_all/2/mnist_test_2_00415.png,2,complete
mnist_all/2/mnist_test_2_00416.png,2,complete
mnist_all/2/mnist_test_2_00417.png,2,complete
mnist_all/2/mnist_test_2_00418.png,2,complete
mnist_all/2/mnist_test_2_00419.png,2,complete
mnist_all/2/mnist_test_2_00420.png,2,complete
mnist_all/2/mnist_test_2_00421.png,2,complete
mnist_all/2/mnist_test_2_00422.png,2,complete
mnist_all/2/mnist_test_2_00423.png,2,complete
mnist_all/2/mnist_test_2_00424.png,2,complete
mnist_all/2/mnist_test_2_00425.png,2,unreviewed
mnist_all/2/mnist_test_2_00426.png,2,complete
mnist_all/2/mnist_test_2_00427.png,2,complete
mnist_all/2/mnist_test_2_00428.png,2,complete
mnist_all/2/mnist_test_2_00429.png,2,unreviewed
mnist_all/2/mnist_test_2_00430.png,2,complete
mnist_all/2/mnist_test_2_00431.png,2,complete
mnist_all/2/mnist_test_2_00432.png,2,unreviewed
mnist_all/2/mnist_test_2_00433.png,2,complete
mnist_all/2/mnist_test_2_00434.png,2,unreviewed
mnist_all/2/mnist_test_2_00435.png,2,incomplete
mnist_all/2/mnist_test_2_00436.png,2,complete
mnist_all/2/mnist_test_2_00437.png,2,complete
mnist_all/2/mnist_test_2_00438.png,2,unreviewed
mnist_all/2/mnist_test_2_00439.png,2,complete
mnist_all/2/mnist_test_2_00440.png,2,complete
mnist_all/2/mnist_test_2_00441.png,2,complete
mnist_all/2/mnist_test_2_00442.png,2,complete
mnist_all/2/mnist_test_2_00443.png,2,complete
mnist_all/2/mnist_test_2_00444.png,2,complete
mnist_all/2/mnist_test_2_00445.png,2,complete
mnist_all/2/mnist_test_2_00446.png,2,complete
mnist_all/2/mnist_test_2_00447.png,2,complete
mnist_all/2/mnist_test_2_00448.png,2,complete
mnist_all/2/mnist_test_2_00449.png,2,complete
mnist_all/2/mnist_test_2_00450.png,2,complete
mnist_all/2/mnist_test_2_00451.png,2,complete
mnist_all/2/mnist_test_2_00452.png,2,complete
mnist_all/2/mnist_test_2_00453.png,2,unreviewed
mnist_all/2/mnist_test_2_00454.png,2,unreviewed
mnist_all/2/mnist_test_2_00455.png,2,complete
mnist_all/2/mnist_test_2_00456.png,2,complete
mnist_all/2/mnist_test_2_00457.png,2,complete
mnist_all/2/mnist_test_2_00458.png,2,complete
mnist_all/2/mnist_test_2_00459.png,2,complete
mnist_all/2/mnist_test_2_00460.png,2,complete
mnist_all/2/mnist_test_2_00461.png,2,complete
mnist_all/2/mnist_test_2_00462.png,2,complete
mnist_all/2/mnist_test_2_00463.png,2,complete
mnist_all/2/mnist_test_2_00464.png,2,complete
mnist_all/2/mnist_test_2_00465.png,2,complete
mnist_all/2/mnist_test_2_00466.png,2,complete
mnist_all/2/mnist_test_2_00467.png,2,complete
mnist_all/2/mnist_test_2_00468.png,2,unreviewed
mnist_all/2/mnist_test_2_00469.png,2,unreviewed
mnist_all/2/mnist_test_2_00470.png,2,complete
mnist_all/2/mnist_test_2_00471.png,2,complete
mnist_all/2/mnist_test_2_00472.png,2,incomplete
mnist_all/2/mnist_test_2_00473.png,2,complete
mnist_all/2/mnist_test_2_00474.png,2,incomplete
mnist_all/2/mnist_test_2_00475.png,2,unreviewed
mnist_all/2/mnist_test_2_00476.png,2,complete
mnist_all/2/mnist_test_2_00477.png,2,complete
mnist_all/2/mnist_test_2_00478.png,2,complete
mnist_all/2/mnist_test_2_00479.png,2,unreviewed
mnist_all/2/mnist_test_2_00480.png,2,complete
mnist_all/2/mnist_test_2_00481.png,2,complete
mnist_all/2/mnist_test_2_00482.png,2,complete
mnist_all/2/mnist_test_2_00483.png,2,complete
mnist_all/2/mnist_test_2_00484.png,2,complete
mnist_all/2/mnist_test_2_00485.png,2,complete
mnist_all/2/mnist_test_2_00486.png,2,unreviewed
mnist_all/2/mnist_test_2_00487.png,2,complete
mnist_all/2/mnist_test_2_00488.png,2,complete
mnist_all/2/mnist_test_2_00489.png,2,complete
mnist_all/2/mnist_test_2_00490.png,2,unreviewed
mnist_all/2/mnist_test_2_00491.png,2,complete
mnist_all/2/mnist_test_2_00492.png,2,complete
mnist_all/2/mnist_test_2_00493.png,2,complete
mnist_all/2/mnist_test_2_00494.png,2,complete
mnist_all/2/mnist_test_2_00495.png,2,complete
mnist_all/2/mnist_test_2_00496.png,2,complete
mnist_all/2/mnist_test_2_00497.png,2,complete
mnist_all/2/mnist_test_2_00498.png,2,complete
mnist_all/2/mnist_test_2_00499.png,2,complete
mnist_all/2/mnist_test_2_00500.png,2,complete
mnist_all/2/mnist_test_2_00501.png,2,complete
mnist_all/2/mnist_test_2_00502.png,2,complete
mnist_all/2/mnist_test_2_00503.png,2,complete
mnist_all/2/mnist_test_2_00504.png,2,complete
mnist_all/2/mnist_test_2_00505.png,2,complete
mnist_all/2/mnist_test_2_00506.png,2,complete
mnist_all/2/mnist_test_2_00507.png,2,complete
mnist_all/2/mnist_test_2_00508.png,2,complete
mnist_all/2/mnist_test_2_00509.png,2,complete
mnist_all/2/mnist_test_2_00510.png,2,incomplete
mnist_all/2/mnist_test_2_00511.png,2,complete
mnist_all/2/mnist_test_2_00512.png,2,unreviewed
mnist_all/2/mnist_test_2_00513.png,2,complete
mnist_all/2/mnist_test_2_00514.png,2,complete
mnist_all/2/mnist_test_2_00515.png,2,complete
mnist_all/2/mnist_test_2_00516.png,2,complete
mnist_all/2/mnist_test_2_00517.png,2,complete
mnist_all/2/mnist_test_2_00518.png,2,complete
mnist_all/2/mnist_test_2_00519.png,2,unreviewed
mnist_all/2/mnist_test_2_00520.png,2,complete
mnist_all/2/mnist_test_2_00521.png,2,complete
mnist_all/2/mnist_test_2_00522.png,2,complete
mnist_all/2/mnist_test_2_00523.png,2,complete
mnist_all/2/mnist_test_2_00524.png,2,complete
mnist_all/2/mnist_test_2_00525.png,2,complete
mnist_all/2/mnist_test_2_00526.png,2,complete
mnist_all/2/mnist_test_2_00527.png,2,complete
mnist_all/2/mnist_test_2_00528.png,2,complete
mnist_all/2/mnist_test_2_00529.png,2,complete
mnist_all/2/mnist_test_2_00530.png,2,complete
mnist_all/2/mnist_test_2_00531.png,2,complete
mnist_all/2/mnist_test_2_00532.png,2,complete
mnist_all/2/mnist_test_2_00533.png,2,complete
mnist_all/2/mnist_test_2_00534.png,2,complete
mnist_all/2/mnist_test_2_00535.png,2,unreviewed
mnist_all/2/mnist_test_2_00536.png,2,complete
mnist_all/2/mnist_test_2_00537.png,2,complete
mnist_all/2/mnist_test_2_00538.png,2,unreviewed
mnist_all/2/mnist_test_2_00539.png,2,complete
mnist_all/2/mnist_test_2_00540.png,2,complete
mnist_all/2/mnist_test_2_00541.png,2,unreviewed
mnist_all/2/mnist_test_2_00542.png,2,complete
mnist_all/2/mnist_test_2_00543.png,2,complete
mnist_all/2/mnist_test_2_00544.png,2,complete
mnist_all/2/mnist_test_2_00545.png,2,complete
mnist_all/2/mnist_test_2_00546.png,2,complete
mnist_all/2/mnist_test_2_00547.png,2,complete
mnist_all/2/mnist_test_2_00548.png,2,complete
mnist_all/2/mnist_test_2_00549.png,2,complete
mnist_all/2/mnist_test_2_00550.png,2,complete
mnist_all/2/mnist_test_2_00551.png,2,complete
mnist_all/2/mnist_test_2_00552.png,2,complete
mnist_all/2/mnist_test_2_00553.png,2,complete
mnist_all/2/mnist_test_2_00554.png,2,complete
mnist_all/2/mnist_test_2_00555.png,2,complete
mnist_all/2/mnist_test_2_00556.png,2,complete
mnist_all/2/mnist_test_2_00557.png,2,complete
mnist_all/2/mnist_test_2_00558.png,2,complete
mnist_all/2/mnist_test_2_00559.png,2,complete
mnist_all/2/mnist_test_2_00560.png,2,complete
mnist_all/2/mnist_test_2_00561.png,2,complete
mnist_all/2/mnist_test_2_00562.png,2,complete
mnist_all/2/mnist_test_2_00563.png,2,complete
mnist_all/2/mnist_test_2_00564.png,2,complete
mnist_all/2/mnist_test_2_00565.png,2,complete
mnist_all/2/mnist_test_2_00566.png,2,unreviewed
mnist_all/2/mnist_test_2_00567.png,2,complete
mnist_all/2/mnist_test_2_00568.png,2,complete
mnist_all/2/mnist_test_2_00569.png,2,complete
mnist_all/2/mnist_test_2_00570.png,2,complete
mnist_all/2/mnist_test_2_00571.png,2,incomplete
mnist_all/2/mnist_test_2_00572.png,2,complete
mnist_all/2/mnist_test_2_00573.png,2,complete
mnist_all/2/mnist_test_2_00574.png,2,complete
mnist_all/2/mnist_test_2_00575.png,2,complete
mnist_all/2/mnist_test_2_00576.png,2,complete
mnist_all/2/mnist_test_2_00577.png,2,complete
mnist_all/2/mnist_test_2_00578.png,2,complete
mnist_all/2/mnist_test_2_00579.png,2,complete
mnist_all/2/mnist_test_2_00580.png,2,complete
mnist_all/2/mnist_test_2_00581.png,2,complete
mnist_all/2/mnist_test_2_00582.png,2,complete
mnist_all/2/mnist_test_2_00583.png,2,complete
mnist_all/2/mnist_test_2_00584.png,2,complete
mnist_all/2/mnist_test_2_00585.png,2,complete
mnist_all/2/mnist_test_2_00586.png,2,complete
mnist_all/2/mnist_test_2_00587.png,2,complete
mnist_all/2/mnist_test_2_00588.png,2,complete
mnist_all/2/mnist_test_2_00589.png,2,complete
mnist_all/2/mnist_test_2_00590.png,2,complete
mnist_all/2/mnist_test_2_00591.png,2,complete
mnist_all/2/mnist_test_2_00592.png,2,complete
mnist_all/2/mnist_test_2_00593.png,2,complete
mnist_all/2/mnist_test_2_00594.png,2,complete
mnist_all/2/mnist_test_2_00595.png,2,complete
mnist_all/2/mnist_test_2_00596.png,2,complete
mnist_all/2/mnist_test_2_00597.png,2,complete
mnist_all/2/mnist_test_2_00598.png,2,complete
mnist_all/2/mnist_test_2_00599.png,2,complete
mnist_all/2/mnist_test_2_00600.png,2,complete
mnist_all/2/mnist_test_2_00601.png,2,complete
mnist_all/2/mnist_test_2_00602.png,2,unreviewed
mnist_all/2/mnist_test_2_00603.png,2,incomplete
mnist_all/2/mnist_test_2_00604.png,2,complete
mnist_all/2/mnist_test_2_00605.png,2,unreviewed
mnist_all/2/mnist_test_2_00606.png,2,complete
mnist_all/2/mnist_test_2_00607.png,2,complete
mnist_all/2/mnist_test_2_00608.png,2,complete
mnist_all/2/mnist_test_2_00609.png,2,complete
mnist_all/2/mnist_test_2_00610.png,2,complete
mnist_all/2/mnist_test_2_00611.png,2,complete
mnist_all/2/mnist_test_2_00612.png,2,complete
mnist_all/2/mnist_test_2_00613.png,2,complete
mnist_all/2/mnist_test_2_00614.png,2,complete
mnist_all/2/mnist_test_2_00615.png,2,complete
mnist_all/2/mnist_test_2_00616.png,2,complete
mnist_all/2/mnist_test_2_00617.png,2,complete
mnist_all/2/mnist_test_2_00618.png,2,complete
mnist_all/2/mnist_test_2_00619.png,2,complete
mnist_all/2/mnist_test_2_00620.png,2,complete
mnist_all/2/mnist_test_2_00621.png,2,complete
mnist_all/2/mnist_test_2_00622.png,2,complete
mnist_all/2/mnist_test_2_00623.png,2,complete
mnist_all/2/mnist_test_2_00624.png,2,complete
mnist_all/2/mnist_test_2_00625.png,2,complete
mnist_all/2/mnist_test_2_00626.png,2,complete
mnist_all/2/mnist_test_2_00627.png,2,complete
mnist_all/2/mnist_test_2_00628.png,2,complete
mnist_all/2/mnist_test_2_00629.png,2,complete
mnist_all/2/mnist_test_2_00630.png,2,complete
mnist_all/2/mnist_test_2_00631.png,2,complete
mnist_all/2/mnist_test_2_00632.png,2,complete
mnist_all/2/mnist_test_2_00633.png,2,complete
mnist_all/2/mnist_test_2_00634.png,2,complete
mnist_all/2/mnist_test_2_00635.png,2,complete
mnist_all/2/mnist_test_2_00636.png,2,complete
mnist_all/2/mnist_test_2_00637.png,2,complete
mnist_all/2/mnist_test_2_00638.png,2,complete
mnist_all/2/mnist_test_2_00639.png,2,complete
mnist_all/2/mnist_test_2_00640.png,2,complete
mnist_all/2/mnist_test_2_00641.png,2,complete
mnist_all/2/mnist_test_2_00642.png,2,complete
mnist_all/2/mnist_test_2_00643.png,2,complete
mnist_all/2/mnist_test_2_00644.png,2,complete
mnist_all/2/mnist_test_2_00645.png,2,complete
mnist_all/2/mnist_test_2_00646.png,2,complete
mnist_all/2/mnist_test_2_00647.png,2,complete
mnist_all/2/mnist_test_2_00648.png,2,complete
mnist_all/2/mnist_test_2_00649.png,2,complete
mnist_all/2/mnist_test_2_00650.png,2,complete
mnist_all/2/mnist_test_2_00651.png,2,complete
mnist_all/2/mnist_test_2_00652.png,2,complete
mnist_all/2/mnist_test_2_00653.png,2,complete
mnist_all/2/mnist_test_2_00654.png,2,complete
mnist_all/2/mnist_test_2_00655.png,2,complete
mnist_all/2/mnist_test_2_00656.png,2,complete
mnist_all/2/mnist_test_2_00657.png,2,complete
mnist_all/2/mnist_test_2_00658.png,2,complete
mnist_all/2/mnist_test_2_00659.png,2,complete
mnist_all/2/mnist_test_2_00660.png,2,complete
mnist_all/2/mnist_test_2_00661.png,2,complete
mnist_all/2/mnist_test_2_00662.png,2,complete
mnist_all/2/mnist_test_2_00663.png,2,complete
mnist_all/2/mnist_test_2_00664.png,2,complete
mnist_all/2/mnist_test_2_00665.png,2,complete
mnist_all/2/mnist_test_2_00666.png,2,complete
mnist_all/2/mnist_test_2_00667.png,2,complete
mnist_all/2/mnist_test_2_00668.png,2,complete
mnist_all/2/mnist_test_2_00669.png,2,incomplete
mnist_all/2/mnist_test_2_00670.png,2,unreviewed
mnist_all/2/mnist_test_2_00671.png,2,complete
mnist_all/2/mnist_test_2_00672.png,2,complete
mnist_all/2/mnist_test_2_00673.png,2,complete
mnist_all/2/mnist_test_2_00674.png,2,complete
mnist_all/2/mnist_test_2_00675.png,2,complete
mnist_all/2/mnist_test_2_00676.png,2,complete
mnist_all/2/mnist_test_2_00677.png,2,complete
mnist_all/2/mnist_test_2_00678.png,2,complete
mnist_all/2/mnist_test_2_00679.png,2,complete
mnist_all/2/mnist_test_2_00680.png,2,complete
mnist_all/2/mnist_test_2_00681.png,2,complete
mnist_all/2/mnist_test_2_00682.png,2,complete
mnist_all/2/mnist_test_2_00683.png,2,complete
mnist_all/2/mnist_test_2_00684.png,2,complete
mnist_all/2/mnist_test_2_00685.png,2,complete
mnist_all/2/mnist_test_2_00686.png,2,unreviewed
mnist_all/2/mnist_test_2_00687.png,2,incomplete
mnist_all/2/mnist_test_2_00688.png,2,complete
mnist_all/2/mnist_test_2_00689.png,2,complete
mnist_all/2/mnist_test_2_00690.png,2,incomplete
mnist_all/2/mnist_test_2_00691.png,2,complete
mnist_all/2/mnist_test_2_00692.png,2,unreviewed
mnist_all/2/mnist_test_2_00693.png,2,complete
mnist_all/2/mnist_test_2_00694.png,2,incomplete
mnist_all/2/mnist_test_2_00695.png,2,incomplete
mnist_all/2/mnist_test_2_00696.png,2,unreviewed
mnist_all/2/mnist_test_2_00697.png,2,complete
mnist_all/2/mnist_test_2_00698.png,2,unreviewed
mnist_all/2/mnist_test_2_00699.png,2,complete
mnist_all/2/mnist_test_2_00700.png,2,complete
mnist_all/2/mnist_test_2_00701.png,2,complete
mnist_all/2/mnist_test_2_00702.png,2,complete
mnist_all/2/mnist_test_2_00703.png,2,complete
mnist_all/2/mnist_test_2_00704.png,2,complete
mnist_all/2/mnist_test_2_00705.png,2,complete
mnist_all/2/mnist_test_2_00706.png,2,complete
mnist_all/2/mnist_test_2_00707.png,2,complete
mnist_all/2/mnist_test_2_00708.png,2,complete
mnist_all/2/mnist_test_2_00709.png,2,complete
mnist_all/2/mnist_test_2_00710.png,2,complete
mnist_all/2/mnist_test_2_00711.png,2,complete
mnist_all/2/mnist_test_2_00712.png,2,complete
mnist_all/2/mnist_test_2_00713.png,2,complete
mnist_all/2/mnist_test_2_00714.png,2,complete
mnist_all/2/mnist_test_2_00715.png,2,complete
mnist_all/2/mnist_test_2_00716.png,2,complete
mnist_all/2/mnist_test_2_00717.png,2,complete
mnist_all/2/mnist_test_2_00718.png,2,complete
mnist_all/2/mnist_test_2_00719.png,2,complete
mnist_all/2/mnist_test_2_00720.png,2,complete
mnist_all/2/mnist_test_2_00721.png,2,incomplete
mnist_all/2/mnist_test_2_00722.png,2,complete
mnist_all/2/mnist_test_2_00723.png,2,complete
mnist_all/2/mnist_test_2_00724.png,2,complete
mnist_all/2/mnist_test_2_00725.png,2,complete
mnist_all/2/mnist_test_2_00726.png,2,complete
mnist_all/2/mnist_test_2_00727.png,2,complete
mnist_all/2/mnist_test_2_00728.png,2,complete
mnist_all/2/mnist_test_2_00729.png,2,complete
mnist_all/2/mnist_test_2_00730.png,2,complete
mnist_all/2/mnist_test_2_00731.png,2,complete
mnist_all/2/mnist_test_2_00732.png,2,complete
mnist_all/2/mnist_test_2_00733.png,2,complete
mnist_all/2/mnist_test_2_00734.png,2,complete
mnist_all/2/mnist_test_2_00735.png,2,complete
mnist_all/2/mnist_test_2_00736.png,2,complete
mnist_all/2/mnist_test_2_00737.png,2,complete
mnist_all/2/mnist_test_2_00738.png,2,complete
mnist_all/2/mnist_test_2_00739.png,2,complete
mnist_all/2/mnist_test_2_00740.png,2,complete
mnist_all/2/mnist_test_2_00741.png,2,complete
mnist_all/2/mnist_test_2_00742.png,2,complete
mnist_all/2/mnist_test_2_00743.png,2,complete
mnist_all/2/mnist_test_2_00744.png,2,complete
mnist_all/2/mnist_test_2_00745.png,2,complete
mnist_all/2/mnist_test_2_00746.png,2,complete
mnist_all/2/mnist_test_2_00747.png,2,complete
mnist_all/2/mnist_test_2_00748.png,2,complete
mnist_all/2/mnist_test_2_00749.png,2,complete
mnist_all/2/mnist_test_2_00750.png,2,complete
mnist_all/2/mnist_test_2_00751.png,2,complete
mnist_all/2/mnist_test_2_00752.png,2,complete
mnist_all/2/mnist_test_2_00753.png,2,complete
mnist_all/2/mnist_test_2_00754.png,2,complete
mnist_all/2/mnist_test_2_00755.png,2,complete
mnist_all/2/mnist_test_2_00756.png,2,complete
mnist_all/2/mnist_test_2_00757.png,2,complete
mnist_all/2/mnist_test_2_00758.png,2,unreviewed
mnist_all/2/mnist_test_2_00759.png,2,complete
mnist_all/2/mnist_test_2_00760.png,2,complete
mnist_all/2/mnist_test_2_00761.png,2,complete
mnist_all/2/mnist_test_2_00762.png,2,complete
mnist_all/2/mnist_test_2_00763.png,2,complete
mnist_all/2/mnist_test_2_00764.png,2,complete
mnist_all/2/mnist_test_2_00765.png,2,complete
mnist_all/2/mnist_test_2_00766.png,2,complete
mnist_all/2/mnist_test_2_00767.png,2,complete
mnist_all/2/mnist_test_2_00768.png,2,complete
mnist_all/2/mnist_test_2_00769.png,2,complete
mnist_all/2/mnist_test_2_00770.png,2,complete
mnist_all/2/mnist_test_2_00771.png,2,complete
mnist_all/2/mnist_test_2_00772.png,2,incomplete
mnist_all/2/mnist_test_2_00773.png,2,complete
mnist_all/2/mnist_test_2_00774.png,2,unreviewed
mnist_all/2/mnist_test_2_00775.png,2,unreviewed
mnist_all/2/mnist_test_2_00776.png,2,complete
mnist_all/2/mnist_test_2_00777.png,2,complete
mnist_all/2/mnist_test_2_00778.png,2,incomplete
mnist_all/2/mnist_test_2_00779.png,2,unreviewed
mnist_all/2/mnist_test_2_00780.png,2,complete
mnist_all/2/mnist_test_2_00781.png,2,complete
mnist_all/2/mnist_test_2_00782.png,2,complete
mnist_all/2/mnist_test_2_00783.png,2,complete
mnist_all/2/mnist_test_2_00784.png,2,complete
mnist_all/2/mnist_test_2_00785.png,2,complete
mnist_all/2/mnist_test_2_00786.png,2,complete
mnist_all/2/mnist_test_2_00787.png,2,complete
mnist_all/2/mnist_test_2_00788.png,2,complete
mnist_all/2/mnist_test_2_00789.png,2,complete
mnist_all/2/mnist_test_2_00790.png,2,complete
mnist_all/2/mnist_test_2_00791.png,2,complete
mnist_all/2/mnist_test_2_00792.png,2,complete
mnist_all/2/mnist_test_2_00793.png,2,complete
mnist_all/2/mnist_test_2_00794.png,2,complete
mnist_all/2/mnist_test_2_00795.png,2,unreviewed
mnist_all/2/mnist_test_2_00796.png,2,unreviewed
mnist_all/2/mnist_test_2_00797.png,2,complete
mnist_all/2/mnist_test_2_00798.png,2,complete
mnist_all/2/mnist_test_2_00799.png,2,complete
mnist_all/2/mnist_test_2_00800.png,2,unreviewed
mnist_all/2/mnist_test_2_00801.png,2,complete
mnist_all/2/mnist_test_2_00802.png,2,unreviewed
mnist_all/2/mnist_test_2_00803.png,2,complete
mnist_all/2/mnist_test_2_00804.png,2,unreviewed
mnist_all/2/mnist_test_2_00805.png,2,unreviewed
mnist_all/2/mnist_test_2_00806.png,2,complete
mnist_all/2/mnist_test_2_00807.png,2,complete
mnist_all/2/mnist_test_2_00808.png,2,complete
mnist_all/2/mnist_test_2_00809.png,2,complete
mnist_all/2/mnist_test_2_00810.png,2,complete
mnist_all/2/mnist_test_2_00811.png,2,complete
mnist_all/2/mnist_test_2_00812.png,2,complete
mnist_all/2/mnist_test_2_00813.png,2,complete
mnist_all/2/mnist_test_2_00814.png,2,complete
mnist_all/2/mnist_test_2_00815.png,2,complete
mnist_all/2/mnist_test_2_00816.png,2,complete
mnist_all/2/mnist_test_2_00817.png,2,complete
mnist_all/2/mnist_test_2_00818.png,2,complete
mnist_all/2/mnist_test_2_00819.png,2,complete
mnist_all/2/mnist_test_2_00820.png,2,complete
mnist_all/2/mnist_test_2_00821.png,2,complete
mnist_all/2/mnist_test_2_00822.png,2,complete
mnist_all/2/mnist_test_2_00823.png,2,complete
mnist_all/2/mnist_test_2_00824.png,2,complete
mnist_all/2/mnist_test_2_00825.png,2,complete
mnist_all/2/mnist_test_2_00826.png,2,complete
mnist_all/2/mnist_test_2_00827.png,2,complete
mnist_all/2/mnist_test_2_00828.png,2,complete
mnist_all/2/mnist_test_2_00829.png,2,complete
mnist_all/2/mnist_test_2_00830.png,2,complete
mnist_all/2/mnist_test_2_00831.png,2,complete
mnist_all/2/mnist_test_2_00832.png,2,complete
mnist_all/2/mnist_test_2_00833.png,2,complete
mnist_all/2/mnist_test_2_00834.png,2,complete
mnist_all/2/mnist_test_2_00835.png,2,complete
mnist_all/2/mnist_test_2_00836.png,2,complete
mnist_all/2/mnist_test_2_00837.png,2,complete
mnist_all/2/mnist_test_2_00838.png,2,complete
mnist_all/2/mnist_test_2_00839.png,2,unreviewed
mnist_all/2/mnist_test_2_00840.png,2,complete
mnist_all/2/mnist_test_2_00841.png,2,complete
mnist_all/2/mnist_test_2_00842.png,2,complete
mnist_all/2/mnist_test_2_00843.png,2,complete
mnist_all/2/mnist_test_2_00844.png,2,complete
mnist_all/2/mnist_test_2_00845.png,2,complete
mnist_all/2/mnist_test_2_00846.png,2,unreviewed
mnist_all/2/mnist_test_2_00847.png,2,complete
mnist_all/2/mnist_test_2_00848.png,2,complete
mnist_all/2/mnist_test_2_00849.png,2,complete
mnist_all/2/mnist_test_2_00850.png,2,complete
mnist_all/2/mnist_test_2_00851.png,2,complete
mnist_all/2/mnist_test_2_00852.png,2,unreviewed
mnist_all/2/mnist_test_2_00853.png,2,complete
mnist_all/2/mnist_test_2_00854.png,2,complete
mnist_all/2/mnist_test_2_00855.png,2,unreviewed
mnist_all/2/mnist_test_2_00856.png,2,complete
mnist_all/2/mnist_test_2_00857.png,2,complete
mnist_all/2/mnist_test_2_00858.png,2,complete
mnist_all/2/mnist_test_2_00859.png,2,complete
mnist_all/2/mnist_test_2_00860.png,2,complete
mnist_all/2/mnist_test_2_00861.png,2,complete
mnist_all/2/mnist_test_2_00862.png,2,complete
mnist_all/2/mnist_test_2_00863.png,2,unreviewed
mnist_all/2/mnist_test_2_00864.png,2,complete
mnist_all/2/mnist_test_2_00865.png,2,complete
mnist_all/2/mnist_test_2_00866.png,2,complete
mnist_all/2/mnist_test_2_00867.png,2,complete
mnist_all/2/mnist_test_2_00868.png,2,unreviewed
mnist_all/2/mnist_test_2_00869.png,2,complete
mnist_all/2/mnist_test_2_00870.png,2,complete
mnist_all/2/mnist_test_2_00871.png,2,complete
mnist_all/2/mnist_test_2_00872.png,2,complete
mnist_all/2/mnist_test_2_00873.png,2,complete
mnist_all/2/mnist_test_2_00874.png,2,complete
mnist_all/2/mnist_test_2_00875.png,2,complete
mnist_all/2/mnist_test_2_00876.png,2,complete
mnist_all/2/mnist_test_2_00877.png,2,complete
mnist_all/2/mnist_test_2_00878.png,2,complete
mnist_all/2/mnist_test_2_00879.png,2,complete
mnist_all/2/mnist_test_2_00880.png,2,complete
mnist_all/2/mnist_test_2_00881.png,2,complete
mnist_all/2/mnist_test_2_00882.png,2,complete
mnist_all/2/mnist_test_2_00883.png,2,complete
mnist_all/2/mnist_test_2_00884.png,2,complete
mnist_all/2/mnist_test_2_00885.png,2,complete
mnist_all/2/mnist_test_2_00886.png,2,complete
mnist_all/2/mnist_test_2_00887.png,2,complete
mnist_all/2/mnist_test_2_00888.png,2,complete
mnist_all/2/mnist_test_2_00889.png,2,complete
mnist_all/2/mnist_test_2_00890.png,2,unreviewed
mnist_all/2/mnist_test_2_00891.png,2,complete
mnist_all/2/mnist_test_2_00892.png,2,unreviewed
mnist_all/2/mnist_test_2_00893.png,2,unreviewed
mnist_all/2/mnist_test_2_00894.png,2,complete
mnist_all/2/mnist_test_2_00895.png,2,complete
mnist_all/2/mnist_test_2_00896.png,2,complete
mnist_all/2/mnist_test_2_00897.png,2,complete
mnist_all/2/mnist_test_2_00898.png,2,unreviewed
mnist_all/2/mnist_test_2_00899.png,2,unreviewed
mnist_all/2/mnist_test_2_00900.png,2,unreviewed
mnist_all/2/mnist_test_2_00901.png,2,complete
mnist_all/2/mnist_test_2_00902.png,2,complete
mnist_all/2/mnist_test_2_00903.png,2,complete
mnist_all/2/mnist_test_2_00904.png,2,complete
mnist_all/2/mnist_test_2_00905.png,2,complete
mnist_all/2/mnist_test_2_00906.png,2,complete
mnist_all/2/mnist_test_2_00907.png,2,complete
mnist_all/2/mnist_test_2_00908.png,2,complete
mnist_all/2/mnist_test_2_00909.png,2,complete
mnist_all/2/mnist_test_2_00910.png,2,complete
mnist_all/2/mnist_test_2_00911.png,2,complete
mnist_all/2/mnist_test_2_00912.png,2,complete
mnist_all/2/mnist_test_2_00913.png,2,complete
mnist_all/2/mnist_test_2_00914.png,2,complete
mnist_all/2/mnist_test_2_00915.png,2,complete
mnist_all/2/mnist_test_2_00916.png,2,complete
mnist_all/2/mnist_test_2_00917.png,2,complete
mnist_all/2/mnist_test_2_00918.png,2,complete
mnist_all/2/mnist_test_2_00919.png,2,complete
mnist_all/2/mnist_test_2_00920.png,2,complete
mnist_all/2/mnist_test_2_00921.png,2,complete
mnist_all/2/mnist_test_2_00922.png,2,complete
mnist_all/2/mnist_test_2_00923.png,2,complete
mnist_all/2/mnist_test_2_00924.png,2,complete
mnist_all/2/mnist_test_2_00925.png,2,complete
mnist_all/2/mnist_test_2_00926.png,2,complete
mnist_all/2/mnist_test_2_00927.png,2,complete
mnist_all/2/mnist_test_2_00928.png,2,complete
mnist_all/2/mnist_test_2_00929.png,2,complete
mnist_all/2/mnist_test_2_00930.png,2,complete
mnist_all/2/mnist_test_2_00931.png,2,complete
mnist_all/2/mnist_test_2_00932.png,2,complete
mnist_all/2/mnist_test_2_00933.png,2,complete
mnist_all/2/mnist_test_2_00934.png,2,complete
mnist_all/2/mnist_test_2_00935.png,2,complete
mnist_all/2/mnist_test_2_00936.png,2,complete
mnist_all/2/mnist_test_2_00937.png,2,complete
mnist_all/2/mnist_test_2_00938.png,2,complete
mnist_all/2/mnist_test_2_00939.png,2,complete
mnist_all/2/mnist_test_2_00940.png,2,complete
mnist_all/2/mnist_test_2_00941.png,2,complete
mnist_all/2/mnist_test_2_00942.png,2,complete
mnist_all/2/mnist_test_2_00943.png,2,complete
mnist_all/2/mnist_test_2_00944.png,2,complete
mnist_all/2/mnist_test_2_00945.png,2,complete
mnist_all/2/mnist_test_2_00946.png,2,complete
mnist_all/2/mnist_test_2_00947.png,2,complete
mnist_all/2/mnist_test_2_00948.png,2,complete
mnist_all/2/mnist_test_2_00949.png,2,complete
mnist_all/2/mnist_test_2_00950.png,2,complete
mnist_all/2/mnist_test_2_00951.png,2,complete
mnist_all/2/mnist_test_2_00952.png,2,complete
mnist_all/2/mnist_test_2_00953.png,2,complete
mnist_all/2/mnist_test_2_00954.png,2,complete
mnist_all/2/mnist_test_2_00955.png,2,complete
mnist_all/2/mnist_test_2_00956.png,2,complete
mnist_all/2/mnist_test_2_00957.png,2,complete
mnist_all/2/mnist_test_2_00958.png,2,complete
mnist_all/2/mnist_test_2_00959.png,2,complete
mnist_all/2/mnist_test_2_00960.png,2,complete
mnist_all/2/mnist_test_2_00961.png,2,complete
mnist_all/2/mnist_test_2_00962.png,2,complete
mnist_all/2/mnist_test_2_00963.png,2,complete
mnist_all/2/mnist_test_2_00964.png,2,complete
mnist_all/2/mnist_test_2_00965.png,2,complete
mnist_all/2/mnist_test_2_00966.png,2,complete
mnist_all/2/mnist_test_2_00967.png,2,unreviewed
mnist_all/2/mnist_test_2_00968.png,2,complete
mnist_all/2/mnist_test_2_00969.png,2,complete
mnist_all/2/mnist_test_2_00970.png,2,complete
mnist_all/2/mnist_test_2_00971.png,2,complete
mnist_all/2/mnist_test_2_00972.png,2,complete
mnist_all/2/mnist_test_2_00973.png,2,complete
mnist_all/2/mnist_test_2_00974.png,2,unreviewed
mnist_all/2/mnist_test_2_00975.png,2,complete
mnist_all/2/mnist_test_2_00976.png,2,unreviewed
mnist_all/2/mnist_test_2_00977.png,2,complete
mnist_all/2/mnist_test_2_00978.png,2,unreviewed
mnist_all/2/mnist_test_2_00979.png,2,complete
mnist_all/2/mnist_test_2_00980.png,2,complete
mnist_all/2/mnist_test_2_00981.png,2,complete
mnist_all/2/mnist_test_2_00982.png,2,complete
mnist_all/2/mnist_test_2_00983.png,2,complete
mnist_all/2/mnist_test_2_00984.png,2,complete
mnist_all/2/mnist_test_2_00985.png,2,complete
mnist_all/2/mnist_test_2_00986.png,2,complete
mnist_all/2/mnist_test_2_00987.png,2,complete
mnist_all/2/mnist_test_2_00988.png,2,complete
mnist_all/2/mnist_test_2_00989.png,2,complete
mnist_all/2/mnist_test_2_00990.png,2,complete
mnist_all/2/mnist_test_2_00991.png,2,complete
mnist_all/2/mnist_test_2_00992.png,2,complete
mnist_all/2/mnist_test_2_00993.png,2,complete
mnist_all/2/mnist_test_2_00994.png,2,complete
mnist_all/2/mnist_test_2_00995.png,2,unreviewed
mnist_all/2/mnist_test_2_00996.png,2,complete
mnist_all/2/mnist_test_2_00997.png,2,complete
mnist_all/2/mnist_test_2_00998.png,2,complete
mnist_all/2/mnist_test_2_00999.png,2,unreviewed
mnist_all/2/mnist_test_2_01000.png,2,complete
mnist_all/2/mnist_test_2_01001.png,2,unreviewed
mnist_all/2/mnist_test_2_01002.png,2,complete
mnist_all/2/mnist_test_2_01003.png,2,complete
mnist_all/2/mnist_test_2_01004.png,2,complete
mnist_all/2/mnist_test_2_01005.png,2,complete
mnist_all/2/mnist_test_2_01006.png,2,complete
mnist_all/2/mnist_test_2_01007.png,2,complete
mnist_all/2/mnist_test_2_01008.png,2,unreviewed
mnist_all/2/mnist_test_2_01009.png,2,complete
mnist_all/2/mnist_test_2_01010.png,2,complete
mnist_all/2/mnist_test_2_01011.png,2,complete
mnist_all/2/mnist_test_2_01012.png,2,complete
mnist_all/2/mnist_test_2_01013.png,2,complete
mnist_all/2/mnist_test_2_01014.png,2,complete
mnist_all/2/mnist_test_2_01015.png,2,unreviewed
mnist_all/2/mnist_test_2_01016.png,2,unreviewed
mnist_all/2/mnist_test_2_01017.png,2,complete
mnist_all/2/mnist_test_2_01018.png,2,complete
mnist_all/2/mnist_test_2_01019.png,2,complete
mnist_all/2/mnist_test_2_01020.png,2,complete
mnist_all/2/mnist_test_2_01021.png,2,complete
mnist_all/2/mnist_test_2_01022.png,2,complete
mnist_all/2/mnist_test_2_01023.png,2,complete
mnist_all/2/mnist_test_2_01024.png,2,complete
mnist_all/2/mnist_test_2_01025.png,2,complete
mnist_all/2/mnist_test_2_01026.png,2,complete
mnist_all/2/mnist_test_2_01027.png,2,complete
mnist_all/2/mnist_test_2_01028.png,2,complete
mnist_all/2/mnist_test_2_01029.png,2,complete
mnist_all/2/mnist_test_2_01030.png,2,complete
mnist_all/2/mnist_test_2_01031.png,2,complete
mnist_all/3/mnist_test_3_00000.png,3,complete
mnist_all/3/mnist_test_3_00001.png,3,complete
mnist_all/3/mnist_test_3_00002.png,3,complete
mnist_all/3/mnist_test_3_00003.png,3,complete
mnist_all/3/mnist_test_3_00004.png,3,complete
mnist_all/3/mnist_test_3_00005.png,3,complete
mnist_all/3/mnist_test_3_00006.png,3,complete
mnist_all/3/mnist_test_3_00007.png,3,unreviewed
mnist_all/3/mnist_test_3_00008.png,3,complete
mnist_all/3/mnist_test_3_00009.png,3,complete
mnist_all/3/mnist_test_3_00010.png,3,complete
mnist_all/3/mnist_test_3_00011.png,3,complete
mnist_all/3/mnist_test_3_00012.png,3,complete
mnist_all/3/mnist_test_3_00013.png,3,complete
mnist_all/3/mnist_test_3_00014.png,3,unreviewed
mnist_all/3/mnist_test_3_00015.png,3,unreviewed
mnist_all/3/mnist_test_3_00016.png,3,complete
mnist_all/3/mnist_test_3_00017.png,3,complete
mnist_all/3/mnist_test_3_00018.png,3,complete
mnist_all/3/mnist_test_3_00019.png,3,complete
mnist_all/3/mnist_test_3_00020.png,3,complete
mnist_all/3/mnist_test_3_00021.png,3,complete
mnist_all/3/mnist_test_3_00022.png,3,unreviewed
mnist_all/3/mnist_test_3_00023.png,3,complete
mnist_all/3/mnist_test_3_00024.png,3,unreviewed
mnist_all/3/mnist_test_3_00025.png,3,complete
mnist_all/3/mnist_test_3_00026.png,3,complete
mnist_all/3/mnist_test_3_00027.png,3,complete
mnist_all/3/mnist_test_3_00028.png,3,complete
mnist_all/3/mnist_test_3_00029.png,3,complete
mnist_all/3/mnist_test_3_00030.png,3,complete
mnist_all/3/mnist_test_3_00031.png,3,unreviewed
mnist_all/3/mnist_test_3_00032.png,3,unreviewed
mnist_all/3/mnist_test_3_00033.png,3,complete
mnist_all/3/mnist_test_3_00034.png,3,complete
mnist_all/3/mnist_test_3_00035.png,3,complete
mnist_all/3/mnist_test_3_00036.png,3,complete
mnist_all/3/mnist_test_3_00037.png,3,complete
mnist_all/3/mnist_test_3_00038.png,3,complete
mnist_all/3/mnist_test_3_00039.png,3,unreviewed
mnist_all/3/mnist_test_3_00040.png,3,unreviewed
mnist_all/3/mnist_test_3_00041.png,3,complete
mnist_all/3/mnist_test_3_00042.png,3,complete
mnist_all/3/mnist_test_3_00043.png,3,complete
mnist_all/3/mnist_test_3_00044.png,3,complete
mnist_all/3/mnist_test_3_00045.png,3,complete
mnist_all/3/mnist_test_3_00046.png,3,complete
mnist_all/3/mnist_test_3_00047.png,3,complete
mnist_all/3/mnist_test_3_00048.png,3,unreviewed
mnist_all/3/mnist_test_3_00049.png,3,complete
mnist_all/3/mnist_test_3_00050.png,3,complete
mnist_all/3/mnist_test_3_00051.png,3,complete
mnist_all/3/mnist_test_3_00052.png,3,complete
mnist_all/3/mnist_test_3_00053.png,3,complete
mnist_all/3/mnist_test_3_00054.png,3,complete
mnist_all/3/mnist_test_3_00055.png,3,complete
mnist_all/3/mnist_test_3_00056.png,3,complete
mnist_all/3/mnist_test_3_00057.png,3,complete
mnist_all/3/mnist_test_3_00058.png,3,unreviewed
mnist_all/3/mnist_test_3_00059.png,3,complete
mnist_all/3/mnist_test_3_00060.png,3,complete
mnist_all/3/mnist_test_3_00061.png,3,complete
mnist_all/3/mnist_test_3_00062.png,3,complete
mnist_all/3/mnist_test_3_00063.png,3,complete
mnist_all/3/mnist_test_3_00064.png,3,complete
mnist_all/3/mnist_test_3_00065.png,3,complete
mnist_all/3/mnist_test_3_00066.png,3,complete
mnist_all/3/mnist_test_3_00067.png,3,complete
mnist_all/3/mnist_test_3_00068.png,3,complete
mnist_all/3/mnist_test_3_00069.png,3,complete
mnist_all/3/mnist_test_3_00070.png,3,complete
mnist_all/3/mnist_test_3_00071.png,3,unreviewed
mnist_all/3/mnist_test_3_00072.png,3,complete
mnist_all/3/mnist_test_3_00073.png,3,complete
mnist_all/3/mnist_test_3_00074.png,3,complete
mnist_all/3/mnist_test_3_00075.png,3,complete
mnist_all/3/mnist_test_3_00076.png,3,complete
mnist_all/3/mnist_test_3_00077.png,3,complete
mnist_all/3/mnist_test_3_00078.png,3,complete
mnist_all/3/mnist_test_3_00079.png,3,complete
mnist_all/3/mnist_test_3_00080.png,3,complete
mnist_all/3/mnist_test_3_00081.png,3,complete
mnist_all/3/mnist_test_3_00082.png,3,complete
mnist_all/3/mnist_test_3_00083.png,3,complete
mnist_all/3/mnist_test_3_00084.png,3,complete
mnist_all/3/mnist_test_3_00085.png,3,complete
mnist_all/3/mnist_test_3_00086.png,3,complete
mnist_all/3/mnist_test_3_00087.png,3,complete
mnist_all/3/mnist_test_3_00088.png,3,complete
mnist_all/3/mnist_test_3_00089.png,3,complete
mnist_all/3/mnist_test_3_00090.png,3,complete
mnist_all/3/mnist_test_3_00091.png,3,complete
mnist_all/3/mnist_test_3_00092.png,3,complete
mnist_all/3/mnist_test_3_00093.png,3,complete
mnist_all/3/mnist_test_3_00094.png,3,complete
mnist_all/3/mnist_test_3_00095.png,3,complete
mnist_all/3/mnist_test_3_00096.png,3,complete
mnist_all/3/mnist_test_3_00097.png,3,complete
mnist_all/3/mnist_test_3_00098.png,3,complete
mnist_all/3/mnist_test_3_00099.png,3,complete
mnist_all/3/mnist_test_3_00100.png,3,unreviewed
mnist_all/3/mnist_test_3_00101.png,3,complete
mnist_all/3/mnist_test_3_00102.png,3,complete
mnist_all/3/mnist_test_3_00103.png,3,complete
mnist_all/3/mnist_test_3_00104.png,3,complete
mnist_all/3/mnist_test_3_00105.png,3,complete
mnist_all/3/mnist_test_3_00106.png,3,complete
mnist_all/3/mnist_test_3_00107.png,3,complete
mnist_all/3/mnist_test_3_00108.png,3,complete
mnist_all/3/mnist_test_3_00109.png,3,complete
mnist_all/3/mnist_test_3_00110.png,3,complete
mnist_all/3/mnist_test_3_00111.png,3,complete
mnist_all/3/mnist_test_3_00112.png,3,complete
mnist_all/3/mnist_test_3_00113.png,3,complete
mnist_all/3/mnist_test_3_00114.png,3,complete
mnist_all/3/mnist_test_3_00115.png,3,complete
mnist_all/3/mnist_test_3_00116.png,3,complete
mnist_all/3/mnist_test_3_00117.png,3,complete
mnist_all/3/mnist_test_3_00118.png,3,complete
mnist_all/3/mnist_test_3_00119.png,3,unreviewed
mnist_all/3/mnist_test_3_00120.png,3,complete
mnist_all/3/mnist_test_3_00121.png,3,complete
mnist_all/3/mnist_test_3_00122.png,3,complete
mnist_all/3/mnist_test_3_00123.png,3,complete
mnist_all/3/mnist_test_3_00124.png,3,complete
mnist_all/3/mnist_test_3_00125.png,3,complete
mnist_all/3/mnist_test_3_00126.png,3,complete
mnist_all/3/mnist_test_3_00127.png,3,complete
mnist_all/3/mnist_test_3_00128.png,3,complete
mnist_all/3/mnist_test_3_00129.png,3,complete
mnist_all/3/mnist_test_3_00130.png,3,complete
mnist_all/3/mnist_test_3_00131.png,3,unreviewed
mnist_all/3/mnist_test_3_00132.png,3,complete
mnist_all/3/mnist_test_3_00133.png,3,complete
mnist_all/3/mnist_test_3_00134.png,3,complete
mnist_all/3/mnist_test_3_00135.png,3,complete
mnist_all/3/mnist_test_3_00136.png,3,complete
mnist_all/3/mnist_test_3_00137.png,3,unreviewed
mnist_all/3/mnist_test_3_00138.png,3,complete
mnist_all/3/mnist_test_3_00139.png,3,complete
mnist_all/3/mnist_test_3_00140.png,3,complete
mnist_all/3/mnist_test_3_00141.png,3,complete
mnist_all/3/mnist_test_3_00142.png,3,complete
mnist_all/3/mnist_test_3_00143.png,3,unreviewed
mnist_all/3/mnist_test_3_00144.png,3,complete
mnist_all/3/mnist_test_3_00145.png,3,complete
mnist_all/3/mnist_test_3_00146.png,3,complete
mnist_all/3/mnist_test_3_00147.png,3,unreviewed
mnist_all/3/mnist_test_3_00148.png,3,unreviewed
mnist_all/3/mnist_test_3_00149.png,3,complete
mnist_all/3/mnist_test_3_00150.png,3,complete
mnist_all/3/mnist_test_3_00151.png,3,complete
mnist_all/3/mnist_test_3_00152.png,3,complete
mnist_all/3/mnist_test_3_00153.png,3,complete
mnist_all/3/mnist_test_3_00154.png,3,unreviewed
mnist_all/3/mnist_test_3_00155.png,3,unreviewed
mnist_all/3/mnist_test_3_00156.png,3,complete
mnist_all/3/mnist_test_3_00157.png,3,complete
mnist_all/3/mnist_test_3_00158.png,3,complete
mnist_all/3/mnist_test_3_00159.png,3,complete
mnist_all/3/mnist_test_3_00160.png,3,complete
mnist_all/3/mnist_test_3_00161.png,3,complete
mnist_all/3/mnist_test_3_00162.png,3,complete
mnist_all/3/mnist_test_3_00163.png,3,complete
mnist_all/3/mnist_test_3_00164.png,3,complete
mnist_all/3/mnist_test_3_00165.png,3,complete
mnist_all/3/mnist_test_3_00166.png,3,complete
mnist_all/3/mnist_test_3_00167.png,3,complete
mnist_all/3/mnist_test_3_00168.png,3,complete
mnist_all/3/mnist_test_3_00169.png,3,complete
mnist_all/3/mnist_test_3_00170.png,3,complete
mnist_all/3/mnist_test_3_00171.png,3,unreviewed
mnist_all/3/mnist_test_3_00172.png,3,complete
mnist_all/3/mnist_test_3_00173.png,3,complete
mnist_all/3/mnist_test_3_00174.png,3,complete
mnist_all/3/mnist_test_3_00175.png,3,unreviewed
mnist_all/3/mnist_test_3_00176.png,3,complete
mnist_all/3/mnist_test_3_00177.png,3,complete
mnist_all/3/mnist_test_3_00178.png,3,complete
mnist_all/3/mnist_test_3_00179.png,3,complete
mnist_all/3/mnist_test_3_00180.png,3,complete
mnist_all/3/mnist_test_3_00181.png,3,unreviewed
mnist_all/3/mnist_test_3_00182.png,3,complete
mnist_all/3/mnist_test_3_00183.png,3,complete
mnist_all/3/mnist_test_3_00184.png,3,complete
mnist_all/3/mnist_test_3_00185.png,3,complete
mnist_all/3/mnist_test_3_00186.png,3,complete
mnist_all/3/mnist_test_3_00187.png,3,complete
mnist_all/3/mnist_test_3_00188.png,3,complete
mnist_all/3/mnist_test_3_00189.png,3,complete
mnist_all/3/mnist_test_3_00190.png,3,complete
mnist_all/3/mnist_test_3_00191.png,3,complete
mnist_all/3/mnist_test_3_00192.png,3,complete
mnist_all/3/mnist_test_3_00193.png,3,complete
mnist_all/3/mnist_test_3_00194.png,3,complete
mnist_all/3/mnist_test_3_00195.png,3,complete
mnist_all/3/mnist_test_3_00196.png,3,complete
mnist_all/3/mnist_test_3_00197.png,3,complete
mnist_all/3/mnist_test_3_00198.png,3,complete
mnist_all/3/mnist_test_3_00199.png,3,complete
mnist_all/3/mnist_test_3_00200.png,3,complete
mnist_all/3/mnist_test_3_00201.png,3,complete
mnist_all/3/mnist_test_3_00202.png,3,complete
mnist_all/3/mnist_test_3_00203.png,3,complete
mnist_all/3/mnist_test_3_00204.png,3,complete
mnist_all/3/mnist_test_3_00205.png,3,complete
mnist_all/3/mnist_test_3_00206.png,3,unreviewed
mnist_all/3/mnist_test_3_00207.png,3,complete
mnist_all/3/mnist_test_3_00208.png,3,complete
mnist_all/3/mnist_test_3_00209.png,3,complete
mnist_all/3/mnist_test_3_00210.png,3,complete
mnist_all/3/mnist_test_3_00211.png,3,complete
mnist_all/3/mnist_test_3_00212.png,3,complete
mnist_all/3/mnist_test_3_00213.png,3,complete
mnist_all/3/mnist_test_3_00214.png,3,complete
mnist_all/3/mnist_test_3_00215.png,3,complete
mnist_all/3/mnist_test_3_00216.png,3,complete
mnist_all/3/mnist_test_3_00217.png,3,complete
mnist_all/3/mnist_test_3_00218.png,3,complete
mnist_all/3/mnist_test_3_00219.png,3,complete
mnist_all/3/mnist_test_3_00220.png,3,complete
mnist_all/3/mnist_test_3_00221.png,3,unreviewed
mnist_all/3/mnist_test_3_00222.png,3,incomplete
mnist_all/3/mnist_test_3_00223.png,3,complete
mnist_all/3/mnist_test_3_00224.png,3,complete
mnist_all/3/mnist_test_3_00225.png,3,complete
mnist_all/3/mnist_test_3_00226.png,3,complete
mnist_all/3/mnist_test_3_00227.png,3,complete
mnist_all/3/mnist_test_3_00228.png,3,complete
mnist_all/3/mnist_test_3_00229.png,3,complete
mnist_all/3/mnist_test_3_00230.png,3,complete
mnist_all/3/mnist_test_3_00231.png,3,complete
mnist_all/3/mnist_test_3_00232.png,3,complete
mnist_all/3/mnist_test_3_00233.png,3,complete
mnist_all/3/mnist_test_3_00234.png,3,complete
mnist_all/3/mnist_test_3_00235.png,3,complete
mnist_all/3/mnist_test_3_00236.png,3,complete
mnist_all/3/mnist_test_3_00237.png,3,complete
mnist_all/3/mnist_test_3_00238.png,3,complete
mnist_all/3/mnist_test_3_00239.png,3,unreviewed
mnist_all/3/mnist_test_3_00240.png,3,complete
mnist_all/3/mnist_test_3_00241.png,3,unreviewed
mnist_all/3/mnist_test_3_00242.png,3,complete
mnist_all/3/mnist_test_3_00243.png,3,complete
mnist_all/3/mnist_test_3_00244.png,3,complete
mnist_all/3/mnist_test_3_00245.png,3,complete
mnist_all/3/mnist_test_3_00246.png,3,complete
mnist_all/3/mnist_test_3_00247.png,3,complete
mnist_all/3/mnist_test_3_00248.png,3,unreviewed
mnist_all/3/mnist_test_3_00249.png,3,complete
mnist_all/3/mnist_test_3_00250.png,3,complete
mnist_all/3/mnist_test_3_00251.png,3,complete
mnist_all/3/mnist_test_3_00252.png,3,complete
mnist_all/3/mnist_test_3_00253.png,3,complete
mnist_all/3/mnist_test_3_00254.png,3,complete
mnist_all/3/mnist_test_3_00255.png,3,complete
mnist_all/3/mnist_test_3_00256.png,3,complete
mnist_all/3/mnist_test_3_00257.png,3,complete
mnist_all/3/mnist_test_3_00258.png,3,unreviewed
mnist_all/3/mnist_test_3_00259.png,3,complete
mnist_all/3/mnist_test_3_00260.png,3,complete
mnist_all/3/mnist_test_3_00261.png,3,complete
mnist_all/3/mnist_test_3_00262.png,3,complete
mnist_all/3/mnist_test_3_00263.png,3,complete
mnist_all/3/mnist_test_3_00264.png,3,complete
mnist_all/3/mnist_test_3_00265.png,3,complete
mnist_all/3/mnist_test_3_00266.png,3,complete
mnist_all/3/mnist_test_3_00267.png,3,complete
mnist_all/3/mnist_test_3_00268.png,3,complete
mnist_all/3/mnist_test_3_00269.png,3,complete
mnist_all/3/mnist_test_3_00270.png,3,complete
mnist_all/3/mnist_test_3_00271.png,3,complete
mnist_all/3/mnist_test_3_00272.png,3,complete
mnist_all/3/mnist_test_3_00273.png,3,complete
mnist_all/3/mnist_test_3_00274.png,3,complete
mnist_all/3/mnist_test_3_00275.png,3,complete
mnist_all/3/mnist_test_3_00276.png,3,complete
mnist_all/3/mnist_test_3_00277.png,3,complete
mnist_all/3/mnist_test_3_00278.png,3,complete
mnist_all/3/mnist_test_3_00279.png,3,unreviewed
mnist_all/3/mnist_test_3_00280.png,3,complete
mnist_all/3/mnist_test_3_00281.png,3,complete
mnist_all/3/mnist_test_3_00282.png,3,complete
mnist_all/3/mnist_test_3_00283.png,3,unreviewed
mnist_all/3/mnist_test_3_00284.png,3,complete
mnist_all/3/mnist_test_3_00285.png,3,complete
mnist_all/3/mnist_test_3_00286.png,3,complete
mnist_all/3/mnist_test_3_00287.png,3,unreviewed
mnist_all/3/mnist_test_3_00288.png,3,unreviewed
mnist_all/3/mnist_test_3_00289.png,3,complete
mnist_all/3/mnist_test_3_00290.png,3,complete
mnist_all/3/mnist_test_3_00291.png,3,complete
mnist_all/3/mnist_test_3_00292.png,3,complete
mnist_all/3/mnist_test_3_00293.png,3,complete
mnist_all/3/mnist_test_3_00294.png,3,complete
mnist_all/3/mnist_test_3_00295.png,3,complete
mnist_all/3/mnist_test_3_00296.png,3,complete
mnist_all/3/mnist_test_3_00297.png,3,complete
mnist_all/3/mnist_test_3_00298.png,3,complete
mnist_all/3/mnist_test_3_00299.png,3,complete
mnist_all/3/mnist_test_3_00300.png,3,complete
mnist_all/3/mnist_test_3_00301.png,3,complete
mnist_all/3/mnist_test_3_00302.png,3,complete
mnist_all/3/mnist_test_3_00303.png,3,complete
mnist_all/3/mnist_test_3_00304.png,3,complete
mnist_all/3/mnist_test_3_00305.png,3,incomplete
mnist_all/3/mnist_test_3_00306.png,3,complete
mnist_all/3/mnist_test_3_00307.png,3,complete
mnist_all/3/mnist_test_3_00308.png,3,complete
mnist_all/3/mnist_test_3_00309.png,3,complete
mnist_all/3/mnist_test_3_00310.png,3,complete
mnist_all/3/mnist_test_3_00311.png,3,complete
mnist_all/3/mnist_test_3_00312.png,3,complete
mnist_all/3/mnist_test_3_00313.png,3,complete
mnist_all/3/mnist_test_3_00314.png,3,complete
mnist_all/3/mnist_test_3_00315.png,3,complete
mnist_all/3/mnist_test_3_00316.png,3,unreviewed
mnist_all/3/mnist_test_3_00317.png,3,complete
mnist_all/3/mnist_test_3_00318.png,3,complete
mnist_all/3/mnist_test_3_00319.png,3,complete
mnist_all/3/mnist_test_3_00320.png,3,complete
mnist_all/3/mnist_test_3_00321.png,3,unreviewed
mnist_all/3/mnist_test_3_00322.png,3,complete
mnist_all/3/mnist_test_3_00323.png,3,complete
mnist_all/3/mnist_test_3_00324.png,3,complete
mnist_all/3/mnist_test_3_00325.png,3,complete
mnist_all/3/mnist_test_3_00326.png,3,unreviewed
mnist_all/3/mnist_test_3_00327.png,3,complete
mnist_all/3/mnist_test_3_00328.png,3,complete
mnist_all/3/mnist_test_3_00329.png,3,complete
mnist_all/3/mnist_test_3_00330.png,3,complete
mnist_all/3/mnist_test_3_00331.png,3,complete
mnist_all/3/mnist_test_3_00332.png,3,complete
mnist_all/3/mnist_test_3_00333.png,3,complete
mnist_all/3/mnist_test_3_00334.png,3,incomplete
mnist_all/3/mnist_test_3_00335.png,3,complete
mnist_all/3/mnist_test_3_00336.png,3,unreviewed
mnist_all/3/mnist_test_3_00337.png,3,complete
mnist_all/3/mnist_test_3_00338.png,3,complete
mnist_all/3/mnist_test_3_00339.png,3,complete
mnist_all/3/mnist_test_3_00340.png,3,complete
mnist_all/3/mnist_test_3_00341.png,3,complete
mnist_all/3/mnist_test_3_00342.png,3,complete
mnist_all/3/mnist_test_3_00343.png,3,unreviewed
mnist_all/3/mnist_test_3_00344.png,3,complete
mnist_all/3/mnist_test_3_00345.png,3,complete
mnist_all/3/mnist_test_3_00346.png,3,unreviewed
mnist_all/3/mnist_test_3_00347.png,3,complete
mnist_all/3/mnist_test_3_00348.png,3,unreviewed
mnist_all/3/mnist_test_3_00349.png,3,complete
mnist_all/3/mnist_test_3_00350.png,3,complete
mnist_all/3/mnist_test_3_00351.png,3,complete
mnist_all/3/mnist_test_3_00352.png,3,complete
mnist_all/3/mnist_test_3_00353.png,3,complete
mnist_all/3/mnist_test_3_00354.png,3,complete
mnist_all/3/mnist_test_3_00355.png,3,complete
mnist_all/3/mnist_test_3_00356.png,3,incomplete
mnist_all/3/mnist_test_3_00357.png,3,complete
mnist_all/3/mnist_test_3_00358.png,3,complete
mnist_all/3/mnist_test_3_00359.png,3,complete
mnist_all/3/mnist_test_3_00360.png,3,complete
mnist_all/3/mnist_test_3_00361.png,3,complete
mnist_all/3/mnist_test_3_00362.png,3,complete
mnist_all/3/mnist_test_3_00363.png,3,complete
mnist_all/3/mnist_test_3_00364.png,3,complete
mnist_all/3/mnist_test_3_00365.png,3,complete
mnist_all/3/mnist_test_3_00366.png,3,complete
mnist_all/3/mnist_test_3_00367.png,3,complete
mnist_all/3/mnist_test_3_00368.png,3,complete
mnist_all/3/mnist_test_3_00369.png,3,complete
mnist_all/3/mnist_test_3_00370.png,3,complete
mnist_all/3/mnist_test_3_00371.png,3,unreviewed
mnist_all/3/mnist_test_3_00372.png,3,complete
mnist_all/3/mnist_test_3_00373.png,3,complete
mnist_all/3/mnist_test_3_00374.png,3,complete
mnist_all/3/mnist_test_3_00375.png,3,complete
mnist_all/3/mnist_test_3_00376.png,3,complete
mnist_all/3/mnist_test_3_00377.png,3,complete
mnist_all/3/mnist_test_3_00378.png,3,complete
mnist_all/3/mnist_test_3_00379.png,3,complete
mnist_all/3/mnist_test_3_00380.png,3,complete
mnist_all/3/mnist_test_3_00381.png,3,complete
mnist_all/3/mnist_test_3_00382.png,3,complete
mnist_all/3/mnist_test_3_00383.png,3,unreviewed
mnist_all/3/mnist_test_3_00384.png,3,complete
mnist_all/3/mnist_test_3_00385.png,3,complete
mnist_all/3/mnist_test_3_00386.png,3,complete
mnist_all/3/mnist_test_3_00387.png,3,complete
mnist_all/3/mnist_test_3_00388.png,3,complete
mnist_all/3/mnist_test_3_00389.png,3,unreviewed
mnist_all/3/mnist_test_3_00390.png,3,complete
mnist_all/3/mnist_test_3_00391.png,3,complete
mnist_all/3/mnist_test_3_00392.png,3,complete
mnist_all/3/mnist_test_3_00393.png,3,complete
mnist_all/3/mnist_test_3_00394.png,3,complete
mnist_all/3/mnist_test_3_00395.png,3,complete
mnist_all/3/mnist_test_3_00396.png,3,complete
mnist_all/3/mnist_test_3_00397.png,3,complete
mnist_all/3/mnist_test_3_00398.png,3,complete
mnist_all/3/mnist_test_3_00399.png,3,complete
mnist_all/3/mnist_test_3_00400.png,3,unreviewed
mnist_all/3/mnist_test_3_00401.png,3,complete
mnist_all/3/mnist_test_3_00402.png,3,complete
mnist_all/3/mnist_test_3_00403.png,3,complete
mnist_all/3/mnist_test_3_00404.png,3,complete
mnist_all/3/mnist_test_3_00405.png,3,complete
mnist_all/3/mnist_test_3_00406.png,3,complete
mnist_all/3/mnist_test_3_00407.png,3,complete
mnist_all/3/mnist_test_3_00408.png,3,complete
mnist_all/3/mnist_test_3_00409.png,3,complete
mnist_all/3/mnist_test_3_00410.png,3,complete
mnist_all/3/mnist_test_3_00411.png,3,complete
mnist_all/3/mnist_test_3_00412.png,3,complete
mnist_all/3/mnist_test_3_00413.png,3,complete
mnist_all/3/mnist_test_3_00414.png,3,complete
mnist_all/3/mnist_test_3_00415.png,3,complete
mnist_all/3/mnist_test_3_00416.png,3,unreviewed
mnist_all/3/mnist_test_3_00417.png,3,complete
mnist_all/3/mnist_test_3_00418.png,3,complete
mnist_all/3/mnist_test_3_00419.png,3,unreviewed
mnist_all/3/mnist_test_3_00420.png,3,complete
mnist_all/3/mnist_test_3_00421.png,3,complete
mnist_all/3/mnist_test_3_00422.png,3,complete
mnist_all/3/mnist_test_3_00423.png,3,complete
mnist_all/3/mnist_test_3_00424.png,3,complete
mnist_all/3/mnist_test_3_00425.png,3,complete
mnist_all/3/mnist_test_3_00426.png,3,complete
mnist_all/3/mnist_test_3_00427.png,3,complete
mnist_all/3/mnist_test_3_00428.png,3,complete
mnist_all/3/mnist_test_3_00429.png,3,complete
mnist_all/3/mnist_test_3_00430.png,3,complete
mnist_all/3/mnist_test_3_00431.png,3,complete
mnist_all/3/mnist_test_3_00432.png,3,unreviewed
mnist_all/3/mnist_test_3_00433.png,3,complete
mnist_all/3/mnist_test_3_00434.png,3,complete
mnist_all/3/mnist_test_3_00435.png,3,complete
mnist_all/3/mnist_test_3_00436.png,3,complete
mnist_all/3/mnist_test_3_00437.png,3,complete
mnist_all/3/mnist_test_3_00438.png,3,complete
mnist_all/3/mnist_test_3_00439.png,3,complete
mnist_all/3/mnist_test_3_00440.png,3,complete
mnist_all/3/mnist_test_3_00441.png,3,complete
mnist_all/3/mnist_test_3_00442.png,3,complete
mnist_all/3/mnist_test_3_00443.png,3,complete
mnist_all/3/mnist_test_3_00444.png,3,complete
mnist_all/3/mnist_test_3_00445.png,3,unreviewed
mnist_all/3/mnist_test_3_00446.png,3,complete
mnist_all/3/mnist_test_3_00447.png,3,complete
mnist_all/3/mnist_test_3_00448.png,3,complete
mnist_all/3/mnist_test_3_00449.png,3,complete
mnist_all/3/mnist_test_3_00450.png,3,complete
mnist_all/3/mnist_test_3_00451.png,3,complete
mnist_all/3/mnist_test_3_00452.png,3,complete
mnist_all/3/mnist_test_3_00453.png,3,complete
mnist_all/3/mnist_test_3_00454.png,3,complete
mnist_all/3/mnist_test_3_00455.png,3,complete
mnist_all/3/mnist_test_3_00456.png,3,complete
mnist_all/3/mnist_test_3_00457.png,3,complete
mnist_all/3/mnist_test_3_00458.png,3,complete
mnist_all/3/mnist_test_3_00459.png,3,complete
mnist_all/3/mnist_test_3_00460.png,3,complete
mnist_all/3/mnist_test_3_00461.png,3,complete
mnist_all/3/mnist_test_3_00462.png,3,complete
mnist_all/3/mnist_test_3_00463.png,3,complete
mnist_all/3/mnist_test_3_00464.png,3,unreviewed
mnist_all/3/mnist_test_3_00465.png,3,complete
mnist_all/3/mnist_test_3_00466.png,3,complete
mnist_all/3/mnist_test_3_00467.png,3,complete
mnist_all/3/mnist_test_3_00468.png,3,unreviewed
mnist_all/3/mnist_test_3_00469.png,3,complete
mnist_all/3/mnist_test_3_00470.png,3,complete
mnist_all/3/mnist_test_3_00471.png,3,complete
mnist_all/3/mnist_test_3_00472.png,3,complete
mnist_all/3/mnist_test_3_00473.png,3,complete
mnist_all/3/mnist_test_3_00474.png,3,unreviewed
mnist_all/3/mnist_test_3_00475.png,3,complete
mnist_all/3/mnist_test_3_00476.png,3,complete
mnist_all/3/mnist_test_3_00477.png,3,complete
mnist_all/3/mnist_test_3_00478.png,3,complete
mnist_all/3/mnist_test_3_00479.png,3,complete
mnist_all/3/mnist_test_3_00480.png,3,complete
mnist_all/3/mnist_test_3_00481.png,3,unreviewed
mnist_all/3/mnist_test_3_00482.png,3,complete
mnist_all/3/mnist_test_3_00483.png,3,complete
mnist_all/3/mnist_test_3_00484.png,3,complete
mnist_all/3/mnist_test_3_00485.png,3,complete
mnist_all/3/mnist_test_3_00486.png,3,complete
mnist_all/3/mnist_test_3_00487.png,3,complete
mnist_all/3/mnist_test_3_00488.png,3,complete
mnist_all/3/mnist_test_3_00489.png,3,complete
mnist_all/3/mnist_test_3_00490.png,3,complete
mnist_all/3/mnist_test_3_00491.png,3,complete
mnist_all/3/mnist_test_3_00492.png,3,complete
mnist_all/3/mnist_test_3_00493.png,3,complete
mnist_all/3/mnist_test_3_00494.png,3,complete
mnist_all/3/mnist_test_3_00495.png,3,complete
mnist_all/3/mnist_test_3_00496.png,3,complete
mnist_all/3/mnist_test_3_00497.png,3,complete
mnist_all/3/mnist_test_3_00498.png,3,incomplete
mnist_all/3/mnist_test_3_00499.png,3,complete
mnist_all/3/mnist_test_3_00500.png,3,complete
mnist_all/3/mnist_test_3_00501.png,3,complete
mnist_all/3/mnist_test_3_00502.png,3,complete
mnist_all/3/mnist_test_3_00503.png,3,complete
mnist_all/3/mnist_test_3_00504.png,3,complete
mnist_all/3/mnist_test_3_00505.png,3,complete
mnist_all/3/mnist_test_3_00506.png,3,complete
mnist_all/3/mnist_test_3_00507.png,3,complete
mnist_all/3/mnist_test_3_00508.png,3,complete
mnist_all/3/mnist_test_3_00509.png,3,complete
mnist_all/3/mnist_test_3_00510.png,3,complete
mnist_all/3/mnist_test_3_00511.png,3,complete
mnist_all/3/mnist_test_3_00512.png,3,complete
mnist_all/3/mnist_test_3_00513.png,3,complete
mnist_all/3/mnist_test_3_00514.png,3,complete
mnist_all/3/mnist_test_3_00515.png,3,complete
mnist_all/3/mnist_test_3_00516.png,3,complete
mnist_all/3/mnist_test_3_00517.png,3,complete
mnist_all/3/mnist_test_3_00518.png,3,complete
mnist_all/3/mnist_test_3_00519.png,3,complete
mnist_all/3/mnist_test_3_00520.png,3,complete
mnist_all/3/mnist_test_3_00521.png,3,complete
mnist_all/3/mnist_test_3_00522.png,3,complete
mnist_all/3/mnist_test_3_00523.png,3,complete
mnist_all/3/mnist_test_3_00524.png,3,unreviewed
mnist_all/3/mnist_test_3_00525.png,3,complete
mnist_all/3/mnist_test_3_00526.png,3,complete
mnist_all/3/mnist_test_3_00527.png,3,complete
mnist_all/3/mnist_test_3_00528.png,3,complete
mnist_all/3/mnist_test_3_00529.png,3,complete
mnist_all/3/mnist_test_3_00530.png,3,complete
mnist_all/3/mnist_test_3_00531.png,3,complete
mnist_all/3/mnist_test_3_00532.png,3,complete
mnist_all/3/mnist_test_3_00533.png,3,complete
mnist_all/3/mnist_test_3_00534.png,3,complete
mnist_all/3/mnist_test_3_00535.png,3,complete
mnist_all/3/mnist_test_3_00536.png,3,complete
mnist_all/3/mnist_test_3_00537.png,3,complete
mnist_all/3/mnist_test_3_00538.png,3,complete
mnist_all/3/mnist_test_3_00539.png,3,complete
mnist_all/3/mnist_test_3_00540.png,3,complete
mnist_all/3/mnist_test_3_00541.png,3,complete
mnist_all/3/mnist_test_3_00542.png,3,complete
mnist_all/3/mnist_test_3_00543.png,3,complete
mnist_all/3/mnist_test_3_00544.png,3,complete
mnist_all/3/mnist_test_3_00545.png,3,complete
mnist_all/3/mnist_test_3_00546.png,3,complete
mnist_all/3/mnist_test_3_00547.png,3,complete
mnist_all/3/mnist_test_3_00548.png,3,complete
mnist_all/3/mnist_test_3_00549.png,3,complete
mnist_all/3/mnist_test_3_00550.png,3,complete
mnist_all/3/mnist_test_3_00551.png,3,complete
mnist_all/3/mnist_test_3_00552.png,3,complete
mnist_all/3/mnist_test_3_00553.png,3,complete
mnist_all/3/mnist_test_3_00554.png,3,complete
mnist_all/3/mnist_test_3_00555.png,3,complete
mnist_all/3/mnist_test_3_00556.png,3,complete
mnist_all/3/mnist_test_3_00557.png,3,complete
mnist_all/3/mnist_test_3_00558.png,3,complete
mnist_all/3/mnist_test_3_00559.png,3,unreviewed
mnist_all/3/mnist_test_3_00560.png,3,complete
mnist_all/3/mnist_test_3_00561.png,3,complete
mnist_all/3/mnist_test_3_00562.png,3,complete
mnist_all/3/mnist_test_3_00563.png,3,complete
mnist_all/3/mnist_test_3_00564.png,3,complete
mnist_all/3/mnist_test_3_00565.png,3,complete
mnist_all/3/mnist_test_3_00566.png,3,complete
mnist_all/3/mnist_test_3_00567.png,3,complete
mnist_all/3/mnist_test_3_00568.png,3,complete
mnist_all/3/mnist_test_3_00569.png,3,complete
mnist_all/3/mnist_test_3_00570.png,3,incomplete
mnist_all/3/mnist_test_3_00571.png,3,complete
mnist_all/3/mnist_test_3_00572.png,3,complete
mnist_all/3/mnist_test_3_00573.png,3,complete
mnist_all/3/mnist_test_3_00574.png,3,complete
mnist_all/3/mnist_test_3_00575.png,3,unreviewed
mnist_all/3/mnist_test_3_00576.png,3,complete
mnist_all/3/mnist_test_3_00577.png,3,complete
mnist_all/3/mnist_test_3_00578.png,3,complete
mnist_all/3/mnist_test_3_00579.png,3,complete
mnist_all/3/mnist_test_3_00580.png,3,complete
mnist_all/3/mnist_test_3_00581.png,3,incomplete
mnist_all/3/mnist_test_3_00582.png,3,complete
mnist_all/3/mnist_test_3_00583.png,3,complete
mnist_all/3/mnist_test_3_00584.png,3,complete
mnist_all/3/mnist_test_3_00585.png,3,complete
mnist_all/3/mnist_test_3_00586.png,3,complete
mnist_all/3/mnist_test_3_00587.png,3,complete
mnist_all/3/mnist_test_3_00588.png,3,complete
mnist_all/3/mnist_test_3_00589.png,3,complete
mnist_all/3/mnist_test_3_00590.png,3,complete
mnist_all/3/mnist_test_3_00591.png,3,complete
mnist_all/3/mnist_test_3_00592.png,3,complete
mnist_all/3/mnist_test_3_00593.png,3,unreviewed
mnist_all/3/mnist_test_3_00594.png,3,complete
mnist_all/3/mnist_test_3_00595.png,3,complete
mnist_all/3/mnist_test_3_00596.png,3,complete
mnist_all/3/mnist_test_3_00597.png,3,complete
mnist_all/3/mnist_test_3_00598.png,3,complete
mnist_all/3/mnist_test_3_00599.png,3,complete
mnist_all/3/mnist_test_3_00600.png,3,complete
mnist_all/3/mnist_test_3_00601.png,3,complete
mnist_all/3/mnist_test_3_00602.png,3,complete
mnist_all/3/mnist_test_3_00603.png,3,complete
mnist_all/3/mnist_test_3_00604.png,3,complete
mnist_all/3/mnist_test_3_00605.png,3,complete
mnist_all/3/mnist_test_3_00606.png,3,complete
mnist_all/3/mnist_test_3_00607.png,3,complete
mnist_all/3/mnist_test_3_00608.png,3,complete
mnist_all/3/mnist_test_3_00609.png,3,complete
mnist_all/3/mnist_test_3_00610.png,3,complete
mnist_all/3/mnist_test_3_00611.png,3,complete
mnist_all/3/mnist_test_3_00612.png,3,complete
mnist_all/3/mnist_test_3_00613.png,3,complete
mnist_all/3/mnist_test_3_00614.png,3,complete
mnist_all/3/mnist_test_3_00615.png,3,complete
mnist_all/3/mnist_test_3_00616.png,3,complete
mnist_all/3/mnist_test_3_00617.png,3,complete
mnist_all/3/mnist_test_3_00618.png,3,complete
mnist_all/3/mnist_test_3_00619.png,3,complete
mnist_all/3/mnist_test_3_00620.png,3,complete
mnist_all/3/mnist_test_3_00621.png,3,complete
mnist_all/3/mnist_test_3_00622.png,3,complete
mnist_all/3/mnist_test_3_00623.png,3,complete
mnist_all/3/mnist_test_3_00624.png,3,complete
mnist_all/3/mnist_test_3_00625.png,3,complete
mnist_all/3/mnist_test_3_00626.png,3,complete
mnist_all/3/mnist_test_3_00627.png,3,complete
mnist_all/3/mnist_test_3_00628.png,3,complete
mnist_all/3/mnist_test_3_00629.png,3,complete
mnist_all/3/mnist_test_3_00630.png,3,complete
mnist_all/3/mnist_test_3_00631.png,3,complete
mnist_all/3/mnist_test_3_00632.png,3,complete
mnist_all/3/mnist_test_3_00633.png,3,unreviewed
mnist_all/3/mnist_test_3_00634.png,3,complete
mnist_all/3/mnist_test_3_00635.png,3,complete
mnist_all/3/mnist_test_3_00636.png,3,complete
mnist_all/3/mnist_test_3_00637.png,3,complete
mnist_all/3/mnist_test_3_00638.png,3,complete
mnist_all/3/mnist_test_3_00639.png,3,complete
mnist_all/3/mnist_test_3_00640.png,3,complete
mnist_all/3/mnist_test_3_00641.png,3,complete
mnist_all/3/mnist_test_3_00642.png,3,complete
mnist_all/3/mnist_test_3_00643.png,3,complete
mnist_all/3/mnist_test_3_00644.png,3,complete
mnist_all/3/mnist_test_3_00645.png,3,complete
mnist_all/3/mnist_test_3_00646.png,3,complete
mnist_all/3/mnist_test_3_00647.png,3,complete
mnist_all/3/mnist_test_3_00648.png,3,complete
mnist_all/3/mnist_test_3_00649.png,3,complete
mnist_all/3/mnist_test_3_00650.png,3,complete
mnist_all/3/mnist_test_3_00651.png,3,complete
mnist_all/3/mnist_test_3_00652.png,3,complete
mnist_all/3/mnist_test_3_00653.png,3,complete
mnist_all/3/mnist_test_3_00654.png,3,incomplete
mnist_all/3/mnist_test_3_00655.png,3,complete
mnist_all/3/mnist_test_3_00656.png,3,unreviewed
mnist_all/3/mnist_test_3_00657.png,3,unreviewed
mnist_all/3/mnist_test_3_00658.png,3,incomplete
mnist_all/3/mnist_test_3_00659.png,3,incomplete
mnist_all/3/mnist_test_3_00660.png,3,unreviewed
mnist_all/3/mnist_test_3_00661.png,3,incomplete
mnist_all/3/mnist_test_3_00662.png,3,unreviewed
mnist_all/3/mnist_test_3_00663.png,3,complete
mnist_all/3/mnist_test_3_00664.png,3,complete
mnist_all/3/mnist_test_3_00665.png,3,complete
mnist_all/3/mnist_test_3_00666.png,3,complete
mnist_all/3/mnist_test_3_00667.png,3,complete
mnist_all/3/mnist_test_3_00668.png,3,complete
mnist_all/3/mnist_test_3_00669.png,3,complete
mnist_all/3/mnist_test_3_00670.png,3,complete
mnist_all/3/mnist_test_3_00671.png,3,complete
mnist_all/3/mnist_test_3_00672.png,3,complete
mnist_all/3/mnist_test_3_00673.png,3,complete
mnist_all/3/mnist_test_3_00674.png,3,complete
mnist_all/3/mnist_test_3_00675.png,3,complete
mnist_all/3/mnist_test_3_00676.png,3,complete
mnist_all/3/mnist_test_3_00677.png,3,complete
mnist_all/3/mnist_test_3_00678.png,3,complete
mnist_all/3/mnist_test_3_00679.png,3,complete
mnist_all/3/mnist_test_3_00680.png,3,complete
mnist_all/3/mnist_test_3_00681.png,3,complete
mnist_all/3/mnist_test_3_00682.png,3,complete
mnist_all/3/mnist_test_3_00683.png,3,complete
mnist_all/3/mnist_test_3_00684.png,3,complete
mnist_all/3/mnist_test_3_00685.png,3,complete
mnist_all/3/mnist_test_3_00686.png,3,complete
mnist_all/3/mnist_test_3_00687.png,3,complete
mnist_all/3/mnist_test_3_00688.png,3,complete
mnist_all/3/mnist_test_3_00689.png,3,complete
mnist_all/3/mnist_test_3_00690.png,3,complete
mnist_all/3/mnist_test_3_00691.png,3,complete
mnist_all/3/mnist_test_3_00692.png,3,complete
mnist_all/3/mnist_test_3_00693.png,3,complete
mnist_all/3/mnist_test_3_00694.png,3,complete
mnist_all/3/mnist_test_3_00695.png,3,complete
mnist_all/3/mnist_test_3_00696.png,3,complete
mnist_all/3/mnist_test_3_00697.png,3,complete
mnist_all/3/mnist_test_3_00698.png,3,complete
mnist_all/3/mnist_test_3_00699.png,3,complete
mnist_all/3/mnist_test_3_00700.png,3,complete
mnist_all/3/mnist_test_3_00701.png,3,complete
mnist_all/3/mnist_test_3_00702.png,3,complete
mnist_all/3/mnist_test_3_00703.png,3,complete
mnist_all/3/mnist_test_3_00704.png,3,complete
mnist_all/3/mnist_test_3_00705.png,3,complete
mnist_all/3/mnist_test_3_00706.png,3,complete
mnist_all/3/mnist_test_3_00707.png,3,complete
mnist_all/3/mnist_test_3_00708.png,3,complete
mnist_all/3/mnist_test_3_00709.png,3,complete
mnist_all/3/mnist_test_3_00710.png,3,complete
mnist_all/3/mnist_test_3_00711.png,3,complete
mnist_all/3/mnist_test_3_00712.png,3,complete
mnist_all/3/mnist_test_3_00713.png,3,complete
mnist_all/3/mnist_test_3_00714.png,3,complete
mnist_all/3/mnist_test_3_00715.png,3,complete
mnist_all/3/mnist_test_3_00716.png,3,complete
mnist_all/3/mnist_test_3_00717.png,3,complete
mnist_all/3/mnist_test_3_00718.png,3,complete
mnist_all/3/mnist_test_3_00719.png,3,complete
mnist_all/3/mnist_test_3_00720.png,3,complete
mnist_all/3/mnist_test_3_00721.png,3,complete
mnist_all/3/mnist_test_3_00722.png,3,complete
mnist_all/3/mnist_test_3_00723.png,3,complete
mnist_all/3/mnist_test_3_00724.png,3,complete
mnist_all/3/mnist_test_3_00725.png,3,unreviewed
mnist_all/3/mnist_test_3_00726.png,3,complete
mnist_all/3/mnist_test_3_00727.png,3,unreviewed
mnist_all/3/mnist_test_3_00728.png,3,complete
mnist_all/3/mnist_test_3_00729.png,3,complete
mnist_all/3/mnist_test_3_00730.png,3,unreviewed
mnist_all/3/mnist_test_3_00731.png,3,complete
mnist_all/3/mnist_test_3_00732.png,3,complete
mnist_all/3/mnist_test_3_00733.png,3,complete
mnist_all/3/mnist_test_3_00734.png,3,complete
mnist_all/3/mnist_test_3_00735.png,3,complete
mnist_all/3/mnist_test_3_00736.png,3,complete
mnist_all/3/mnist_test_3_00737.png,3,complete
mnist_all/3/mnist_test_3_00738.png,3,complete
mnist_all/3/mnist_test_3_00739.png,3,complete
mnist_all/3/mnist_test_3_00740.png,3,complete
mnist_all/3/mnist_test_3_00741.png,3,complete
mnist_all/3/mnist_test_3_00742.png,3,complete
mnist_all/3/mnist_test_3_00743.png,3,complete
mnist_all/3/mnist_test_3_00744.png,3,complete
mnist_all/3/mnist_test_3_00745.png,3,complete
mnist_all/3/mnist_test_3_00746.png,3,complete
mnist_all/3/mnist_test_3_00747.png,3,complete
mnist_all/3/mnist_test_3_00748.png,3,complete
mnist_all/3/mnist_test_3_00749.png,3,complete
mnist_all/3/mnist_test_3_00750.png,3,complete
mnist_all/3/mnist_test_3_00751.png,3,complete
mnist_all/3/mnist_test_3_00752.png,3,complete
mnist_all/3/mnist_test_3_00753.png,3,complete
mnist_all/3/mnist_test_3_00754.png,3,complete
mnist_all/3/mnist_test_3_00755.png,3,complete
mnist_all/3/mnist_test_3_00756.png,3,complete
mnist_all/3/mnist_test_3_00757.png,3,complete
mnist_all/3/mnist_test_3_00758.png,3,complete
mnist_all/3/mnist_test_3_00759.png,3,complete
mnist_all/3/mnist_test_3_00760.png,3,complete
mnist_all/3/mnist_test_3_00761.png,3,complete
mnist_all/3/mnist_test_3_00762.png,3,complete
mnist_all/3/mnist_test_3_00763.png,3,complete
mnist_all/3/mnist_test_3_00764.png,3,complete
mnist_all/3/mnist_test_3_00765.png,3,complete
mnist_all/3/mnist_test_3_00766.png,3,complete
mnist_all/3/mnist_test_3_00767.png,3,complete
mnist_all/3/mnist_test_3_00768.png,3,complete
mnist_all/3/mnist_test_3_00769.png,3,complete
mnist_all/3/mnist_test_3_00770.png,3,complete
mnist_all/3/mnist_test_3_00771.png,3,complete
mnist_all/3/mnist_test_3_00772.png,3,complete
mnist_all/3/mnist_test_3_00773.png,3,complete
mnist_all/3/mnist_test_3_00774.png,3,complete
mnist_all/3/mnist_test_3_00775.png,3,complete
mnist_all/3/mnist_test_3_00776.png,3,complete
mnist_all/3/mnist_test_3_00777.png,3,complete
mnist_all/3/mnist_test_3_00778.png,3,complete
mnist_all/3/mnist_test_3_00779.png,3,complete
mnist_all/3/mnist_test_3_00780.png,3,complete
mnist_all/3/mnist_test_3_00781.png,3,complete
mnist_all/3/mnist_test_3_00782.png,3,complete
mnist_all/3/mnist_test_3_00783.png,3,complete
mnist_all/3/mnist_test_3_00784.png,3,complete
mnist_all/3/mnist_test_3_00785.png,3,complete
mnist_all/3/mnist_test_3_00786.png,3,complete
mnist_all/3/mnist_test_3_00787.png,3,complete
mnist_all/3/mnist_test_3_00788.png,3,unreviewed
mnist_all/3/mnist_test_3_00789.png,3,complete
mnist_all/3/mnist_test_3_00790.png,3,complete
mnist_all/3/mnist_test_3_00791.png,3,complete
mnist_all/3/mnist_test_3_00792.png,3,unreviewed
mnist_all/3/mnist_test_3_00793.png,3,complete
mnist_all/3/mnist_test_3_00794.png,3,complete
mnist_all/3/mnist_test_3_00795.png,3,complete
mnist_all/3/mnist_test_3_00796.png,3,complete
mnist_all/3/mnist_test_3_00797.png,3,complete
mnist_all/3/mnist_test_3_00798.png,3,complete
mnist_all/3/mnist_test_3_00799.png,3,complete
mnist_all/3/mnist_test_3_00800.png,3,complete
mnist_all/3/mnist_test_3_00801.png,3,complete
mnist_all/3/mnist_test_3_00802.png,3,complete
mnist_all/3/mnist_test_3_00803.png,3,complete
mnist_all/3/mnist_test_3_00804.png,3,complete
mnist_all/3/mnist_test_3_00805.png,3,complete
mnist_all/3/mnist_test_3_00806.png,3,complete
mnist_all/3/mnist_test_3_00807.png,3,complete
mnist_all/3/mnist_test_3_00808.png,3,complete
mnist_all/3/mnist_test_3_00809.png,3,complete
mnist_all/3/mnist_test_3_00810.png,3,complete
mnist_all/3/mnist_test_3_00811.png,3,complete
mnist_all/3/mnist_test_3_00812.png,3,unreviewed
mnist_all/3/mnist_test_3_00813.png,3,complete
mnist_all/3/mnist_test_3_00814.png,3,complete
mnist_all/3/mnist_test_3_00815.png,3,complete
mnist_all/3/mnist_test_3_00816.png,3,complete
mnist_all/3/mnist_test_3_00817.png,3,complete
mnist_all/3/mnist_test_3_00818.png,3,complete
mnist_all/3/mnist_test_3_00819.png,3,complete
mnist_all/3/mnist_test_3_00820.png,3,complete
mnist_all/3/mnist_test_3_00821.png,3,complete
mnist_all/3/mnist_test_3_00822.png,3,complete
mnist_all/3/mnist_test_3_00823.png,3,complete
mnist_all/3/mnist_test_3_00824.png,3,complete
mnist_all/3/mnist_test_3_00825.png,3,complete
mnist_all/3/mnist_test_3_00826.png,3,unreviewed
mnist_all/3/mnist_test_3_00827.png,3,unreviewed
mnist_all/3/mnist_test_3_00828.png,3,complete
mnist_all/3/mnist_test_3_00829.png,3,complete
mnist_all/3/mnist_test_3_00830.png,3,complete
mnist_all/3/mnist_test_3_00831.png,3,complete
mnist_all/3/mnist_test_3_00832.png,3,complete
mnist_all/3/mnist_test_3_00833.png,3,complete
mnist_all/3/mnist_test_3_00834.png,3,complete
mnist_all/3/mnist_test_3_00835.png,3,complete
mnist_all/3/mnist_test_3_00836.png,3,complete
mnist_all/3/mnist_test_3_00837.png,3,complete
mnist_all/3/mnist_test_3_00838.png,3,complete
mnist_all/3/mnist_test_3_00839.png,3,complete
mnist_all/3/mnist_test_3_00840.png,3,complete
mnist_all/3/mnist_test_3_00841.png,3,complete
mnist_all/3/mnist_test_3_00842.png,3,complete
mnist_all/3/mnist_test_3_00843.png,3,complete
mnist_all/3/mnist_test_3_00844.png,3,complete
mnist_all/3/mnist_test_3_00845.png,3,complete
mnist_all/3/mnist_test_3_00846.png,3,complete
mnist_all/3/mnist_test_3_00847.png,3,complete
mnist_all/3/mnist_test_3_00848.png,3,complete
mnist_all/3/mnist_test_3_00849.png,3,complete
mnist_all/3/mnist_test_3_00850.png,3,complete
mnist_all/3/mnist_test_3_00851.png,3,complete
mnist_all/3/mnist_test_3_00852.png,3,complete
mnist_all/3/mnist_test_3_00853.png,3,complete
mnist_all/3/mnist_test_3_00854.png,3,complete
mnist_all/3/mnist_test_3_00855.png,3,complete
mnist_all/3/mnist_test_3_00856.png,3,complete
mnist_all/3/mnist_test_3_00857.png,3,complete
mnist_all/3/mnist_test_3_00858.png,3,complete
mnist_all/3/mnist_test_3_00859.png,3,complete
mnist_all/3/mnist_test_3_00860.png,3,complete
mnist_all/3/mnist_test_3_00861.png,3,complete
mnist_all/3/mnist_test_3_00862.png,3,complete
mnist_all/3/mnist_test_3_00863.png,3,complete
mnist_all/3/mnist_test_3_00864.png,3,complete
mnist_all/3/mnist_test_3_00865.png,3,complete
mnist_all/3/mnist_test_3_00866.png,3,complete
mnist_all/3/mnist_test_3_00867.png,3,complete
mnist_all/3/mnist_test_3_00868.png,3,complete
mnist_all/3/mnist_test_3_00869.png,3,complete
mnist_all/3/mnist_test_3_00870.png,3,complete
mnist_all/3/mnist_test_3_00871.png,3,complete
mnist_all/3/mnist_test_3_00872.png,3,complete
mnist_all/3/mnist_test_3_00873.png,3,complete
mnist_all/3/mnist_test_3_00874.png,3,complete
mnist_all/3/mnist_test_3_00875.png,3,complete
mnist_all/3/mnist_test_3_00876.png,3,complete
mnist_all/3/mnist_test_3_00877.png,3,complete
mnist_all/3/mnist_test_3_00878.png,3,complete
mnist_all/3/mnist_test_3_00879.png,3,complete
mnist_all/3/mnist_test_3_00880.png,3,complete
mnist_all/3/mnist_test_3_00881.png,3,complete
mnist_all/3/mnist_test_3_00882.png,3,complete
mnist_all/3/mnist_test_3_00883.png,3,complete
mnist_all/3/mnist_test_3_00884.png,3,complete
mnist_all/3/mnist_test_3_00885.png,3,complete
mnist_all/3/mnist_test_3_00886.png,3,complete
mnist_all/3/mnist_test_3_00887.png,3,complete
mnist_all/3/mnist_test_3_00888.png,3,complete
mnist_all/3/mnist_test_3_00889.png,3,complete
mnist_all/3/mnist_test_3_00890.png,3,complete
mnist_all/3/mnist_test_3_00891.png,3,complete
mnist_all/3/mnist_test_3_00892.png,3,complete
mnist_all/3/mnist_test_3_00893.png,3,complete
mnist_all/3/mnist_test_3_00894.png,3,complete
mnist_all/3/mnist_test_3_00895.png,3,complete
mnist_all/3/mnist_test_3_00896.png,3,complete
mnist_all/3/mnist_test_3_00897.png,3,complete
mnist_all/3/mnist_test_3_00898.png,3,complete
mnist_all/3/mnist_test_3_00899.png,3,complete
mnist_all/3/mnist_test_3_00900.png,3,complete
mnist_all/3/mnist_test_3_00901.png,3,complete
mnist_all/3/mnist_test_3_00902.png,3,complete
mnist_all/3/mnist_test_3_00903.png,3,complete
mnist_all/3/mnist_test_3_00904.png,3,complete
mnist_all/3/mnist_test_3_00905.png,3,complete
mnist_all/3/mnist_test_3_00906.png,3,complete
mnist_all/3/mnist_test_3_00907.png,3,complete
mnist_all/3/mnist_test_3_00908.png,3,complete
mnist_all/3/mnist_test_3_00909.png,3,complete
mnist_all/3/mnist_test_3_00910.png,3,complete
mnist_all/3/mnist_test_3_00911.png,3,complete
mnist_all/3/mnist_test_3_00912.png,3,complete
mnist_all/3/mnist_test_3_00913.png,3,complete
mnist_all/3/mnist_test_3_00914.png,3,complete
mnist_all/3/mnist_test_3_00915.png,3,complete
mnist_all/3/mnist_test_3_00916.png,3,complete
mnist_all/3/mnist_test_3_00917.png,3,complete
mnist_all/3/mnist_test_3_00918.png,3,complete
mnist_all/3/mnist_test_3_00919.png,3,complete
mnist_all/3/mnist_test_3_00920.png,3,complete
mnist_all/3/mnist_test_3_00921.png,3,complete
mnist_all/3/mnist_test_3_00922.png,3,complete
mnist_all/3/mnist_test_3_00923.png,3,complete
mnist_all/3/mnist_test_3_00924.png,3,complete
mnist_all/3/mnist_test_3_00925.png,3,complete
mnist_all/3/mnist_test_3_00926.png,3,complete
mnist_all/3/mnist_test_3_00927.png,3,complete
mnist_all/3/mnist_test_3_00928.png,3,complete
mnist_all/3/mnist_test_3_00929.png,3,complete
mnist_all/3/mnist_test_3_00930.png,3,complete
mnist_all/3/mnist_test_3_00931.png,3,complete
mnist_all/3/mnist_test_3_00932.png,3,complete
mnist_all/3/mnist_test_3_00933.png,3,complete
mnist_all/3/mnist_test_3_00934.png,3,complete
mnist_all/3/mnist_test_3_00935.png,3,complete
mnist_all/3/mnist_test_3_00936.png,3,complete
mnist_all/3/mnist_test_3_00937.png,3,complete
mnist_all/3/mnist_test_3_00938.png,3,complete
mnist_all/3/mnist_test_3_00939.png,3,complete
mnist_all/3/mnist_test_3_00940.png,3,complete
mnist_all/3/mnist_test_3_00941.png,3,complete
mnist_all/3/mnist_test_3_00942.png,3,unreviewed
mnist_all/3/mnist_test_3_00943.png,3,complete
mnist_all/3/mnist_test_3_00944.png,3,complete
mnist_all/3/mnist_test_3_00945.png,3,complete
mnist_all/3/mnist_test_3_00946.png,3,complete
mnist_all/3/mnist_test_3_00947.png,3,complete
mnist_all/3/mnist_test_3_00948.png,3,complete
mnist_all/3/mnist_test_3_00949.png,3,complete
mnist_all/3/mnist_test_3_00950.png,3,complete
mnist_all/3/mnist_test_3_00951.png,3,complete
mnist_all/3/mnist_test_3_00952.png,3,complete
mnist_all/3/mnist_test_3_00953.png,3,complete
mnist_all/3/mnist_test_3_00954.png,3,complete
mnist_all/3/mnist_test_3_00955.png,3,complete
mnist_all/3/mnist_test_3_00956.png,3,complete
mnist_all/3/mnist_test_3_00957.png,3,complete
mnist_all/3/mnist_test_3_00958.png,3,complete
mnist_all/3/mnist_test_3_00959.png,3,complete
mnist_all/3/mnist_test_3_00960.png,3,complete
mnist_all/3/mnist_test_3_00961.png,3,complete
mnist_all/3/mnist_test_3_00962.png,3,complete
mnist_all/3/mnist_test_3_00963.png,3,complete
mnist_all/3/mnist_test_3_00964.png,3,complete
mnist_all/3/mnist_test_3_00965.png,3,complete
mnist_all/3/mnist_test_3_00966.png,3,complete
mnist_all/3/mnist_test_3_00967.png,3,complete
mnist_all/3/mnist_test_3_00968.png,3,complete
mnist_all/3/mnist_test_3_00969.png,3,complete
mnist_all/3/mnist_test_3_00970.png,3,complete
mnist_all/3/mnist_test_3_00971.png,3,incomplete
mnist_all/3/mnist_test_3_00972.png,3,incomplete
mnist_all/3/mnist_test_3_00973.png,3,complete
mnist_all/3/mnist_test_3_00974.png,3,unreviewed
mnist_all/3/mnist_test_3_00975.png,3,unreviewed
mnist_all/3/mnist_test_3_00976.png,3,unreviewed
mnist_all/3/mnist_test_3_00977.png,3,unreviewed
mnist_all/3/mnist_test_3_00978.png,3,unreviewed
mnist_all/3/mnist_test_3_00979.png,3,incomplete
mnist_all/3/mnist_test_3_00980.png,3,complete
mnist_all/3/mnist_test_3_00981.png,3,complete
mnist_all/3/mnist_test_3_00982.png,3,complete
mnist_all/3/mnist_test_3_00983.png,3,complete
mnist_all/3/mnist_test_3_00984.png,3,complete
mnist_all/3/mnist_test_3_00985.png,3,complete
mnist_all/3/mnist_test_3_00986.png,3,unreviewed
mnist_all/3/mnist_test_3_00987.png,3,complete
mnist_all/3/mnist_test_3_00988.png,3,complete
mnist_all/3/mnist_test_3_00989.png,3,complete
mnist_all/3/mnist_test_3_00990.png,3,complete
mnist_all/3/mnist_test_3_00991.png,3,complete
mnist_all/3/mnist_test_3_00992.png,3,complete
mnist_all/3/mnist_test_3_00993.png,3,complete
mnist_all/3/mnist_test_3_00994.png,3,complete
mnist_all/3/mnist_test_3_00995.png,3,complete
mnist_all/3/mnist_test_3_00996.png,3,complete
mnist_all/3/mnist_test_3_00997.png,3,complete
mnist_all/3/mnist_test_3_00998.png,3,complete
mnist_all/3/mnist_test_3_00999.png,3,complete
mnist_all/3/mnist_test_3_01000.png,3,complete
mnist_all/3/mnist_test_3_01001.png,3,complete
mnist_all/3/mnist_test_3_01002.png,3,complete
mnist_all/3/mnist_test_3_01003.png,3,complete
mnist_all/3/mnist_test_3_01004.png,3,complete
mnist_all/3/mnist_test_3_01005.png,3,unreviewed
mnist_all/3/mnist_test_3_01006.png,3,unreviewed
mnist_all/3/mnist_test_3_01007.png,3,unreviewed
mnist_all/3/mnist_test_3_01008.png,3,complete
mnist_all/3/mnist_test_3_01009.png,3,complete
mnist_all/4/mnist_test_4_00000.png,4,complete
mnist_all/4/mnist_test_4_00001.png,4,complete
mnist_all/4/mnist_test_4_00002.png,4,complete
mnist_all/4/mnist_test_4_00003.png,4,unreviewed
mnist_all/4/mnist_test_4_00004.png,4,complete
mnist_all/4/mnist_test_4_00005.png,4,incomplete
mnist_all/4/mnist_test_4_00006.png,4,complete
mnist_all/4/mnist_test_4_00007.png,4,complete
mnist_all/4/mnist_test_4_00008.png,4,complete
mnist_all/4/mnist_test_4_00009.png,4,complete
mnist_all/4/mnist_test_4_00010.png,4,complete
mnist_all/4/mnist_test_4_00011.png,4,unreviewed
mnist_all/4/mnist_test_4_00012.png,4,complete
mnist_all/4/mnist_test_4_00013.png,4,complete
mnist_all/4/mnist_test_4_00014.png,4,complete
mnist_all/4/mnist_test_4_00015.png,4,complete
mnist_all/4/mnist_test_4_00016.png,4,complete
mnist_all/4/mnist_test_4_00017.png,4,complete
mnist_all/4/mnist_test_4_00018.png,4,unreviewed
mnist_all/4/mnist_test_4_00019.png,4,complete
mnist_all/4/mnist_test_4_00020.png,4,complete
mnist_all/4/mnist_test_4_00021.png,4,complete
mnist_all/4/mnist_test_4_00022.png,4,complete
mnist_all/4/mnist_test_4_00023.png,4,complete
mnist_all/4/mnist_test_4_00024.png,4,complete
mnist_all/4/mnist_test_4_00025.png,4,complete
mnist_all/4/mnist_test_4_00026.png,4,complete
mnist_all/4/mnist_test_4_00027.png,4,complete
mnist_all/4/mnist_test_4_00028.png,4,complete
mnist_all/4/mnist_test_4_00029.png,4,complete
mnist_all/4/mnist_test_4_00030.png,4,complete
mnist_all/4/mnist_test_4_00031.png,4,complete
mnist_all/4/mnist_test_4_00032.png,4,complete
mnist_all/4/mnist_test_4_00033.png,4,complete
mnist_all/4/mnist_test_4_00034.png,4,complete
mnist_all/4/mnist_test_4_00035.png,4,complete
mnist_all/4/mnist_test_4_00036.png,4,complete
mnist_all/4/mnist_test_4_00037.png,4,complete
mnist_all/4/mnist_test_4_00038.png,4,complete
mnist_all/4/mnist_test_4_00039.png,4,complete
mnist_all/4/mnist_test_4_00040.png,4,complete
mnist_all/4/mnist_test_4_00041.png,4,complete
mnist_all/4/mnist_test_4_00042.png,4,complete
mnist_all/4/mnist_test_4_00043.png,4,complete
mnist_all/4/mnist_test_4_00044.png,4,complete
mnist_all/4/mnist_test_4_00045.png,4,complete
mnist_all/4/mnist_test_4_00046.png,4,complete
mnist_all/4/mnist_test_4_00047.png,4,unreviewed
mnist_all/4/mnist_test_4_00048.png,4,complete
mnist_all/4/mnist_test_4_00049.png,4,complete
mnist_all/4/mnist_test_4_00050.png,4,complete
mnist_all/4/mnist_test_4_00051.png,4,complete
mnist_all/4/mnist_test_4_00052.png,4,complete
mnist_all/4/mnist_test_4_00053.png,4,complete
mnist_all/4/mnist_test_4_00054.png,4,complete
mnist_all/4/mnist_test_4_00055.png,4,complete
mnist_all/4/mnist_test_4_00056.png,4,complete
mnist_all/4/mnist_test_4_00057.png,4,complete
mnist_all/4/mnist_test_4_00058.png,4,complete
mnist_all/4/mnist_test_4_00059.png,4,complete
mnist_all/4/mnist_test_4_00060.png,4,complete
mnist_all/4/mnist_test_4_00061.png,4,complete
mnist_all/4/mnist_test_4_00062.png,4,complete
mnist_all/4/mnist_test_4_00063.png,4,complete
mnist_all/4/mnist_test_4_00064.png,4,complete
mnist_all/4/mnist_test_4_00065.png,4,complete
mnist_all/4/mnist_test_4_00066.png,4,complete
mnist_all/4/mnist_test_4_00067.png,4,complete
mnist_all/4/mnist_test_4_00068.png,4,complete
mnist_all/4/mnist_test_4_00069.png,4,complete
mnist_all/4/mnist_test_4_00070.png,4,complete
mnist_all/4/mnist_test_4_00071.png,4,complete
mnist_all/4/mnist_test_4_00072.png,4,complete
mnist_all/4/mnist_test_4_00073.png,4,complete
mnist_all/4/mnist_test_4_00074.png,4,complete
mnist_all/4/mnist_test_4_00075.png,4,complete
mnist_all/4/mnist_test_4_00076.png,4,complete
mnist_all/4/mnist_test_4_00077.png,4,complete
mnist_all/4/mnist_test_4_00078.png,4,complete
mnist_all/4/mnist_test_4_00079.png,4,complete
mnist_all/4/mnist_test_4_00080.png,4,complete
mnist_all/4/mnist_test_4_00081.png,4,complete
mnist_all/4/mnist_test_4_00082.png,4,complete
mnist_all/4/mnist_test_4_00083.png,4,complete
mnist_all/4/mnist_test_4_00084.png,4,complete
mnist_all/4/mnist_test_4_00085.png,4,complete
mnist_all/4/mnist_test_4_00086.png,4,complete
mnist_all/4/mnist_test_4_00087.png,4,complete
mnist_all/4/mnist_test_4_00088.png,4,complete
mnist_all/4/mnist_test_4_00089.png,4,complete
mnist_all/4/mnist_test_4_00090.png,4,complete
mnist_all/4/mnist_test_4_00091.png,4,complete
mnist_all/4/mnist_test_4_00092.png,4,complete
mnist_all/4/mnist_test_4_00093.png,4,complete
mnist_all/4/mnist_test_4_00094.png,4,unreviewed
mnist_all/4/mnist_test_4_00095.png,4,complete
mnist_all/4/mnist_test_4_00096.png,4,complete
mnist_all/4/mnist_test_4_00097.png,4,complete
mnist_all/4/mnist_test_4_00098.png,4,complete
mnist_all/4/mnist_test_4_00099.png,4,complete
mnist_all/4/mnist_test_4_00100.png,4,complete
mnist_all/4/mnist_test_4_00101.png,4,complete
mnist_all/4/mnist_test_4_00102.png,4,complete
mnist_all/4/mnist_test_4_00103.png,4,incomplete
mnist_all/4/mnist_test_4_00104.png,4,complete
mnist_all/4/mnist_test_4_00105.png,4,complete
mnist_all/4/mnist_test_4_00106.png,4,complete
mnist_all/4/mnist_test_4_00107.png,4,complete
mnist_all/4/mnist_test_4_00108.png,4,complete
mnist_all/4/mnist_test_4_00109.png,4,complete
mnist_all/4/mnist_test_4_00110.png,4,complete
mnist_all/4/mnist_test_4_00111.png,4,complete
mnist_all/4/mnist_test_4_00112.png,4,complete
mnist_all/4/mnist_test_4_00113.png,4,complete
mnist_all/4/mnist_test_4_00114.png,4,complete
mnist_all/4/mnist_test_4_00115.png,4,complete
mnist_all/4/mnist_test_4_00116.png,4,complete
mnist_all/4/mnist_test_4_00117.png,4,complete
mnist_all/4/mnist_test_4_00118.png,4,complete
mnist_all/4/mnist_test_4_00119.png,4,complete
mnist_all/4/mnist_test_4_00120.png,4,complete
mnist_all/4/mnist_test_4_00121.png,4,unreviewed
mnist_all/4/mnist_test_4_00122.png,4,complete
mnist_all/4/mnist_test_4_00123.png,4,unreviewed
mnist_all/4/mnist_test_4_00124.png,4,unreviewed
mnist_all/4/mnist_test_4_00125.png,4,complete
mnist_all/4/mnist_test_4_00126.png,4,complete
mnist_all/4/mnist_test_4_00127.png,4,complete
mnist_all/4/mnist_test_4_00128.png,4,complete
mnist_all/4/mnist_test_4_00129.png,4,complete
mnist_all/4/mnist_test_4_00130.png,4,complete
mnist_all/4/mnist_test_4_00131.png,4,complete
mnist_all/4/mnist_test_4_00132.png,4,complete
mnist_all/4/mnist_test_4_00133.png,4,complete
mnist_all/4/mnist_test_4_00134.png,4,complete
mnist_all/4/mnist_test_4_00135.png,4,complete
mnist_all/4/mnist_test_4_00136.png,4,complete
mnist_all/4/mnist_test_4_00137.png,4,complete
mnist_all/4/mnist_test_4_00138.png,4,unreviewed
mnist_all/4/mnist_test_4_00139.png,4,complete
mnist_all/4/mnist_test_4_00140.png,4,complete
mnist_all/4/mnist_test_4_00141.png,4,complete
mnist_all/4/mnist_test_4_00142.png,4,complete
mnist_all/4/mnist_test_4_00143.png,4,unreviewed
mnist_all/4/mnist_test_4_00144.png,4,complete
mnist_all/4/mnist_test_4_00145.png,4,unreviewed
mnist_all/4/mnist_test_4_00146.png,4,complete
mnist_all/4/mnist_test_4_00147.png,4,complete
mnist_all/4/mnist_test_4_00148.png,4,complete
mnist_all/4/mnist_test_4_00149.png,4,complete
mnist_all/4/mnist_test_4_00150.png,4,complete
mnist_all/4/mnist_test_4_00151.png,4,complete
mnist_all/4/mnist_test_4_00152.png,4,complete
mnist_all/4/mnist_test_4_00153.png,4,complete
mnist_all/4/mnist_test_4_00154.png,4,unreviewed
mnist_all/4/mnist_test_4_00155.png,4,complete
mnist_all/4/mnist_test_4_00156.png,4,complete
mnist_all/4/mnist_test_4_00157.png,4,complete
mnist_all/4/mnist_test_4_00158.png,4,complete
mnist_all/4/mnist_test_4_00159.png,4,complete
mnist_all/4/mnist_test_4_00160.png,4,complete
mnist_all/4/mnist_test_4_00161.png,4,complete
mnist_all/4/mnist_test_4_00162.png,4,unreviewed
mnist_all/4/mnist_test_4_00163.png,4,complete
mnist_all/4/mnist_test_4_00164.png,4,complete
mnist_all/4/mnist_test_4_00165.png,4,unreviewed
mnist_all/4/mnist_test_4_00166.png,4,complete
mnist_all/4/mnist_test_4_00167.png,4,complete
mnist_all/4/mnist_test_4_00168.png,4,complete
mnist_all/4/mnist_test_4_00169.png,4,complete
mnist_all/4/mnist_test_4_00170.png,4,complete
mnist_all/4/mnist_test_4_00171.png,4,complete
mnist_all/4/mnist_test_4_00172.png,4,complete
mnist_all/4/mnist_test_4_00173.png,4,complete
mnist_all/4/mnist_test_4_00174.png,4,complete
mnist_all/4/mnist_test_4_00175.png,4,complete
mnist_all/4/mnist_test_4_00176.png,4,complete
mnist_all/4/mnist_test_4_00177.png,4,complete
mnist_all/4/mnist_test_4_00178.png,4,complete
mnist_all/4/mnist_test_4_00179.png,4,complete
mnist_all/4/mnist_test_4_00180.png,4,complete
mnist_all/4/mnist_test_4_00181.png,4,complete
mnist_all/4/mnist_test_4_00182.png,4,complete
mnist_all/4/mnist_test_4_00183.png,4,complete
mnist_all/4/mnist_test_4_00184.png,4,unreviewed
mnist_all/4/mnist_test_4_00185.png,4,complete
mnist_all/4/mnist_test_4_00186.png,4,complete
mnist_all/4/mnist_test_4_00187.png,4,complete
mnist_all/4/mnist_test_4_00188.png,4,complete
mnist_all/4/mnist_test_4_00189.png,4,unreviewed
mnist_all/4/mnist_test_4_00190.png,4,complete
mnist_all/4/mnist_test_4_00191.png,4,complete
mnist_all/4/mnist_test_4_00192.png,4,complete
mnist_all/4/mnist_test_4_00193.png,4,complete
mnist_all/4/mnist_test_4_00194.png,4,complete
mnist_all/4/mnist_test_4_00195.png,4,complete
mnist_all/4/mnist_test_4_00196.png,4,complete
mnist_all/4/mnist_test_4_00197.png,4,complete
mnist_all/4/mnist_test_4_00198.png,4,complete
mnist_all/4/mnist_test_4_00199.png,4,complete
mnist_all/4/mnist_test_4_00200.png,4,complete
mnist_all/4/mnist_test_4_00201.png,4,unreviewed
mnist_all/4/mnist_test_4_00202.png,4,unreviewed
mnist_all/4/mnist_test_4_00203.png,4,complete
mnist_all/4/mnist_test_4_00204.png,4,complete
mnist_all/4/mnist_test_4_00205.png,4,complete
mnist_all/4/mnist_test_4_00206.png,4,unreviewed
mnist_all/4/mnist_test_4_00207.png,4,complete
mnist_all/4/mnist_test_4_00208.png,4,complete
mnist_all/4/mnist_test_4_00209.png,4,complete
mnist_all/4/mnist_test_4_00210.png,4,complete
mnist_all/4/mnist_test_4_00211.png,4,complete
mnist_all/4/mnist_test_4_00212.png,4,unreviewed
mnist_all/4/mnist_test_4_00213.png,4,complete
mnist_all/4/mnist_test_4_00214.png,4,complete
mnist_all/4/mnist_test_4_00215.png,4,complete
mnist_all/4/mnist_test_4_00216.png,4,complete
mnist_all/4/mnist_test_4_00217.png,4,complete
mnist_all/4/mnist_test_4_00218.png,4,complete
mnist_all/4/mnist_test_4_00219.png,4,complete
mnist_all/4/mnist_test_4_00220.png,4,unreviewed
mnist_all/4/mnist_test_4_00221.png,4,complete
mnist_all/4/mnist_test_4_00222.png,4,complete
mnist_all/4/mnist_test_4_00223.png,4,complete
mnist_all/4/mnist_test_4_00224.png,4,unreviewed
mnist_all/4/mnist_test_4_00225.png,4,complete
mnist_all/4/mnist_test_4_00226.png,4,complete
mnist_all/4/mnist_test_4_00227.png,4,complete
mnist_all/4/mnist_test_4_00228.png,4,complete
mnist_all/4/mnist_test_4_00229.png,4,complete
mnist_all/4/mnist_test_4_00230.png,4,complete
mnist_all/4/mnist_test_4_00231.png,4,complete
mnist_all/4/mnist_test_4_00232.png,4,complete
mnist_all/4/mnist_test_4_00233.png,4,complete
mnist_all/4/mnist_test_4_00234.png,4,complete
mnist_all/4/mnist_test_4_00235.png,4,complete
mnist_all/4/mnist_test_4_00236.png,4,complete
mnist_all/4/mnist_test_4_00237.png,4,complete
mnist_all/4/mnist_test_4_00238.png,4,complete
mnist_all/4/mnist_test_4_00239.png,4,complete
mnist_all/4/mnist_test_4_00240.png,4,complete
mnist_all/4/mnist_test_4_00241.png,4,complete
mnist_all/4/mnist_test_4_00242.png,4,complete
mnist_all/4/mnist_test_4_00243.png,4,complete
mnist_all/4/mnist_test_4_00244.png,4,complete
mnist_all/4/mnist_test_4_00245.png,4,complete
mnist_all/4/mnist_test_4_00246.png,4,complete
mnist_all/4/mnist_test_4_00247.png,4,complete
mnist_all/4/mnist_test_4_00248.png,4,complete
mnist_all/4/mnist_test_4_00249.png,4,complete
mnist_all/4/mnist_test_4_00250.png,4,complete
mnist_all/4/mnist_test_4_00251.png,4,complete
mnist_all/4/mnist_test_4_00252.png,4,complete
mnist_all/4/mnist_test_4_00253.png,4,complete
mnist_all/4/mnist_test_4_00254.png,4,complete
mnist_all/4/mnist_test_4_00255.png,4,complete
mnist_all/4/mnist_test_4_00256.png,4,complete
mnist_all/4/mnist_test_4_00257.png,4,complete
mnist_all/4/mnist_test_4_00258.png,4,complete
mnist_all/4/mnist_test_4_00259.png,4,complete
mnist_all/4/mnist_test_4_00260.png,4,complete
mnist_all/4/mnist_test_4_00261.png,4,complete
mnist_all/4/mnist_test_4_00262.png,4,complete
mnist_all/4/mnist_test_4_00263.png,4,complete
mnist_all/4/mnist_test_4_00264.png,4,complete
mnist_all/4/mnist_test_4_00265.png,4,complete
mnist_all/4/mnist_test_4_00266.png,4,complete
mnist_all/4/mnist_test_4_00267.png,4,complete
mnist_all/4/mnist_test_4_00268.png,4,complete
mnist_all/4/mnist_test_4_00269.png,4,complete
mnist_all/4/mnist_test_4_00270.png,4,complete
mnist_all/4/mnist_test_4_00271.png,4,complete
mnist_all/4/mnist_test_4_00272.png,4,complete
mnist_all/4/mnist_test_4_00273.png,4,complete
mnist_all/4/mnist_test_4_00274.png,4,complete
mnist_all/4/mnist_test_4_00275.png,4,unreviewed
mnist_all/4/mnist_test_4_00276.png,4,complete
mnist_all/4/mnist_test_4_00277.png,4,complete
mnist_all/4/mnist_test_4_00278.png,4,complete
mnist_all/4/mnist_test_4_00279.png,4,complete
mnist_all/4/mnist_test_4_00280.png,4,complete
mnist_all/4/mnist_test_4_00281.png,4,complete
mnist_all/4/mnist_test_4_00282.png,4,complete
mnist_all/4/mnist_test_4_00283.png,4,complete
mnist_all/4/mnist_test_4_00284.png,4,complete
mnist_all/4/mnist_test_4_00285.png,4,complete
mnist_all/4/mnist_test_4_00286.png,4,complete
mnist_all/4/mnist_test_4_00287.png,4,complete
mnist_all/4/mnist_test_4_00288.png,4,complete
mnist_all/4/mnist_test_4_00289.png,4,complete
mnist_all/4/mnist_test_4_00290.png,4,complete
mnist_all/4/mnist_test_4_00291.png,4,complete
mnist_all/4/mnist_test_4_00292.png,4,complete
mnist_all/4/mnist_test_4_00293.png,4,unreviewed
mnist_all/4/mnist_test_4_00294.png,4,complete
mnist_all/4/mnist_test_4_00295.png,4,complete
mnist_all/4/mnist_test_4_00296.png,4,complete
mnist_all/4/mnist_test_4_00297.png,4,complete
mnist_all/4/mnist_test_4_00298.png,4,complete
mnist_all/4/mnist_test_4_00299.png,4,complete
mnist_all/4/mnist_test_4_00300.png,4,complete
mnist_all/4/mnist_test_4_00301.png,4,unreviewed
mnist_all/4/mnist_test_4_00302.png,4,complete
mnist_all/4/mnist_test_4_00303.png,4,unreviewed
mnist_all/4/mnist_test_4_00304.png,4,complete
mnist_all/4/mnist_test_4_00305.png,4,complete
mnist_all/4/mnist_test_4_00306.png,4,complete
mnist_all/4/mnist_test_4_00307.png,4,complete
mnist_all/4/mnist_test_4_00308.png,4,complete
mnist_all/4/mnist_test_4_00309.png,4,complete
mnist_all/4/mnist_test_4_00310.png,4,complete
mnist_all/4/mnist_test_4_00311.png,4,complete
mnist_all/4/mnist_test_4_00312.png,4,unreviewed
mnist_all/4/mnist_test_4_00313.png,4,complete
mnist_all/4/mnist_test_4_00314.png,4,complete
mnist_all/4/mnist_test_4_00315.png,4,complete
mnist_all/4/mnist_test_4_00316.png,4,complete
mnist_all/4/mnist_test_4_00317.png,4,complete
mnist_all/4/mnist_test_4_00318.png,4,complete
mnist_all/4/mnist_test_4_00319.png,4,complete
mnist_all/4/mnist_test_4_00320.png,4,complete
mnist_all/4/mnist_test_4_00321.png,4,complete
mnist_all/4/mnist_test_4_00322.png,4,complete
mnist_all/4/mnist_test_4_00323.png,4,complete
mnist_all/4/mnist_test_4_00324.png,4,complete
mnist_all/4/mnist_test_4_00325.png,4,complete
mnist_all/4/mnist_test_4_00326.png,4,complete
mnist_all/4/mnist_test_4_00327.png,4,complete
mnist_all/4/mnist_test_4_00328.png,4,complete
mnist_all/4/mnist_test_4_00329.png,4,complete
mnist_all/4/mnist_test_4_00330.png,4,complete
mnist_all/4/mnist_test_4_00331.png,4,complete
mnist_all/4/mnist_test_4_00332.png,4,complete
mnist_all/4/mnist_test_4_00333.png,4,complete
mnist_all/4/mnist_test_4_00334.png,4,complete
mnist_all/4/mnist_test_4_00335.png,4,complete
mnist_all/4/mnist_test_4_00336.png,4,complete
mnist_all/4/mnist_test_4_00337.png,4,complete
mnist_all/4/mnist_test_4_00338.png,4,complete
mnist_all/4/mnist_test_4_00339.png,4,complete
mnist_all/4/mnist_test_4_00340.png,4,complete
mnist_all/4/mnist_test_4_00341.png,4,complete
mnist_all/4/mnist_test_4_00342.png,4,complete
mnist_all/4/mnist_test_4_00343.png,4,complete
mnist_all/4/mnist_test_4_00344.png,4,complete
mnist_all/4/mnist_test_4_00345.png,4,complete
mnist_all/4/mnist_test_4_00346.png,4,complete
mnist_all/4/mnist_test_4_00347.png,4,complete
mnist_all/4/mnist_test_4_00348.png,4,complete
mnist_all/4/mnist_test_4_00349.png,4,complete
mnist_all/4/mnist_test_4_00350.png,4,complete
mnist_all/4/mnist_test_4_00351.png,4,complete
mnist_all/4/mnist_test_4_00352.png,4,complete
mnist_all/4/mnist_test_4_00353.png,4,complete
mnist_all/4/mnist_test_4_00354.png,4,complete
mnist_all/4/mnist_test_4_00355.png,4,complete
mnist_all/4/mnist_test_4_00356.png,4,complete
mnist_all/4/mnist_test_4_00357.png,4,complete
mnist_all/4/mnist_test_4_00358.png,4,complete
mnist_all/4/mnist_test_4_00359.png,4,complete
mnist_all/4/mnist_test_4_00360.png,4,complete
mnist_all/4/mnist_test_4_00361.png,4,complete
mnist_all/4/mnist_test_4_00362.png,4,complete
mnist_all/4/mnist_test_4_00363.png,4,complete
mnist_all/4/mnist_test_4_00364.png,4,complete
mnist_all/4/mnist_test_4_00365.png,4,complete
mnist_all/4/mnist_test_4_00366.png,4,complete
mnist_all/4/mnist_test_4_00367.png,4,complete
mnist_all/4/mnist_test_4_00368.png,4,complete
mnist_all/4/mnist_test_4_00369.png,4,complete
mnist_all/4/mnist_test_4_00370.png,4,complete
mnist_all/4/mnist_test_4_00371.png,4,complete
mnist_all/4/mnist_test_4_00372.png,4,complete
mnist_all/4/mnist_test_4_00373.png,4,complete
mnist_all/4/mnist_test_4_00374.png,4,complete
mnist_all/4/mnist_test_4_00375.png,4,complete
mnist_all/4/mnist_test_4_00376.png,4,complete
mnist_all/4/mnist_test_4_00377.png,4,complete
mnist_all/4/mnist_test_4_00378.png,4,complete
mnist_all/4/mnist_test_4_00379.png,4,unreviewed
mnist_all/4/mnist_test_4_00380.png,4,complete
mnist_all/4/mnist_test_4_00381.png,4,complete
mnist_all/4/mnist_test_4_00382.png,4,complete
mnist_all/4/mnist_test_4_00383.png,4,complete
mnist_all/4/mnist_test_4_00384.png,4,complete
mnist_all/4/mnist_test_4_00385.png,4,complete
mnist_all/4/mnist_test_4_00386.png,4,complete
mnist_all/4/mnist_test_4_00387.png,4,complete
mnist_all/4/mnist_test_4_00388.png,4,complete
mnist_all/4/mnist_test_4_00389.png,4,complete
mnist_all/4/mnist_test_4_00390.png,4,unreviewed
mnist_all/4/mnist_test_4_00391.png,4,complete
mnist_all/4/mnist_test_4_00392.png,4,complete
mnist_all/4/mnist_test_4_00393.png,4,complete
mnist_all/4/mnist_test_4_00394.png,4,unreviewed
mnist_all/4/mnist_test_4_00395.png,4,complete
mnist_all/4/mnist_test_4_00396.png,4,unreviewed
mnist_all/4/mnist_test_4_00397.png,4,complete
mnist_all/4/mnist_test_4_00398.png,4,complete
mnist_all/4/mnist_test_4_00399.png,4,complete
mnist_all/4/mnist_test_4_00400.png,4,complete
mnist_all/4/mnist_test_4_00401.png,4,complete
mnist_all/4/mnist_test_4_00402.png,4,complete
mnist_all/4/mnist_test_4_00403.png,4,complete
mnist_all/4/mnist_test_4_00404.png,4,complete
mnist_all/4/mnist_test_4_00405.png,4,complete
mnist_all/4/mnist_test_4_00406.png,4,complete
mnist_all/4/mnist_test_4_00407.png,4,complete
mnist_all/4/mnist_test_4_00408.png,4,complete
mnist_all/4/mnist_test_4_00409.png,4,complete
mnist_all/4/mnist_test_4_00410.png,4,complete
mnist_all/4/mnist_test_4_00411.png,4,complete
mnist_all/4/mnist_test_4_00412.png,4,complete
mnist_all/4/mnist_test_4_00413.png,4,complete
mnist_all/4/mnist_test_4_00414.png,4,complete
mnist_all/4/mnist_test_4_00415.png,4,unreviewed
mnist_all/4/mnist_test_4_00416.png,4,complete
mnist_all/4/mnist_test_4_00417.png,4,complete
mnist_all/4/mnist_test_4_00418.png,4,complete
mnist_all/4/mnist_test_4_00419.png,4,complete
mnist_all/4/mnist_test_4_00420.png,4,unreviewed
mnist_all/4/mnist_test_4_00421.png,4,complete
mnist_all/4/mnist_test_4_00422.png,4,complete
mnist_all/4/mnist_test_4_00423.png,4,complete
mnist_all/4/mnist_test_4_00424.png,4,complete
mnist_all/4/mnist_test_4_00425.png,4,complete
mnist_all/4/mnist_test_4_00426.png,4,complete
mnist_all/4/mnist_test_4_00427.png,4,complete
mnist_all/4/mnist_test_4_00428.png,4,complete
mnist_all/4/mnist_test_4_00429.png,4,complete
mnist_all/4/mnist_test_4_00430.png,4,complete
mnist_all/4/mnist_test_4_00431.png,4,complete
mnist_all/4/mnist_test_4_00432.png,4,complete
mnist_all/4/mnist_test_4_00433.png,4,complete
mnist_all/4/mnist_test_4_00434.png,4,complete
mnist_all/4/mnist_test_4_00435.png,4,complete
mnist_all/4/mnist_test_4_00436.png,4,complete
mnist_all/4/mnist_test_4_00437.png,4,complete
mnist_all/4/mnist_test_4_00438.png,4,complete
mnist_all/4/mnist_test_4_00439.png,4,complete
mnist_all/4/mnist_test_4_00440.png,4,complete
mnist_all/4/mnist_test_4_00441.png,4,complete
mnist_all/4/mnist_test_4_00442.png,4,complete
mnist_all/4/mnist_test_4_00443.png,4,complete
mnist_all/4/mnist_test_4_00444.png,4,complete
mnist_all/4/mnist_test_4_00445.png,4,complete
mnist_all/4/mnist_test_4_00446.png,4,complete
mnist_all/4/mnist_test_4_00447.png,4,complete
mnist_all/4/mnist_test_4_00448.png,4,complete
mnist_all/4/mnist_test_4_00449.png,4,complete
mnist_all/4/mnist_test_4_00450.png,4,complete
mnist_all/4/mnist_test_4_00451.png,4,complete
mnist_all/4/mnist_test_4_00452.png,4,complete
mnist_all/4/mnist_test_4_00453.png,4,complete
mnist_all/4/mnist_test_4_00454.png,4,complete
mnist_all/4/mnist_test_4_00455.png,4,complete
mnist_all/4/mnist_test_4_00456.png,4,complete
mnist_all/4/mnist_test_4_00457.png,4,complete
mnist_all/4/mnist_test_4_00458.png,4,complete
mnist_all/4/mnist_test_4_00459.png,4,complete
mnist_all/4/mnist_test_4_00460.png,4,complete
mnist_all/4/mnist_test_4_00461.png,4,complete
mnist_all/4/mnist_test_4_00462.png,4,complete
mnist_all/4/mnist_test_4_00463.png,4,complete
mnist_all/4/mnist_test_4_00464.png,4,complete
mnist_all/4/mnist_test_4_00465.png,4,complete
mnist_all/4/mnist_test_4_00466.png,4,complete
mnist_all/4/mnist_test_4_00467.png,4,complete
mnist_all/4/mnist_test_4_00468.png,4,complete
mnist_all/4/mnist_test_4_00469.png,4,complete
mnist_all/4/mnist_test_4_00470.png,4,complete
mnist_all/4/mnist_test_4_00471.png,4,complete
mnist_all/4/mnist_test_4_00472.png,4,complete
mnist_all/4/mnist_test_4_00473.png,4,complete
mnist_all/4/mnist_test_4_00474.png,4,complete
mnist_all/4/mnist_test_4_00475.png,4,complete
mnist_all/4/mnist_test_4_00476.png,4,complete
mnist_all/4/mnist_test_4_00477.png,4,complete
mnist_all/4/mnist_test_4_00478.png,4,complete
mnist_all/4/mnist_test_4_00479.png,4,complete
mnist_all/4/mnist_test_4_00480.png,4,complete
mnist_all/4/mnist_test_4_00481.png,4,complete
mnist_all/4/mnist_test_4_00482.png,4,complete
mnist_all/4/mnist_test_4_00483.png,4,complete
mnist_all/4/mnist_test_4_00484.png,4,complete
mnist_all/4/mnist_test_4_00485.png,4,complete
mnist_all/4/mnist_test_4_00486.png,4,complete
mnist_all/4/mnist_test_4_00487.png,4,complete
mnist_all/4/mnist_test_4_00488.png,4,complete
mnist_all/4/mnist_test_4_00489.png,4,complete
mnist_all/4/mnist_test_4_00490.png,4,complete
mnist_all/4/mnist_test_4_00491.png,4,complete
mnist_all/4/mnist_test_4_00492.png,4,complete
mnist_all/4/mnist_test_4_00493.png,4,complete
mnist_all/4/mnist_test_4_00494.png,4,unreviewed
mnist_all/4/mnist_test_4_00495.png,4,complete
mnist_all/4/mnist_test_4_00496.png,4,complete
mnist_all/4/mnist_test_4_00497.png,4,complete
mnist_all/4/mnist_test_4_00498.png,4,unreviewed
mnist_all/4/mnist_test_4_00499.png,4,complete
mnist_all/4/mnist_test_4_00500.png,4,complete
mnist_all/4/mnist_test_4_00501.png,4,complete
mnist_all/4/mnist_test_4_00502.png,4,complete
mnist_all/4/mnist_test_4_00503.png,4,complete
mnist_all/4/mnist_test_4_00504.png,4,complete
mnist_all/4/mnist_test_4_00505.png,4,complete
mnist_all/4/mnist_test_4_00506.png,4,complete
mnist_all/4/mnist_test_4_00507.png,4,complete
mnist_all/4/mnist_test_4_00508.png,4,complete
mnist_all/4/mnist_test_4_00509.png,4,complete
mnist_all/4/mnist_test_4_00510.png,4,incomplete
mnist_all/4/mnist_test_4_00511.png,4,complete
mnist_all/4/mnist_test_4_00512.png,4,complete
mnist_all/4/mnist_test_4_00513.png,4,complete
mnist_all/4/mnist_test_4_00514.png,4,complete
mnist_all/4/mnist_test_4_00515.png,4,complete
mnist_all/4/mnist_test_4_00516.png,4,complete
mnist_all/4/mnist_test_4_00517.png,4,complete
mnist_all/4/mnist_test_4_00518.png,4,complete
mnist_all/4/mnist_test_4_00519.png,4,complete
mnist_all/4/mnist_test_4_00520.png,4,complete
mnist_all/4/mnist_test_4_00521.png,4,complete
mnist_all/4/mnist_test_4_00522.png,4,complete
mnist_all/4/mnist_test_4_00523.png,4,complete
mnist_all/4/mnist_test_4_00524.png,4,complete
mnist_all/4/mnist_test_4_00525.png,4,complete
mnist_all/4/mnist_test_4_00526.png,4,complete
mnist_all/4/mnist_test_4_00527.png,4,complete
mnist_all/4/mnist_test_4_00528.png,4,complete
mnist_all/4/mnist_test_4_00529.png,4,complete
mnist_all/4/mnist_test_4_00530.png,4,complete
mnist_all/4/mnist_test_4_00531.png,4,complete
mnist_all/4/mnist_test_4_00532.png,4,complete
mnist_all/4/mnist_test_4_00533.png,4,complete
mnist_all/4/mnist_test_4_00534.png,4,complete
mnist_all/4/mnist_test_4_00535.png,4,complete
mnist_all/4/mnist_test_4_00536.png,4,complete
mnist_all/4/mnist_test_4_00537.png,4,complete
mnist_all/4/mnist_test_4_00538.png,4,complete
mnist_all/4/mnist_test_4_00539.png,4,complete
mnist_all/4/mnist_test_4_00540.png,4,complete
mnist_all/4/mnist_test_4_00541.png,4,complete
mnist_all/4/mnist_test_4_00542.png,4,complete
mnist_all/4/mnist_test_4_00543.png,4,complete
mnist_all/4/mnist_test_4_00544.png,4,complete
mnist_all/4/mnist_test_4_00545.png,4,complete
mnist_all/4/mnist_test_4_00546.png,4,complete
mnist_all/4/mnist_test_4_00547.png,4,unreviewed
mnist_all/4/mnist_test_4_00548.png,4,complete
mnist_all/4/mnist_test_4_00549.png,4,complete
mnist_all/4/mnist_test_4_00550.png,4,complete
mnist_all/4/mnist_test_4_00551.png,4,complete
mnist_all/4/mnist_test_4_00552.png,4,complete
mnist_all/4/mnist_test_4_00553.png,4,complete
mnist_all/4/mnist_test_4_00554.png,4,complete
mnist_all/4/mnist_test_4_00555.png,4,complete
mnist_all/4/mnist_test_4_00556.png,4,complete
mnist_all/4/mnist_test_4_00557.png,4,complete
mnist_all/4/mnist_test_4_00558.png,4,complete
mnist_all/4/mnist_test_4_00559.png,4,complete
mnist_all/4/mnist_test_4_00560.png,4,complete
mnist_all/4/mnist_test_4_00561.png,4,complete
mnist_all/4/mnist_test_4_00562.png,4,complete
mnist_all/4/mnist_test_4_00563.png,4,complete
mnist_all/4/mnist_test_4_00564.png,4,complete
mnist_all/4/mnist_test_4_00565.png,4,complete
mnist_all/4/mnist_test_4_00566.png,4,unreviewed
mnist_all/4/mnist_test_4_00567.png,4,unreviewed
mnist_all/4/mnist_test_4_00568.png,4,unreviewed
mnist_all/4/mnist_test_4_00569.png,4,unreviewed
mnist_all/4/mnist_test_4_00570.png,4,unreviewed
mnist_all/4/mnist_test_4_00571.png,4,complete
mnist_all/4/mnist_test_4_00572.png,4,complete
mnist_all/4/mnist_test_4_00573.png,4,unreviewed
mnist_all/4/mnist_test_4_00574.png,4,complete
mnist_all/4/mnist_test_4_00575.png,4,unreviewed
mnist_all/4/mnist_test_4_00576.png,4,complete
mnist_all/4/mnist_test_4_00577.png,4,complete
mnist_all/4/mnist_test_4_00578.png,4,complete
mnist_all/4/mnist_test_4_00579.png,4,complete
mnist_all/4/mnist_test_4_00580.png,4,complete
mnist_all/4/mnist_test_4_00581.png,4,complete
mnist_all/4/mnist_test_4_00582.png,4,complete
mnist_all/4/mnist_test_4_00583.png,4,complete
mnist_all/4/mnist_test_4_00584.png,4,complete
mnist_all/4/mnist_test_4_00585.png,4,complete
mnist_all/4/mnist_test_4_00586.png,4,complete
mnist_all/4/mnist_test_4_00587.png,4,incomplete
mnist_all/4/mnist_test_4_00588.png,4,complete
mnist_all/4/mnist_test_4_00589.png,4,complete
mnist_all/4/mnist_test_4_00590.png,4,complete
mnist_all/4/mnist_test_4_00591.png,4,complete
mnist_all/4/mnist_test_4_00592.png,4,complete
mnist_all/4/mnist_test_4_00593.png,4,complete
mnist_all/4/mnist_test_4_00594.png,4,complete
mnist_all/4/mnist_test_4_00595.png,4,complete
mnist_all/4/mnist_test_4_00596.png,4,complete
mnist_all/4/mnist_test_4_00597.png,4,complete
mnist_all/4/mnist_test_4_00598.png,4,complete
mnist_all/4/mnist_test_4_00599.png,4,complete
mnist_all/4/mnist_test_4_00600.png,4,complete
mnist_all/4/mnist_test_4_00601.png,4,complete
mnist_all/4/mnist_test_4_00602.png,4,complete
mnist_all/4/mnist_test_4_00603.png,4,complete
mnist_all/4/mnist_test_4_00604.png,4,complete
mnist_all/4/mnist_test_4_00605.png,4,complete
mnist_all/4/mnist_test_4_00606.png,4,complete
mnist_all/4/mnist_test_4_00607.png,4,complete
mnist_all/4/mnist_test_4_00608.png,4,complete
mnist_all/4/mnist_test_4_00609.png,4,complete
mnist_all/4/mnist_test_4_00610.png,4,complete
mnist_all/4/mnist_test_4_00611.png,4,complete
mnist_all/4/mnist_test_4_00612.png,4,complete
mnist_all/4/mnist_test_4_00613.png,4,complete
mnist_all/4/mnist_test_4_00614.png,4,complete
mnist_all/4/mnist_test_4_00615.png,4,complete
mnist_all/4/mnist_test_4_00616.png,4,complete
mnist_all/4/mnist_test_4_00617.png,4,complete
mnist_all/4/mnist_test_4_00618.png,4,complete
mnist_all/4/mnist_test_4_00619.png,4,complete
mnist_all/4/mnist_test_4_00620.png,4,complete
mnist_all/4/mnist_test_4_00621.png,4,complete
mnist_all/4/mnist_test_4_00622.png,4,complete
mnist_all/4/mnist_test_4_00623.png,4,complete
mnist_all/4/mnist_test_4_00624.png,4,complete
mnist_all/4/mnist_test_4_00625.png,4,complete
mnist_all/4/mnist_test_4_00626.png,4,complete
mnist_all/4/mnist_test_4_00627.png,4,complete
mnist_all/4/mnist_test_4_00628.png,4,complete
mnist_all/4/mnist_test_4_00629.png,4,complete
mnist_all/4/mnist_test_4_00630.png,4,complete
mnist_all/4/mnist_test_4_00631.png,4,complete
mnist_all/4/mnist_test_4_00632.png,4,complete
mnist_all/4/mnist_test_4_00633.png,4,complete
mnist_all/4/mnist_test_4_00634.png,4,unreviewed
mnist_all/4/mnist_test_4_00635.png,4,complete
mnist_all/4/mnist_test_4_00636.png,4,complete
mnist_all/4/mnist_test_4_00637.png,4,complete
mnist_all/4/mnist_test_4_00638.png,4,complete
mnist_all/4/mnist_test_4_00639.png,4,complete
mnist_all/4/mnist_test_4_00640.png,4,complete
mnist_all/4/mnist_test_4_00641.png,4,complete
mnist_all/4/mnist_test_4_00642.png,4,complete
mnist_all/4/mnist_test_4_00643.png,4,complete
mnist_all/4/mnist_test_4_00644.png,4,complete
mnist_all/4/mnist_test_4_00645.png,4,complete
mnist_all/4/mnist_test_4_00646.png,4,complete
mnist_all/4/mnist_test_4_00647.png,4,complete
mnist_all/4/mnist_test_4_00648.png,4,complete
mnist_all/4/mnist_test_4_00649.png,4,incomplete
mnist_all/4/mnist_test_4_00650.png,4,complete
mnist_all/4/mnist_test_4_00651.png,4,unreviewed
mnist_all/4/mnist_test_4_00652.png,4,unreviewed
mnist_all/4/mnist_test_4_00653.png,4,incomplete
mnist_all/4/mnist_test_4_00654.png,4,unreviewed
mnist_all/4/mnist_test_4_00655.png,4,complete
mnist_all/4/mnist_test_4_00656.png,4,complete
mnist_all/4/mnist_test_4_00657.png,4,complete
mnist_all/4/mnist_test_4_00658.png,4,complete
mnist_all/4/mnist_test_4_00659.png,4,complete
mnist_all/4/mnist_test_4_00660.png,4,complete
mnist_all/4/mnist_test_4_00661.png,4,complete
mnist_all/4/mnist_test_4_00662.png,4,complete
mnist_all/4/mnist_test_4_00663.png,4,complete
mnist_all/4/mnist_test_4_00664.png,4,complete
mnist_all/4/mnist_test_4_00665.png,4,complete
mnist_all/4/mnist_test_4_00666.png,4,complete
mnist_all/4/mnist_test_4_00667.png,4,complete
mnist_all/4/mnist_test_4_00668.png,4,complete
mnist_all/4/mnist_test_4_00669.png,4,complete
mnist_all/4/mnist_test_4_00670.png,4,complete
mnist_all/4/mnist_test_4_00671.png,4,complete
mnist_all/4/mnist_test_4_00672.png,4,complete
mnist_all/4/mnist_test_4_00673.png,4,complete
mnist_all/4/mnist_test_4_00674.png,4,complete
mnist_all/4/mnist_test_4_00675.png,4,complete
mnist_all/4/mnist_test_4_00676.png,4,complete
mnist_all/4/mnist_test_4_00677.png,4,complete
mnist_all/4/mnist_test_4_00678.png,4,complete
mnist_all/4/mnist_test_4_00679.png,4,complete
mnist_all/4/mnist_test_4_00680.png,4,complete
mnist_all/4/mnist_test_4_00681.png,4,complete
mnist_all/4/mnist_test_4_00682.png,4,complete
mnist_all/4/mnist_test_4_00683.png,4,complete
mnist_all/4/mnist_test_4_00684.png,4,complete
mnist_all/4/mnist_test_4_00685.png,4,complete
mnist_all/4/mnist_test_4_00686.png,4,complete
mnist_all/4/mnist_test_4_00687.png,4,complete
mnist_all/4/mnist_test_4_00688.png,4,complete
mnist_all/4/mnist_test_4_00689.png,4,complete
mnist_all/4/mnist_test_4_00690.png,4,complete
mnist_all/4/mnist_test_4_00691.png,4,complete
mnist_all/4/mnist_test_4_00692.png,4,complete
mnist_all/4/mnist_test_4_00693.png,4,complete
mnist_all/4/mnist_test_4_00694.png,4,complete
mnist_all/4/mnist_test_4_00695.png,4,complete
mnist_all/4/mnist_test_4_00696.png,4,complete
mnist_all/4/mnist_test_4_00697.png,4,complete
mnist_all/4/mnist_test_4_00698.png,4,complete
mnist_all/4/mnist_test_4_00699.png,4,complete
mnist_all/4/mnist_test_4_00700.png,4,complete
mnist_all/4/mnist_test_4_00701.png,4,complete
mnist_all/4/mnist_test_4_00702.png,4,complete
mnist_all/4/mnist_test_4_00703.png,4,complete
mnist_all/4/mnist_test_4_00704.png,4,complete
mnist_all/4/mnist_test_4_00705.png,4,complete
mnist_all/4/mnist_test_4_00706.png,4,complete
mnist_all/4/mnist_test_4_00707.png,4,complete
mnist_all/4/mnist_test_4_00708.png,4,complete
mnist_all/4/mnist_test_4_00709.png,4,complete
mnist_all/4/mnist_test_4_00710.png,4,complete
mnist_all/4/mnist_test_4_00711.png,4,complete
mnist_all/4/mnist_test_4_00712.png,4,complete
mnist_all/4/mnist_test_4_00713.png,4,complete
mnist_all/4/mnist_test_4_00714.png,4,complete
mnist_all/4/mnist_test_4_00715.png,4,complete
mnist_all/4/mnist_test_4_00716.png,4,complete
mnist_all/4/mnist_test_4_00717.png,4,unreviewed
mnist_all/4/mnist_test_4_00718.png,4,unreviewed
mnist_all/4/mnist_test_4_00719.png,4,complete
mnist_all/4/mnist_test_4_00720.png,4,complete
mnist_all/4/mnist_test_4_00721.png,4,complete
mnist_all/4/mnist_test_4_00722.png,4,complete
mnist_all/4/mnist_test_4_00723.png,4,complete
mnist_all/4/mnist_test_4_00724.png,4,complete
mnist_all/4/mnist_test_4_00725.png,4,complete
mnist_all/4/mnist_test_4_00726.png,4,complete
mnist_all/4/mnist_test_4_00727.png,4,complete
mnist_all/4/mnist_test_4_00728.png,4,complete
mnist_all/4/mnist_test_4_00729.png,4,complete
mnist_all/4/mnist_test_4_00730.png,4,complete
mnist_all/4/mnist_test_4_00731.png,4,complete
mnist_all/4/mnist_test_4_00732.png,4,complete
mnist_all/4/mnist_test_4_00733.png,4,complete
mnist_all/4/mnist_test_4_00734.png,4,complete
mnist_all/4/mnist_test_4_00735.png,4,complete
mnist_all/4/mnist_test_4_00736.png,4,complete
mnist_all/4/mnist_test_4_00737.png,4,complete
mnist_all/4/mnist_test_4_00738.png,4,complete
mnist_all/4/mnist_test_4_00739.png,4,unreviewed
mnist_all/4/mnist_test_4_00740.png,4,complete
mnist_all/4/mnist_test_4_00741.png,4,complete
mnist_all/4/mnist_test_4_00742.png,4,complete
mnist_all/4/mnist_test_4_00743.png,4,complete
mnist_all/4/mnist_test_4_00744.png,4,complete
mnist_all/4/mnist_test_4_00745.png,4,complete
mnist_all/4/mnist_test_4_00746.png,4,complete
mnist_all/4/mnist_test_4_00747.png,4,complete
mnist_all/4/mnist_test_4_00748.png,4,complete
mnist_all/4/mnist_test_4_00749.png,4,complete
mnist_all/4/mnist_test_4_00750.png,4,unreviewed
mnist_all/4/mnist_test_4_00751.png,4,complete
mnist_all/4/mnist_test_4_00752.png,4,complete
mnist_all/4/mnist_test_4_00753.png,4,complete
mnist_all/4/mnist_test_4_00754.png,4,complete
mnist_all/4/mnist_test_4_00755.png,4,complete
mnist_all/4/mnist_test_4_00756.png,4,complete
mnist_all/4/mnist_test_4_00757.png,4,complete
mnist_all/4/mnist_test_4_00758.png,4,complete
mnist_all/4/mnist_test_4_00759.png,4,unreviewed
mnist_all/4/mnist_test_4_00760.png,4,complete
mnist_all/4/mnist_test_4_00761.png,4,complete
mnist_all/4/mnist_test_4_00762.png,4,complete
mnist_all/4/mnist_test_4_00763.png,4,complete
mnist_all/4/mnist_test_4_00764.png,4,complete
mnist_all/4/mnist_test_4_00765.png,4,complete
mnist_all/4/mnist_test_4_00766.png,4,complete
mnist_all/4/mnist_test_4_00767.png,4,complete
mnist_all/4/mnist_test_4_00768.png,4,complete
mnist_all/4/mnist_test_4_00769.png,4,complete
mnist_all/4/mnist_test_4_00770.png,4,complete
mnist_all/4/mnist_test_4_00771.png,4,complete
mnist_all/4/mnist_test_4_00772.png,4,complete
mnist_all/4/mnist_test_4_00773.png,4,complete
mnist_all/4/mnist_test_4_00774.png,4,complete
mnist_all/4/mnist_test_4_00775.png,4,complete
mnist_all/4/mnist_test_4_00776.png,4,complete
mnist_all/4/mnist_test_4_00777.png,4,unreviewed
mnist_all/4/mnist_test_4_00778.png,4,complete
mnist_all/4/mnist_test_4_00779.png,4,unreviewed
mnist_all/4/mnist_test_4_00780.png,4,complete
mnist_all/4/mnist_test_4_00781.png,4,complete
mnist_all/4/mnist_test_4_00782.png,4,complete
mnist_all/4/mnist_test_4_00783.png,4,complete
mnist_all/4/mnist_test_4_00784.png,4,complete
mnist_all/4/mnist_test_4_00785.png,4,complete
mnist_all/4/mnist_test_4_00786.png,4,complete
mnist_all/4/mnist_test_4_00787.png,4,complete
mnist_all/4/mnist_test_4_00788.png,4,incomplete
mnist_all/4/mnist_test_4_00789.png,4,complete
mnist_all/4/mnist_test_4_00790.png,4,complete
mnist_all/4/mnist_test_4_00791.png,4,complete
mnist_all/4/mnist_test_4_00792.png,4,complete
mnist_all/4/mnist_test_4_00793.png,4,complete
mnist_all/4/mnist_test_4_00794.png,4,complete
mnist_all/4/mnist_test_4_00795.png,4,complete
mnist_all/4/mnist_test_4_00796.png,4,complete
mnist_all/4/mnist_test_4_00797.png,4,complete
mnist_all/4/mnist_test_4_00798.png,4,complete
mnist_all/4/mnist_test_4_00799.png,4,complete
mnist_all/4/mnist_test_4_00800.png,4,complete
mnist_all/4/mnist_test_4_00801.png,4,complete
mnist_all/4/mnist_test_4_00802.png,4,complete
mnist_all/4/mnist_test_4_00803.png,4,complete
mnist_all/4/mnist_test_4_00804.png,4,complete
mnist_all/4/mnist_test_4_00805.png,4,complete
mnist_all/4/mnist_test_4_00806.png,4,complete
mnist_all/4/mnist_test_4_00807.png,4,complete
mnist_all/4/mnist_test_4_00808.png,4,complete
mnist_all/4/mnist_test_4_00809.png,4,complete
mnist_all/4/mnist_test_4_00810.png,4,complete
mnist_all/4/mnist_test_4_00811.png,4,complete
mnist_all/4/mnist_test_4_00812.png,4,complete
mnist_all/4/mnist_test_4_00813.png,4,complete
mnist_all/4/mnist_test_4_00814.png,4,complete
mnist_all/4/mnist_test_4_00815.png,4,complete
mnist_all/4/mnist_test_4_00816.png,4,complete
mnist_all/4/mnist_test_4_00817.png,4,complete
mnist_all/4/mnist_test_4_00818.png,4,complete
mnist_all/4/mnist_test_4_00819.png,4,complete
mnist_all/4/mnist_test_4_00820.png,4,complete
mnist_all/4/mnist_test_4_00821.png,4,complete
mnist_all/4/mnist_test_4_00822.png,4,complete
mnist_all/4/mnist_test_4_00823.png,4,complete
mnist_all/4/mnist_test_4_00824.png,4,complete
mnist_all/4/mnist_test_4_00825.png,4,complete
mnist_all/4/mnist_test_4_00826.png,4,complete
mnist_all/4/mnist_test_4_00827.png,4,complete
mnist_all/4/mnist_test_4_00828.png,4,complete
mnist_all/4/mnist_test_4_00829.png,4,complete
mnist_all/4/mnist_test_4_00830.png,4,complete
mnist_all/4/mnist_test_4_00831.png,4,complete
mnist_all/4/mnist_test_4_00832.png,4,complete
mnist_all/4/mnist_test_4_00833.png,4,complete
mnist_all/4/mnist_test_4_00834.png,4,complete
mnist_all/4/mnist_test_4_00835.png,4,complete
mnist_all/4/mnist_test_4_00836.png,4,complete
mnist_all/4/mnist_test_4_00837.png,4,complete
mnist_all/4/mnist_test_4_00838.png,4,complete
mnist_all/4/mnist_test_4_00839.png,4,complete
mnist_all/4/mnist_test_4_00840.png,4,complete
mnist_all/4/mnist_test_4_00841.png,4,complete
mnist_all/4/mnist_test_4_00842.png,4,complete
mnist_all/4/mnist_test_4_00843.png,4,unreviewed
mnist_all/4/mnist_test_4_00844.png,4,complete
mnist_all/4/mnist_test_4_00845.png,4,complete
mnist_all/4/mnist_test_4_00846.png,4,complete
mnist_all/4/mnist_test_4_00847.png,4,complete
mnist_all/4/mnist_test_4_00848.png,4,complete
mnist_all/4/mnist_test_4_00849.png,4,complete
mnist_all/4/mnist_test_4_00850.png,4,complete
mnist_all/4/mnist_test_4_00851.png,4,complete
mnist_all/4/mnist_test_4_00852.png,4,complete
mnist_all/4/mnist_test_4_00853.png,4,unreviewed
mnist_all/4/mnist_test_4_00854.png,4,complete
mnist_all/4/mnist_test_4_00855.png,4,complete
mnist_all/4/mnist_test_4_00856.png,4,complete
mnist_all/4/mnist_test_4_00857.png,4,complete
mnist_all/4/mnist_test_4_00858.png,4,complete
mnist_all/4/mnist_test_4_00859.png,4,complete
mnist_all/4/mnist_test_4_00860.png,4,complete
mnist_all/4/mnist_test_4_00861.png,4,complete
mnist_all/4/mnist_test_4_00862.png,4,complete
mnist_all/4/mnist_test_4_00863.png,4,complete
mnist_all/4/mnist_test_4_00864.png,4,complete
mnist_all/4/mnist_test_4_00865.png,4,complete
mnist_all/4/mnist_test_4_00866.png,4,complete
mnist_all/4/mnist_test_4_00867.png,4,complete
mnist_all/4/mnist_test_4_00868.png,4,complete
mnist_all/4/mnist_test_4_00869.png,4,complete
mnist_all/4/mnist_test_4_00870.png,4,complete
mnist_all/4/mnist_test_4_00871.png,4,complete
mnist_all/4/mnist_test_4_00872.png,4,complete
mnist_all/4/mnist_test_4_00873.png,4,complete
mnist_all/4/mnist_test_4_00874.png,4,complete
mnist_all/4/mnist_test_4_00875.png,4,complete
mnist_all/4/mnist_test_4_00876.png,4,complete
mnist_all/4/mnist_test_4_00877.png,4,complete
mnist_all/4/mnist_test_4_00878.png,4,complete
mnist_all/4/mnist_test_4_00879.png,4,complete
mnist_all/4/mnist_test_4_00880.png,4,complete
mnist_all/4/mnist_test_4_00881.png,4,complete
mnist_all/4/mnist_test_4_00882.png,4,complete
mnist_all/4/mnist_test_4_00883.png,4,complete
mnist_all/4/mnist_test_4_00884.png,4,complete
mnist_all/4/mnist_test_4_00885.png,4,complete
mnist_all/4/mnist_test_4_00886.png,4,complete
mnist_all/4/mnist_test_4_00887.png,4,complete
mnist_all/4/mnist_test_4_00888.png,4,complete
mnist_all/4/mnist_test_4_00889.png,4,complete
mnist_all/4/mnist_test_4_00890.png,4,complete
mnist_all/4/mnist_test_4_00891.png,4,complete
mnist_all/4/mnist_test_4_00892.png,4,complete
mnist_all/4/mnist_test_4_00893.png,4,complete
mnist_all/4/mnist_test_4_00894.png,4,complete
mnist_all/4/mnist_test_4_00895.png,4,complete
mnist_all/4/mnist_test_4_00896.png,4,complete
mnist_all/4/mnist_test_4_00897.png,4,complete
mnist_all/4/mnist_test_4_00898.png,4,complete
mnist_all/4/mnist_test_4_00899.png,4,complete
mnist_all/4/mnist_test_4_00900.png,4,complete
mnist_all/4/mnist_test_4_00901.png,4,complete
mnist_all/4/mnist_test_4_00902.png,4,complete
mnist_all/4/mnist_test_4_00903.png,4,complete
mnist_all/4/mnist_test_4_00904.png,4,complete
mnist_all/4/mnist_test_4_00905.png,4,complete
mnist_all/4/mnist_test_4_00906.png,4,complete
mnist_all/4/mnist_test_4_00907.png,4,complete
mnist_all/4/mnist_test_4_00908.png,4,complete
mnist_all/4/mnist_test_4_00909.png,4,complete
mnist_all/4/mnist_test_4_00910.png,4,complete
mnist_all/4/mnist_test_4_00911.png,4,complete
mnist_all/4/mnist_test_4_00912.png,4,complete
mnist_all/4/mnist_test_4_00913.png,4,complete
mnist_all/4/mnist_test_4_00914.png,4,complete
mnist_all/4/mnist_test_4_00915.png,4,complete
mnist_all/4/mnist_test_4_00916.png,4,complete
mnist_all/4/mnist_test_4_00917.png,4,complete
mnist_all/4/mnist_test_4_00918.png,4,complete
mnist_all/4/mnist_test_4_00919.png,4,complete
mnist_all/4/mnist_test_4_00920.png,4,unreviewed
mnist_all/4/mnist_test_4_00921.png,4,complete
mnist_all/4/mnist_test_4_00922.png,4,complete
mnist_all/4/mnist_test_4_00923.png,4,complete
mnist_all/4/mnist_test_4_00924.png,4,complete
mnist_all/4/mnist_test_4_00925.png,4,complete
mnist_all/4/mnist_test_4_00926.png,4,complete
mnist_all/4/mnist_test_4_00927.png,4,complete
mnist_all/4/mnist_test_4_00928.png,4,complete
mnist_all/4/mnist_test_4_00929.png,4,complete
mnist_all/4/mnist_test_4_00930.png,4,complete
mnist_all/4/mnist_test_4_00931.png,4,complete
mnist_all/4/mnist_test_4_00932.png,4,complete
mnist_all/4/mnist_test_4_00933.png,4,complete
mnist_all/4/mnist_test_4_00934.png,4,complete
mnist_all/4/mnist_test_4_00935.png,4,complete
mnist_all/4/mnist_test_4_00936.png,4,complete
mnist_all/4/mnist_test_4_00937.png,4,complete
mnist_all/4/mnist_test_4_00938.png,4,complete
mnist_all/4/mnist_test_4_00939.png,4,complete
mnist_all/4/mnist_test_4_00940.png,4,complete
mnist_all/4/mnist_test_4_00941.png,4,complete
mnist_all/4/mnist_test_4_00942.png,4,complete
mnist_all/4/mnist_test_4_00943.png,4,complete
mnist_all/4/mnist_test_4_00944.png,4,incomplete
mnist_all/4/mnist_test_4_00945.png,4,complete
mnist_all/4/mnist_test_4_00946.png,4,incomplete
mnist_all/4/mnist_test_4_00947.png,4,complete
mnist_all/4/mnist_test_4_00948.png,4,complete
mnist_all/4/mnist_test_4_00949.png,4,incomplete
mnist_all/4/mnist_test_4_00950.png,4,complete
mnist_all/4/mnist_test_4_00951.png,4,complete
mnist_all/4/mnist_test_4_00952.png,4,complete
mnist_all/4/mnist_test_4_00953.png,4,complete
mnist_all/4/mnist_test_4_00954.png,4,unreviewed
mnist_all/4/mnist_test_4_00955.png,4,complete
mnist_all/4/mnist_test_4_00956.png,4,complete
mnist_all/4/mnist_test_4_00957.png,4,complete
mnist_all/4/mnist_test_4_00958.png,4,complete
mnist_all/4/mnist_test_4_00959.png,4,complete
mnist_all/4/mnist_test_4_00960.png,4,complete
mnist_all/4/mnist_test_4_00961.png,4,complete
mnist_all/4/mnist_test_4_00962.png,4,complete
mnist_all/4/mnist_test_4_00963.png,4,complete
mnist_all/4/mnist_test_4_00964.png,4,complete
mnist_all/4/mnist_test_4_00965.png,4,complete
mnist_all/4/mnist_test_4_00966.png,4,complete
mnist_all/4/mnist_test_4_00967.png,4,complete
mnist_all/4/mnist_test_4_00968.png,4,complete
mnist_all/4/mnist_test_4_00969.png,4,incomplete
mnist_all/4/mnist_test_4_00970.png,4,incomplete
mnist_all/4/mnist_test_4_00971.png,4,complete
mnist_all/4/mnist_test_4_00972.png,4,complete
mnist_all/4/mnist_test_4_00973.png,4,complete
mnist_all/4/mnist_test_4_00974.png,4,complete
mnist_all/4/mnist_test_4_00975.png,4,complete
mnist_all/4/mnist_test_4_00976.png,4,complete
mnist_all/4/mnist_test_4_00977.png,4,complete
mnist_all/4/mnist_test_4_00978.png,4,complete
mnist_all/4/mnist_test_4_00979.png,4,complete
mnist_all/4/mnist_test_4_00980.png,4,complete
mnist_all/4/mnist_test_4_00981.png,4,complete
mnist_all/5/mnist_test_5_00000.png,5,incomplete
mnist_all/5/mnist_test_5_00001.png,5,complete
mnist_all/5/mnist_test_5_00002.png,5,complete
mnist_all/5/mnist_test_5_00003.png,5,complete
mnist_all/5/mnist_test_5_00004.png,5,complete
mnist_all/5/mnist_test_5_00005.png,5,unreviewed
mnist_all/5/mnist_test_5_00006.png,5,incomplete
mnist_all/5/mnist_test_5_00007.png,5,complete
mnist_all/5/mnist_test_5_00008.png,5,complete
mnist_all/5/mnist_test_5_00009.png,5,complete
mnist_all/5/mnist_test_5_00010.png,5,complete
mnist_all/5/mnist_test_5_00011.png,5,complete
mnist_all/5/mnist_test_5_00012.png,5,complete
mnist_all/5/mnist_test_5_00013.png,5,unreviewed
mnist_all/5/mnist_test_5_00014.png,5,unreviewed
mnist_all/5/mnist_test_5_00015.png,5,complete
mnist_all/5/mnist_test_5_00016.png,5,complete
mnist_all/5/mnist_test_5_00017.png,5,complete
mnist_all/5/mnist_test_5_00018.png,5,complete
mnist_all/5/mnist_test_5_00019.png,5,complete
mnist_all/5/mnist_test_5_00020.png,5,complete
mnist_all/5/mnist_test_5_00021.png,5,unreviewed
mnist_all/5/mnist_test_5_00022.png,5,complete
mnist_all/5/mnist_test_5_00023.png,5,complete
mnist_all/5/mnist_test_5_00024.png,5,complete
mnist_all/5/mnist_test_5_00025.png,5,complete
mnist_all/5/mnist_test_5_00026.png,5,complete
mnist_all/5/mnist_test_5_00027.png,5,unreviewed
mnist_all/5/mnist_test_5_00028.png,5,complete
mnist_all/5/mnist_test_5_00029.png,5,complete
mnist_all/5/mnist_test_5_00030.png,5,complete
mnist_all/5/mnist_test_5_00031.png,5,complete
mnist_all/5/mnist_test_5_00032.png,5,unreviewed
mnist_all/5/mnist_test_5_00033.png,5,complete
mnist_all/5/mnist_test_5_00034.png,5,complete
mnist_all/5/mnist_test_5_00035.png,5,complete
mnist_all/5/mnist_test_5_00036.png,5,complete
mnist_all/5/mnist_test_5_00037.png,5,complete
mnist_all/5/mnist_test_5_00038.png,5,complete
mnist_all/5/mnist_test_5_00039.png,5,complete
mnist_all/5/mnist_test_5_00040.png,5,complete
mnist_all/5/mnist_test_5_00041.png,5,complete
mnist_all/5/mnist_test_5_00042.png,5,complete
mnist_all/5/mnist_test_5_00043.png,5,complete
mnist_all/5/mnist_test_5_00044.png,5,complete
mnist_all/5/mnist_test_5_00045.png,5,complete
mnist_all/5/mnist_test_5_00046.png,5,complete
mnist_all/5/mnist_test_5_00047.png,5,complete
mnist_all/5/mnist_test_5_00048.png,5,unreviewed
mnist_all/5/mnist_test_5_00049.png,5,complete
mnist_all/5/mnist_test_5_00050.png,5,complete
mnist_all/5/mnist_test_5_00051.png,5,unreviewed
mnist_all/5/mnist_test_5_00052.png,5,complete
mnist_all/5/mnist_test_5_00053.png,5,complete
mnist_all/5/mnist_test_5_00054.png,5,complete
mnist_all/5/mnist_test_5_00055.png,5,complete
mnist_all/5/mnist_test_5_00056.png,5,complete
mnist_all/5/mnist_test_5_00057.png,5,complete
mnist_all/5/mnist_test_5_00058.png,5,complete
mnist_all/5/mnist_test_5_00059.png,5,complete
mnist_all/5/mnist_test_5_00060.png,5,complete
mnist_all/5/mnist_test_5_00061.png,5,complete
mnist_all/5/mnist_test_5_00062.png,5,complete
mnist_all/5/mnist_test_5_00063.png,5,incomplete
mnist_all/5/mnist_test_5_00064.png,5,complete
mnist_all/5/mnist_test_5_00065.png,5,complete
mnist_all/5/mnist_test_5_00066.png,5,complete
mnist_all/5/mnist_test_5_00067.png,5,complete
mnist_all/5/mnist_test_5_00068.png,5,complete
mnist_all/5/mnist_test_5_00069.png,5,complete
mnist_all/5/mnist_test_5_00070.png,5,complete
mnist_all/5/mnist_test_5_00071.png,5,complete
mnist_all/5/mnist_test_5_00072.png,5,complete
mnist_all/5/mnist_test_5_00073.png,5,incomplete
mnist_all/5/mnist_test_5_00074.png,5,incomplete
mnist_all/5/mnist_test_5_00075.png,5,unreviewed
mnist_all/5/mnist_test_5_00076.png,5,incomplete
mnist_all/5/mnist_test_5_00077.png,5,complete
mnist_all/5/mnist_test_5_00078.png,5,unreviewed
mnist_all/5/mnist_test_5_00079.png,5,complete
mnist_all/5/mnist_test_5_00080.png,5,unreviewed
mnist_all/5/mnist_test_5_00081.png,5,unreviewed
mnist_all/5/mnist_test_5_00082.png,5,complete
mnist_all/5/mnist_test_5_00083.png,5,complete
mnist_all/5/mnist_test_5_00084.png,5,complete
mnist_all/5/mnist_test_5_00085.png,5,complete
mnist_all/5/mnist_test_5_00086.png,5,complete
mnist_all/5/mnist_test_5_00087.png,5,complete
mnist_all/5/mnist_test_5_00088.png,5,complete
mnist_all/5/mnist_test_5_00089.png,5,complete
mnist_all/5/mnist_test_5_00090.png,5,complete
mnist_all/5/mnist_test_5_00091.png,5,complete
mnist_all/5/mnist_test_5_00092.png,5,complete
mnist_all/5/mnist_test_5_00093.png,5,complete
mnist_all/5/mnist_test_5_00094.png,5,complete
mnist_all/5/mnist_test_5_00095.png,5,complete
mnist_all/5/mnist_test_5_00096.png,5,complete
mnist_all/5/mnist_test_5_00097.png,5,complete
mnist_all/5/mnist_test_5_00098.png,5,unreviewed
mnist_all/5/mnist_test_5_00099.png,5,complete
mnist_all/5/mnist_test_5_00100.png,5,unreviewed
mnist_all/5/mnist_test_5_00101.png,5,complete
mnist_all/5/mnist_test_5_00102.png,5,complete
mnist_all/5/mnist_test_5_00103.png,5,complete
mnist_all/5/mnist_test_5_00104.png,5,complete
mnist_all/5/mnist_test_5_00105.png,5,complete
mnist_all/5/mnist_test_5_00106.png,5,complete
mnist_all/5/mnist_test_5_00107.png,5,complete
mnist_all/5/mnist_test_5_00108.png,5,complete
mnist_all/5/mnist_test_5_00109.png,5,complete
mnist_all/5/mnist_test_5_00110.png,5,complete
mnist_all/5/mnist_test_5_00111.png,5,complete
mnist_all/5/mnist_test_5_00112.png,5,complete
mnist_all/5/mnist_test_5_00113.png,5,complete
mnist_all/5/mnist_test_5_00114.png,5,complete
mnist_all/5/mnist_test_5_00115.png,5,complete
mnist_all/5/mnist_test_5_00116.png,5,complete
mnist_all/5/mnist_test_5_00117.png,5,unreviewed
mnist_all/5/mnist_test_5_00118.png,5,complete
mnist_all/5/mnist_test_5_00119.png,5,complete
mnist_all/5/mnist_test_5_00120.png,5,complete
mnist_all/5/mnist_test_5_00121.png,5,complete
mnist_all/5/mnist_test_5_00122.png,5,complete
mnist_all/5/mnist_test_5_00123.png,5,complete
mnist_all/5/mnist_test_5_00124.png,5,complete
mnist_all/5/mnist_test_5_00125.png,5,incomplete
mnist_all/5/mnist_test_5_00126.png,5,complete
mnist_all/5/mnist_test_5_00127.png,5,complete
mnist_all/5/mnist_test_5_00128.png,5,complete
mnist_all/5/mnist_test_5_00129.png,5,complete
mnist_all/5/mnist_test_5_00130.png,5,complete
mnist_all/5/mnist_test_5_00131.png,5,complete
mnist_all/5/mnist_test_5_00132.png,5,complete
mnist_all/5/mnist_test_5_00133.png,5,complete
mnist_all/5/mnist_test_5_00134.png,5,complete
mnist_all/5/mnist_test_5_00135.png,5,complete
mnist_all/5/mnist_test_5_00136.png,5,complete
mnist_all/5/mnist_test_5_00137.png,5,complete
mnist_all/5/mnist_test_5_00138.png,5,unreviewed
mnist_all/5/mnist_test_5_00139.png,5,complete
mnist_all/5/mnist_test_5_00140.png,5,complete
mnist_all/5/mnist_test_5_00141.png,5,complete
mnist_all/5/mnist_test_5_00142.png,5,unreviewed
mnist_all/5/mnist_test_5_00143.png,5,complete
mnist_all/5/mnist_test_5_00144.png,5,complete
mnist_all/5/mnist_test_5_00145.png,5,complete
mnist_all/5/mnist_test_5_00146.png,5,complete
mnist_all/5/mnist_test_5_00147.png,5,complete
mnist_all/5/mnist_test_5_00148.png,5,complete
mnist_all/5/mnist_test_5_00149.png,5,complete
mnist_all/5/mnist_test_5_00150.png,5,complete
mnist_all/5/mnist_test_5_00151.png,5,complete
mnist_all/5/mnist_test_5_00152.png,5,complete
mnist_all/5/mnist_test_5_00153.png,5,complete
mnist_all/5/mnist_test_5_00154.png,5,incomplete
mnist_all/5/mnist_test_5_00155.png,5,complete
mnist_all/5/mnist_test_5_00156.png,5,complete
mnist_all/5/mnist_test_5_00157.png,5,complete
mnist_all/5/mnist_test_5_00158.png,5,unreviewed
mnist_all/5/mnist_test_5_00159.png,5,complete
mnist_all/5/mnist_test_5_00160.png,5,complete
mnist_all/5/mnist_test_5_00161.png,5,unreviewed
mnist_all/5/mnist_test_5_00162.png,5,complete
mnist_all/5/mnist_test_5_00163.png,5,unreviewed
mnist_all/5/mnist_test_5_00164.png,5,complete
mnist_all/5/mnist_test_5_00165.png,5,unreviewed
mnist_all/5/mnist_test_5_00166.png,5,complete
mnist_all/5/mnist_test_5_00167.png,5,complete
mnist_all/5/mnist_test_5_00168.png,5,complete
mnist_all/5/mnist_test_5_00169.png,5,complete
mnist_all/5/mnist_test_5_00170.png,5,unreviewed
mnist_all/5/mnist_test_5_00171.png,5,complete
mnist_all/5/mnist_test_5_00172.png,5,unreviewed
mnist_all/5/mnist_test_5_00173.png,5,incomplete
mnist_all/5/mnist_test_5_00174.png,5,incomplete
mnist_all/5/mnist_test_5_00175.png,5,complete
mnist_all/5/mnist_test_5_00176.png,5,complete
mnist_all/5/mnist_test_5_00177.png,5,complete
mnist_all/5/mnist_test_5_00178.png,5,complete
mnist_all/5/mnist_test_5_00179.png,5,complete
mnist_all/5/mnist_test_5_00180.png,5,complete
mnist_all/5/mnist_test_5_00181.png,5,complete
mnist_all/5/mnist_test_5_00182.png,5,complete
mnist_all/5/mnist_test_5_00183.png,5,complete
mnist_all/5/mnist_test_5_00184.png,5,complete
mnist_all/5/mnist_test_5_00185.png,5,complete
mnist_all/5/mnist_test_5_00186.png,5,complete
mnist_all/5/mnist_test_5_00187.png,5,complete
mnist_all/5/mnist_test_5_00188.png,5,complete
mnist_all/5/mnist_test_5_00189.png,5,complete
mnist_all/5/mnist_test_5_00190.png,5,complete
mnist_all/5/mnist_test_5_00191.png,5,complete
mnist_all/5/mnist_test_5_00192.png,5,complete
mnist_all/5/mnist_test_5_00193.png,5,complete
mnist_all/5/mnist_test_5_00194.png,5,complete
mnist_all/5/mnist_test_5_00195.png,5,unreviewed
mnist_all/5/mnist_test_5_00196.png,5,complete
mnist_all/5/mnist_test_5_00197.png,5,complete
mnist_all/5/mnist_test_5_00198.png,5,complete
mnist_all/5/mnist_test_5_00199.png,5,unreviewed
mnist_all/5/mnist_test_5_00200.png,5,complete
mnist_all/5/mnist_test_5_00201.png,5,complete
mnist_all/5/mnist_test_5_00202.png,5,complete
mnist_all/5/mnist_test_5_00203.png,5,complete
mnist_all/5/mnist_test_5_00204.png,5,complete
mnist_all/5/mnist_test_5_00205.png,5,complete
mnist_all/5/mnist_test_5_00206.png,5,complete
mnist_all/5/mnist_test_5_00207.png,5,complete
mnist_all/5/mnist_test_5_00208.png,5,complete
mnist_all/5/mnist_test_5_00209.png,5,complete
mnist_all/5/mnist_test_5_00210.png,5,complete
mnist_all/5/mnist_test_5_00211.png,5,unreviewed
mnist_all/5/mnist_test_5_00212.png,5,complete
mnist_all/5/mnist_test_5_00213.png,5,complete
mnist_all/5/mnist_test_5_00214.png,5,unreviewed
mnist_all/5/mnist_test_5_00215.png,5,complete
mnist_all/5/mnist_test_5_00216.png,5,complete
mnist_all/5/mnist_test_5_00217.png,5,complete
mnist_all/5/mnist_test_5_00218.png,5,complete
mnist_all/5/mnist_test_5_00219.png,5,complete
mnist_all/5/mnist_test_5_00220.png,5,complete
mnist_all/5/mnist_test_5_00221.png,5,complete
mnist_all/5/mnist_test_5_00222.png,5,complete
mnist_all/5/mnist_test_5_00223.png,5,complete
mnist_all/5/mnist_test_5_00224.png,5,complete
mnist_all/5/mnist_test_5_00225.png,5,complete
mnist_all/5/mnist_test_5_00226.png,5,complete
mnist_all/5/mnist_test_5_00227.png,5,unreviewed
mnist_all/5/mnist_test_5_00228.png,5,complete
mnist_all/5/mnist_test_5_00229.png,5,complete
mnist_all/5/mnist_test_5_00230.png,5,complete
mnist_all/5/mnist_test_5_00231.png,5,complete
mnist_all/5/mnist_test_5_00232.png,5,complete
mnist_all/5/mnist_test_5_00233.png,5,complete
mnist_all/5/mnist_test_5_00234.png,5,complete
mnist_all/5/mnist_test_5_00235.png,5,complete
mnist_all/5/mnist_test_5_00236.png,5,complete
mnist_all/5/mnist_test_5_00237.png,5,incomplete
mnist_all/5/mnist_test_5_00238.png,5,complete
mnist_all/5/mnist_test_5_00239.png,5,complete
mnist_all/5/mnist_test_5_00240.png,5,unreviewed
mnist_all/5/mnist_test_5_00241.png,5,complete
mnist_all/5/mnist_test_5_00242.png,5,complete
mnist_all/5/mnist_test_5_00243.png,5,complete
mnist_all/5/mnist_test_5_00244.png,5,complete
mnist_all/5/mnist_test_5_00245.png,5,complete
mnist_all/5/mnist_test_5_00246.png,5,complete
mnist_all/5/mnist_test_5_00247.png,5,complete
mnist_all/5/mnist_test_5_00248.png,5,unreviewed
mnist_all/5/mnist_test_5_00249.png,5,unreviewed
mnist_all/5/mnist_test_5_00250.png,5,complete
mnist_all/5/mnist_test_5_00251.png,5,complete
mnist_all/5/mnist_test_5_00252.png,5,unreviewed
mnist_all/5/mnist_test_5_00253.png,5,complete
mnist_all/5/mnist_test_5_00254.png,5,complete
mnist_all/5/mnist_test_5_00255.png,5,complete
mnist_all/5/mnist_test_5_00256.png,5,complete
mnist_all/5/mnist_test_5_00257.png,5,complete
mnist_all/5/mnist_test_5_00258.png,5,complete
mnist_all/5/mnist_test_5_00259.png,5,complete
mnist_all/5/mnist_test_5_00260.png,5,complete
mnist_all/5/mnist_test_5_00261.png,5,complete
mnist_all/5/mnist_test_5_00262.png,5,complete
mnist_all/5/mnist_test_5_00263.png,5,complete
mnist_all/5/mnist_test_5_00264.png,5,complete
mnist_all/5/mnist_test_5_00265.png,5,complete
mnist_all/5/mnist_test_5_00266.png,5,complete
mnist_all/5/mnist_test_5_00267.png,5,complete
mnist_all/5/mnist_test_5_00268.png,5,complete
mnist_all/5/mnist_test_5_00269.png,5,complete
mnist_all/5/mnist_test_5_00270.png,5,complete
mnist_all/5/mnist_test_5_00271.png,5,complete
mnist_all/5/mnist_test_5_00272.png,5,complete
mnist_all/5/mnist_test_5_00273.png,5,incomplete
mnist_all/5/mnist_test_5_00274.png,5,incomplete
mnist_all/5/mnist_test_5_00275.png,5,complete
mnist_all/5/mnist_test_5_00276.png,5,complete
mnist_all/5/mnist_test_5_00277.png,5,complete
mnist_all/5/mnist_test_5_00278.png,5,incomplete
mnist_all/5/mnist_test_5_00279.png,5,unreviewed
mnist_all/5/mnist_test_5_00280.png,5,unreviewed
mnist_all/5/mnist_test_5_00281.png,5,complete
mnist_all/5/mnist_test_5_00282.png,5,unreviewed
mnist_all/5/mnist_test_5_00283.png,5,complete
mnist_all/5/mnist_test_5_00284.png,5,complete
mnist_all/5/mnist_test_5_00285.png,5,complete
mnist_all/5/mnist_test_5_00286.png,5,complete
mnist_all/5/mnist_test_5_00287.png,5,complete
mnist_all/5/mnist_test_5_00288.png,5,complete
mnist_all/5/mnist_test_5_00289.png,5,complete
mnist_all/5/mnist_test_5_00290.png,5,complete
mnist_all/5/mnist_test_5_00291.png,5,incomplete
mnist_all/5/mnist_test_5_00292.png,5,complete
mnist_all/5/mnist_test_5_00293.png,5,complete
mnist_all/5/mnist_test_5_00294.png,5,complete
mnist_all/5/mnist_test_5_00295.png,5,unreviewed
mnist_all/5/mnist_test_5_00296.png,5,unreviewed
mnist_all/5/mnist_test_5_00297.png,5,complete
mnist_all/5/mnist_test_5_00298.png,5,unreviewed
mnist_all/5/mnist_test_5_00299.png,5,complete
mnist_all/5/mnist_test_5_00300.png,5,complete
mnist_all/5/mnist_test_5_00301.png,5,complete
mnist_all/5/mnist_test_5_00302.png,5,complete
mnist_all/5/mnist_test_5_00303.png,5,complete
mnist_all/5/mnist_test_5_00304.png,5,complete
mnist_all/5/mnist_test_5_00305.png,5,complete
mnist_all/5/mnist_test_5_00306.png,5,complete
mnist_all/5/mnist_test_5_00307.png,5,unreviewed
mnist_all/5/mnist_test_5_00308.png,5,unreviewed
mnist_all/5/mnist_test_5_00309.png,5,unreviewed
mnist_all/5/mnist_test_5_00310.png,5,unreviewed
mnist_all/5/mnist_test_5_00311.png,5,complete
mnist_all/5/mnist_test_5_00312.png,5,complete
mnist_all/5/mnist_test_5_00313.png,5,complete
mnist_all/5/mnist_test_5_00314.png,5,complete
mnist_all/5/mnist_test_5_00315.png,5,complete
mnist_all/5/mnist_test_5_00316.png,5,complete
mnist_all/5/mnist_test_5_00317.png,5,unreviewed
mnist_all/5/mnist_test_5_00318.png,5,complete
mnist_all/5/mnist_test_5_00319.png,5,complete
mnist_all/5/mnist_test_5_00320.png,5,complete
mnist_all/5/mnist_test_5_00321.png,5,incomplete
mnist_all/5/mnist_test_5_00322.png,5,complete
mnist_all/5/mnist_test_5_00323.png,5,complete
mnist_all/5/mnist_test_5_00324.png,5,complete
mnist_all/5/mnist_test_5_00325.png,5,complete
mnist_all/5/mnist_test_5_00326.png,5,complete
mnist_all/5/mnist_test_5_00327.png,5,complete
mnist_all/5/mnist_test_5_00328.png,5,complete
mnist_all/5/mnist_test_5_00329.png,5,complete
mnist_all/5/mnist_test_5_00330.png,5,complete
mnist_all/5/mnist_test_5_00331.png,5,complete
mnist_all/5/mnist_test_5_00332.png,5,complete
mnist_all/5/mnist_test_5_00333.png,5,complete
mnist_all/5/mnist_test_5_00334.png,5,complete
mnist_all/5/mnist_test_5_00335.png,5,complete
mnist_all/5/mnist_test_5_00336.png,5,complete
mnist_all/5/mnist_test_5_00337.png,5,complete
mnist_all/5/mnist_test_5_00338.png,5,complete
mnist_all/5/mnist_test_5_00339.png,5,incomplete
mnist_all/5/mnist_test_5_00340.png,5,unreviewed
mnist_all/5/mnist_test_5_00341.png,5,complete
mnist_all/5/mnist_test_5_00342.png,5,unreviewed
mnist_all/5/mnist_test_5_00343.png,5,unreviewed
mnist_all/5/mnist_test_5_00344.png,5,complete
mnist_all/5/mnist_test_5_00345.png,5,complete
mnist_all/5/mnist_test_5_00346.png,5,complete
mnist_all/5/mnist_test_5_00347.png,5,complete
mnist_all/5/mnist_test_5_00348.png,5,unreviewed
mnist_all/5/mnist_test_5_00349.png,5,complete
mnist_all/5/mnist_test_5_00350.png,5,complete
mnist_all/5/mnist_test_5_00351.png,5,unreviewed
mnist_all/5/mnist_test_5_00352.png,5,complete
mnist_all/5/mnist_test_5_00353.png,5,complete
mnist_all/5/mnist_test_5_00354.png,5,complete
mnist_all/5/mnist_test_5_00355.png,5,unreviewed
mnist_all/5/mnist_test_5_00356.png,5,complete
mnist_all/5/mnist_test_5_00357.png,5,complete
mnist_all/5/mnist_test_5_00358.png,5,unreviewed
mnist_all/5/mnist_test_5_00359.png,5,complete
mnist_all/5/mnist_test_5_00360.png,5,complete
mnist_all/5/mnist_test_5_00361.png,5,complete
mnist_all/5/mnist_test_5_00362.png,5,complete
mnist_all/5/mnist_test_5_00363.png,5,complete
mnist_all/5/mnist_test_5_00364.png,5,complete
mnist_all/5/mnist_test_5_00365.png,5,complete
mnist_all/5/mnist_test_5_00366.png,5,complete
mnist_all/5/mnist_test_5_00367.png,5,complete
mnist_all/5/mnist_test_5_00368.png,5,complete
mnist_all/5/mnist_test_5_00369.png,5,unreviewed
mnist_all/5/mnist_test_5_00370.png,5,complete
mnist_all/5/mnist_test_5_00371.png,5,unreviewed
mnist_all/5/mnist_test_5_00372.png,5,unreviewed
mnist_all/5/mnist_test_5_00373.png,5,unreviewed
mnist_all/5/mnist_test_5_00374.png,5,complete
mnist_all/5/mnist_test_5_00375.png,5,complete
mnist_all/5/mnist_test_5_00376.png,5,complete
mnist_all/5/mnist_test_5_00377.png,5,complete
mnist_all/5/mnist_test_5_00378.png,5,complete
mnist_all/5/mnist_test_5_00379.png,5,unreviewed
mnist_all/5/mnist_test_5_00380.png,5,complete
mnist_all/5/mnist_test_5_00381.png,5,complete
mnist_all/5/mnist_test_5_00382.png,5,unreviewed
mnist_all/5/mnist_test_5_00383.png,5,complete
mnist_all/5/mnist_test_5_00384.png,5,unreviewed
mnist_all/5/mnist_test_5_00385.png,5,complete
mnist_all/5/mnist_test_5_00386.png,5,complete
mnist_all/5/mnist_test_5_00387.png,5,unreviewed
mnist_all/5/mnist_test_5_00388.png,5,complete
mnist_all/5/mnist_test_5_00389.png,5,complete
mnist_all/5/mnist_test_5_00390.png,5,complete
mnist_all/5/mnist_test_5_00391.png,5,unreviewed
mnist_all/5/mnist_test_5_00392.png,5,complete
mnist_all/5/mnist_test_5_00393.png,5,complete
mnist_all/5/mnist_test_5_00394.png,5,complete
mnist_all/5/mnist_test_5_00395.png,5,complete
mnist_all/5/mnist_test_5_00396.png,5,unreviewed
mnist_all/5/mnist_test_5_00397.png,5,complete
mnist_all/5/mnist_test_5_00398.png,5,complete
mnist_all/5/mnist_test_5_00399.png,5,complete
mnist_all/5/mnist_test_5_00400.png,5,complete
mnist_all/5/mnist_test_5_00401.png,5,complete
mnist_all/5/mnist_test_5_00402.png,5,complete
mnist_all/5/mnist_test_5_00403.png,5,complete
mnist_all/5/mnist_test_5_00404.png,5,complete
mnist_all/5/mnist_test_5_00405.png,5,complete
mnist_all/5/mnist_test_5_00406.png,5,unreviewed
mnist_all/5/mnist_test_5_00407.png,5,complete
mnist_all/5/mnist_test_5_00408.png,5,complete
mnist_all/5/mnist_test_5_00409.png,5,complete
mnist_all/5/mnist_test_5_00410.png,5,unreviewed
mnist_all/5/mnist_test_5_00411.png,5,complete
mnist_all/5/mnist_test_5_00412.png,5,complete
mnist_all/5/mnist_test_5_00413.png,5,complete
mnist_all/5/mnist_test_5_00414.png,5,complete
mnist_all/5/mnist_test_5_00415.png,5,complete
mnist_all/5/mnist_test_5_00416.png,5,unreviewed
mnist_all/5/mnist_test_5_00417.png,5,complete
mnist_all/5/mnist_test_5_00418.png,5,complete
mnist_all/5/mnist_test_5_00419.png,5,unreviewed
mnist_all/5/mnist_test_5_00420.png,5,unreviewed
mnist_all/5/mnist_test_5_00421.png,5,complete
mnist_all/5/mnist_test_5_00422.png,5,complete
mnist_all/5/mnist_test_5_00423.png,5,complete
mnist_all/5/mnist_test_5_00424.png,5,unreviewed
mnist_all/5/mnist_test_5_00425.png,5,complete
mnist_all/5/mnist_test_5_00426.png,5,complete
mnist_all/5/mnist_test_5_00427.png,5,complete
mnist_all/5/mnist_test_5_00428.png,5,complete
mnist_all/5/mnist_test_5_00429.png,5,complete
mnist_all/5/mnist_test_5_00430.png,5,complete
mnist_all/5/mnist_test_5_00431.png,5,complete
mnist_all/5/mnist_test_5_00432.png,5,complete
mnist_all/5/mnist_test_5_00433.png,5,incomplete
mnist_all/5/mnist_test_5_00434.png,5,complete
mnist_all/5/mnist_test_5_00435.png,5,unreviewed
mnist_all/5/mnist_test_5_00436.png,5,complete
mnist_all/5/mnist_test_5_00437.png,5,unreviewed
mnist_all/5/mnist_test_5_00438.png,5,complete
mnist_all/5/mnist_test_5_00439.png,5,complete
mnist_all/5/mnist_test_5_00440.png,5,complete
mnist_all/5/mnist_test_5_00441.png,5,complete
mnist_all/5/mnist_test_5_00442.png,5,unreviewed
mnist_all/5/mnist_test_5_00443.png,5,unreviewed
mnist_all/5/mnist_test_5_00444.png,5,complete
mnist_all/5/mnist_test_5_00445.png,5,complete
mnist_all/5/mnist_test_5_00446.png,5,complete
mnist_all/5/mnist_test_5_00447.png,5,unreviewed
mnist_all/5/mnist_test_5_00448.png,5,complete
mnist_all/5/mnist_test_5_00449.png,5,unreviewed
mnist_all/5/mnist_test_5_00450.png,5,complete
mnist_all/5/mnist_test_5_00451.png,5,complete
mnist_all/5/mnist_test_5_00452.png,5,complete
mnist_all/5/mnist_test_5_00453.png,5,unreviewed
mnist_all/5/mnist_test_5_00454.png,5,complete
mnist_all/5/mnist_test_5_00455.png,5,complete
mnist_all/5/mnist_test_5_00456.png,5,complete
mnist_all/5/mnist_test_5_00457.png,5,complete
mnist_all/5/mnist_test_5_00458.png,5,complete
mnist_all/5/mnist_test_5_00459.png,5,complete
mnist_all/5/mnist_test_5_00460.png,5,complete
mnist_all/5/mnist_test_5_00461.png,5,complete
mnist_all/5/mnist_test_5_00462.png,5,complete
mnist_all/5/mnist_test_5_00463.png,5,complete
mnist_all/5/mnist_test_5_00464.png,5,complete
mnist_all/5/mnist_test_5_00465.png,5,complete
mnist_all/5/mnist_test_5_00466.png,5,complete
mnist_all/5/mnist_test_5_00467.png,5,complete
mnist_all/5/mnist_test_5_00468.png,5,complete
mnist_all/5/mnist_test_5_00469.png,5,complete
mnist_all/5/mnist_test_5_00470.png,5,complete
mnist_all/5/mnist_test_5_00471.png,5,complete
mnist_all/5/mnist_test_5_00472.png,5,complete
mnist_all/5/mnist_test_5_00473.png,5,complete
mnist_all/5/mnist_test_5_00474.png,5,complete
mnist_all/5/mnist_test_5_00475.png,5,complete
mnist_all/5/mnist_test_5_00476.png,5,complete
mnist_all/5/mnist_test_5_00477.png,5,complete
mnist_all/5/mnist_test_5_00478.png,5,complete
mnist_all/5/mnist_test_5_00479.png,5,complete
mnist_all/5/mnist_test_5_00480.png,5,complete
mnist_all/5/mnist_test_5_00481.png,5,complete
mnist_all/5/mnist_test_5_00482.png,5,complete
mnist_all/5/mnist_test_5_00483.png,5,complete
mnist_all/5/mnist_test_5_00484.png,5,complete
mnist_all/5/mnist_test_5_00485.png,5,complete
mnist_all/5/mnist_test_5_00486.png,5,complete
mnist_all/5/mnist_test_5_00487.png,5,complete
mnist_all/5/mnist_test_5_00488.png,5,complete
mnist_all/5/mnist_test_5_00489.png,5,complete
mnist_all/5/mnist_test_5_00490.png,5,complete
mnist_all/5/mnist_test_5_00491.png,5,complete
mnist_all/5/mnist_test_5_00492.png,5,complete
mnist_all/5/mnist_test_5_00493.png,5,complete
mnist_all/5/mnist_test_5_00494.png,5,complete
mnist_all/5/mnist_test_5_00495.png,5,complete
mnist_all/5/mnist_test_5_00496.png,5,complete
mnist_all/5/mnist_test_5_00497.png,5,complete
mnist_all/5/mnist_test_5_00498.png,5,complete
mnist_all/5/mnist_test_5_00499.png,5,complete
mnist_all/5/mnist_test_5_00500.png,5,complete
mnist_all/5/mnist_test_5_00501.png,5,complete
mnist_all/5/mnist_test_5_00502.png,5,unreviewed
mnist_all/5/mnist_test_5_00503.png,5,complete
mnist_all/5/mnist_test_5_00504.png,5,complete
mnist_all/5/mnist_test_5_00505.png,5,complete
mnist_all/5/mnist_test_5_00506.png,5,complete
mnist_all/5/mnist_test_5_00507.png,5,complete
mnist_all/5/mnist_test_5_00508.png,5,incomplete
mnist_all/5/mnist_test_5_00509.png,5,incomplete
mnist_all/5/mnist_test_5_00510.png,5,complete
mnist_all/5/mnist_test_5_00511.png,5,complete
mnist_all/5/mnist_test_5_00512.png,5,unreviewed
mnist_all/5/mnist_test_5_00513.png,5,complete
mnist_all/5/mnist_test_5_00514.png,5,complete
mnist_all/5/mnist_test_5_00515.png,5,complete
mnist_all/5/mnist_test_5_00516.png,5,complete
mnist_all/5/mnist_test_5_00517.png,5,incomplete
mnist_all/5/mnist_test_5_00518.png,5,incomplete
mnist_all/5/mnist_test_5_00519.png,5,complete
mnist_all/5/mnist_test_5_00520.png,5,incomplete
mnist_all/5/mnist_test_5_00521.png,5,incomplete
mnist_all/5/mnist_test_5_00522.png,5,incomplete
mnist_all/5/mnist_test_5_00523.png,5,complete
mnist_all/5/mnist_test_5_00524.png,5,complete
mnist_all/5/mnist_test_5_00525.png,5,complete
mnist_all/5/mnist_test_5_00526.png,5,complete
mnist_all/5/mnist_test_5_00527.png,5,unreviewed
mnist_all/5/mnist_test_5_00528.png,5,complete
mnist_all/5/mnist_test_5_00529.png,5,unreviewed
mnist_all/5/mnist_test_5_00530.png,5,complete
mnist_all/5/mnist_test_5_00531.png,5,complete
mnist_all/5/mnist_test_5_00532.png,5,complete
mnist_all/5/mnist_test_5_00533.png,5,complete
mnist_all/5/mnist_test_5_00534.png,5,complete
mnist_all/5/mnist_test_5_00535.png,5,complete
mnist_all/5/mnist_test_5_00536.png,5,complete
mnist_all/5/mnist_test_5_00537.png,5,complete
mnist_all/5/mnist_test_5_00538.png,5,complete
mnist_all/5/mnist_test_5_00539.png,5,unreviewed
mnist_all/5/mnist_test_5_00540.png,5,complete
mnist_all/5/mnist_test_5_00541.png,5,complete
mnist_all/5/mnist_test_5_00542.png,5,complete
mnist_all/5/mnist_test_5_00543.png,5,complete
mnist_all/5/mnist_test_5_00544.png,5,complete
mnist_all/5/mnist_test_5_00545.png,5,complete
mnist_all/5/mnist_test_5_00546.png,5,complete
mnist_all/5/mnist_test_5_00547.png,5,complete
mnist_all/5/mnist_test_5_00548.png,5,complete
mnist_all/5/mnist_test_5_00549.png,5,complete
mnist_all/5/mnist_test_5_00550.png,5,complete
mnist_all/5/mnist_test_5_00551.png,5,complete
mnist_all/5/mnist_test_5_00552.png,5,complete
mnist_all/5/mnist_test_5_00553.png,5,complete
mnist_all/5/mnist_test_5_00554.png,5,complete
mnist_all/5/mnist_test_5_00555.png,5,complete
mnist_all/5/mnist_test_5_00556.png,5,complete
mnist_all/5/mnist_test_5_00557.png,5,complete
mnist_all/5/mnist_test_5_00558.png,5,complete
mnist_all/5/mnist_test_5_00559.png,5,complete
mnist_all/5/mnist_test_5_00560.png,5,complete
mnist_all/5/mnist_test_5_00561.png,5,complete
mnist_all/5/mnist_test_5_00562.png,5,complete
mnist_all/5/mnist_test_5_00563.png,5,complete
mnist_all/5/mnist_test_5_00564.png,5,complete
mnist_all/5/mnist_test_5_00565.png,5,complete
mnist_all/5/mnist_test_5_00566.png,5,complete
mnist_all/5/mnist_test_5_00567.png,5,complete
mnist_all/5/mnist_test_5_00568.png,5,complete
mnist_all/5/mnist_test_5_00569.png,5,complete
mnist_all/5/mnist_test_5_00570.png,5,complete
mnist_all/5/mnist_test_5_00571.png,5,complete
mnist_all/5/mnist_test_5_00572.png,5,complete
mnist_all/5/mnist_test_5_00573.png,5,complete
mnist_all/5/mnist_test_5_00574.png,5,complete
mnist_all/5/mnist_test_5_00575.png,5,complete
mnist_all/5/mnist_test_5_00576.png,5,complete
mnist_all/5/mnist_test_5_00577.png,5,complete
mnist_all/5/mnist_test_5_00578.png,5,complete
mnist_all/5/mnist_test_5_00579.png,5,complete
mnist_all/5/mnist_test_5_00580.png,5,incomplete
mnist_all/5/mnist_test_5_00581.png,5,complete
mnist_all/5/mnist_test_5_00582.png,5,complete
mnist_all/5/mnist_test_5_00583.png,5,complete
mnist_all/5/mnist_test_5_00584.png,5,complete
mnist_all/5/mnist_test_5_00585.png,5,complete
mnist_all/5/mnist_test_5_00586.png,5,complete
mnist_all/5/mnist_test_5_00587.png,5,complete
mnist_all/5/mnist_test_5_00588.png,5,complete
mnist_all/5/mnist_test_5_00589.png,5,complete
mnist_all/5/mnist_test_5_00590.png,5,complete
mnist_all/5/mnist_test_5_00591.png,5,complete
mnist_all/5/mnist_test_5_00592.png,5,complete
mnist_all/5/mnist_test_5_00593.png,5,complete
mnist_all/5/mnist_test_5_00594.png,5,complete
mnist_all/5/mnist_test_5_00595.png,5,complete
mnist_all/5/mnist_test_5_00596.png,5,complete
mnist_all/5/mnist_test_5_00597.png,5,complete
mnist_all/5/mnist_test_5_00598.png,5,unreviewed
mnist_all/5/mnist_test_5_00599.png,5,unreviewed
mnist_all/5/mnist_test_5_00600.png,5,incomplete
mnist_all/5/mnist_test_5_00601.png,5,incomplete
mnist_all/5/mnist_test_5_00602.png,5,incomplete
mnist_all/5/mnist_test_5_00603.png,5,unreviewed
mnist_all/5/mnist_test_5_00604.png,5,unreviewed
mnist_all/5/mnist_test_5_00605.png,5,unreviewed
mnist_all/5/mnist_test_5_00606.png,5,complete
mnist_all/5/mnist_test_5_00607.png,5,complete
mnist_all/5/mnist_test_5_00608.png,5,complete
mnist_all/5/mnist_test_5_00609.png,5,unreviewed
mnist_all/5/mnist_test_5_00610.png,5,complete
mnist_all/5/mnist_test_5_00611.png,5,complete
mnist_all/5/mnist_test_5_00612.png,5,complete
mnist_all/5/mnist_test_5_00613.png,5,complete
mnist_all/5/mnist_test_5_00614.png,5,complete
mnist_all/5/mnist_test_5_00615.png,5,complete
mnist_all/5/mnist_test_5_00616.png,5,complete
mnist_all/5/mnist_test_5_00617.png,5,complete
mnist_all/5/mnist_test_5_00618.png,5,complete
mnist_all/5/mnist_test_5_00619.png,5,complete
mnist_all/5/mnist_test_5_00620.png,5,complete
mnist_all/5/mnist_test_5_00621.png,5,complete
mnist_all/5/mnist_test_5_00622.png,5,complete
mnist_all/5/mnist_test_5_00623.png,5,complete
mnist_all/5/mnist_test_5_00624.png,5,complete
mnist_all/5/mnist_test_5_00625.png,5,complete
mnist_all/5/mnist_test_5_00626.png,5,complete
mnist_all/5/mnist_test_5_00627.png,5,complete
mnist_all/5/mnist_test_5_00628.png,5,complete
mnist_all/5/mnist_test_5_00629.png,5,complete
mnist_all/5/mnist_test_5_00630.png,5,complete
mnist_all/5/mnist_test_5_00631.png,5,complete
mnist_all/5/mnist_test_5_00632.png,5,complete
mnist_all/5/mnist_test_5_00633.png,5,complete
mnist_all/5/mnist_test_5_00634.png,5,complete
mnist_all/5/mnist_test_5_00635.png,5,complete
mnist_all/5/mnist_test_5_00636.png,5,complete
mnist_all/5/mnist_test_5_00637.png,5,complete
mnist_all/5/mnist_test_5_00638.png,5,complete
mnist_all/5/mnist_test_5_00639.png,5,complete
mnist_all/5/mnist_test_5_00640.png,5,complete
mnist_all/5/mnist_test_5_00641.png,5,complete
mnist_all/5/mnist_test_5_00642.png,5,complete
mnist_all/5/mnist_test_5_00643.png,5,complete
mnist_all/5/mnist_test_5_00644.png,5,complete
mnist_all/5/mnist_test_5_00645.png,5,complete
mnist_all/5/mnist_test_5_00646.png,5,unreviewed
mnist_all/5/mnist_test_5_00647.png,5,unreviewed
mnist_all/5/mnist_test_5_00648.png,5,unreviewed
mnist_all/5/mnist_test_5_00649.png,5,unreviewed
mnist_all/5/mnist_test_5_00650.png,5,complete
mnist_all/5/mnist_test_5_00651.png,5,complete
mnist_all/5/mnist_test_5_00652.png,5,complete
mnist_all/5/mnist_test_5_00653.png,5,complete
mnist_all/5/mnist_test_5_00654.png,5,complete
mnist_all/5/mnist_test_5_00655.png,5,complete
mnist_all/5/mnist_test_5_00656.png,5,complete
mnist_all/5/mnist_test_5_00657.png,5,complete
mnist_all/5/mnist_test_5_00658.png,5,complete
mnist_all/5/mnist_test_5_00659.png,5,complete
mnist_all/5/mnist_test_5_00660.png,5,complete
mnist_all/5/mnist_test_5_00661.png,5,complete
mnist_all/5/mnist_test_5_00662.png,5,complete
mnist_all/5/mnist_test_5_00663.png,5,complete
mnist_all/5/mnist_test_5_00664.png,5,complete
mnist_all/5/mnist_test_5_00665.png,5,complete
mnist_all/5/mnist_test_5_00666.png,5,complete
mnist_all/5/mnist_test_5_00667.png,5,unreviewed
mnist_all/5/mnist_test_5_00668.png,5,complete
mnist_all/5/mnist_test_5_00669.png,5,complete
mnist_all/5/mnist_test_5_00670.png,5,unreviewed
mnist_all/5/mnist_test_5_00671.png,5,incomplete
mnist_all/5/mnist_test_5_00672.png,5,complete
mnist_all/5/mnist_test_5_00673.png,5,complete
mnist_all/5/mnist_test_5_00674.png,5,complete
mnist_all/5/mnist_test_5_00675.png,5,complete
mnist_all/5/mnist_test_5_00676.png,5,unreviewed
mnist_all/5/mnist_test_5_00677.png,5,unreviewed
mnist_all/5/mnist_test_5_00678.png,5,complete
mnist_all/5/mnist_test_5_00679.png,5,unreviewed
mnist_all/5/mnist_test_5_00680.png,5,unreviewed
mnist_all/5/mnist_test_5_00681.png,5,complete
mnist_all/5/mnist_test_5_00682.png,5,complete
mnist_all/5/mnist_test_5_00683.png,5,complete
mnist_all/5/mnist_test_5_00684.png,5,complete
mnist_all/5/mnist_test_5_00685.png,5,unreviewed
mnist_all/5/mnist_test_5_00686.png,5,complete
mnist_all/5/mnist_test_5_00687.png,5,complete
mnist_all/5/mnist_test_5_00688.png,5,complete
mnist_all/5/mnist_test_5_00689.png,5,unreviewed
mnist_all/5/mnist_test_5_00690.png,5,complete
mnist_all/5/mnist_test_5_00691.png,5,complete
mnist_all/5/mnist_test_5_00692.png,5,complete
mnist_all/5/mnist_test_5_00693.png,5,complete
mnist_all/5/mnist_test_5_00694.png,5,complete
mnist_all/5/mnist_test_5_00695.png,5,complete
mnist_all/5/mnist_test_5_00696.png,5,complete
mnist_all/5/mnist_test_5_00697.png,5,complete
mnist_all/5/mnist_test_5_00698.png,5,complete
mnist_all/5/mnist_test_5_00699.png,5,complete
mnist_all/5/mnist_test_5_00700.png,5,complete
mnist_all/5/mnist_test_5_00701.png,5,complete
mnist_all/5/mnist_test_5_00702.png,5,complete
mnist_all/5/mnist_test_5_00703.png,5,complete
mnist_all/5/mnist_test_5_00704.png,5,complete
mnist_all/5/mnist_test_5_00705.png,5,complete
mnist_all/5/mnist_test_5_00706.png,5,complete
mnist_all/5/mnist_test_5_00707.png,5,complete
mnist_all/5/mnist_test_5_00708.png,5,complete
mnist_all/5/mnist_test_5_00709.png,5,complete
mnist_all/5/mnist_test_5_00710.png,5,complete
mnist_all/5/mnist_test_5_00711.png,5,complete
mnist_all/5/mnist_test_5_00712.png,5,complete
mnist_all/5/mnist_test_5_00713.png,5,complete
mnist_all/5/mnist_test_5_00714.png,5,unreviewed
mnist_all/5/mnist_test_5_00715.png,5,complete
mnist_all/5/mnist_test_5_00716.png,5,incomplete
mnist_all/5/mnist_test_5_00717.png,5,complete
mnist_all/5/mnist_test_5_00718.png,5,complete
mnist_all/5/mnist_test_5_00719.png,5,complete
mnist_all/5/mnist_test_5_00720.png,5,unreviewed
mnist_all/5/mnist_test_5_00721.png,5,complete
mnist_all/5/mnist_test_5_00722.png,5,complete
mnist_all/5/mnist_test_5_00723.png,5,complete
mnist_all/5/mnist_test_5_00724.png,5,complete
mnist_all/5/mnist_test_5_00725.png,5,complete
mnist_all/5/mnist_test_5_00726.png,5,complete
mnist_all/5/mnist_test_5_00727.png,5,complete
mnist_all/5/mnist_test_5_00728.png,5,complete
mnist_all/5/mnist_test_5_00729.png,5,complete
mnist_all/5/mnist_test_5_00730.png,5,complete
mnist_all/5/mnist_test_5_00731.png,5,complete
mnist_all/5/mnist_test_5_00732.png,5,complete
mnist_all/5/mnist_test_5_00733.png,5,complete
mnist_all/5/mnist_test_5_00734.png,5,complete
mnist_all/5/mnist_test_5_00735.png,5,complete
mnist_all/5/mnist_test_5_00736.png,5,complete
mnist_all/5/mnist_test_5_00737.png,5,complete
mnist_all/5/mnist_test_5_00738.png,5,complete
mnist_all/5/mnist_test_5_00739.png,5,complete
mnist_all/5/mnist_test_5_00740.png,5,complete
mnist_all/5/mnist_test_5_00741.png,5,complete
mnist_all/5/mnist_test_5_00742.png,5,complete
mnist_all/5/mnist_test_5_00743.png,5,unreviewed
mnist_all/5/mnist_test_5_00744.png,5,complete
mnist_all/5/mnist_test_5_00745.png,5,unreviewed
mnist_all/5/mnist_test_5_00746.png,5,complete
mnist_all/5/mnist_test_5_00747.png,5,unreviewed
mnist_all/5/mnist_test_5_00748.png,5,complete
mnist_all/5/mnist_test_5_00749.png,5,incomplete
mnist_all/5/mnist_test_5_00750.png,5,unreviewed
mnist_all/5/mnist_test_5_00751.png,5,incomplete
mnist_all/5/mnist_test_5_00752.png,5,complete
mnist_all/5/mnist_test_5_00753.png,5,unreviewed
mnist_all/5/mnist_test_5_00754.png,5,incomplete
mnist_all/5/mnist_test_5_00755.png,5,incomplete
mnist_all/5/mnist_test_5_00756.png,5,complete
mnist_all/5/mnist_test_5_00757.png,5,complete
mnist_all/5/mnist_test_5_00758.png,5,complete
mnist_all/5/mnist_test_5_00759.png,5,complete
mnist_all/5/mnist_test_5_00760.png,5,complete
mnist_all/5/mnist_test_5_00761.png,5,unreviewed
mnist_all/5/mnist_test_5_00762.png,5,complete
mnist_all/5/mnist_test_5_00763.png,5,complete
mnist_all/5/mnist_test_5_00764.png,5,complete
mnist_all/5/mnist_test_5_00765.png,5,complete
mnist_all/5/mnist_test_5_00766.png,5,complete
mnist_all/5/mnist_test_5_00767.png,5,unreviewed
mnist_all/5/mnist_test_5_00768.png,5,complete
mnist_all/5/mnist_test_5_00769.png,5,complete
mnist_all/5/mnist_test_5_00770.png,5,complete
mnist_all/5/mnist_test_5_00771.png,5,complete
mnist_all/5/mnist_test_5_00772.png,5,complete
mnist_all/5/mnist_test_5_00773.png,5,complete
mnist_all/5/mnist_test_5_00774.png,5,complete
mnist_all/5/mnist_test_5_00775.png,5,unreviewed
mnist_all/5/mnist_test_5_00776.png,5,unreviewed
mnist_all/5/mnist_test_5_00777.png,5,unreviewed
mnist_all/5/mnist_test_5_00778.png,5,complete
mnist_all/5/mnist_test_5_00779.png,5,complete
mnist_all/5/mnist_test_5_00780.png,5,complete
mnist_all/5/mnist_test_5_00781.png,5,complete
mnist_all/5/mnist_test_5_00782.png,5,complete
mnist_all/5/mnist_test_5_00783.png,5,complete
mnist_all/5/mnist_test_5_00784.png,5,complete
mnist_all/5/mnist_test_5_00785.png,5,complete
mnist_all/5/mnist_test_5_00786.png,5,complete
mnist_all/5/mnist_test_5_00787.png,5,complete
mnist_all/5/mnist_test_5_00788.png,5,complete
mnist_all/5/mnist_test_5_00789.png,5,complete
mnist_all/5/mnist_test_5_00790.png,5,complete
mnist_all/5/mnist_test_5_00791.png,5,complete
mnist_all/5/mnist_test_5_00792.png,5,unreviewed
mnist_all/5/mnist_test_5_00793.png,5,complete
mnist_all/5/mnist_test_5_00794.png,5,complete
mnist_all/5/mnist_test_5_00795.png,5,complete
mnist_all/5/mnist_test_5_00796.png,5,unreviewed
mnist_all/5/mnist_test_5_00797.png,5,complete
mnist_all/5/mnist_test_5_00798.png,5,unreviewed
mnist_all/5/mnist_test_5_00799.png,5,unreviewed
mnist_all/5/mnist_test_5_00800.png,5,complete
mnist_all/5/mnist_test_5_00801.png,5,complete
mnist_all/5/mnist_test_5_00802.png,5,complete
mnist_all/5/mnist_test_5_00803.png,5,complete
mnist_all/5/mnist_test_5_00804.png,5,complete
mnist_all/5/mnist_test_5_00805.png,5,complete
mnist_all/5/mnist_test_5_00806.png,5,complete
mnist_all/5/mnist_test_5_00807.png,5,complete
mnist_all/5/mnist_test_5_00808.png,5,complete
mnist_all/5/mnist_test_5_00809.png,5,complete
mnist_all/5/mnist_test_5_00810.png,5,complete
mnist_all/5/mnist_test_5_00811.png,5,complete
mnist_all/5/mnist_test_5_00812.png,5,complete
mnist_all/5/mnist_test_5_00813.png,5,complete
mnist_all/5/mnist_test_5_00814.png,5,complete
mnist_all/5/mnist_test_5_00815.png,5,unreviewed
mnist_all/5/mnist_test_5_00816.png,5,complete
mnist_all/5/mnist_test_5_00817.png,5,complete
mnist_all/5/mnist_test_5_00818.png,5,complete
mnist_all/5/mnist_test_5_00819.png,5,complete
mnist_all/5/mnist_test_5_00820.png,5,complete
mnist_all/5/mnist_test_5_00821.png,5,complete
mnist_all/5/mnist_test_5_00822.png,5,complete
mnist_all/5/mnist_test_5_00823.png,5,complete
mnist_all/5/mnist_test_5_00824.png,5,complete
mnist_all/5/mnist_test_5_00825.png,5,complete
mnist_all/5/mnist_test_5_00826.png,5,complete
mnist_all/5/mnist_test_5_00827.png,5,complete
mnist_all/5/mnist_test_5_00828.png,5,complete
mnist_all/5/mnist_test_5_00829.png,5,complete
mnist_all/5/mnist_test_5_00830.png,5,complete
mnist_all/5/mnist_test_5_00831.png,5,unreviewed
mnist_all/5/mnist_test_5_00832.png,5,complete
mnist_all/5/mnist_test_5_00833.png,5,complete
mnist_all/5/mnist_test_5_00834.png,5,complete
mnist_all/5/mnist_test_5_00835.png,5,complete
mnist_all/5/mnist_test_5_00836.png,5,complete
mnist_all/5/mnist_test_5_00837.png,5,complete
mnist_all/5/mnist_test_5_00838.png,5,complete
mnist_all/5/mnist_test_5_00839.png,5,complete
mnist_all/5/mnist_test_5_00840.png,5,complete
mnist_all/5/mnist_test_5_00841.png,5,complete
mnist_all/5/mnist_test_5_00842.png,5,complete
mnist_all/5/mnist_test_5_00843.png,5,complete
mnist_all/5/mnist_test_5_00844.png,5,complete
mnist_all/5/mnist_test_5_00845.png,5,complete
mnist_all/5/mnist_test_5_00846.png,5,complete
mnist_all/5/mnist_test_5_00847.png,5,complete
mnist_all/5/mnist_test_5_00848.png,5,complete
mnist_all/5/mnist_test_5_00849.png,5,complete
mnist_all/5/mnist_test_5_00850.png,5,complete
mnist_all/5/mnist_test_5_00851.png,5,incomplete
mnist_all/5/mnist_test_5_00852.png,5,incomplete
mnist_all/5/mnist_test_5_00853.png,5,complete
mnist_all/5/mnist_test_5_00854.png,5,complete
mnist_all/5/mnist_test_5_00855.png,5,complete
mnist_all/5/mnist_test_5_00856.png,5,complete
mnist_all/5/mnist_test_5_00857.png,5,complete
mnist_all/5/mnist_test_5_00858.png,5,complete
mnist_all/5/mnist_test_5_00859.png,5,complete
mnist_all/5/mnist_test_5_00860.png,5,complete
mnist_all/5/mnist_test_5_00861.png,5,unreviewed
mnist_all/5/mnist_test_5_00862.png,5,unreviewed
mnist_all/5/mnist_test_5_00863.png,5,complete
mnist_all/5/mnist_test_5_00864.png,5,complete
mnist_all/5/mnist_test_5_00865.png,5,unreviewed
mnist_all/5/mnist_test_5_00866.png,5,complete
mnist_all/5/mnist_test_5_00867.png,5,complete
mnist_all/5/mnist_test_5_00868.png,5,unreviewed
mnist_all/5/mnist_test_5_00869.png,5,complete
mnist_all/5/mnist_test_5_00870.png,5,unreviewed
mnist_all/5/mnist_test_5_00871.png,5,unreviewed
mnist_all/5/mnist_test_5_00872.png,5,complete
mnist_all/5/mnist_test_5_00873.png,5,complete
mnist_all/5/mnist_test_5_00874.png,5,unreviewed
mnist_all/5/mnist_test_5_00875.png,5,complete
mnist_all/5/mnist_test_5_00876.png,5,complete
mnist_all/5/mnist_test_5_00877.png,5,complete
mnist_all/5/mnist_test_5_00878.png,5,complete
mnist_all/5/mnist_test_5_00879.png,5,unreviewed
mnist_all/5/mnist_test_5_00880.png,5,complete
mnist_all/5/mnist_test_5_00881.png,5,unreviewed
mnist_all/5/mnist_test_5_00882.png,5,complete
mnist_all/5/mnist_test_5_00883.png,5,complete
mnist_all/5/mnist_test_5_00884.png,5,complete
mnist_all/5/mnist_test_5_00885.png,5,complete
mnist_all/5/mnist_test_5_00886.png,5,unreviewed
mnist_all/5/mnist_test_5_00887.png,5,complete
mnist_all/5/mnist_test_5_00888.png,5,complete
mnist_all/5/mnist_test_5_00889.png,5,complete
mnist_all/5/mnist_test_5_00890.png,5,complete
mnist_all/5/mnist_test_5_00891.png,5,complete
mnist_all/6/mnist_test_6_00000.png,6,unreviewed
mnist_all/6/mnist_test_6_00001.png,6,complete
mnist_all/6/mnist_test_6_00002.png,6,complete
mnist_all/6/mnist_test_6_00003.png,6,incomplete
mnist_all/6/mnist_test_6_00004.png,6,complete
mnist_all/6/mnist_test_6_00005.png,6,unreviewed
mnist_all/6/mnist_test_6_00006.png,6,complete
mnist_all/6/mnist_test_6_00007.png,6,complete
mnist_all/6/mnist_test_6_00008.png,6,complete
mnist_all/6/mnist_test_6_00009.png,6,complete
mnist_all/6/mnist_test_6_00010.png,6,unreviewed
mnist_all/6/mnist_test_6_00011.png,6,complete
mnist_all/6/mnist_test_6_00012.png,6,complete
mnist_all/6/mnist_test_6_00013.png,6,complete
mnist_all/6/mnist_test_6_00014.png,6,complete
mnist_all/6/mnist_test_6_00015.png,6,unreviewed
mnist_all/6/mnist_test_6_00016.png,6,complete
mnist_all/6/mnist_test_6_00017.png,6,unreviewed
mnist_all/6/mnist_test_6_00018.png,6,complete
mnist_all/6/mnist_test_6_00019.png,6,complete
mnist_all/6/mnist_test_6_00020.png,6,complete
mnist_all/6/mnist_test_6_00021.png,6,complete
mnist_all/6/mnist_test_6_00022.png,6,complete
mnist_all/6/mnist_test_6_00023.png,6,complete
mnist_all/6/mnist_test_6_00024.png,6,complete
mnist_all/6/mnist_test_6_00025.png,6,complete
mnist_all/6/mnist_test_6_00026.png,6,unreviewed
mnist_all/6/mnist_test_6_00027.png,6,complete
mnist_all/6/mnist_test_6_00028.png,6,complete
mnist_all/6/mnist_test_6_00029.png,6,complete
mnist_all/6/mnist_test_6_00030.png,6,complete
mnist_all/6/mnist_test_6_00031.png,6,complete
mnist_all/6/mnist_test_6_00032.png,6,complete
mnist_all/6/mnist_test_6_00033.png,6,complete
mnist_all/6/mnist_test_6_00034.png,6,complete
mnist_all/6/mnist_test_6_00035.png,6,incomplete
mnist_all/6/mnist_test_6_00036.png,6,complete
mnist_all/6/mnist_test_6_00037.png,6,complete
mnist_all/6/mnist_test_6_00038.png,6,complete
mnist_all/6/mnist_test_6_00039.png,6,complete
mnist_all/6/mnist_test_6_00040.png,6,complete
mnist_all/6/mnist_test_6_00041.png,6,complete
mnist_all/6/mnist_test_6_00042.png,6,unreviewed
mnist_all/6/mnist_test_6_00043.png,6,complete
mnist_all/6/mnist_test_6_00044.png,6,complete
mnist_all/6/mnist_test_6_00045.png,6,unreviewed
mnist_all/6/mnist_test_6_00046.png,6,complete
mnist_all/6/mnist_test_6_00047.png,6,incomplete
mnist_all/6/mnist_test_6_00048.png,6,complete
mnist_all/6/mnist_test_6_00049.png,6,complete
mnist_all/6/mnist_test_6_00050.png,6,complete
mnist_all/6/mnist_test_6_00051.png,6,complete
mnist_all/6/mnist_test_6_00052.png,6,complete
mnist_all/6/mnist_test_6_00053.png,6,complete
mnist_all/6/mnist_test_6_00054.png,6,complete
mnist_all/6/mnist_test_6_00055.png,6,incomplete
mnist_all/6/mnist_test_6_00056.png,6,incomplete
mnist_all/6/mnist_test_6_00057.png,6,incomplete
mnist_all/6/mnist_test_6_00058.png,6,complete
mnist_all/6/mnist_test_6_00059.png,6,incomplete
mnist_all/6/mnist_test_6_00060.png,6,complete
mnist_all/6/mnist_test_6_00061.png,6,unreviewed
mnist_all/6/mnist_test_6_00062.png,6,complete
mnist_all/6/mnist_test_6_00063.png,6,complete
mnist_all/6/mnist_test_6_00064.png,6,incomplete
mnist_all/6/mnist_test_6_00065.png,6,incomplete
mnist_all/6/mnist_test_6_00066.png,6,complete
mnist_all/6/mnist_test_6_00067.png,6,complete
mnist_all/6/mnist_test_6_00068.png,6,complete
mnist_all/6/mnist_test_6_00069.png,6,complete
mnist_all/6/mnist_test_6_00070.png,6,complete
mnist_all/6/mnist_test_6_00071.png,6,complete
mnist_all/6/mnist_test_6_00072.png,6,complete
mnist_all/6/mnist_test_6_00073.png,6,incomplete
mnist_all/6/mnist_test_6_00074.png,6,complete
mnist_all/6/mnist_test_6_00075.png,6,unreviewed
mnist_all/6/mnist_test_6_00076.png,6,complete
mnist_all/6/mnist_test_6_00077.png,6,unreviewed
mnist_all/6/mnist_test_6_00078.png,6,complete
mnist_all/6/mnist_test_6_00079.png,6,complete
mnist_all/6/mnist_test_6_00080.png,6,incomplete
mnist_all/6/mnist_test_6_00081.png,6,complete
mnist_all/6/mnist_test_6_00082.png,6,unreviewed
mnist_all/6/mnist_test_6_00083.png,6,complete
mnist_all/6/mnist_test_6_00084.png,6,complete
mnist_all/6/mnist_test_6_00085.png,6,complete
mnist_all/6/mnist_test_6_00086.png,6,complete
mnist_all/6/mnist_test_6_00087.png,6,incomplete
mnist_all/6/mnist_test_6_00088.png,6,complete
mnist_all/6/mnist_test_6_00089.png,6,unreviewed
mnist_all/6/mnist_test_6_00090.png,6,complete
mnist_all/6/mnist_test_6_00091.png,6,complete
mnist_all/6/mnist_test_6_00092.png,6,unreviewed
mnist_all/6/mnist_test_6_00093.png,6,unreviewed
mnist_all/6/mnist_test_6_00094.png,6,complete
mnist_all/6/mnist_test_6_00095.png,6,complete
mnist_all/6/mnist_test_6_00096.png,6,unreviewed
mnist_all/6/mnist_test_6_00097.png,6,complete
mnist_all/6/mnist_test_6_00098.png,6,complete
mnist_all/6/mnist_test_6_00099.png,6,incomplete
mnist_all/6/mnist_test_6_00100.png,6,complete
mnist_all/6/mnist_test_6_00101.png,6,complete
mnist_all/6/mnist_test_6_00102.png,6,complete
mnist_all/6/mnist_test_6_00103.png,6,complete
mnist_all/6/mnist_test_6_00104.png,6,complete
mnist_all/6/mnist_test_6_00105.png,6,unreviewed
mnist_all/6/mnist_test_6_00106.png,6,complete
mnist_all/6/mnist_test_6_00107.png,6,complete
mnist_all/6/mnist_test_6_00108.png,6,complete
mnist_all/6/mnist_test_6_00109.png,6,complete
mnist_all/6/mnist_test_6_00110.png,6,complete
mnist_all/6/mnist_test_6_00111.png,6,incomplete
mnist_all/6/mnist_test_6_00112.png,6,complete
mnist_all/6/mnist_test_6_00113.png,6,complete
mnist_all/6/mnist_test_6_00114.png,6,complete
mnist_all/6/mnist_test_6_00115.png,6,complete
mnist_all/6/mnist_test_6_00116.png,6,unreviewed
mnist_all/6/mnist_test_6_00117.png,6,complete
mnist_all/6/mnist_test_6_00118.png,6,complete
mnist_all/6/mnist_test_6_00119.png,6,complete
mnist_all/6/mnist_test_6_00120.png,6,unreviewed
mnist_all/6/mnist_test_6_00121.png,6,complete
mnist_all/6/mnist_test_6_00122.png,6,complete
mnist_all/6/mnist_test_6_00123.png,6,incomplete
mnist_all/6/mnist_test_6_00124.png,6,complete
mnist_all/6/mnist_test_6_00125.png,6,complete
mnist_all/6/mnist_test_6_00126.png,6,complete
mnist_all/6/mnist_test_6_00127.png,6,complete
mnist_all/6/mnist_test_6_00128.png,6,complete
mnist_all/6/mnist_test_6_00129.png,6,incomplete
mnist_all/6/mnist_test_6_00130.png,6,unreviewed
mnist_all/6/mnist_test_6_00131.png,6,complete
mnist_all/6/mnist_test_6_00132.png,6,incomplete
mnist_all/6/mnist_test_6_00133.png,6,complete
mnist_all/6/mnist_test_6_00134.png,6,complete
mnist_all/6/mnist_test_6_00135.png,6,unreviewed
mnist_all/6/mnist_test_6_00136.png,6,complete
mnist_all/6/mnist_test_6_00137.png,6,complete
mnist_all/6/mnist_test_6_00138.png,6,unreviewed
mnist_all/6/mnist_test_6_00139.png,6,complete
mnist_all/6/mnist_test_6_00140.png,6,complete
mnist_all/6/mnist_test_6_00141.png,6,complete
mnist_all/6/mnist_test_6_00142.png,6,incomplete
mnist_all/6/mnist_test_6_00143.png,6,incomplete
mnist_all/6/mnist_test_6_00144.png,6,incomplete
mnist_all/6/mnist_test_6_00145.png,6,complete
mnist_all/6/mnist_test_6_00146.png,6,complete
mnist_all/6/mnist_test_6_00147.png,6,complete
mnist_all/6/mnist_test_6_00148.png,6,unreviewed
mnist_all/6/mnist_test_6_00149.png,6,unreviewed
mnist_all/6/mnist_test_6_00150.png,6,complete
mnist_all/6/mnist_test_6_00151.png,6,incomplete
mnist_all/6/mnist_test_6_00152.png,6,complete
mnist_all/6/mnist_test_6_00153.png,6,complete
mnist_all/6/mnist_test_6_00154.png,6,incomplete
mnist_all/6/mnist_test_6_00155.png,6,unreviewed
mnist_all/6/mnist_test_6_00156.png,6,complete
mnist_all/6/mnist_test_6_00157.png,6,complete
mnist_all/6/mnist_test_6_00158.png,6,unreviewed
mnist_all/6/mnist_test_6_00159.png,6,complete
mnist_all/6/mnist_test_6_00160.png,6,complete
mnist_all/6/mnist_test_6_00161.png,6,complete
mnist_all/6/mnist_test_6_00162.png,6,complete
mnist_all/6/mnist_test_6_00163.png,6,complete
mnist_all/6/mnist_test_6_00164.png,6,complete
mnist_all/6/mnist_test_6_00165.png,6,complete
mnist_all/6/mnist_test_6_00166.png,6,complete
mnist_all/6/mnist_test_6_00167.png,6,complete
mnist_all/6/mnist_test_6_00168.png,6,complete
mnist_all/6/mnist_test_6_00169.png,6,complete
mnist_all/6/mnist_test_6_00170.png,6,unreviewed
mnist_all/6/mnist_test_6_00171.png,6,complete
mnist_all/6/mnist_test_6_00172.png,6,complete
mnist_all/6/mnist_test_6_00173.png,6,complete
mnist_all/6/mnist_test_6_00174.png,6,unreviewed
mnist_all/6/mnist_test_6_00175.png,6,complete
mnist_all/6/mnist_test_6_00176.png,6,unreviewed
mnist_all/6/mnist_test_6_00177.png,6,complete
mnist_all/6/mnist_test_6_00178.png,6,unreviewed
mnist_all/6/mnist_test_6_00179.png,6,unreviewed
mnist_all/6/mnist_test_6_00180.png,6,complete
mnist_all/6/mnist_test_6_00181.png,6,complete
mnist_all/6/mnist_test_6_00182.png,6,unreviewed
mnist_all/6/mnist_test_6_00183.png,6,complete
mnist_all/6/mnist_test_6_00184.png,6,complete
mnist_all/6/mnist_test_6_00185.png,6,complete
mnist_all/6/mnist_test_6_00186.png,6,complete
mnist_all/6/mnist_test_6_00187.png,6,complete
mnist_all/6/mnist_test_6_00188.png,6,incomplete
mnist_all/6/mnist_test_6_00189.png,6,complete
mnist_all/6/mnist_test_6_00190.png,6,complete
mnist_all/6/mnist_test_6_00191.png,6,unreviewed
mnist_all/6/mnist_test_6_00192.png,6,unreviewed
mnist_all/6/mnist_test_6_00193.png,6,complete
mnist_all/6/mnist_test_6_00194.png,6,complete
mnist_all/6/mnist_test_6_00195.png,6,complete
mnist_all/6/mnist_test_6_00196.png,6,complete
mnist_all/6/mnist_test_6_00197.png,6,complete
mnist_all/6/mnist_test_6_00198.png,6,complete
mnist_all/6/mnist_test_6_00199.png,6,unreviewed
mnist_all/6/mnist_test_6_00200.png,6,complete
mnist_all/6/mnist_test_6_00201.png,6,unreviewed
mnist_all/6/mnist_test_6_00202.png,6,incomplete
mnist_all/6/mnist_test_6_00203.png,6,complete
mnist_all/6/mnist_test_6_00204.png,6,complete
mnist_all/6/mnist_test_6_00205.png,6,complete
mnist_all/6/mnist_test_6_00206.png,6,complete
mnist_all/6/mnist_test_6_00207.png,6,unreviewed
mnist_all/6/mnist_test_6_00208.png,6,complete
mnist_all/6/mnist_test_6_00209.png,6,complete
mnist_all/6/mnist_test_6_00210.png,6,complete
mnist_all/6/mnist_test_6_00211.png,6,complete
mnist_all/6/mnist_test_6_00212.png,6,complete
mnist_all/6/mnist_test_6_00213.png,6,complete
mnist_all/6/mnist_test_6_00214.png,6,unreviewed
mnist_all/6/mnist_test_6_00215.png,6,complete
mnist_all/6/mnist_test_6_00216.png,6,incomplete
mnist_all/6/mnist_test_6_00217.png,6,complete
mnist_all/6/mnist_test_6_00218.png,6,complete
mnist_all/6/mnist_test_6_00219.png,6,unreviewed
mnist_all/6/mnist_test_6_00220.png,6,complete
mnist_all/6/mnist_test_6_00221.png,6,complete
mnist_all/6/mnist_test_6_00222.png,6,complete
mnist_all/6/mnist_test_6_00223.png,6,complete
mnist_all/6/mnist_test_6_00224.png,6,complete
mnist_all/6/mnist_test_6_00225.png,6,unreviewed
mnist_all/6/mnist_test_6_00226.png,6,unreviewed
mnist_all/6/mnist_test_6_00227.png,6,complete
mnist_all/6/mnist_test_6_00228.png,6,complete
mnist_all/6/mnist_test_6_00229.png,6,complete
mnist_all/6/mnist_test_6_00230.png,6,complete
mnist_all/6/mnist_test_6_00231.png,6,unreviewed
mnist_all/6/mnist_test_6_00232.png,6,complete
mnist_all/6/mnist_test_6_00233.png,6,complete
mnist_all/6/mnist_test_6_00234.png,6,incomplete
mnist_all/6/mnist_test_6_00235.png,6,unreviewed
mnist_all/6/mnist_test_6_00236.png,6,incomplete
mnist_all/6/mnist_test_6_00237.png,6,complete
mnist_all/6/mnist_test_6_00238.png,6,complete
mnist_all/6/mnist_test_6_00239.png,6,complete
mnist_all/6/mnist_test_6_00240.png,6,complete
mnist_all/6/mnist_test_6_00241.png,6,incomplete
mnist_all/6/mnist_test_6_00242.png,6,complete
mnist_all/6/mnist_test_6_00243.png,6,complete
mnist_all/6/mnist_test_6_00244.png,6,complete
mnist_all/6/mnist_test_6_00245.png,6,complete
mnist_all/6/mnist_test_6_00246.png,6,complete
mnist_all/6/mnist_test_6_00247.png,6,complete
mnist_all/6/mnist_test_6_00248.png,6,complete
mnist_all/6/mnist_test_6_00249.png,6,complete
mnist_all/6/mnist_test_6_00250.png,6,complete
mnist_all/6/mnist_test_6_00251.png,6,unreviewed
mnist_all/6/mnist_test_6_00252.png,6,unreviewed
mnist_all/6/mnist_test_6_00253.png,6,incomplete
mnist_all/6/mnist_test_6_00254.png,6,complete
mnist_all/6/mnist_test_6_00255.png,6,complete
mnist_all/6/mnist_test_6_00256.png,6,complete
mnist_all/6/mnist_test_6_00257.png,6,complete
mnist_all/6/mnist_test_6_00258.png,6,complete
mnist_all/6/mnist_test_6_00259.png,6,complete
mnist_all/6/mnist_test_6_00260.png,6,complete
mnist_all/6/mnist_test_6_00261.png,6,complete
mnist_all/6/mnist_test_6_00262.png,6,unreviewed
mnist_all/6/mnist_test_6_00263.png,6,complete
mnist_all/6/mnist_test_6_00264.png,6,complete
mnist_all/6/mnist_test_6_00265.png,6,unreviewed
mnist_all/6/mnist_test_6_00266.png,6,incomplete
mnist_all/6/mnist_test_6_00267.png,6,complete
mnist_all/6/mnist_test_6_00268.png,6,complete
mnist_all/6/mnist_test_6_00269.png,6,complete
mnist_all/6/mnist_test_6_00270.png,6,complete
mnist_all/6/mnist_test_6_00271.png,6,unreviewed
mnist_all/6/mnist_test_6_00272.png,6,unreviewed
mnist_all/6/mnist_test_6_00273.png,6,complete
mnist_all/6/mnist_test_6_00274.png,6,complete
mnist_all/6/mnist_test_6_00275.png,6,complete
mnist_all/6/mnist_test_6_00276.png,6,complete
mnist_all/6/mnist_test_6_00277.png,6,complete
mnist_all/6/mnist_test_6_00278.png,6,complete
mnist_all/6/mnist_test_6_00279.png,6,complete
mnist_all/6/mnist_test_6_00280.png,6,complete
mnist_all/6/mnist_test_6_00281.png,6,complete
mnist_all/6/mnist_test_6_00282.png,6,incomplete
mnist_all/6/mnist_test_6_00283.png,6,complete
mnist_all/6/mnist_test_6_00284.png,6,unreviewed
mnist_all/6/mnist_test_6_00285.png,6,complete
mnist_all/6/mnist_test_6_00286.png,6,complete
mnist_all/6/mnist_test_6_00287.png,6,unreviewed
mnist_all/6/mnist_test_6_00288.png,6,complete
mnist_all/6/mnist_test_6_00289.png,6,complete
mnist_all/6/mnist_test_6_00290.png,6,complete
mnist_all/6/mnist_test_6_00291.png,6,complete
mnist_all/6/mnist_test_6_00292.png,6,complete
mnist_all/6/mnist_test_6_00293.png,6,complete
mnist_all/6/mnist_test_6_00294.png,6,complete
mnist_all/6/mnist_test_6_00295.png,6,complete
mnist_all/6/mnist_test_6_00296.png,6,complete
mnist_all/6/mnist_test_6_00297.png,6,complete
mnist_all/6/mnist_test_6_00298.png,6,unreviewed
mnist_all/6/mnist_test_6_00299.png,6,complete
mnist_all/6/mnist_test_6_00300.png,6,complete
mnist_all/6/mnist_test_6_00301.png,6,incomplete
mnist_all/6/mnist_test_6_00302.png,6,complete
mnist_all/6/mnist_test_6_00303.png,6,complete
mnist_all/6/mnist_test_6_00304.png,6,complete
mnist_all/6/mnist_test_6_00305.png,6,unreviewed
mnist_all/6/mnist_test_6_00306.png,6,unreviewed
mnist_all/6/mnist_test_6_00307.png,6,complete
mnist_all/6/mnist_test_6_00308.png,6,complete
mnist_all/6/mnist_test_6_00309.png,6,complete
mnist_all/6/mnist_test_6_00310.png,6,incomplete
mnist_all/6/mnist_test_6_00311.png,6,complete
mnist_all/6/mnist_test_6_00312.png,6,complete
mnist_all/6/mnist_test_6_00313.png,6,incomplete
mnist_all/6/mnist_test_6_00314.png,6,complete
mnist_all/6/mnist_test_6_00315.png,6,complete
mnist_all/6/mnist_test_6_00316.png,6,unreviewed
mnist_all/6/mnist_test_6_00317.png,6,complete
mnist_all/6/mnist_test_6_00318.png,6,complete
mnist_all/6/mnist_test_6_00319.png,6,unreviewed
mnist_all/6/mnist_test_6_00320.png,6,unreviewed
mnist_all/6/mnist_test_6_00321.png,6,unreviewed
mnist_all/6/mnist_test_6_00322.png,6,complete
mnist_all/6/mnist_test_6_00323.png,6,unreviewed
mnist_all/6/mnist_test_6_00324.png,6,unreviewed
mnist_all/6/mnist_test_6_00325.png,6,complete
mnist_all/6/mnist_test_6_00326.png,6,complete
mnist_all/6/mnist_test_6_00327.png,6,complete
mnist_all/6/mnist_test_6_00328.png,6,complete
mnist_all/6/mnist_test_6_00329.png,6,unreviewed
mnist_all/6/mnist_test_6_00330.png,6,unreviewed
mnist_all/6/mnist_test_6_00331.png,6,unreviewed
mnist_all/6/mnist_test_6_00332.png,6,complete
mnist_all/6/mnist_test_6_00333.png,6,complete
mnist_all/6/mnist_test_6_00334.png,6,complete
mnist_all/6/mnist_test_6_00335.png,6,incomplete
mnist_all/6/mnist_test_6_00336.png,6,complete
mnist_all/6/mnist_test_6_00337.png,6,unreviewed
mnist_all/6/mnist_test_6_00338.png,6,complete
mnist_all/6/mnist_test_6_00339.png,6,complete
mnist_all/6/mnist_test_6_00340.png,6,complete
mnist_all/6/mnist_test_6_00341.png,6,complete
mnist_all/6/mnist_test_6_00342.png,6,complete
mnist_all/6/mnist_test_6_00343.png,6,complete
mnist_all/6/mnist_test_6_00344.png,6,complete
mnist_all/6/mnist_test_6_00345.png,6,complete
mnist_all/6/mnist_test_6_00346.png,6,complete
mnist_all/6/mnist_test_6_00347.png,6,unreviewed
mnist_all/6/mnist_test_6_00348.png,6,incomplete
mnist_all/6/mnist_test_6_00349.png,6,complete
mnist_all/6/mnist_test_6_00350.png,6,complete
mnist_all/6/mnist_test_6_00351.png,6,complete
mnist_all/6/mnist_test_6_00352.png,6,complete
mnist_all/6/mnist_test_6_00353.png,6,complete
mnist_all/6/mnist_test_6_00354.png,6,complete
mnist_all/6/mnist_test_6_00355.png,6,unreviewed
mnist_all/6/mnist_test_6_00356.png,6,unreviewed
mnist_all/6/mnist_test_6_00357.png,6,complete
mnist_all/6/mnist_test_6_00358.png,6,complete
mnist_all/6/mnist_test_6_00359.png,6,complete
mnist_all/6/mnist_test_6_00360.png,6,unreviewed
mnist_all/6/mnist_test_6_00361.png,6,complete
mnist_all/6/mnist_test_6_00362.png,6,complete
mnist_all/6/mnist_test_6_00363.png,6,incomplete
mnist_all/6/mnist_test_6_00364.png,6,complete
mnist_all/6/mnist_test_6_00365.png,6,unreviewed
mnist_all/6/mnist_test_6_00366.png,6,complete
mnist_all/6/mnist_test_6_00367.png,6,unreviewed
mnist_all/6/mnist_test_6_00368.png,6,incomplete
mnist_all/6/mnist_test_6_00369.png,6,complete
mnist_all/6/mnist_test_6_00370.png,6,complete
mnist_all/6/mnist_test_6_00371.png,6,complete
mnist_all/6/mnist_test_6_00372.png,6,complete
mnist_all/6/mnist_test_6_00373.png,6,complete
mnist_all/6/mnist_test_6_00374.png,6,incomplete
mnist_all/6/mnist_test_6_00375.png,6,unreviewed
mnist_all/6/mnist_test_6_00376.png,6,complete
mnist_all/6/mnist_test_6_00377.png,6,unreviewed
mnist_all/6/mnist_test_6_00378.png,6,complete
mnist_all/6/mnist_test_6_00379.png,6,complete
mnist_all/6/mnist_test_6_00380.png,6,unreviewed
mnist_all/6/mnist_test_6_00381.png,6,complete
mnist_all/6/mnist_test_6_00382.png,6,complete
mnist_all/6/mnist_test_6_00383.png,6,complete
mnist_all/6/mnist_test_6_00384.png,6,complete
mnist_all/6/mnist_test_6_00385.png,6,unreviewed
mnist_all/6/mnist_test_6_00386.png,6,unreviewed
mnist_all/6/mnist_test_6_00387.png,6,incomplete
mnist_all/6/mnist_test_6_00388.png,6,complete
mnist_all/6/mnist_test_6_00389.png,6,complete
mnist_all/6/mnist_test_6_00390.png,6,complete
mnist_all/6/mnist_test_6_00391.png,6,complete
mnist_all/6/mnist_test_6_00392.png,6,complete
mnist_all/6/mnist_test_6_00393.png,6,incomplete
mnist_all/6/mnist_test_6_00394.png,6,unreviewed
mnist_all/6/mnist_test_6_00395.png,6,complete
mnist_all/6/mnist_test_6_00396.png,6,complete
mnist_all/6/mnist_test_6_00397.png,6,complete
mnist_all/6/mnist_test_6_00398.png,6,complete
mnist_all/6/mnist_test_6_00399.png,6,unreviewed
mnist_all/6/mnist_test_6_00400.png,6,complete
mnist_all/6/mnist_test_6_00401.png,6,complete
mnist_all/6/mnist_test_6_00402.png,6,complete
mnist_all/6/mnist_test_6_00403.png,6,complete
mnist_all/6/mnist_test_6_00404.png,6,complete
mnist_all/6/mnist_test_6_00405.png,6,complete
mnist_all/6/mnist_test_6_00406.png,6,complete
mnist_all/6/mnist_test_6_00407.png,6,unreviewed
mnist_all/6/mnist_test_6_00408.png,6,complete
mnist_all/6/mnist_test_6_00409.png,6,complete
mnist_all/6/mnist_test_6_00410.png,6,complete
mnist_all/6/mnist_test_6_00411.png,6,unreviewed
mnist_all/6/mnist_test_6_00412.png,6,complete
mnist_all/6/mnist_test_6_00413.png,6,complete
mnist_all/6/mnist_test_6_00414.png,6,incomplete
mnist_all/6/mnist_test_6_00415.png,6,complete
mnist_all/6/mnist_test_6_00416.png,6,complete
mnist_all/6/mnist_test_6_00417.png,6,complete
mnist_all/6/mnist_test_6_00418.png,6,incomplete
mnist_all/6/mnist_test_6_00419.png,6,incomplete
mnist_all/6/mnist_test_6_00420.png,6,complete
mnist_all/6/mnist_test_6_00421.png,6,complete
mnist_all/6/mnist_test_6_00422.png,6,complete
mnist_all/6/mnist_test_6_00423.png,6,complete
mnist_all/6/mnist_test_6_00424.png,6,complete
mnist_all/6/mnist_test_6_00425.png,6,unreviewed
mnist_all/6/mnist_test_6_00426.png,6,complete
mnist_all/6/mnist_test_6_00427.png,6,complete
mnist_all/6/mnist_test_6_00428.png,6,incomplete
mnist_all/6/mnist_test_6_00429.png,6,complete
mnist_all/6/mnist_test_6_00430.png,6,incomplete
mnist_all/6/mnist_test_6_00431.png,6,unreviewed
mnist_all/6/mnist_test_6_00432.png,6,unreviewed
mnist_all/6/mnist_test_6_00433.png,6,complete
mnist_all/6/mnist_test_6_00434.png,6,complete
mnist_all/6/mnist_test_6_00435.png,6,complete
mnist_all/6/mnist_test_6_00436.png,6,unreviewed
mnist_all/6/mnist_test_6_00437.png,6,complete
mnist_all/6/mnist_test_6_00438.png,6,incomplete
mnist_all/6/mnist_test_6_00439.png,6,complete
mnist_all/6/mnist_test_6_00440.png,6,complete
mnist_all/6/mnist_test_6_00441.png,6,unreviewed
mnist_all/6/mnist_test_6_00442.png,6,complete
mnist_all/6/mnist_test_6_00443.png,6,complete
mnist_all/6/mnist_test_6_00444.png,6,complete
mnist_all/6/mnist_test_6_00445.png,6,complete
mnist_all/6/mnist_test_6_00446.png,6,unreviewed
mnist_all/6/mnist_test_6_00447.png,6,complete
mnist_all/6/mnist_test_6_00448.png,6,complete
mnist_all/6/mnist_test_6_00449.png,6,complete
mnist_all/6/mnist_test_6_00450.png,6,complete
mnist_all/6/mnist_test_6_00451.png,6,unreviewed
mnist_all/6/mnist_test_6_00452.png,6,complete
mnist_all/6/mnist_test_6_00453.png,6,unreviewed
mnist_all/6/mnist_test_6_00454.png,6,complete
mnist_all/6/mnist_test_6_00455.png,6,complete
mnist_all/6/mnist_test_6_00456.png,6,complete
mnist_all/6/mnist_test_6_00457.png,6,unreviewed
mnist_all/6/mnist_test_6_00458.png,6,complete
mnist_all/6/mnist_test_6_00459.png,6,complete
mnist_all/6/mnist_test_6_00460.png,6,unreviewed
mnist_all/6/mnist_test_6_00461.png,6,complete
mnist_all/6/mnist_test_6_00462.png,6,complete
mnist_all/6/mnist_test_6_00463.png,6,complete
mnist_all/6/mnist_test_6_00464.png,6,complete
mnist_all/6/mnist_test_6_00465.png,6,complete
mnist_all/6/mnist_test_6_00466.png,6,complete
mnist_all/6/mnist_test_6_00467.png,6,complete
mnist_all/6/mnist_test_6_00468.png,6,complete
mnist_all/6/mnist_test_6_00469.png,6,complete
mnist_all/6/mnist_test_6_00470.png,6,complete
mnist_all/6/mnist_test_6_00471.png,6,complete
mnist_all/6/mnist_test_6_00472.png,6,complete
mnist_all/6/mnist_test_6_00473.png,6,complete
mnist_all/6/mnist_test_6_00474.png,6,unreviewed
mnist_all/6/mnist_test_6_00475.png,6,complete
mnist_all/6/mnist_test_6_00476.png,6,complete
mnist_all/6/mnist_test_6_00477.png,6,complete
mnist_all/6/mnist_test_6_00478.png,6,complete
mnist_all/6/mnist_test_6_00479.png,6,complete
mnist_all/6/mnist_test_6_00480.png,6,incomplete
mnist_all/6/mnist_test_6_00481.png,6,complete
mnist_all/6/mnist_test_6_00482.png,6,complete
mnist_all/6/mnist_test_6_00483.png,6,incomplete
mnist_all/6/mnist_test_6_00484.png,6,unreviewed
mnist_all/6/mnist_test_6_00485.png,6,complete
mnist_all/6/mnist_test_6_00486.png,6,complete
mnist_all/6/mnist_test_6_00487.png,6,unreviewed
mnist_all/6/mnist_test_6_00488.png,6,complete
mnist_all/6/mnist_test_6_00489.png,6,complete
mnist_all/6/mnist_test_6_00490.png,6,complete
mnist_all/6/mnist_test_6_00491.png,6,complete
mnist_all/6/mnist_test_6_00492.png,6,complete
mnist_all/6/mnist_test_6_00493.png,6,complete
mnist_all/6/mnist_test_6_00494.png,6,unreviewed
mnist_all/6/mnist_test_6_00495.png,6,complete
mnist_all/6/mnist_test_6_00496.png,6,complete
mnist_all/6/mnist_test_6_00497.png,6,complete
mnist_all/6/mnist_test_6_00498.png,6,complete
mnist_all/6/mnist_test_6_00499.png,6,complete
mnist_all/6/mnist_test_6_00500.png,6,complete
mnist_all/6/mnist_test_6_00501.png,6,complete
mnist_all/6/mnist_test_6_00502.png,6,complete
mnist_all/6/mnist_test_6_00503.png,6,complete
mnist_all/6/mnist_test_6_00504.png,6,complete
mnist_all/6/mnist_test_6_00505.png,6,complete
mnist_all/6/mnist_test_6_00506.png,6,complete
mnist_all/6/mnist_test_6_00507.png,6,complete
mnist_all/6/mnist_test_6_00508.png,6,complete
mnist_all/6/mnist_test_6_00509.png,6,complete
mnist_all/6/mnist_test_6_00510.png,6,complete
mnist_all/6/mnist_test_6_00511.png,6,complete
mnist_all/6/mnist_test_6_00512.png,6,complete
mnist_all/6/mnist_test_6_00513.png,6,complete
mnist_all/6/mnist_test_6_00514.png,6,incomplete
mnist_all/6/mnist_test_6_00515.png,6,complete
mnist_all/6/mnist_test_6_00516.png,6,complete
mnist_all/6/mnist_test_6_00517.png,6,complete
mnist_all/6/mnist_test_6_00518.png,6,complete
mnist_all/6/mnist_test_6_00519.png,6,complete
mnist_all/6/mnist_test_6_00520.png,6,complete
mnist_all/6/mnist_test_6_00521.png,6,complete
mnist_all/6/mnist_test_6_00522.png,6,complete
mnist_all/6/mnist_test_6_00523.png,6,complete
mnist_all/6/mnist_test_6_00524.png,6,complete
mnist_all/6/mnist_test_6_00525.png,6,complete
mnist_all/6/mnist_test_6_00526.png,6,complete
mnist_all/6/mnist_test_6_00527.png,6,complete
mnist_all/6/mnist_test_6_00528.png,6,complete
mnist_all/6/mnist_test_6_00529.png,6,complete
mnist_all/6/mnist_test_6_00530.png,6,complete
mnist_all/6/mnist_test_6_00531.png,6,complete
mnist_all/6/mnist_test_6_00532.png,6,incomplete
mnist_all/6/mnist_test_6_00533.png,6,incomplete
mnist_all/6/mnist_test_6_00534.png,6,complete
mnist_all/6/mnist_test_6_00535.png,6,incomplete
mnist_all/6/mnist_test_6_00536.png,6,complete
mnist_all/6/mnist_test_6_00537.png,6,complete
mnist_all/6/mnist_test_6_00538.png,6,complete
mnist_all/6/mnist_test_6_00539.png,6,unreviewed
mnist_all/6/mnist_test_6_00540.png,6,complete
mnist_all/6/mnist_test_6_00541.png,6,incomplete
mnist_all/6/mnist_test_6_00542.png,6,complete
mnist_all/6/mnist_test_6_00543.png,6,complete
mnist_all/6/mnist_test_6_00544.png,6,complete
mnist_all/6/mnist_test_6_00545.png,6,complete
mnist_all/6/mnist_test_6_00546.png,6,complete
mnist_all/6/mnist_test_6_00547.png,6,complete
mnist_all/6/mnist_test_6_00548.png,6,complete
mnist_all/6/mnist_test_6_00549.png,6,complete
mnist_all/6/mnist_test_6_00550.png,6,complete
mnist_all/6/mnist_test_6_00551.png,6,complete
mnist_all/6/mnist_test_6_00552.png,6,complete
mnist_all/6/mnist_test_6_00553.png,6,complete
mnist_all/6/mnist_test_6_00554.png,6,complete
mnist_all/6/mnist_test_6_00555.png,6,unreviewed
mnist_all/6/mnist_test_6_00556.png,6,unreviewed
mnist_all/6/mnist_test_6_00557.png,6,unreviewed
mnist_all/6/mnist_test_6_00558.png,6,unreviewed
mnist_all/6/mnist_test_6_00559.png,6,complete
mnist_all/6/mnist_test_6_00560.png,6,unreviewed
mnist_all/6/mnist_test_6_00561.png,6,unreviewed
mnist_all/6/mnist_test_6_00562.png,6,complete
mnist_all/6/mnist_test_6_00563.png,6,complete
mnist_all/6/mnist_test_6_00564.png,6,complete
mnist_all/6/mnist_test_6_00565.png,6,complete
mnist_all/6/mnist_test_6_00566.png,6,complete
mnist_all/6/mnist_test_6_00567.png,6,complete
mnist_all/6/mnist_test_6_00568.png,6,complete
mnist_all/6/mnist_test_6_00569.png,6,complete
mnist_all/6/mnist_test_6_00570.png,6,complete
mnist_all/6/mnist_test_6_00571.png,6,complete
mnist_all/6/mnist_test_6_00572.png,6,complete
mnist_all/6/mnist_test_6_00573.png,6,complete
mnist_all/6/mnist_test_6_00574.png,6,complete
mnist_all/6/mnist_test_6_00575.png,6,complete
mnist_all/6/mnist_test_6_00576.png,6,complete
mnist_all/6/mnist_test_6_00577.png,6,complete
mnist_all/6/mnist_test_6_00578.png,6,complete
mnist_all/6/mnist_test_6_00579.png,6,complete
mnist_all/6/mnist_test_6_00580.png,6,complete
mnist_all/6/mnist_test_6_00581.png,6,complete
mnist_all/6/mnist_test_6_00582.png,6,complete
mnist_all/6/mnist_test_6_00583.png,6,complete
mnist_all/6/mnist_test_6_00584.png,6,complete
mnist_all/6/mnist_test_6_00585.png,6,complete
mnist_all/6/mnist_test_6_00586.png,6,complete
mnist_all/6/mnist_test_6_00587.png,6,complete
mnist_all/6/mnist_test_6_00588.png,6,complete
mnist_all/6/mnist_test_6_00589.png,6,complete
mnist_all/6/mnist_test_6_00590.png,6,complete
mnist_all/6/mnist_test_6_00591.png,6,complete
mnist_all/6/mnist_test_6_00592.png,6,complete
mnist_all/6/mnist_test_6_00593.png,6,complete
mnist_all/6/mnist_test_6_00594.png,6,complete
mnist_all/6/mnist_test_6_00595.png,6,unreviewed
mnist_all/6/mnist_test_6_00596.png,6,complete
mnist_all/6/mnist_test_6_00597.png,6,complete
mnist_all/6/mnist_test_6_00598.png,6,complete
mnist_all/6/mnist_test_6_00599.png,6,complete
mnist_all/6/mnist_test_6_00600.png,6,complete
mnist_all/6/mnist_test_6_00601.png,6,complete
mnist_all/6/mnist_test_6_00602.png,6,complete
mnist_all/6/mnist_test_6_00603.png,6,complete
mnist_all/6/mnist_test_6_00604.png,6,complete
mnist_all/6/mnist_test_6_00605.png,6,complete
mnist_all/6/mnist_test_6_00606.png,6,complete
mnist_all/6/mnist_test_6_00607.png,6,complete
mnist_all/6/mnist_test_6_00608.png,6,complete
mnist_all/6/mnist_test_6_00609.png,6,complete
mnist_all/6/mnist_test_6_00610.png,6,unreviewed
mnist_all/6/mnist_test_6_00611.png,6,incomplete
mnist_all/6/mnist_test_6_00612.png,6,unreviewed
mnist_all/6/mnist_test_6_00613.png,6,unreviewed
mnist_all/6/mnist_test_6_00614.png,6,incomplete
mnist_all/6/mnist_test_6_00615.png,6,unreviewed
mnist_all/6/mnist_test_6_00616.png,6,incomplete
mnist_all/6/mnist_test_6_00617.png,6,incomplete
mnist_all/6/mnist_test_6_00618.png,6,incomplete
mnist_all/6/mnist_test_6_00619.png,6,incomplete
mnist_all/6/mnist_test_6_00620.png,6,unreviewed
mnist_all/6/mnist_test_6_00621.png,6,complete
mnist_all/6/mnist_test_6_00622.png,6,complete
mnist_all/6/mnist_test_6_00623.png,6,complete
mnist_all/6/mnist_test_6_00624.png,6,complete
mnist_all/6/mnist_test_6_00625.png,6,complete
mnist_all/6/mnist_test_6_00626.png,6,complete
mnist_all/6/mnist_test_6_00627.png,6,complete
mnist_all/6/mnist_test_6_00628.png,6,complete
mnist_all/6/mnist_test_6_00629.png,6,unreviewed
mnist_all/6/mnist_test_6_00630.png,6,unreviewed
mnist_all/6/mnist_test_6_00631.png,6,complete
mnist_all/6/mnist_test_6_00632.png,6,unreviewed
mnist_all/6/mnist_test_6_00633.png,6,complete
mnist_all/6/mnist_test_6_00634.png,6,unreviewed
mnist_all/6/mnist_test_6_00635.png,6,complete
mnist_all/6/mnist_test_6_00636.png,6,complete
mnist_all/6/mnist_test_6_00637.png,6,complete
mnist_all/6/mnist_test_6_00638.png,6,complete
mnist_all/6/mnist_test_6_00639.png,6,complete
mnist_all/6/mnist_test_6_00640.png,6,complete
mnist_all/6/mnist_test_6_00641.png,6,unreviewed
mnist_all/6/mnist_test_6_00642.png,6,complete
mnist_all/6/mnist_test_6_00643.png,6,complete
mnist_all/6/mnist_test_6_00644.png,6,complete
mnist_all/6/mnist_test_6_00645.png,6,complete
mnist_all/6/mnist_test_6_00646.png,6,complete
mnist_all/6/mnist_test_6_00647.png,6,complete
mnist_all/6/mnist_test_6_00648.png,6,unreviewed
mnist_all/6/mnist_test_6_00649.png,6,unreviewed
mnist_all/6/mnist_test_6_00650.png,6,complete
mnist_all/6/mnist_test_6_00651.png,6,unreviewed
mnist_all/6/mnist_test_6_00652.png,6,unreviewed
mnist_all/6/mnist_test_6_00653.png,6,complete
mnist_all/6/mnist_test_6_00654.png,6,complete
mnist_all/6/mnist_test_6_00655.png,6,complete
mnist_all/6/mnist_test_6_00656.png,6,complete
mnist_all/6/mnist_test_6_00657.png,6,complete
mnist_all/6/mnist_test_6_00658.png,6,complete
mnist_all/6/mnist_test_6_00659.png,6,complete
mnist_all/6/mnist_test_6_00660.png,6,complete
mnist_all/6/mnist_test_6_00661.png,6,complete
mnist_all/6/mnist_test_6_00662.png,6,complete
mnist_all/6/mnist_test_6_00663.png,6,unreviewed
mnist_all/6/mnist_test_6_00664.png,6,unreviewed
mnist_all/6/mnist_test_6_00665.png,6,complete
mnist_all/6/mnist_test_6_00666.png,6,complete
mnist_all/6/mnist_test_6_00667.png,6,complete
mnist_all/6/mnist_test_6_00668.png,6,unreviewed
mnist_all/6/mnist_test_6_00669.png,6,complete
mnist_all/6/mnist_test_6_00670.png,6,complete
mnist_all/6/mnist_test_6_00671.png,6,complete
mnist_all/6/mnist_test_6_00672.png,6,unreviewed
mnist_all/6/mnist_test_6_00673.png,6,complete
mnist_all/6/mnist_test_6_00674.png,6,unreviewed
mnist_all/6/mnist_test_6_00675.png,6,unreviewed
mnist_all/6/mnist_test_6_00676.png,6,unreviewed
mnist_all/6/mnist_test_6_00677.png,6,unreviewed
mnist_all/6/mnist_test_6_00678.png,6,unreviewed
mnist_all/6/mnist_test_6_00679.png,6,complete
mnist_all/6/mnist_test_6_00680.png,6,complete
mnist_all/6/mnist_test_6_00681.png,6,unreviewed
mnist_all/6/mnist_test_6_00682.png,6,complete
mnist_all/6/mnist_test_6_00683.png,6,complete
mnist_all/6/mnist_test_6_00684.png,6,complete
mnist_all/6/mnist_test_6_00685.png,6,complete
mnist_all/6/mnist_test_6_00686.png,6,unreviewed
mnist_all/6/mnist_test_6_00687.png,6,unreviewed
mnist_all/6/mnist_test_6_00688.png,6,unreviewed
mnist_all/6/mnist_test_6_00689.png,6,unreviewed
mnist_all/6/mnist_test_6_00690.png,6,complete
mnist_all/6/mnist_test_6_00691.png,6,unreviewed
mnist_all/6/mnist_test_6_00692.png,6,unreviewed
mnist_all/6/mnist_test_6_00693.png,6,complete
mnist_all/6/mnist_test_6_00694.png,6,complete
mnist_all/6/mnist_test_6_00695.png,6,unreviewed
mnist_all/6/mnist_test_6_00696.png,6,unreviewed
mnist_all/6/mnist_test_6_00697.png,6,incomplete
mnist_all/6/mnist_test_6_00698.png,6,unreviewed
mnist_all/6/mnist_test_6_00699.png,6,unreviewed
mnist_all/6/mnist_test_6_00700.png,6,unreviewed
mnist_all/6/mnist_test_6_00701.png,6,unreviewed
mnist_all/6/mnist_test_6_00702.png,6,unreviewed
mnist_all/6/mnist_test_6_00703.png,6,unreviewed
mnist_all/6/mnist_test_6_00704.png,6,unreviewed
mnist_all/6/mnist_test_6_00705.png,6,unreviewed
mnist_all/6/mnist_test_6_00706.png,6,complete
mnist_all/6/mnist_test_6_00707.png,6,complete
mnist_all/6/mnist_test_6_00708.png,6,unreviewed
mnist_all/6/mnist_test_6_00709.png,6,complete
mnist_all/6/mnist_test_6_00710.png,6,complete
mnist_all/6/mnist_test_6_00711.png,6,complete
mnist_all/6/mnist_test_6_00712.png,6,complete
mnist_all/6/mnist_test_6_00713.png,6,complete
mnist_all/6/mnist_test_6_00714.png,6,complete
mnist_all/6/mnist_test_6_00715.png,6,complete
mnist_all/6/mnist_test_6_00716.png,6,complete
mnist_all/6/mnist_test_6_00717.png,6,complete
mnist_all/6/mnist_test_6_00718.png,6,unreviewed
mnist_all/6/mnist_test_6_00719.png,6,unreviewed
mnist_all/6/mnist_test_6_00720.png,6,unreviewed
mnist_all/6/mnist_test_6_00721.png,6,complete
mnist_all/6/mnist_test_6_00722.png,6,complete
mnist_all/6/mnist_test_6_00723.png,6,complete
mnist_all/6/mnist_test_6_00724.png,6,complete
mnist_all/6/mnist_test_6_00725.png,6,complete
mnist_all/6/mnist_test_6_00726.png,6,complete
mnist_all/6/mnist_test_6_00727.png,6,complete
mnist_all/6/mnist_test_6_00728.png,6,complete
mnist_all/6/mnist_test_6_00729.png,6,complete
mnist_all/6/mnist_test_6_00730.png,6,unreviewed
mnist_all/6/mnist_test_6_00731.png,6,complete
mnist_all/6/mnist_test_6_00732.png,6,complete
mnist_all/6/mnist_test_6_00733.png,6,complete
mnist_all/6/mnist_test_6_00734.png,6,complete
mnist_all/6/mnist_test_6_00735.png,6,complete
mnist_all/6/mnist_test_6_00736.png,6,complete
mnist_all/6/mnist_test_6_00737.png,6,complete
mnist_all/6/mnist_test_6_00738.png,6,complete
mnist_all/6/mnist_test_6_00739.png,6,complete
mnist_all/6/mnist_test_6_00740.png,6,unreviewed
mnist_all/6/mnist_test_6_00741.png,6,unreviewed
mnist_all/6/mnist_test_6_00742.png,6,unreviewed
mnist_all/6/mnist_test_6_00743.png,6,unreviewed
mnist_all/6/mnist_test_6_00744.png,6,unreviewed
mnist_all/6/mnist_test_6_00745.png,6,complete
mnist_all/6/mnist_test_6_00746.png,6,unreviewed
mnist_all/6/mnist_test_6_00747.png,6,unreviewed
mnist_all/6/mnist_test_6_00748.png,6,unreviewed
mnist_all/6/mnist_test_6_00749.png,6,unreviewed
mnist_all/6/mnist_test_6_00750.png,6,unreviewed
mnist_all/6/mnist_test_6_00751.png,6,complete
mnist_all/6/mnist_test_6_00752.png,6,complete
mnist_all/6/mnist_test_6_00753.png,6,complete
mnist_all/6/mnist_test_6_00754.png,6,complete
mnist_all/6/mnist_test_6_00755.png,6,complete
mnist_all/6/mnist_test_6_00756.png,6,complete
mnist_all/6/mnist_test_6_00757.png,6,complete
mnist_all/6/mnist_test_6_00758.png,6,unreviewed
mnist_all/6/mnist_test_6_00759.png,6,complete
mnist_all/6/mnist_test_6_00760.png,6,complete
mnist_all/6/mnist_test_6_00761.png,6,unreviewed
mnist_all/6/mnist_test_6_00762.png,6,complete
mnist_all/6/mnist_test_6_00763.png,6,complete
mnist_all/6/mnist_test_6_00764.png,6,unreviewed
mnist_all/6/mnist_test_6_00765.png,6,complete
mnist_all/6/mnist_test_6_00766.png,6,unreviewed
mnist_all/6/mnist_test_6_00767.png,6,unreviewed
mnist_all/6/mnist_test_6_00768.png,6,complete
mnist_all/6/mnist_test_6_00769.png,6,complete
mnist_all/6/mnist_test_6_00770.png,6,complete
mnist_all/6/mnist_test_6_00771.png,6,complete
mnist_all/6/mnist_test_6_00772.png,6,complete
mnist_all/6/mnist_test_6_00773.png,6,complete
mnist_all/6/mnist_test_6_00774.png,6,complete
mnist_all/6/mnist_test_6_00775.png,6,complete
mnist_all/6/mnist_test_6_00776.png,6,unreviewed
mnist_all/6/mnist_test_6_00777.png,6,complete
mnist_all/6/mnist_test_6_00778.png,6,complete
mnist_all/6/mnist_test_6_00779.png,6,complete
mnist_all/6/mnist_test_6_00780.png,6,complete
mnist_all/6/mnist_test_6_00781.png,6,complete
mnist_all/6/mnist_test_6_00782.png,6,unreviewed
mnist_all/6/mnist_test_6_00783.png,6,unreviewed
mnist_all/6/mnist_test_6_00784.png,6,unreviewed
mnist_all/6/mnist_test_6_00785.png,6,complete
mnist_all/6/mnist_test_6_00786.png,6,incomplete
mnist_all/6/mnist_test_6_00787.png,6,incomplete
mnist_all/6/mnist_test_6_00788.png,6,unreviewed
mnist_all/6/mnist_test_6_00789.png,6,complete
mnist_all/6/mnist_test_6_00790.png,6,complete
mnist_all/6/mnist_test_6_00791.png,6,incomplete
mnist_all/6/mnist_test_6_00792.png,6,incomplete
mnist_all/6/mnist_test_6_00793.png,6,incomplete
mnist_all/6/mnist_test_6_00794.png,6,unreviewed
mnist_all/6/mnist_test_6_00795.png,6,unreviewed
mnist_all/6/mnist_test_6_00796.png,6,complete
mnist_all/6/mnist_test_6_00797.png,6,unreviewed
mnist_all/6/mnist_test_6_00798.png,6,unreviewed
mnist_all/6/mnist_test_6_00799.png,6,complete
mnist_all/6/mnist_test_6_00800.png,6,complete
mnist_all/6/mnist_test_6_00801.png,6,complete
mnist_all/6/mnist_test_6_00802.png,6,complete
mnist_all/6/mnist_test_6_00803.png,6,unreviewed
mnist_all/6/mnist_test_6_00804.png,6,complete
mnist_all/6/mnist_test_6_00805.png,6,unreviewed
mnist_all/6/mnist_test_6_00806.png,6,unreviewed
mnist_all/6/mnist_test_6_00807.png,6,complete
mnist_all/6/mnist_test_6_00808.png,6,complete
mnist_all/6/mnist_test_6_00809.png,6,complete
mnist_all/6/mnist_test_6_00810.png,6,complete
mnist_all/6/mnist_test_6_00811.png,6,complete
mnist_all/6/mnist_test_6_00812.png,6,unreviewed
mnist_all/6/mnist_test_6_00813.png,6,complete
mnist_all/6/mnist_test_6_00814.png,6,complete
mnist_all/6/mnist_test_6_00815.png,6,complete
mnist_all/6/mnist_test_6_00816.png,6,complete
mnist_all/6/mnist_test_6_00817.png,6,complete
mnist_all/6/mnist_test_6_00818.png,6,complete
mnist_all/6/mnist_test_6_00819.png,6,complete
mnist_all/6/mnist_test_6_00820.png,6,complete
mnist_all/6/mnist_test_6_00821.png,6,complete
mnist_all/6/mnist_test_6_00822.png,6,unreviewed
mnist_all/6/mnist_test_6_00823.png,6,complete
mnist_all/6/mnist_test_6_00824.png,6,unreviewed
mnist_all/6/mnist_test_6_00825.png,6,unreviewed
mnist_all/6/mnist_test_6_00826.png,6,complete
mnist_all/6/mnist_test_6_00827.png,6,unreviewed
mnist_all/6/mnist_test_6_00828.png,6,complete
mnist_all/6/mnist_test_6_00829.png,6,complete
mnist_all/6/mnist_test_6_00830.png,6,complete
mnist_all/6/mnist_test_6_00831.png,6,unreviewed
mnist_all/6/mnist_test_6_00832.png,6,complete
mnist_all/6/mnist_test_6_00833.png,6,unreviewed
mnist_all/6/mnist_test_6_00834.png,6,complete
mnist_all/6/mnist_test_6_00835.png,6,complete
mnist_all/6/mnist_test_6_00836.png,6,complete
mnist_all/6/mnist_test_6_00837.png,6,complete
mnist_all/6/mnist_test_6_00838.png,6,complete
mnist_all/6/mnist_test_6_00839.png,6,complete
mnist_all/6/mnist_test_6_00840.png,6,complete
mnist_all/6/mnist_test_6_00841.png,6,unreviewed
mnist_all/6/mnist_test_6_00842.png,6,complete
mnist_all/6/mnist_test_6_00843.png,6,complete
mnist_all/6/mnist_test_6_00844.png,6,complete
mnist_all/6/mnist_test_6_00845.png,6,complete
mnist_all/6/mnist_test_6_00846.png,6,complete
mnist_all/6/mnist_test_6_00847.png,6,complete
mnist_all/6/mnist_test_6_00848.png,6,complete
mnist_all/6/mnist_test_6_00849.png,6,complete
mnist_all/6/mnist_test_6_00850.png,6,complete
mnist_all/6/mnist_test_6_00851.png,6,complete
mnist_all/6/mnist_test_6_00852.png,6,complete
mnist_all/6/mnist_test_6_00853.png,6,complete
mnist_all/6/mnist_test_6_00854.png,6,complete
mnist_all/6/mnist_test_6_00855.png,6,complete
mnist_all/6/mnist_test_6_00856.png,6,complete
mnist_all/6/mnist_test_6_00857.png,6,complete
mnist_all/6/mnist_test_6_00858.png,6,unreviewed
mnist_all/6/mnist_test_6_00859.png,6,complete
mnist_all/6/mnist_test_6_00860.png,6,complete
mnist_all/6/mnist_test_6_00861.png,6,complete
mnist_all/6/mnist_test_6_00862.png,6,complete
mnist_all/6/mnist_test_6_00863.png,6,unreviewed
mnist_all/6/mnist_test_6_00864.png,6,unreviewed
mnist_all/6/mnist_test_6_00865.png,6,complete
mnist_all/6/mnist_test_6_00866.png,6,complete
mnist_all/6/mnist_test_6_00867.png,6,complete
mnist_all/6/mnist_test_6_00868.png,6,complete
mnist_all/6/mnist_test_6_00869.png,6,complete
mnist_all/6/mnist_test_6_00870.png,6,unreviewed
mnist_all/6/mnist_test_6_00871.png,6,complete
mnist_all/6/mnist_test_6_00872.png,6,complete
mnist_all/6/mnist_test_6_00873.png,6,complete
mnist_all/6/mnist_test_6_00874.png,6,complete
mnist_all/6/mnist_test_6_00875.png,6,complete
mnist_all/6/mnist_test_6_00876.png,6,complete
mnist_all/6/mnist_test_6_00877.png,6,complete
mnist_all/6/mnist_test_6_00878.png,6,complete
mnist_all/6/mnist_test_6_00879.png,6,complete
mnist_all/6/mnist_test_6_00880.png,6,complete
mnist_all/6/mnist_test_6_00881.png,6,complete
mnist_all/6/mnist_test_6_00882.png,6,complete
mnist_all/6/mnist_test_6_00883.png,6,complete
mnist_all/6/mnist_test_6_00884.png,6,complete
mnist_all/6/mnist_test_6_00885.png,6,complete
mnist_all/6/mnist_test_6_00886.png,6,complete
mnist_all/6/mnist_test_6_00887.png,6,complete
mnist_all/6/mnist_test_6_00888.png,6,complete
mnist_all/6/mnist_test_6_00889.png,6,complete
mnist_all/6/mnist_test_6_00890.png,6,complete
mnist_all/6/mnist_test_6_00891.png,6,complete
mnist_all/6/mnist_test_6_00892.png,6,complete
mnist_all/6/mnist_test_6_00893.png,6,complete
mnist_all/6/mnist_test_6_00894.png,6,complete
mnist_all/6/mnist_test_6_00895.png,6,complete
mnist_all/6/mnist_test_6_00896.png,6,unreviewed
mnist_all/6/mnist_test_6_00897.png,6,complete
mnist_all/6/mnist_test_6_00898.png,6,unreviewed
mnist_all/6/mnist_test_6_00899.png,6,unreviewed
mnist_all/6/mnist_test_6_00900.png,6,complete
mnist_all/6/mnist_test_6_00901.png,6,complete
mnist_all/6/mnist_test_6_00902.png,6,unreviewed
mnist_all/6/mnist_test_6_00903.png,6,complete
mnist_all/6/mnist_test_6_00904.png,6,complete
mnist_all/6/mnist_test_6_00905.png,6,complete
mnist_all/6/mnist_test_6_00906.png,6,complete
mnist_all/6/mnist_test_6_00907.png,6,complete
mnist_all/6/mnist_test_6_00908.png,6,unreviewed
mnist_all/6/mnist_test_6_00909.png,6,complete
mnist_all/6/mnist_test_6_00910.png,6,complete
mnist_all/6/mnist_test_6_00911.png,6,complete
mnist_all/6/mnist_test_6_00912.png,6,unreviewed
mnist_all/6/mnist_test_6_00913.png,6,complete
mnist_all/6/mnist_test_6_00914.png,6,complete
mnist_all/6/mnist_test_6_00915.png,6,unreviewed
mnist_all/6/mnist_test_6_00916.png,6,complete
mnist_all/6/mnist_test_6_00917.png,6,complete
mnist_all/6/mnist_test_6_00918.png,6,incomplete
mnist_all/6/mnist_test_6_00919.png,6,unreviewed
mnist_all/6/mnist_test_6_00920.png,6,incomplete
mnist_all/6/mnist_test_6_00921.png,6,unreviewed
mnist_all/6/mnist_test_6_00922.png,6,unreviewed
mnist_all/6/mnist_test_6_00923.png,6,unreviewed
mnist_all/6/mnist_test_6_00924.png,6,unreviewed
mnist_all/6/mnist_test_6_00925.png,6,incomplete
mnist_all/6/mnist_test_6_00926.png,6,incomplete
mnist_all/6/mnist_test_6_00927.png,6,incomplete
mnist_all/6/mnist_test_6_00928.png,6,complete
mnist_all/6/mnist_test_6_00929.png,6,complete
mnist_all/6/mnist_test_6_00930.png,6,complete
mnist_all/6/mnist_test_6_00931.png,6,complete
mnist_all/6/mnist_test_6_00932.png,6,complete
mnist_all/6/mnist_test_6_00933.png,6,complete
mnist_all/6/mnist_test_6_00934.png,6,complete
mnist_all/6/mnist_test_6_00935.png,6,complete
mnist_all/6/mnist_test_6_00936.png,6,complete
mnist_all/6/mnist_test_6_00937.png,6,complete
mnist_all/6/mnist_test_6_00938.png,6,complete
mnist_all/6/mnist_test_6_00939.png,6,complete
mnist_all/6/mnist_test_6_00940.png,6,complete
mnist_all/6/mnist_test_6_00941.png,6,complete
mnist_all/6/mnist_test_6_00942.png,6,unreviewed
mnist_all/6/mnist_test_6_00943.png,6,complete
mnist_all/6/mnist_test_6_00944.png,6,unreviewed
mnist_all/6/mnist_test_6_00945.png,6,complete
mnist_all/6/mnist_test_6_00946.png,6,unreviewed
mnist_all/6/mnist_test_6_00947.png,6,complete
mnist_all/6/mnist_test_6_00948.png,6,complete
mnist_all/6/mnist_test_6_00949.png,6,incomplete
mnist_all/6/mnist_test_6_00950.png,6,complete
mnist_all/6/mnist_test_6_00951.png,6,unreviewed
mnist_all/6/mnist_test_6_00952.png,6,unreviewed
mnist_all/6/mnist_test_6_00953.png,6,complete
mnist_all/6/mnist_test_6_00954.png,6,unreviewed
mnist_all/6/mnist_test_6_00955.png,6,unreviewed
mnist_all/6/mnist_test_6_00956.png,6,complete
mnist_all/6/mnist_test_6_00957.png,6,complete
mnist_all/7/mnist_test_7_00000.png,7,complete
mnist_all/7/mnist_test_7_00001.png,7,complete
mnist_all/7/mnist_test_7_00002.png,7,complete
mnist_all/7/mnist_test_7_00003.png,7,complete
mnist_all/7/mnist_test_7_00004.png,7,complete
mnist_all/7/mnist_test_7_00005.png,7,unreviewed
mnist_all/7/mnist_test_7_00006.png,7,complete
mnist_all/7/mnist_test_7_00007.png,7,complete
mnist_all/7/mnist_test_7_00008.png,7,complete
mnist_all/7/mnist_test_7_00009.png,7,complete
mnist_all/7/mnist_test_7_00010.png,7,complete
mnist_all/7/mnist_test_7_00011.png,7,complete
mnist_all/7/mnist_test_7_00012.png,7,complete
mnist_all/7/mnist_test_7_00013.png,7,complete
mnist_all/7/mnist_test_7_00014.png,7,complete
mnist_all/7/mnist_test_7_00015.png,7,complete
mnist_all/7/mnist_test_7_00016.png,7,complete
mnist_all/7/mnist_test_7_00017.png,7,complete
mnist_all/7/mnist_test_7_00018.png,7,complete
mnist_all/7/mnist_test_7_00019.png,7,complete
mnist_all/7/mnist_test_7_00020.png,7,complete
mnist_all/7/mnist_test_7_00021.png,7,complete
mnist_all/7/mnist_test_7_00022.png,7,complete
mnist_all/7/mnist_test_7_00023.png,7,unreviewed
mnist_all/7/mnist_test_7_00024.png,7,complete
mnist_all/7/mnist_test_7_00025.png,7,complete
mnist_all/7/mnist_test_7_00026.png,7,complete
mnist_all/7/mnist_test_7_00027.png,7,complete
mnist_all/7/mnist_test_7_00028.png,7,complete
mnist_all/7/mnist_test_7_00029.png,7,complete
mnist_all/7/mnist_test_7_00030.png,7,complete
mnist_all/7/mnist_test_7_00031.png,7,complete
mnist_all/7/mnist_test_7_00032.png,7,complete
mnist_all/7/mnist_test_7_00033.png,7,complete
mnist_all/7/mnist_test_7_00034.png,7,complete
mnist_all/7/mnist_test_7_00035.png,7,complete
mnist_all/7/mnist_test_7_00036.png,7,complete
mnist_all/7/mnist_test_7_00037.png,7,complete
mnist_all/7/mnist_test_7_00038.png,7,complete
mnist_all/7/mnist_test_7_00039.png,7,complete
mnist_all/7/mnist_test_7_00040.png,7,unreviewed
mnist_all/7/mnist_test_7_00041.png,7,complete
mnist_all/7/mnist_test_7_00042.png,7,complete
mnist_all/7/mnist_test_7_00043.png,7,complete
mnist_all/7/mnist_test_7_00044.png,7,complete
mnist_all/7/mnist_test_7_00045.png,7,complete
mnist_all/7/mnist_test_7_00046.png,7,complete
mnist_all/7/mnist_test_7_00047.png,7,complete
mnist_all/7/mnist_test_7_00048.png,7,complete
mnist_all/7/mnist_test_7_00049.png,7,complete
mnist_all/7/mnist_test_7_00050.png,7,complete
mnist_all/7/mnist_test_7_00051.png,7,complete
mnist_all/7/mnist_test_7_00052.png,7,complete
mnist_all/7/mnist_test_7_00053.png,7,complete
mnist_all/7/mnist_test_7_00054.png,7,complete
mnist_all/7/mnist_test_7_00055.png,7,complete
mnist_all/7/mnist_test_7_00056.png,7,complete
mnist_all/7/mnist_test_7_00057.png,7,complete
mnist_all/7/mnist_test_7_00058.png,7,complete
mnist_all/7/mnist_test_7_00059.png,7,complete
mnist_all/7/mnist_test_7_00060.png,7,complete
mnist_all/7/mnist_test_7_00061.png,7,complete
mnist_all/7/mnist_test_7_00062.png,7,complete
mnist_all/7/mnist_test_7_00063.png,7,complete
mnist_all/7/mnist_test_7_00064.png,7,complete
mnist_all/7/mnist_test_7_00065.png,7,unreviewed
mnist_all/7/mnist_test_7_00066.png,7,complete
mnist_all/7/mnist_test_7_00067.png,7,complete
mnist_all/7/mnist_test_7_00068.png,7,complete
mnist_all/7/mnist_test_7_00069.png,7,unreviewed
mnist_all/7/mnist_test_7_00070.png,7,complete
mnist_all/7/mnist_test_7_00071.png,7,complete
mnist_all/7/mnist_test_7_00072.png,7,complete
mnist_all/7/mnist_test_7_00073.png,7,unreviewed
mnist_all/7/mnist_test_7_00074.png,7,complete
mnist_all/7/mnist_test_7_00075.png,7,complete
mnist_all/7/mnist_test_7_00076.png,7,complete
mnist_all/7/mnist_test_7_00077.png,7,complete
mnist_all/7/mnist_test_7_00078.png,7,complete
mnist_all/7/mnist_test_7_00079.png,7,complete
mnist_all/7/mnist_test_7_00080.png,7,complete
mnist_all/7/mnist_test_7_00081.png,7,complete
mnist_all/7/mnist_test_7_00082.png,7,complete
mnist_all/7/mnist_test_7_00083.png,7,unreviewed
mnist_all/7/mnist_test_7_00084.png,7,unreviewed
mnist_all/7/mnist_test_7_00085.png,7,unreviewed
mnist_all/7/mnist_test_7_00086.png,7,complete
mnist_all/7/mnist_test_7_00087.png,7,complete
mnist_all/7/mnist_test_7_00088.png,7,complete
mnist_all/7/mnist_test_7_00089.png,7,complete
mnist_all/7/mnist_test_7_00090.png,7,complete
mnist_all/7/mnist_test_7_00091.png,7,complete
mnist_all/7/mnist_test_7_00092.png,7,complete
mnist_all/7/mnist_test_7_00093.png,7,complete
mnist_all/7/mnist_test_7_00094.png,7,complete
mnist_all/7/mnist_test_7_00095.png,7,complete
mnist_all/7/mnist_test_7_00096.png,7,complete
mnist_all/7/mnist_test_7_00097.png,7,complete
mnist_all/7/mnist_test_7_00098.png,7,complete
mnist_all/7/mnist_test_7_00099.png,7,complete
mnist_all/7/mnist_test_7_00100.png,7,complete
mnist_all/7/mnist_test_7_00101.png,7,complete
mnist_all/7/mnist_test_7_00102.png,7,unreviewed
mnist_all/7/mnist_test_7_00103.png,7,unreviewed
mnist_all/7/mnist_test_7_00104.png,7,unreviewed
mnist_all/7/mnist_test_7_00105.png,7,complete
mnist_all/7/mnist_test_7_00106.png,7,complete
mnist_all/7/mnist_test_7_00107.png,7,complete
mnist_all/7/mnist_test_7_00108.png,7,complete
mnist_all/7/mnist_test_7_00109.png,7,complete
mnist_all/7/mnist_test_7_00110.png,7,complete
mnist_all/7/mnist_test_7_00111.png,7,complete
mnist_all/7/mnist_test_7_00112.png,7,unreviewed
mnist_all/7/mnist_test_7_00113.png,7,complete
mnist_all/7/mnist_test_7_00114.png,7,complete
mnist_all/7/mnist_test_7_00115.png,7,complete
mnist_all/7/mnist_test_7_00116.png,7,complete
mnist_all/7/mnist_test_7_00117.png,7,complete
mnist_all/7/mnist_test_7_00118.png,7,complete
mnist_all/7/mnist_test_7_00119.png,7,complete
mnist_all/7/mnist_test_7_00120.png,7,complete
mnist_all/7/mnist_test_7_00121.png,7,complete
mnist_all/7/mnist_test_7_00122.png,7,complete
mnist_all/7/mnist_test_7_00123.png,7,complete
mnist_all/7/mnist_test_7_00124.png,7,complete
mnist_all/7/mnist_test_7_00125.png,7,unreviewed
mnist_all/7/mnist_test_7_00126.png,7,complete
mnist_all/7/mnist_test_7_00127.png,7,complete
mnist_all/7/mnist_test_7_00128.png,7,complete
mnist_all/7/mnist_test_7_00129.png,7,unreviewed
mnist_all/7/mnist_test_7_00130.png,7,complete
mnist_all/7/mnist_test_7_00131.png,7,complete
mnist_all/7/mnist_test_7_00132.png,7,complete
mnist_all/7/mnist_test_7_00133.png,7,unreviewed
mnist_all/7/mnist_test_7_00134.png,7,unreviewed
mnist_all/7/mnist_test_7_00135.png,7,complete
mnist_all/7/mnist_test_7_00136.png,7,complete
mnist_all/7/mnist_test_7_00137.png,7,unreviewed
mnist_all/7/mnist_test_7_00138.png,7,complete
mnist_all/7/mnist_test_7_00139.png,7,complete
mnist_all/7/mnist_test_7_00140.png,7,complete
mnist_all/7/mnist_test_7_00141.png,7,unreviewed
mnist_all/7/mnist_test_7_00142.png,7,complete
mnist_all/7/mnist_test_7_00143.png,7,complete
mnist_all/7/mnist_test_7_00144.png,7,complete
mnist_all/7/mnist_test_7_00145.png,7,complete
mnist_all/7/mnist_test_7_00146.png,7,complete
mnist_all/7/mnist_test_7_00147.png,7,complete
mnist_all/7/mnist_test_7_00148.png,7,complete
mnist_all/7/mnist_test_7_00149.png,7,complete
mnist_all/7/mnist_test_7_00150.png,7,unreviewed
mnist_all/7/mnist_test_7_00151.png,7,unreviewed
mnist_all/7/mnist_test_7_00152.png,7,complete
mnist_all/7/mnist_test_7_00153.png,7,complete
mnist_all/7/mnist_test_7_00154.png,7,complete
mnist_all/7/mnist_test_7_00155.png,7,unreviewed
mnist_all/7/mnist_test_7_00156.png,7,complete
mnist_all/7/mnist_test_7_00157.png,7,complete
mnist_all/7/mnist_test_7_00158.png,7,complete
mnist_all/7/mnist_test_7_00159.png,7,complete
mnist_all/7/mnist_test_7_00160.png,7,complete
mnist_all/7/mnist_test_7_00161.png,7,complete
mnist_all/7/mnist_test_7_00162.png,7,complete
mnist_all/7/mnist_test_7_00163.png,7,unreviewed
mnist_all/7/mnist_test_7_00164.png,7,complete
mnist_all/7/mnist_test_7_00165.png,7,complete
mnist_all/7/mnist_test_7_00166.png,7,complete
mnist_all/7/mnist_test_7_00167.png,7,unreviewed
mnist_all/7/mnist_test_7_00168.png,7,unreviewed
mnist_all/7/mnist_test_7_00169.png,7,complete
mnist_all/7/mnist_test_7_00170.png,7,unreviewed
mnist_all/7/mnist_test_7_00171.png,7,complete
mnist_all/7/mnist_test_7_00172.png,7,complete
mnist_all/7/mnist_test_7_00173.png,7,complete
mnist_all/7/mnist_test_7_00174.png,7,complete
mnist_all/7/mnist_test_7_00175.png,7,incomplete
mnist_all/7/mnist_test_7_00176.png,7,complete
mnist_all/7/mnist_test_7_00177.png,7,complete
mnist_all/7/mnist_test_7_00178.png,7,complete
mnist_all/7/mnist_test_7_00179.png,7,complete
mnist_all/7/mnist_test_7_00180.png,7,complete
mnist_all/7/mnist_test_7_00181.png,7,unreviewed
mnist_all/7/mnist_test_7_00182.png,7,complete
mnist_all/7/mnist_test_7_00183.png,7,complete
mnist_all/7/mnist_test_7_00184.png,7,complete
mnist_all/7/mnist_test_7_00185.png,7,complete
mnist_all/7/mnist_test_7_00186.png,7,complete
mnist_all/7/mnist_test_7_00187.png,7,complete
mnist_all/7/mnist_test_7_00188.png,7,complete
mnist_all/7/mnist_test_7_00189.png,7,complete
mnist_all/7/mnist_test_7_00190.png,7,complete
mnist_all/7/mnist_test_7_00191.png,7,complete
mnist_all/7/mnist_test_7_00192.png,7,complete
mnist_all/7/mnist_test_7_00193.png,7,complete
mnist_all/7/mnist_test_7_00194.png,7,complete
mnist_all/7/mnist_test_7_00195.png,7,complete
mnist_all/7/mnist_test_7_00196.png,7,complete
mnist_all/7/mnist_test_7_00197.png,7,complete
mnist_all/7/mnist_test_7_00198.png,7,complete
mnist_all/7/mnist_test_7_00199.png,7,complete
mnist_all/7/mnist_test_7_00200.png,7,complete
mnist_all/7/mnist_test_7_00201.png,7,complete
mnist_all/7/mnist_test_7_00202.png,7,complete
mnist_all/7/mnist_test_7_00203.png,7,complete
mnist_all/7/mnist_test_7_00204.png,7,complete
mnist_all/7/mnist_test_7_00205.png,7,complete
mnist_all/7/mnist_test_7_00206.png,7,complete
mnist_all/7/mnist_test_7_00207.png,7,complete
mnist_all/7/mnist_test_7_00208.png,7,complete
mnist_all/7/mnist_test_7_00209.png,7,complete
mnist_all/7/mnist_test_7_00210.png,7,complete
mnist_all/7/mnist_test_7_00211.png,7,unreviewed
mnist_all/7/mnist_test_7_00212.png,7,complete
mnist_all/7/mnist_test_7_00213.png,7,complete
mnist_all/7/mnist_test_7_00214.png,7,complete
mnist_all/7/mnist_test_7_00215.png,7,complete
mnist_all/7/mnist_test_7_00216.png,7,complete
mnist_all/7/mnist_test_7_00217.png,7,complete
mnist_all/7/mnist_test_7_00218.png,7,complete
mnist_all/7/mnist_test_7_00219.png,7,complete
mnist_all/7/mnist_test_7_00220.png,7,complete
mnist_all/7/mnist_test_7_00221.png,7,complete
mnist_all/7/mnist_test_7_00222.png,7,complete
mnist_all/7/mnist_test_7_00223.png,7,complete
mnist_all/7/mnist_test_7_00224.png,7,complete
mnist_all/7/mnist_test_7_00225.png,7,complete
mnist_all/7/mnist_test_7_00226.png,7,complete
mnist_all/7/mnist_test_7_00227.png,7,complete
mnist_all/7/mnist_test_7_00228.png,7,complete
mnist_all/7/mnist_test_7_00229.png,7,complete
mnist_all/7/mnist_test_7_00230.png,7,complete
mnist_all/7/mnist_test_7_00231.png,7,complete
mnist_all/7/mnist_test_7_00232.png,7,complete
mnist_all/7/mnist_test_7_00233.png,7,complete
mnist_all/7/mnist_test_7_00234.png,7,complete
mnist_all/7/mnist_test_7_00235.png,7,complete
mnist_all/7/mnist_test_7_00236.png,7,complete
mnist_all/7/mnist_test_7_00237.png,7,complete
mnist_all/7/mnist_test_7_00238.png,7,complete
mnist_all/7/mnist_test_7_00239.png,7,complete
mnist_all/7/mnist_test_7_00240.png,7,complete
mnist_all/7/mnist_test_7_00241.png,7,complete
mnist_all/7/mnist_test_7_00242.png,7,complete
mnist_all/7/mnist_test_7_00243.png,7,complete
mnist_all/7/mnist_test_7_00244.png,7,complete
mnist_all/7/mnist_test_7_00245.png,7,complete
mnist_all/7/mnist_test_7_00246.png,7,unreviewed
mnist_all/7/mnist_test_7_00247.png,7,complete
mnist_all/7/mnist_test_7_00248.png,7,complete
mnist_all/7/mnist_test_7_00249.png,7,complete
mnist_all/7/mnist_test_7_00250.png,7,complete
mnist_all/7/mnist_test_7_00251.png,7,complete
mnist_all/7/mnist_test_7_00252.png,7,complete
mnist_all/7/mnist_test_7_00253.png,7,complete
mnist_all/7/mnist_test_7_00254.png,7,complete
mnist_all/7/mnist_test_7_00255.png,7,complete
mnist_all/7/mnist_test_7_00256.png,7,complete
mnist_all/7/mnist_test_7_00257.png,7,complete
mnist_all/7/mnist_test_7_00258.png,7,complete
mnist_all/7/mnist_test_7_00259.png,7,complete
mnist_all/7/mnist_test_7_00260.png,7,unreviewed
mnist_all/7/mnist_test_7_00261.png,7,unreviewed
mnist_all/7/mnist_test_7_00262.png,7,complete
mnist_all/7/mnist_test_7_00263.png,7,complete
mnist_all/7/mnist_test_7_00264.png,7,complete
mnist_all/7/mnist_test_7_00265.png,7,unreviewed
mnist_all/7/mnist_test_7_00266.png,7,complete
mnist_all/7/mnist_test_7_00267.png,7,complete
mnist_all/7/mnist_test_7_00268.png,7,complete
mnist_all/7/mnist_test_7_00269.png,7,unreviewed
mnist_all/7/mnist_test_7_00270.png,7,complete
mnist_all/7/mnist_test_7_00271.png,7,complete
mnist_all/7/mnist_test_7_00272.png,7,complete
mnist_all/7/mnist_test_7_00273.png,7,complete
mnist_all/7/mnist_test_7_00274.png,7,complete
mnist_all/7/mnist_test_7_00275.png,7,complete
mnist_all/7/mnist_test_7_00276.png,7,complete
mnist_all/7/mnist_test_7_00277.png,7,complete
mnist_all/7/mnist_test_7_00278.png,7,complete
mnist_all/7/mnist_test_7_00279.png,7,complete
mnist_all/7/mnist_test_7_00280.png,7,complete
mnist_all/7/mnist_test_7_00281.png,7,complete
mnist_all/7/mnist_test_7_00282.png,7,unreviewed
mnist_all/7/mnist_test_7_00283.png,7,complete
mnist_all/7/mnist_test_7_00284.png,7,unreviewed
mnist_all/7/mnist_test_7_00285.png,7,complete
mnist_all/7/mnist_test_7_00286.png,7,complete
mnist_all/7/mnist_test_7_00287.png,7,complete
mnist_all/7/mnist_test_7_00288.png,7,complete
mnist_all/7/mnist_test_7_00289.png,7,complete
mnist_all/7/mnist_test_7_00290.png,7,unreviewed
mnist_all/7/mnist_test_7_00291.png,7,complete
mnist_all/7/mnist_test_7_00292.png,7,complete
mnist_all/7/mnist_test_7_00293.png,7,complete
mnist_all/7/mnist_test_7_00294.png,7,complete
mnist_all/7/mnist_test_7_00295.png,7,complete
mnist_all/7/mnist_test_7_00296.png,7,complete
mnist_all/7/mnist_test_7_00297.png,7,complete
mnist_all/7/mnist_test_7_00298.png,7,complete
mnist_all/7/mnist_test_7_00299.png,7,complete
mnist_all/7/mnist_test_7_00300.png,7,complete
mnist_all/7/mnist_test_7_00301.png,7,complete
mnist_all/7/mnist_test_7_00302.png,7,complete
mnist_all/7/mnist_test_7_00303.png,7,complete
mnist_all/7/mnist_test_7_00304.png,7,complete
mnist_all/7/mnist_test_7_00305.png,7,complete
mnist_all/7/mnist_test_7_00306.png,7,complete
mnist_all/7/mnist_test_7_00307.png,7,complete
mnist_all/7/mnist_test_7_00308.png,7,complete
mnist_all/7/mnist_test_7_00309.png,7,complete
mnist_all/7/mnist_test_7_00310.png,7,complete
mnist_all/7/mnist_test_7_00311.png,7,complete
mnist_all/7/mnist_test_7_00312.png,7,complete
mnist_all/7/mnist_test_7_00313.png,7,complete
mnist_all/7/mnist_test_7_00314.png,7,complete
mnist_all/7/mnist_test_7_00315.png,7,complete
mnist_all/7/mnist_test_7_00316.png,7,complete
mnist_all/7/mnist_test_7_00317.png,7,complete
mnist_all/7/mnist_test_7_00318.png,7,complete
mnist_all/7/mnist_test_7_00319.png,7,complete
mnist_all/7/mnist_test_7_00320.png,7,unreviewed
mnist_all/7/mnist_test_7_00321.png,7,unreviewed
mnist_all/7/mnist_test_7_00322.png,7,complete
mnist_all/7/mnist_test_7_00323.png,7,complete
mnist_all/7/mnist_test_7_00324.png,7,complete
mnist_all/7/mnist_test_7_00325.png,7,unreviewed
mnist_all/7/mnist_test_7_00326.png,7,complete
mnist_all/7/mnist_test_7_00327.png,7,complete
mnist_all/7/mnist_test_7_00328.png,7,complete
mnist_all/7/mnist_test_7_00329.png,7,complete
mnist_all/7/mnist_test_7_00330.png,7,complete
mnist_all/7/mnist_test_7_00331.png,7,complete
mnist_all/7/mnist_test_7_00332.png,7,complete
mnist_all/7/mnist_test_7_00333.png,7,unreviewed
mnist_all/7/mnist_test_7_00334.png,7,unreviewed
mnist_all/7/mnist_test_7_00335.png,7,unreviewed
mnist_all/7/mnist_test_7_00336.png,7,complete
mnist_all/7/mnist_test_7_00337.png,7,complete
mnist_all/7/mnist_test_7_00338.png,7,complete
mnist_all/7/mnist_test_7_00339.png,7,complete
mnist_all/7/mnist_test_7_00340.png,7,complete
mnist_all/7/mnist_test_7_00341.png,7,complete
mnist_all/7/mnist_test_7_00342.png,7,complete
mnist_all/7/mnist_test_7_00343.png,7,complete
mnist_all/7/mnist_test_7_00344.png,7,complete
mnist_all/7/mnist_test_7_00345.png,7,complete
mnist_all/7/mnist_test_7_00346.png,7,complete
mnist_all/7/mnist_test_7_00347.png,7,complete
mnist_all/7/mnist_test_7_00348.png,7,complete
mnist_all/7/mnist_test_7_00349.png,7,complete
mnist_all/7/mnist_test_7_00350.png,7,complete
mnist_all/7/mnist_test_7_00351.png,7,complete
mnist_all/7/mnist_test_7_00352.png,7,complete
mnist_all/7/mnist_test_7_00353.png,7,complete
mnist_all/7/mnist_test_7_00354.png,7,complete
mnist_all/7/mnist_test_7_00355.png,7,complete
mnist_all/7/mnist_test_7_00356.png,7,complete
mnist_all/7/mnist_test_7_00357.png,7,complete
mnist_all/7/mnist_test_7_00358.png,7,complete
mnist_all/7/mnist_test_7_00359.png,7,unreviewed
mnist_all/7/mnist_test_7_00360.png,7,complete
mnist_all/7/mnist_test_7_00361.png,7,complete
mnist_all/7/mnist_test_7_00362.png,7,complete
mnist_all/7/mnist_test_7_00363.png,7,complete
mnist_all/7/mnist_test_7_00364.png,7,complete
mnist_all/7/mnist_test_7_00365.png,7,complete
mnist_all/7/mnist_test_7_00366.png,7,complete
mnist_all/7/mnist_test_7_00367.png,7,complete
mnist_all/7/mnist_test_7_00368.png,7,complete
mnist_all/7/mnist_test_7_00369.png,7,complete
mnist_all/7/mnist_test_7_00370.png,7,complete
mnist_all/7/mnist_test_7_00371.png,7,complete
mnist_all/7/mnist_test_7_00372.png,7,complete
mnist_all/7/mnist_test_7_00373.png,7,complete
mnist_all/7/mnist_test_7_00374.png,7,complete
mnist_all/7/mnist_test_7_00375.png,7,complete
mnist_all/7/mnist_test_7_00376.png,7,complete
mnist_all/7/mnist_test_7_00377.png,7,complete
mnist_all/7/mnist_test_7_00378.png,7,unreviewed
mnist_all/7/mnist_test_7_00379.png,7,complete
mnist_all/7/mnist_test_7_00380.png,7,complete
mnist_all/7/mnist_test_7_00381.png,7,complete
mnist_all/7/mnist_test_7_00382.png,7,complete
mnist_all/7/mnist_test_7_00383.png,7,complete
mnist_all/7/mnist_test_7_00384.png,7,complete
mnist_all/7/mnist_test_7_00385.png,7,complete
mnist_all/7/mnist_test_7_00386.png,7,complete
mnist_all/7/mnist_test_7_00387.png,7,complete
mnist_all/7/mnist_test_7_00388.png,7,complete
mnist_all/7/mnist_test_7_00389.png,7,complete
mnist_all/7/mnist_test_7_00390.png,7,complete
mnist_all/7/mnist_test_7_00391.png,7,unreviewed
mnist_all/7/mnist_test_7_00392.png,7,complete
mnist_all/7/mnist_test_7_00393.png,7,complete
mnist_all/7/mnist_test_7_00394.png,7,unreviewed
mnist_all/7/mnist_test_7_00395.png,7,complete
mnist_all/7/mnist_test_7_00396.png,7,complete
mnist_all/7/mnist_test_7_00397.png,7,complete
mnist_all/7/mnist_test_7_00398.png,7,complete
mnist_all/7/mnist_test_7_00399.png,7,complete
mnist_all/7/mnist_test_7_00400.png,7,complete
mnist_all/7/mnist_test_7_00401.png,7,complete
mnist_all/7/mnist_test_7_00402.png,7,complete
mnist_all/7/mnist_test_7_00403.png,7,complete
mnist_all/7/mnist_test_7_00404.png,7,complete
mnist_all/7/mnist_test_7_00405.png,7,complete
mnist_all/7/mnist_test_7_00406.png,7,complete
mnist_all/7/mnist_test_7_00407.png,7,complete
mnist_all/7/mnist_test_7_00408.png,7,unreviewed
mnist_all/7/mnist_test_7_00409.png,7,complete
mnist_all/7/mnist_test_7_00410.png,7,unreviewed
mnist_all/7/mnist_test_7_00411.png,7,complete
mnist_all/7/mnist_test_7_00412.png,7,unreviewed
mnist_all/7/mnist_test_7_00413.png,7,complete
mnist_all/7/mnist_test_7_00414.png,7,complete
mnist_all/7/mnist_test_7_00415.png,7,unreviewed
mnist_all/7/mnist_test_7_00416.png,7,unreviewed
mnist_all/7/mnist_test_7_00417.png,7,complete
mnist_all/7/mnist_test_7_00418.png,7,complete
mnist_all/7/mnist_test_7_00419.png,7,complete
mnist_all/7/mnist_test_7_00420.png,7,complete
mnist_all/7/mnist_test_7_00421.png,7,complete
mnist_all/7/mnist_test_7_00422.png,7,unreviewed
mnist_all/7/mnist_test_7_00423.png,7,complete
mnist_all/7/mnist_test_7_00424.png,7,complete
mnist_all/7/mnist_test_7_00425.png,7,complete
mnist_all/7/mnist_test_7_00426.png,7,complete
mnist_all/7/mnist_test_7_00427.png,7,complete
mnist_all/7/mnist_test_7_00428.png,7,complete
mnist_all/7/mnist_test_7_00429.png,7,complete
mnist_all/7/mnist_test_7_00430.png,7,unreviewed
mnist_all/7/mnist_test_7_00431.png,7,complete
mnist_all/7/mnist_test_7_00432.png,7,complete
mnist_all/7/mnist_test_7_00433.png,7,complete
mnist_all/7/mnist_test_7_00434.png,7,complete
mnist_all/7/mnist_test_7_00435.png,7,complete
mnist_all/7/mnist_test_7_00436.png,7,complete
mnist_all/7/mnist_test_7_00437.png,7,complete
mnist_all/7/mnist_test_7_00438.png,7,complete
mnist_all/7/mnist_test_7_00439.png,7,complete
mnist_all/7/mnist_test_7_00440.png,7,unreviewed
mnist_all/7/mnist_test_7_00441.png,7,complete
mnist_all/7/mnist_test_7_00442.png,7,complete
mnist_all/7/mnist_test_7_00443.png,7,complete
mnist_all/7/mnist_test_7_00444.png,7,complete
mnist_all/7/mnist_test_7_00445.png,7,complete
mnist_all/7/mnist_test_7_00446.png,7,complete
mnist_all/7/mnist_test_7_00447.png,7,unreviewed
mnist_all/7/mnist_test_7_00448.png,7,complete
mnist_all/7/mnist_test_7_00449.png,7,complete
mnist_all/7/mnist_test_7_00450.png,7,complete
mnist_all/7/mnist_test_7_00451.png,7,complete
mnist_all/7/mnist_test_7_00452.png,7,complete
mnist_all/7/mnist_test_7_00453.png,7,complete
mnist_all/7/mnist_test_7_00454.png,7,complete
mnist_all/7/mnist_test_7_00455.png,7,complete
mnist_all/7/mnist_test_7_00456.png,7,unreviewed
mnist_all/7/mnist_test_7_00457.png,7,complete
mnist_all/7/mnist_test_7_00458.png,7,complete
mnist_all/7/mnist_test_7_00459.png,7,complete
mnist_all/7/mnist_test_7_00460.png,7,complete
mnist_all/7/mnist_test_7_00461.png,7,complete
mnist_all/7/mnist_test_7_00462.png,7,complete
mnist_all/7/mnist_test_7_00463.png,7,unreviewed
mnist_all/7/mnist_test_7_00464.png,7,unreviewed
mnist_all/7/mnist_test_7_00465.png,7,complete
mnist_all/7/mnist_test_7_00466.png,7,complete
mnist_all/7/mnist_test_7_00467.png,7,unreviewed
mnist_all/7/mnist_test_7_00468.png,7,complete
mnist_all/7/mnist_test_7_00469.png,7,complete
mnist_all/7/mnist_test_7_00470.png,7,complete
mnist_all/7/mnist_test_7_00471.png,7,complete
mnist_all/7/mnist_test_7_00472.png,7,complete
mnist_all/7/mnist_test_7_00473.png,7,complete
mnist_all/7/mnist_test_7_00474.png,7,complete
mnist_all/7/mnist_test_7_00475.png,7,complete
mnist_all/7/mnist_test_7_00476.png,7,complete
mnist_all/7/mnist_test_7_00477.png,7,complete
mnist_all/7/mnist_test_7_00478.png,7,complete
mnist_all/7/mnist_test_7_00479.png,7,complete
mnist_all/7/mnist_test_7_00480.png,7,complete
mnist_all/7/mnist_test_7_00481.png,7,complete
mnist_all/7/mnist_test_7_00482.png,7,complete
mnist_all/7/mnist_test_7_00483.png,7,complete
mnist_all/7/mnist_test_7_00484.png,7,complete
mnist_all/7/mnist_test_7_00485.png,7,complete
mnist_all/7/mnist_test_7_00486.png,7,complete
mnist_all/7/mnist_test_7_00487.png,7,complete
mnist_all/7/mnist_test_7_00488.png,7,complete
mnist_all/7/mnist_test_7_00489.png,7,complete
mnist_all/7/mnist_test_7_00490.png,7,complete
mnist_all/7/mnist_test_7_00491.png,7,complete
mnist_all/7/mnist_test_7_00492.png,7,complete
mnist_all/7/mnist_test_7_00493.png,7,complete
mnist_all/7/mnist_test_7_00494.png,7,unreviewed
mnist_all/7/mnist_test_7_00495.png,7,complete
mnist_all/7/mnist_test_7_00496.png,7,complete
mnist_all/7/mnist_test_7_00497.png,7,complete
mnist_all/7/mnist_test_7_00498.png,7,complete
mnist_all/7/mnist_test_7_00499.png,7,complete
mnist_all/7/mnist_test_7_00500.png,7,unreviewed
mnist_all/7/mnist_test_7_00501.png,7,complete
mnist_all/7/mnist_test_7_00502.png,7,complete
mnist_all/7/mnist_test_7_00503.png,7,unreviewed
mnist_all/7/mnist_test_7_00504.png,7,complete
mnist_all/7/mnist_test_7_00505.png,7,complete
mnist_all/7/mnist_test_7_00506.png,7,complete
mnist_all/7/mnist_test_7_00507.png,7,complete
mnist_all/7/mnist_test_7_00508.png,7,complete
mnist_all/7/mnist_test_7_00509.png,7,complete
mnist_all/7/mnist_test_7_00510.png,7,complete
mnist_all/7/mnist_test_7_00511.png,7,complete
mnist_all/7/mnist_test_7_00512.png,7,unreviewed
mnist_all/7/mnist_test_7_00513.png,7,unreviewed
mnist_all/7/mnist_test_7_00514.png,7,unreviewed
mnist_all/7/mnist_test_7_00515.png,7,unreviewed
mnist_all/7/mnist_test_7_00516.png,7,complete
mnist_all/7/mnist_test_7_00517.png,7,unreviewed
mnist_all/7/mnist_test_7_00518.png,7,complete
mnist_all/7/mnist_test_7_00519.png,7,complete
mnist_all/7/mnist_test_7_00520.png,7,complete
mnist_all/7/mnist_test_7_00521.png,7,unreviewed
mnist_all/7/mnist_test_7_00522.png,7,complete
mnist_all/7/mnist_test_7_00523.png,7,unreviewed
mnist_all/7/mnist_test_7_00524.png,7,unreviewed
mnist_all/7/mnist_test_7_00525.png,7,complete
mnist_all/7/mnist_test_7_00526.png,7,complete
mnist_all/7/mnist_test_7_00527.png,7,complete
mnist_all/7/mnist_test_7_00528.png,7,unreviewed
mnist_all/7/mnist_test_7_00529.png,7,complete
mnist_all/7/mnist_test_7_00530.png,7,complete
mnist_all/7/mnist_test_7_00531.png,7,complete
mnist_all/7/mnist_test_7_00532.png,7,complete
mnist_all/7/mnist_test_7_00533.png,7,complete
mnist_all/7/mnist_test_7_00534.png,7,complete
mnist_all/7/mnist_test_7_00535.png,7,complete
mnist_all/7/mnist_test_7_00536.png,7,unreviewed
mnist_all/7/mnist_test_7_00537.png,7,unreviewed
mnist_all/7/mnist_test_7_00538.png,7,complete
mnist_all/7/mnist_test_7_00539.png,7,complete
mnist_all/7/mnist_test_7_00540.png,7,complete
mnist_all/7/mnist_test_7_00541.png,7,complete
mnist_all/7/mnist_test_7_00542.png,7,complete
mnist_all/7/mnist_test_7_00543.png,7,complete
mnist_all/7/mnist_test_7_00544.png,7,unreviewed
mnist_all/7/mnist_test_7_00545.png,7,complete
mnist_all/7/mnist_test_7_00546.png,7,complete
mnist_all/7/mnist_test_7_00547.png,7,unreviewed
mnist_all/7/mnist_test_7_00548.png,7,complete
mnist_all/7/mnist_test_7_00549.png,7,unreviewed
mnist_all/7/mnist_test_7_00550.png,7,unreviewed
mnist_all/7/mnist_test_7_00551.png,7,complete
mnist_all/7/mnist_test_7_00552.png,7,complete
mnist_all/7/mnist_test_7_00553.png,7,complete
mnist_all/7/mnist_test_7_00554.png,7,complete
mnist_all/7/mnist_test_7_00555.png,7,complete
mnist_all/7/mnist_test_7_00556.png,7,complete
mnist_all/7/mnist_test_7_00557.png,7,complete
mnist_all/7/mnist_test_7_00558.png,7,complete
mnist_all/7/mnist_test_7_00559.png,7,complete
mnist_all/7/mnist_test_7_00560.png,7,complete
mnist_all/7/mnist_test_7_00561.png,7,complete
mnist_all/7/mnist_test_7_00562.png,7,complete
mnist_all/7/mnist_test_7_00563.png,7,complete
mnist_all/7/mnist_test_7_00564.png,7,complete
mnist_all/7/mnist_test_7_00565.png,7,complete
mnist_all/7/mnist_test_7_00566.png,7,complete
mnist_all/7/mnist_test_7_00567.png,7,complete
mnist_all/7/mnist_test_7_00568.png,7,complete
mnist_all/7/mnist_test_7_00569.png,7,complete
mnist_all/7/mnist_test_7_00570.png,7,complete
mnist_all/7/mnist_test_7_00571.png,7,complete
mnist_all/7/mnist_test_7_00572.png,7,unreviewed
mnist_all/7/mnist_test_7_00573.png,7,complete
mnist_all/7/mnist_test_7_00574.png,7,complete
mnist_all/7/mnist_test_7_00575.png,7,complete
mnist_all/7/mnist_test_7_00576.png,7,unreviewed
mnist_all/7/mnist_test_7_00577.png,7,unreviewed
mnist_all/7/mnist_test_7_00578.png,7,unreviewed
mnist_all/7/mnist_test_7_00579.png,7,complete
mnist_all/7/mnist_test_7_00580.png,7,unreviewed
mnist_all/7/mnist_test_7_00581.png,7,complete
mnist_all/7/mnist_test_7_00582.png,7,unreviewed
mnist_all/7/mnist_test_7_00583.png,7,unreviewed
mnist_all/7/mnist_test_7_00584.png,7,unreviewed
mnist_all/7/mnist_test_7_00585.png,7,complete
mnist_all/7/mnist_test_7_00586.png,7,unreviewed
mnist_all/7/mnist_test_7_00587.png,7,complete
mnist_all/7/mnist_test_7_00588.png,7,unreviewed
mnist_all/7/mnist_test_7_00589.png,7,complete
mnist_all/7/mnist_test_7_00590.png,7,complete
mnist_all/7/mnist_test_7_00591.png,7,complete
mnist_all/7/mnist_test_7_00592.png,7,complete
mnist_all/7/mnist_test_7_00593.png,7,complete
mnist_all/7/mnist_test_7_00594.png,7,complete
mnist_all/7/mnist_test_7_00595.png,7,complete
mnist_all/7/mnist_test_7_00596.png,7,complete
mnist_all/7/mnist_test_7_00597.png,7,complete
mnist_all/7/mnist_test_7_00598.png,7,complete
mnist_all/7/mnist_test_7_00599.png,7,complete
mnist_all/7/mnist_test_7_00600.png,7,complete
mnist_all/7/mnist_test_7_00601.png,7,complete
mnist_all/7/mnist_test_7_00602.png,7,complete
mnist_all/7/mnist_test_7_00603.png,7,unreviewed
mnist_all/7/mnist_test_7_00604.png,7,complete
mnist_all/7/mnist_test_7_00605.png,7,unreviewed
mnist_all/7/mnist_test_7_00606.png,7,unreviewed
mnist_all/7/mnist_test_7_00607.png,7,complete
mnist_all/7/mnist_test_7_00608.png,7,complete
mnist_all/7/mnist_test_7_00609.png,7,unreviewed
mnist_all/7/mnist_test_7_00610.png,7,complete
mnist_all/7/mnist_test_7_00611.png,7,complete
mnist_all/7/mnist_test_7_00612.png,7,complete
mnist_all/7/mnist_test_7_00613.png,7,complete
mnist_all/7/mnist_test_7_00614.png,7,complete
mnist_all/7/mnist_test_7_00615.png,7,complete
mnist_all/7/mnist_test_7_00616.png,7,complete
mnist_all/7/mnist_test_7_00617.png,7,complete
mnist_all/7/mnist_test_7_00618.png,7,complete
mnist_all/7/mnist_test_7_00619.png,7,complete
mnist_all/7/mnist_test_7_00620.png,7,complete
mnist_all/7/mnist_test_7_00621.png,7,complete
mnist_all/7/mnist_test_7_00622.png,7,complete
mnist_all/7/mnist_test_7_00623.png,7,complete
mnist_all/7/mnist_test_7_00624.png,7,complete
mnist_all/7/mnist_test_7_00625.png,7,complete
mnist_all/7/mnist_test_7_00626.png,7,complete
mnist_all/7/mnist_test_7_00627.png,7,complete
mnist_all/7/mnist_test_7_00628.png,7,complete
mnist_all/7/mnist_test_7_00629.png,7,unreviewed
mnist_all/7/mnist_test_7_00630.png,7,unreviewed
mnist_all/7/mnist_test_7_00631.png,7,unreviewed
mnist_all/7/mnist_test_7_00632.png,7,unreviewed
mnist_all/7/mnist_test_7_00633.png,7,complete
mnist_all/7/mnist_test_7_00634.png,7,complete
mnist_all/7/mnist_test_7_00635.png,7,complete
mnist_all/7/mnist_test_7_00636.png,7,unreviewed
mnist_all/7/mnist_test_7_00637.png,7,complete
mnist_all/7/mnist_test_7_00638.png,7,complete
mnist_all/7/mnist_test_7_00639.png,7,unreviewed
mnist_all/7/mnist_test_7_00640.png,7,complete
mnist_all/7/mnist_test_7_00641.png,7,complete
mnist_all/7/mnist_test_7_00642.png,7,complete
mnist_all/7/mnist_test_7_00643.png,7,complete
mnist_all/7/mnist_test_7_00644.png,7,complete
mnist_all/7/mnist_test_7_00645.png,7,complete
mnist_all/7/mnist_test_7_00646.png,7,complete
mnist_all/7/mnist_test_7_00647.png,7,complete
mnist_all/7/mnist_test_7_00648.png,7,complete
mnist_all/7/mnist_test_7_00649.png,7,complete
mnist_all/7/mnist_test_7_00650.png,7,complete
mnist_all/7/mnist_test_7_00651.png,7,complete
mnist_all/7/mnist_test_7_00652.png,7,complete
mnist_all/7/mnist_test_7_00653.png,7,complete
mnist_all/7/mnist_test_7_00654.png,7,complete
mnist_all/7/mnist_test_7_00655.png,7,complete
mnist_all/7/mnist_test_7_00656.png,7,complete
mnist_all/7/mnist_test_7_00657.png,7,complete
mnist_all/7/mnist_test_7_00658.png,7,complete
mnist_all/7/mnist_test_7_00659.png,7,complete
mnist_all/7/mnist_test_7_00660.png,7,unreviewed
mnist_all/7/mnist_test_7_00661.png,7,complete
mnist_all/7/mnist_test_7_00662.png,7,complete
mnist_all/7/mnist_test_7_00663.png,7,complete
mnist_all/7/mnist_test_7_00664.png,7,incomplete
mnist_all/7/mnist_test_7_00665.png,7,incomplete
mnist_all/7/mnist_test_7_00666.png,7,incomplete
mnist_all/7/mnist_test_7_00667.png,7,complete
mnist_all/7/mnist_test_7_00668.png,7,unreviewed
mnist_all/7/mnist_test_7_00669.png,7,unreviewed
mnist_all/7/mnist_test_7_00670.png,7,unreviewed
mnist_all/7/mnist_test_7_00671.png,7,unreviewed
mnist_all/7/mnist_test_7_00672.png,7,unreviewed
mnist_all/7/mnist_test_7_00673.png,7,complete
mnist_all/7/mnist_test_7_00674.png,7,complete
mnist_all/7/mnist_test_7_00675.png,7,complete
mnist_all/7/mnist_test_7_00676.png,7,complete
mnist_all/7/mnist_test_7_00677.png,7,complete
mnist_all/7/mnist_test_7_00678.png,7,complete
mnist_all/7/mnist_test_7_00679.png,7,complete
mnist_all/7/mnist_test_7_00680.png,7,complete
mnist_all/7/mnist_test_7_00681.png,7,complete
mnist_all/7/mnist_test_7_00682.png,7,complete
mnist_all/7/mnist_test_7_00683.png,7,complete
mnist_all/7/mnist_test_7_00684.png,7,complete
mnist_all/7/mnist_test_7_00685.png,7,complete
mnist_all/7/mnist_test_7_00686.png,7,complete
mnist_all/7/mnist_test_7_00687.png,7,complete
mnist_all/7/mnist_test_7_00688.png,7,complete
mnist_all/7/mnist_test_7_00689.png,7,complete
mnist_all/7/mnist_test_7_00690.png,7,complete
mnist_all/7/mnist_test_7_00691.png,7,complete
mnist_all/7/mnist_test_7_00692.png,7,complete
mnist_all/7/mnist_test_7_00693.png,7,complete
mnist_all/7/mnist_test_7_00694.png,7,complete
mnist_all/7/mnist_test_7_00695.png,7,complete
mnist_all/7/mnist_test_7_00696.png,7,complete
mnist_all/7/mnist_test_7_00697.png,7,complete
mnist_all/7/mnist_test_7_00698.png,7,complete
mnist_all/7/mnist_test_7_00699.png,7,complete
mnist_all/7/mnist_test_7_00700.png,7,complete
mnist_all/7/mnist_test_7_00701.png,7,complete
mnist_all/7/mnist_test_7_00702.png,7,complete
mnist_all/7/mnist_test_7_00703.png,7,complete
mnist_all/7/mnist_test_7_00704.png,7,complete
mnist_all/7/mnist_test_7_00705.png,7,complete
mnist_all/7/mnist_test_7_00706.png,7,unreviewed
mnist_all/7/mnist_test_7_00707.png,7,complete
mnist_all/7/mnist_test_7_00708.png,7,complete
mnist_all/7/mnist_test_7_00709.png,7,complete
mnist_all/7/mnist_test_7_00710.png,7,complete
mnist_all/7/mnist_test_7_00711.png,7,complete
mnist_all/7/mnist_test_7_00712.png,7,complete
mnist_all/7/mnist_test_7_00713.png,7,complete
mnist_all/7/mnist_test_7_00714.png,7,unreviewed
mnist_all/7/mnist_test_7_00715.png,7,complete
mnist_all/7/mnist_test_7_00716.png,7,complete
mnist_all/7/mnist_test_7_00717.png,7,complete
mnist_all/7/mnist_test_7_00718.png,7,complete
mnist_all/7/mnist_test_7_00719.png,7,complete
mnist_all/7/mnist_test_7_00720.png,7,complete
mnist_all/7/mnist_test_7_00721.png,7,complete
mnist_all/7/mnist_test_7_00722.png,7,complete
mnist_all/7/mnist_test_7_00723.png,7,unreviewed
mnist_all/7/mnist_test_7_00724.png,7,complete
mnist_all/7/mnist_test_7_00725.png,7,complete
mnist_all/7/mnist_test_7_00726.png,7,complete
mnist_all/7/mnist_test_7_00727.png,7,complete
mnist_all/7/mnist_test_7_00728.png,7,complete
mnist_all/7/mnist_test_7_00729.png,7,complete
mnist_all/7/mnist_test_7_00730.png,7,complete
mnist_all/7/mnist_test_7_00731.png,7,complete
mnist_all/7/mnist_test_7_00732.png,7,complete
mnist_all/7/mnist_test_7_00733.png,7,complete
mnist_all/7/mnist_test_7_00734.png,7,complete
mnist_all/7/mnist_test_7_00735.png,7,complete
mnist_all/7/mnist_test_7_00736.png,7,complete
mnist_all/7/mnist_test_7_00737.png,7,unreviewed
mnist_all/7/mnist_test_7_00738.png,7,unreviewed
mnist_all/7/mnist_test_7_00739.png,7,complete
mnist_all/7/mnist_test_7_00740.png,7,complete
mnist_all/7/mnist_test_7_00741.png,7,complete
mnist_all/7/mnist_test_7_00742.png,7,complete
mnist_all/7/mnist_test_7_00743.png,7,complete
mnist_all/7/mnist_test_7_00744.png,7,complete
mnist_all/7/mnist_test_7_00745.png,7,complete
mnist_all/7/mnist_test_7_00746.png,7,complete
mnist_all/7/mnist_test_7_00747.png,7,unreviewed
mnist_all/7/mnist_test_7_00748.png,7,complete
mnist_all/7/mnist_test_7_00749.png,7,complete
mnist_all/7/mnist_test_7_00750.png,7,complete
mnist_all/7/mnist_test_7_00751.png,7,complete
mnist_all/7/mnist_test_7_00752.png,7,complete
mnist_all/7/mnist_test_7_00753.png,7,complete
mnist_all/7/mnist_test_7_00754.png,7,complete
mnist_all/7/mnist_test_7_00755.png,7,complete
mnist_all/7/mnist_test_7_00756.png,7,complete
mnist_all/7/mnist_test_7_00757.png,7,complete
mnist_all/7/mnist_test_7_00758.png,7,complete
mnist_all/7/mnist_test_7_00759.png,7,complete
mnist_all/7/mnist_test_7_00760.png,7,unreviewed
mnist_all/7/mnist_test_7_00761.png,7,complete
mnist_all/7/mnist_test_7_00762.png,7,complete
mnist_all/7/mnist_test_7_00763.png,7,complete
mnist_all/7/mnist_test_7_00764.png,7,complete
mnist_all/7/mnist_test_7_00765.png,7,complete
mnist_all/7/mnist_test_7_00766.png,7,unreviewed
mnist_all/7/mnist_test_7_00767.png,7,complete
mnist_all/7/mnist_test_7_00768.png,7,complete
mnist_all/7/mnist_test_7_00769.png,7,complete
mnist_all/7/mnist_test_7_00770.png,7,unreviewed
mnist_all/7/mnist_test_7_00771.png,7,complete
mnist_all/7/mnist_test_7_00772.png,7,complete
mnist_all/7/mnist_test_7_00773.png,7,complete
mnist_all/7/mnist_test_7_00774.png,7,complete
mnist_all/7/mnist_test_7_00775.png,7,complete
mnist_all/7/mnist_test_7_00776.png,7,complete
mnist_all/7/mnist_test_7_00777.png,7,complete
mnist_all/7/mnist_test_7_00778.png,7,complete
mnist_all/7/mnist_test_7_00779.png,7,complete
mnist_all/7/mnist_test_7_00780.png,7,complete
mnist_all/7/mnist_test_7_00781.png,7,complete
mnist_all/7/mnist_test_7_00782.png,7,complete
mnist_all/7/mnist_test_7_00783.png,7,complete
mnist_all/7/mnist_test_7_00784.png,7,complete
mnist_all/7/mnist_test_7_00785.png,7,complete
mnist_all/7/mnist_test_7_00786.png,7,complete
mnist_all/7/mnist_test_7_00787.png,7,complete
mnist_all/7/mnist_test_7_00788.png,7,complete
mnist_all/7/mnist_test_7_00789.png,7,complete
mnist_all/7/mnist_test_7_00790.png,7,complete
mnist_all/7/mnist_test_7_00791.png,7,complete
mnist_all/7/mnist_test_7_00792.png,7,complete
mnist_all/7/mnist_test_7_00793.png,7,complete
mnist_all/7/mnist_test_7_00794.png,7,complete
mnist_all/7/mnist_test_7_00795.png,7,complete
mnist_all/7/mnist_test_7_00796.png,7,complete
mnist_all/7/mnist_test_7_00797.png,7,complete
mnist_all/7/mnist_test_7_00798.png,7,complete
mnist_all/7/mnist_test_7_00799.png,7,complete
mnist_all/7/mnist_test_7_00800.png,7,complete
mnist_all/7/mnist_test_7_00801.png,7,complete
mnist_all/7/mnist_test_7_00802.png,7,complete
mnist_all/7/mnist_test_7_00803.png,7,complete
mnist_all/7/mnist_test_7_00804.png,7,complete
mnist_all/7/mnist_test_7_00805.png,7,complete
mnist_all/7/mnist_test_7_00806.png,7,complete
mnist_all/7/mnist_test_7_00807.png,7,complete
mnist_all/7/mnist_test_7_00808.png,7,complete
mnist_all/7/mnist_test_7_00809.png,7,complete
mnist_all/7/mnist_test_7_00810.png,7,complete
mnist_all/7/mnist_test_7_00811.png,7,complete
mnist_all/7/mnist_test_7_00812.png,7,complete
mnist_all/7/mnist_test_7_00813.png,7,complete
mnist_all/7/mnist_test_7_00814.png,7,complete
mnist_all/7/mnist_test_7_00815.png,7,complete
mnist_all/7/mnist_test_7_00816.png,7,complete
mnist_all/7/mnist_test_7_00817.png,7,complete
mnist_all/7/mnist_test_7_00818.png,7,complete
mnist_all/7/mnist_test_7_00819.png,7,complete
mnist_all/7/mnist_test_7_00820.png,7,complete
mnist_all/7/mnist_test_7_00821.png,7,complete
mnist_all/7/mnist_test_7_00822.png,7,complete
mnist_all/7/mnist_test_7_00823.png,7,complete
mnist_all/7/mnist_test_7_00824.png,7,complete
mnist_all/7/mnist_test_7_00825.png,7,complete
mnist_all/7/mnist_test_7_00826.png,7,complete
mnist_all/7/mnist_test_7_00827.png,7,complete
mnist_all/7/mnist_test_7_00828.png,7,complete
mnist_all/7/mnist_test_7_00829.png,7,complete
mnist_all/7/mnist_test_7_00830.png,7,complete
mnist_all/7/mnist_test_7_00831.png,7,complete
mnist_all/7/mnist_test_7_00832.png,7,complete
mnist_all/7/mnist_test_7_00833.png,7,complete
mnist_all/7/mnist_test_7_00834.png,7,complete
mnist_all/7/mnist_test_7_00835.png,7,complete
mnist_all/7/mnist_test_7_00836.png,7,complete
mnist_all/7/mnist_test_7_00837.png,7,complete
mnist_all/7/mnist_test_7_00838.png,7,complete
mnist_all/7/mnist_test_7_00839.png,7,complete
mnist_all/7/mnist_test_7_00840.png,7,complete
mnist_all/7/mnist_test_7_00841.png,7,complete
mnist_all/7/mnist_test_7_00842.png,7,complete
mnist_all/7/mnist_test_7_00843.png,7,complete
mnist_all/7/mnist_test_7_00844.png,7,complete
mnist_all/7/mnist_test_7_00845.png,7,complete
mnist_all/7/mnist_test_7_00846.png,7,complete
mnist_all/7/mnist_test_7_00847.png,7,complete
mnist_all/7/mnist_test_7_00848.png,7,complete
mnist_all/7/mnist_test_7_00849.png,7,complete
mnist_all/7/mnist_test_7_00850.png,7,complete
mnist_all/7/mnist_test_7_00851.png,7,complete
mnist_all/7/mnist_test_7_00852.png,7,complete
mnist_all/7/mnist_test_7_00853.png,7,complete
mnist_all/7/mnist_test_7_00854.png,7,complete
mnist_all/7/mnist_test_7_00855.png,7,complete
mnist_all/7/mnist_test_7_00856.png,7,complete
mnist_all/7/mnist_test_7_00857.png,7,complete
mnist_all/7/mnist_test_7_00858.png,7,complete
mnist_all/7/mnist_test_7_00859.png,7,complete
mnist_all/7/mnist_test_7_00860.png,7,complete
mnist_all/7/mnist_test_7_00861.png,7,complete
mnist_all/7/mnist_test_7_00862.png,7,complete
mnist_all/7/mnist_test_7_00863.png,7,complete
mnist_all/7/mnist_test_7_00864.png,7,complete
mnist_all/7/mnist_test_7_00865.png,7,complete
mnist_all/7/mnist_test_7_00866.png,7,complete
mnist_all/7/mnist_test_7_00867.png,7,complete
mnist_all/7/mnist_test_7_00868.png,7,complete
mnist_all/7/mnist_test_7_00869.png,7,complete
mnist_all/7/mnist_test_7_00870.png,7,complete
mnist_all/7/mnist_test_7_00871.png,7,complete
mnist_all/7/mnist_test_7_00872.png,7,complete
mnist_all/7/mnist_test_7_00873.png,7,complete
mnist_all/7/mnist_test_7_00874.png,7,complete
mnist_all/7/mnist_test_7_00875.png,7,complete
mnist_all/7/mnist_test_7_00876.png,7,complete
mnist_all/7/mnist_test_7_00877.png,7,complete
mnist_all/7/mnist_test_7_00878.png,7,complete
mnist_all/7/mnist_test_7_00879.png,7,complete
mnist_all/7/mnist_test_7_00880.png,7,complete
mnist_all/7/mnist_test_7_00881.png,7,complete
mnist_all/7/mnist_test_7_00882.png,7,complete
mnist_all/7/mnist_test_7_00883.png,7,complete
mnist_all/7/mnist_test_7_00884.png,7,complete
mnist_all/7/mnist_test_7_00885.png,7,complete
mnist_all/7/mnist_test_7_00886.png,7,complete
mnist_all/7/mnist_test_7_00887.png,7,complete
mnist_all/7/mnist_test_7_00888.png,7,complete
mnist_all/7/mnist_test_7_00889.png,7,complete
mnist_all/7/mnist_test_7_00890.png,7,complete
mnist_all/7/mnist_test_7_00891.png,7,complete
mnist_all/7/mnist_test_7_00892.png,7,complete
mnist_all/7/mnist_test_7_00893.png,7,complete
mnist_all/7/mnist_test_7_00894.png,7,complete
mnist_all/7/mnist_test_7_00895.png,7,complete
mnist_all/7/mnist_test_7_00896.png,7,complete
mnist_all/7/mnist_test_7_00897.png,7,complete
mnist_all/7/mnist_test_7_00898.png,7,complete
mnist_all/7/mnist_test_7_00899.png,7,complete
mnist_all/7/mnist_test_7_00900.png,7,complete
mnist_all/7/mnist_test_7_00901.png,7,complete
mnist_all/7/mnist_test_7_00902.png,7,complete
mnist_all/7/mnist_test_7_00903.png,7,complete
mnist_all/7/mnist_test_7_00904.png,7,complete
mnist_all/7/mnist_test_7_00905.png,7,complete
mnist_all/7/mnist_test_7_00906.png,7,complete
mnist_all/7/mnist_test_7_00907.png,7,complete
mnist_all/7/mnist_test_7_00908.png,7,complete
mnist_all/7/mnist_test_7_00909.png,7,complete
mnist_all/7/mnist_test_7_00910.png,7,complete
mnist_all/7/mnist_test_7_00911.png,7,complete
mnist_all/7/mnist_test_7_00912.png,7,complete
mnist_all/7/mnist_test_7_00913.png,7,complete
mnist_all/7/mnist_test_7_00914.png,7,complete
mnist_all/7/mnist_test_7_00915.png,7,complete
mnist_all/7/mnist_test_7_00916.png,7,complete
mnist_all/7/mnist_test_7_00917.png,7,complete
mnist_all/7/mnist_test_7_00918.png,7,complete
mnist_all/7/mnist_test_7_00919.png,7,complete
mnist_all/7/mnist_test_7_00920.png,7,complete
mnist_all/7/mnist_test_7_00921.png,7,complete
mnist_all/7/mnist_test_7_00922.png,7,complete
mnist_all/7/mnist_test_7_00923.png,7,complete
mnist_all/7/mnist_test_7_00924.png,7,complete
mnist_all/7/mnist_test_7_00925.png,7,complete
mnist_all/7/mnist_test_7_00926.png,7,complete
mnist_all/7/mnist_test_7_00927.png,7,complete
mnist_all/7/mnist_test_7_00928.png,7,complete
mnist_all/7/mnist_test_7_00929.png,7,complete
mnist_all/7/mnist_test_7_00930.png,7,complete
mnist_all/7/mnist_test_7_00931.png,7,complete
mnist_all/7/mnist_test_7_00932.png,7,complete
mnist_all/7/mnist_test_7_00933.png,7,complete
mnist_all/7/mnist_test_7_00934.png,7,complete
mnist_all/7/mnist_test_7_00935.png,7,complete
mnist_all/7/mnist_test_7_00936.png,7,complete
mnist_all/7/mnist_test_7_00937.png,7,complete
mnist_all/7/mnist_test_7_00938.png,7,complete
mnist_all/7/mnist_test_7_00939.png,7,complete
mnist_all/7/mnist_test_7_00940.png,7,complete
mnist_all/7/mnist_test_7_00941.png,7,complete
mnist_all/7/mnist_test_7_00942.png,7,complete
mnist_all/7/mnist_test_7_00943.png,7,complete
mnist_all/7/mnist_test_7_00944.png,7,complete
mnist_all/7/mnist_test_7_00945.png,7,complete
mnist_all/7/mnist_test_7_00946.png,7,complete
mnist_all/7/mnist_test_7_00947.png,7,complete
mnist_all/7/mnist_test_7_00948.png,7,complete
mnist_all/7/mnist_test_7_00949.png,7,unreviewed
mnist_all/7/mnist_test_7_00950.png,7,complete
mnist_all/7/mnist_test_7_00951.png,7,complete
mnist_all/7/mnist_test_7_00952.png,7,complete
mnist_all/7/mnist_test_7_00953.png,7,complete
mnist_all/7/mnist_test_7_00954.png,7,complete
mnist_all/7/mnist_test_7_00955.png,7,complete
mnist_all/7/mnist_test_7_00956.png,7,complete
mnist_all/7/mnist_test_7_00957.png,7,complete
mnist_all/7/mnist_test_7_00958.png,7,complete
mnist_all/7/mnist_test_7_00959.png,7,complete
mnist_all/7/mnist_test_7_00960.png,7,complete
mnist_all/7/mnist_test_7_00961.png,7,complete
mnist_all/7/mnist_test_7_00962.png,7,complete
mnist_all/7/mnist_test_7_00963.png,7,complete
mnist_all/7/mnist_test_7_00964.png,7,complete
mnist_all/7/mnist_test_7_00965.png,7,complete
mnist_all/7/mnist_test_7_00966.png,7,complete
mnist_all/7/mnist_test_7_00967.png,7,complete
mnist_all/7/mnist_test_7_00968.png,7,complete
mnist_all/7/mnist_test_7_00969.png,7,complete
mnist_all/7/mnist_test_7_00970.png,7,complete
mnist_all/7/mnist_test_7_00971.png,7,complete
mnist_all/7/mnist_test_7_00972.png,7,unreviewed
mnist_all/7/mnist_test_7_00973.png,7,complete
mnist_all/7/mnist_test_7_00974.png,7,complete
mnist_all/7/mnist_test_7_00975.png,7,complete
mnist_all/7/mnist_test_7_00976.png,7,complete
mnist_all/7/mnist_test_7_00977.png,7,complete
mnist_all/7/mnist_test_7_00978.png,7,complete
mnist_all/7/mnist_test_7_00979.png,7,unreviewed
mnist_all/7/mnist_test_7_00980.png,7,complete
mnist_all/7/mnist_test_7_00981.png,7,complete
mnist_all/7/mnist_test_7_00982.png,7,complete
mnist_all/7/mnist_test_7_00983.png,7,unreviewed
mnist_all/7/mnist_test_7_00984.png,7,complete
mnist_all/7/mnist_test_7_00985.png,7,complete
mnist_all/7/mnist_test_7_00986.png,7,complete
mnist_all/7/mnist_test_7_00987.png,7,complete
mnist_all/7/mnist_test_7_00988.png,7,complete
mnist_all/7/mnist_test_7_00989.png,7,complete
mnist_all/7/mnist_test_7_00990.png,7,complete
mnist_all/7/mnist_test_7_00991.png,7,unreviewed
mnist_all/7/mnist_test_7_00992.png,7,complete
mnist_all/7/mnist_test_7_00993.png,7,complete
mnist_all/7/mnist_test_7_00994.png,7,complete
mnist_all/7/mnist_test_7_00995.png,7,complete
mnist_all/7/mnist_test_7_00996.png,7,complete
mnist_all/7/mnist_test_7_00997.png,7,complete
mnist_all/7/mnist_test_7_00998.png,7,complete
mnist_all/7/mnist_test_7_00999.png,7,complete
mnist_all/7/mnist_test_7_01000.png,7,complete
mnist_all/7/mnist_test_7_01001.png,7,unreviewed
mnist_all/7/mnist_test_7_01002.png,7,complete
mnist_all/7/mnist_test_7_01003.png,7,complete
mnist_all/7/mnist_test_7_01004.png,7,complete
mnist_all/7/mnist_test_7_01005.png,7,complete
mnist_all/7/mnist_test_7_01006.png,7,complete
mnist_all/7/mnist_test_7_01007.png,7,complete
mnist_all/7/mnist_test_7_01008.png,7,unreviewed
mnist_all/7/mnist_test_7_01009.png,7,complete
mnist_all/7/mnist_test_7_01010.png,7,complete
mnist_all/7/mnist_test_7_01011.png,7,complete
mnist_all/7/mnist_test_7_01012.png,7,complete
mnist_all/7/mnist_test_7_01013.png,7,complete
mnist_all/7/mnist_test_7_01014.png,7,complete
mnist_all/7/mnist_test_7_01015.png,7,complete
mnist_all/7/mnist_test_7_01016.png,7,complete
mnist_all/7/mnist_test_7_01017.png,7,complete
mnist_all/7/mnist_test_7_01018.png,7,unreviewed
mnist_all/7/mnist_test_7_01019.png,7,unreviewed
mnist_all/7/mnist_test_7_01020.png,7,complete
mnist_all/7/mnist_test_7_01021.png,7,complete
mnist_all/7/mnist_test_7_01022.png,7,complete
mnist_all/7/mnist_test_7_01023.png,7,complete
mnist_all/7/mnist_test_7_01024.png,7,complete
mnist_all/7/mnist_test_7_01025.png,7,complete
mnist_all/7/mnist_test_7_01026.png,7,complete
mnist_all/7/mnist_test_7_01027.png,7,complete
mnist_all/8/mnist_test_8_00000.png,8,complete
mnist_all/8/mnist_test_8_00001.png,8,unreviewed
mnist_all/8/mnist_test_8_00002.png,8,complete
mnist_all/8/mnist_test_8_00003.png,8,complete
mnist_all/8/mnist_test_8_00004.png,8,complete
mnist_all/8/mnist_test_8_00005.png,8,unreviewed
mnist_all/8/mnist_test_8_00006.png,8,complete
mnist_all/8/mnist_test_8_00007.png,8,complete
mnist_all/8/mnist_test_8_00008.png,8,unreviewed
mnist_all/8/mnist_test_8_00009.png,8,incomplete
mnist_all/8/mnist_test_8_00010.png,8,incomplete
mnist_all/8/mnist_test_8_00011.png,8,incomplete
mnist_all/8/mnist_test_8_00012.png,8,complete
mnist_all/8/mnist_test_8_00013.png,8,unreviewed
mnist_all/8/mnist_test_8_00014.png,8,unreviewed
mnist_all/8/mnist_test_8_00015.png,8,unreviewed
mnist_all/8/mnist_test_8_00016.png,8,complete
mnist_all/8/mnist_test_8_00017.png,8,complete
mnist_all/8/mnist_test_8_00018.png,8,unreviewed
mnist_all/8/mnist_test_8_00019.png,8,incomplete
mnist_all/8/mnist_test_8_00020.png,8,complete
mnist_all/8/mnist_test_8_00021.png,8,complete
mnist_all/8/mnist_test_8_00022.png,8,unreviewed
mnist_all/8/mnist_test_8_00023.png,8,unreviewed
mnist_all/8/mnist_test_8_00024.png,8,complete
mnist_all/8/mnist_test_8_00025.png,8,complete
mnist_all/8/mnist_test_8_00026.png,8,incomplete
mnist_all/8/mnist_test_8_00027.png,8,unreviewed
mnist_all/8/mnist_test_8_00028.png,8,unreviewed
mnist_all/8/mnist_test_8_00029.png,8,complete
mnist_all/8/mnist_test_8_00030.png,8,unreviewed
mnist_all/8/mnist_test_8_00031.png,8,unreviewed
mnist_all/8/mnist_test_8_00032.png,8,complete
mnist_all/8/mnist_test_8_00033.png,8,complete
mnist_all/8/mnist_test_8_00034.png,8,complete
mnist_all/8/mnist_test_8_00035.png,8,complete
mnist_all/8/mnist_test_8_00036.png,8,incomplete
mnist_all/8/mnist_test_8_00037.png,8,complete
mnist_all/8/mnist_test_8_00038.png,8,incomplete
mnist_all/8/mnist_test_8_00039.png,8,complete
mnist_all/8/mnist_test_8_00040.png,8,incomplete
mnist_all/8/mnist_test_8_00041.png,8,complete
mnist_all/8/mnist_test_8_00042.png,8,unreviewed
mnist_all/8/mnist_test_8_00043.png,8,incomplete
mnist_all/8/mnist_test_8_00044.png,8,unreviewed
mnist_all/8/mnist_test_8_00045.png,8,incomplete
mnist_all/8/mnist_test_8_00046.png,8,complete
mnist_all/8/mnist_test_8_00047.png,8,complete
mnist_all/8/mnist_test_8_00048.png,8,unreviewed
mnist_all/8/mnist_test_8_00049.png,8,incomplete
mnist_all/8/mnist_test_8_00050.png,8,unreviewed
mnist_all/8/mnist_test_8_00051.png,8,unreviewed
mnist_all/8/mnist_test_8_00052.png,8,complete
mnist_all/8/mnist_test_8_00053.png,8,incomplete
mnist_all/8/mnist_test_8_00054.png,8,unreviewed
mnist_all/8/mnist_test_8_00055.png,8,complete
mnist_all/8/mnist_test_8_00056.png,8,incomplete
mnist_all/8/mnist_test_8_00057.png,8,complete
mnist_all/8/mnist_test_8_00058.png,8,complete
mnist_all/8/mnist_test_8_00059.png,8,unreviewed
mnist_all/8/mnist_test_8_00060.png,8,unreviewed
mnist_all/8/mnist_test_8_00061.png,8,complete
mnist_all/8/mnist_test_8_00062.png,8,incomplete
mnist_all/8/mnist_test_8_00063.png,8,unreviewed
mnist_all/8/mnist_test_8_00064.png,8,unreviewed
mnist_all/8/mnist_test_8_00065.png,8,complete
mnist_all/8/mnist_test_8_00066.png,8,unreviewed
mnist_all/8/mnist_test_8_00067.png,8,unreviewed
mnist_all/8/mnist_test_8_00068.png,8,complete
mnist_all/8/mnist_test_8_00069.png,8,complete
mnist_all/8/mnist_test_8_00070.png,8,complete
mnist_all/8/mnist_test_8_00071.png,8,complete
mnist_all/8/mnist_test_8_00072.png,8,complete
mnist_all/8/mnist_test_8_00073.png,8,complete
mnist_all/8/mnist_test_8_00074.png,8,incomplete
mnist_all/8/mnist_test_8_00075.png,8,complete
mnist_all/8/mnist_test_8_00076.png,8,complete
mnist_all/8/mnist_test_8_00077.png,8,incomplete
mnist_all/8/mnist_test_8_00078.png,8,unreviewed
mnist_all/8/mnist_test_8_00079.png,8,complete
mnist_all/8/mnist_test_8_00080.png,8,unreviewed
mnist_all/8/mnist_test_8_00081.png,8,complete
mnist_all/8/mnist_test_8_00082.png,8,unreviewed
mnist_all/8/mnist_test_8_00083.png,8,complete
mnist_all/8/mnist_test_8_00084.png,8,incomplete
mnist_all/8/mnist_test_8_00085.png,8,incomplete
mnist_all/8/mnist_test_8_00086.png,8,complete
mnist_all/8/mnist_test_8_00087.png,8,complete
mnist_all/8/mnist_test_8_00088.png,8,complete
mnist_all/8/mnist_test_8_00089.png,8,complete
mnist_all/8/mnist_test_8_00090.png,8,complete
mnist_all/8/mnist_test_8_00091.png,8,incomplete
mnist_all/8/mnist_test_8_00092.png,8,complete
mnist_all/8/mnist_test_8_00093.png,8,incomplete
mnist_all/8/mnist_test_8_00094.png,8,complete
mnist_all/8/mnist_test_8_00095.png,8,incomplete
mnist_all/8/mnist_test_8_00096.png,8,complete
mnist_all/8/mnist_test_8_00097.png,8,complete
mnist_all/8/mnist_test_8_00098.png,8,complete
mnist_all/8/mnist_test_8_00099.png,8,incomplete
mnist_all/8/mnist_test_8_00100.png,8,complete
mnist_all/8/mnist_test_8_00101.png,8,incomplete
mnist_all/8/mnist_test_8_00102.png,8,incomplete
mnist_all/8/mnist_test_8_00103.png,8,complete
mnist_all/8/mnist_test_8_00104.png,8,complete
mnist_all/8/mnist_test_8_00105.png,8,incomplete
mnist_all/8/mnist_test_8_00106.png,8,incomplete
mnist_all/8/mnist_test_8_00107.png,8,unreviewed
mnist_all/8/mnist_test_8_00108.png,8,incomplete
mnist_all/8/mnist_test_8_00109.png,8,complete
mnist_all/8/mnist_test_8_00110.png,8,incomplete
mnist_all/8/mnist_test_8_00111.png,8,incomplete
mnist_all/8/mnist_test_8_00112.png,8,complete
mnist_all/8/mnist_test_8_00113.png,8,unreviewed
mnist_all/8/mnist_test_8_00114.png,8,incomplete
mnist_all/8/mnist_test_8_00115.png,8,incomplete
mnist_all/8/mnist_test_8_00116.png,8,complete
mnist_all/8/mnist_test_8_00117.png,8,complete
mnist_all/8/mnist_test_8_00118.png,8,incomplete
mnist_all/8/mnist_test_8_00119.png,8,complete
mnist_all/8/mnist_test_8_00120.png,8,complete
mnist_all/8/mnist_test_8_00121.png,8,complete
mnist_all/8/mnist_test_8_00122.png,8,unreviewed
mnist_all/8/mnist_test_8_00123.png,8,unreviewed
mnist_all/8/mnist_test_8_00124.png,8,complete
mnist_all/8/mnist_test_8_00125.png,8,complete
mnist_all/8/mnist_test_8_00126.png,8,incomplete
mnist_all/8/mnist_test_8_00127.png,8,complete
mnist_all/8/mnist_test_8_00128.png,8,incomplete
mnist_all/8/mnist_test_8_00129.png,8,incomplete
mnist_all/8/mnist_test_8_00130.png,8,complete
mnist_all/8/mnist_test_8_00131.png,8,unreviewed
mnist_all/8/mnist_test_8_00132.png,8,incomplete
mnist_all/8/mnist_test_8_00133.png,8,complete
mnist_all/8/mnist_test_8_00134.png,8,incomplete
mnist_all/8/mnist_test_8_00135.png,8,complete
mnist_all/8/mnist_test_8_00136.png,8,unreviewed
mnist_all/8/mnist_test_8_00137.png,8,complete
mnist_all/8/mnist_test_8_00138.png,8,complete
mnist_all/8/mnist_test_8_00139.png,8,unreviewed
mnist_all/8/mnist_test_8_00140.png,8,incomplete
mnist_all/8/mnist_test_8_00141.png,8,incomplete
mnist_all/8/mnist_test_8_00142.png,8,complete
mnist_all/8/mnist_test_8_00143.png,8,unreviewed
mnist_all/8/mnist_test_8_00144.png,8,complete
mnist_all/8/mnist_test_8_00145.png,8,complete
mnist_all/8/mnist_test_8_00146.png,8,complete
mnist_all/8/mnist_test_8_00147.png,8,complete
mnist_all/8/mnist_test_8_00148.png,8,complete
mnist_all/8/mnist_test_8_00149.png,8,complete
mnist_all/8/mnist_test_8_00150.png,8,complete
mnist_all/8/mnist_test_8_00151.png,8,complete
mnist_all/8/mnist_test_8_00152.png,8,incomplete
mnist_all/8/mnist_test_8_00153.png,8,unreviewed
mnist_all/8/mnist_test_8_00154.png,8,complete
mnist_all/8/mnist_test_8_00155.png,8,complete
mnist_all/8/mnist_test_8_00156.png,8,complete
mnist_all/8/mnist_test_8_00157.png,8,complete
mnist_all/8/mnist_test_8_00158.png,8,unreviewed
mnist_all/8/mnist_test_8_00159.png,8,complete
mnist_all/8/mnist_test_8_00160.png,8,unreviewed
mnist_all/8/mnist_test_8_00161.png,8,incomplete
mnist_all/8/mnist_test_8_00162.png,8,incomplete
mnist_all/8/mnist_test_8_00163.png,8,complete
mnist_all/8/mnist_test_8_00164.png,8,unreviewed
mnist_all/8/mnist_test_8_00165.png,8,complete
mnist_all/8/mnist_test_8_00166.png,8,complete
mnist_all/8/mnist_test_8_00167.png,8,incomplete
mnist_all/8/mnist_test_8_00168.png,8,complete
mnist_all/8/mnist_test_8_00169.png,8,incomplete
mnist_all/8/mnist_test_8_00170.png,8,unreviewed
mnist_all/8/mnist_test_8_00171.png,8,incomplete
mnist_all/8/mnist_test_8_00172.png,8,unreviewed
mnist_all/8/mnist_test_8_00173.png,8,incomplete
mnist_all/8/mnist_test_8_00174.png,8,complete
mnist_all/8/mnist_test_8_00175.png,8,complete
mnist_all/8/mnist_test_8_00176.png,8,unreviewed
mnist_all/8/mnist_test_8_00177.png,8,incomplete
mnist_all/8/mnist_test_8_00178.png,8,unreviewed
mnist_all/8/mnist_test_8_00179.png,8,incomplete
mnist_all/8/mnist_test_8_00180.png,8,complete
mnist_all/8/mnist_test_8_00181.png,8,complete
mnist_all/8/mnist_test_8_00182.png,8,unreviewed
mnist_all/8/mnist_test_8_00183.png,8,complete
mnist_all/8/mnist_test_8_00184.png,8,incomplete
mnist_all/8/mnist_test_8_00185.png,8,unreviewed
mnist_all/8/mnist_test_8_00186.png,8,unreviewed
mnist_all/8/mnist_test_8_00187.png,8,complete
mnist_all/8/mnist_test_8_00188.png,8,incomplete
mnist_all/8/mnist_test_8_00189.png,8,unreviewed
mnist_all/8/mnist_test_8_00190.png,8,complete
mnist_all/8/mnist_test_8_00191.png,8,complete
mnist_all/8/mnist_test_8_00192.png,8,unreviewed
mnist_all/8/mnist_test_8_00193.png,8,unreviewed
mnist_all/8/mnist_test_8_00194.png,8,complete
mnist_all/8/mnist_test_8_00195.png,8,incomplete
mnist_all/8/mnist_test_8_00196.png,8,unreviewed
mnist_all/8/mnist_test_8_00197.png,8,complete
mnist_all/8/mnist_test_8_00198.png,8,unreviewed
mnist_all/8/mnist_test_8_00199.png,8,incomplete
mnist_all/8/mnist_test_8_00200.png,8,unreviewed
mnist_all/8/mnist_test_8_00201.png,8,complete
mnist_all/8/mnist_test_8_00202.png,8,unreviewed
mnist_all/8/mnist_test_8_00203.png,8,unreviewed
mnist_all/8/mnist_test_8_00204.png,8,incomplete
mnist_all/8/mnist_test_8_00205.png,8,incomplete
mnist_all/8/mnist_test_8_00206.png,8,complete
mnist_all/8/mnist_test_8_00207.png,8,complete
mnist_all/8/mnist_test_8_00208.png,8,complete
mnist_all/8/mnist_test_8_00209.png,8,complete
mnist_all/8/mnist_test_8_00210.png,8,unreviewed
mnist_all/8/mnist_test_8_00211.png,8,unreviewed
mnist_all/8/mnist_test_8_00212.png,8,complete
mnist_all/8/mnist_test_8_00213.png,8,complete
mnist_all/8/mnist_test_8_00214.png,8,complete
mnist_all/8/mnist_test_8_00215.png,8,complete
mnist_all/8/mnist_test_8_00216.png,8,unreviewed
mnist_all/8/mnist_test_8_00217.png,8,complete
mnist_all/8/mnist_test_8_00218.png,8,complete
mnist_all/8/mnist_test_8_00219.png,8,incomplete
mnist_all/8/mnist_test_8_00220.png,8,incomplete
mnist_all/8/mnist_test_8_00221.png,8,incomplete
mnist_all/8/mnist_test_8_00222.png,8,complete
mnist_all/8/mnist_test_8_00223.png,8,complete
mnist_all/8/mnist_test_8_00224.png,8,unreviewed
mnist_all/8/mnist_test_8_00225.png,8,unreviewed
mnist_all/8/mnist_test_8_00226.png,8,complete
mnist_all/8/mnist_test_8_00227.png,8,incomplete
mnist_all/8/mnist_test_8_00228.png,8,complete
mnist_all/8/mnist_test_8_00229.png,8,complete
mnist_all/8/mnist_test_8_00230.png,8,complete
mnist_all/8/mnist_test_8_00231.png,8,unreviewed
mnist_all/8/mnist_test_8_00232.png,8,complete
mnist_all/8/mnist_test_8_00233.png,8,complete
mnist_all/8/mnist_test_8_00234.png,8,complete
mnist_all/8/mnist_test_8_00235.png,8,unreviewed
mnist_all/8/mnist_test_8_00236.png,8,complete
mnist_all/8/mnist_test_8_00237.png,8,unreviewed
mnist_all/8/mnist_test_8_00238.png,8,unreviewed
mnist_all/8/mnist_test_8_00239.png,8,unreviewed
mnist_all/8/mnist_test_8_00240.png,8,unreviewed
mnist_all/8/mnist_test_8_00241.png,8,complete
mnist_all/8/mnist_test_8_00242.png,8,complete
mnist_all/8/mnist_test_8_00243.png,8,complete
mnist_all/8/mnist_test_8_00244.png,8,unreviewed
mnist_all/8/mnist_test_8_00245.png,8,complete
mnist_all/8/mnist_test_8_00246.png,8,complete
mnist_all/8/mnist_test_8_00247.png,8,complete
mnist_all/8/mnist_test_8_00248.png,8,complete
mnist_all/8/mnist_test_8_00249.png,8,unreviewed
mnist_all/8/mnist_test_8_00250.png,8,incomplete
mnist_all/8/mnist_test_8_00251.png,8,incomplete
mnist_all/8/mnist_test_8_00252.png,8,unreviewed
mnist_all/8/mnist_test_8_00253.png,8,complete
mnist_all/8/mnist_test_8_00254.png,8,unreviewed
mnist_all/8/mnist_test_8_00255.png,8,unreviewed
mnist_all/8/mnist_test_8_00256.png,8,incomplete
mnist_all/8/mnist_test_8_00257.png,8,unreviewed
mnist_all/8/mnist_test_8_00258.png,8,incomplete
mnist_all/8/mnist_test_8_00259.png,8,unreviewed
mnist_all/8/mnist_test_8_00260.png,8,unreviewed
mnist_all/8/mnist_test_8_00261.png,8,incomplete
mnist_all/8/mnist_test_8_00262.png,8,unreviewed
mnist_all/8/mnist_test_8_00263.png,8,complete
mnist_all/8/mnist_test_8_00264.png,8,unreviewed
mnist_all/8/mnist_test_8_00265.png,8,incomplete
mnist_all/8/mnist_test_8_00266.png,8,unreviewed
mnist_all/8/mnist_test_8_00267.png,8,incomplete
mnist_all/8/mnist_test_8_00268.png,8,complete
mnist_all/8/mnist_test_8_00269.png,8,complete
mnist_all/8/mnist_test_8_00270.png,8,incomplete
mnist_all/8/mnist_test_8_00271.png,8,incomplete
mnist_all/8/mnist_test_8_00272.png,8,complete
mnist_all/8/mnist_test_8_00273.png,8,unreviewed
mnist_all/8/mnist_test_8_00274.png,8,complete
mnist_all/8/mnist_test_8_00275.png,8,incomplete
mnist_all/8/mnist_test_8_00276.png,8,complete
mnist_all/8/mnist_test_8_00277.png,8,complete
mnist_all/8/mnist_test_8_00278.png,8,unreviewed
mnist_all/8/mnist_test_8_00279.png,8,complete
mnist_all/8/mnist_test_8_00280.png,8,complete
mnist_all/8/mnist_test_8_00281.png,8,complete
mnist_all/8/mnist_test_8_00282.png,8,unreviewed
mnist_all/8/mnist_test_8_00283.png,8,unreviewed
mnist_all/8/mnist_test_8_00284.png,8,incomplete
mnist_all/8/mnist_test_8_00285.png,8,complete
mnist_all/8/mnist_test_8_00286.png,8,unreviewed
mnist_all/8/mnist_test_8_00287.png,8,incomplete
mnist_all/8/mnist_test_8_00288.png,8,incomplete
mnist_all/8/mnist_test_8_00289.png,8,complete
mnist_all/8/mnist_test_8_00290.png,8,incomplete
mnist_all/8/mnist_test_8_00291.png,8,complete
mnist_all/8/mnist_test_8_00292.png,8,unreviewed
mnist_all/8/mnist_test_8_00293.png,8,complete
mnist_all/8/mnist_test_8_00294.png,8,incomplete
mnist_all/8/mnist_test_8_00295.png,8,complete
mnist_all/8/mnist_test_8_00296.png,8,complete
mnist_all/8/mnist_test_8_00297.png,8,complete
mnist_all/8/mnist_test_8_00298.png,8,complete
mnist_all/8/mnist_test_8_00299.png,8,complete
mnist_all/8/mnist_test_8_00300.png,8,complete
mnist_all/8/mnist_test_8_00301.png,8,complete
mnist_all/8/mnist_test_8_00302.png,8,complete
mnist_all/8/mnist_test_8_00303.png,8,unreviewed
mnist_all/8/mnist_test_8_00304.png,8,complete
mnist_all/8/mnist_test_8_00305.png,8,incomplete
mnist_all/8/mnist_test_8_00306.png,8,unreviewed
mnist_all/8/mnist_test_8_00307.png,8,unreviewed
mnist_all/8/mnist_test_8_00308.png,8,complete
mnist_all/8/mnist_test_8_00309.png,8,incomplete
mnist_all/8/mnist_test_8_00310.png,8,unreviewed
mnist_all/8/mnist_test_8_00311.png,8,incomplete
mnist_all/8/mnist_test_8_00312.png,8,unreviewed
mnist_all/8/mnist_test_8_00313.png,8,complete
mnist_all/8/mnist_test_8_00314.png,8,unreviewed
mnist_all/8/mnist_test_8_00315.png,8,unreviewed
mnist_all/8/mnist_test_8_00316.png,8,complete
mnist_all/8/mnist_test_8_00317.png,8,complete
mnist_all/8/mnist_test_8_00318.png,8,unreviewed
mnist_all/8/mnist_test_8_00319.png,8,incomplete
mnist_all/8/mnist_test_8_00320.png,8,incomplete
mnist_all/8/mnist_test_8_00321.png,8,complete
mnist_all/8/mnist_test_8_00322.png,8,complete
mnist_all/8/mnist_test_8_00323.png,8,complete
mnist_all/8/mnist_test_8_00324.png,8,complete
mnist_all/8/mnist_test_8_00325.png,8,complete
mnist_all/8/mnist_test_8_00326.png,8,unreviewed
mnist_all/8/mnist_test_8_00327.png,8,unreviewed
mnist_all/8/mnist_test_8_00328.png,8,complete
mnist_all/8/mnist_test_8_00329.png,8,complete
mnist_all/8/mnist_test_8_00330.png,8,complete
mnist_all/8/mnist_test_8_00331.png,8,unreviewed
mnist_all/8/mnist_test_8_00332.png,8,unreviewed
mnist_all/8/mnist_test_8_00333.png,8,unreviewed
mnist_all/8/mnist_test_8_00334.png,8,incomplete
mnist_all/8/mnist_test_8_00335.png,8,unreviewed
mnist_all/8/mnist_test_8_00336.png,8,unreviewed
mnist_all/8/mnist_test_8_00337.png,8,unreviewed
mnist_all/8/mnist_test_8_00338.png,8,complete
mnist_all/8/mnist_test_8_00339.png,8,incomplete
mnist_all/8/mnist_test_8_00340.png,8,incomplete
mnist_all/8/mnist_test_8_00341.png,8,unreviewed
mnist_all/8/mnist_test_8_00342.png,8,complete
mnist_all/8/mnist_test_8_00343.png,8,incomplete
mnist_all/8/mnist_test_8_00344.png,8,complete
mnist_all/8/mnist_test_8_00345.png,8,complete
mnist_all/8/mnist_test_8_00346.png,8,complete
mnist_all/8/mnist_test_8_00347.png,8,complete
mnist_all/8/mnist_test_8_00348.png,8,unreviewed
mnist_all/8/mnist_test_8_00349.png,8,complete
mnist_all/8/mnist_test_8_00350.png,8,unreviewed
mnist_all/8/mnist_test_8_00351.png,8,complete
mnist_all/8/mnist_test_8_00352.png,8,incomplete
mnist_all/8/mnist_test_8_00353.png,8,unreviewed
mnist_all/8/mnist_test_8_00354.png,8,unreviewed
mnist_all/8/mnist_test_8_00355.png,8,unreviewed
mnist_all/8/mnist_test_8_00356.png,8,unreviewed
mnist_all/8/mnist_test_8_00357.png,8,incomplete
mnist_all/8/mnist_test_8_00358.png,8,complete
mnist_all/8/mnist_test_8_00359.png,8,incomplete
mnist_all/8/mnist_test_8_00360.png,8,incomplete
mnist_all/8/mnist_test_8_00361.png,8,unreviewed
mnist_all/8/mnist_test_8_00362.png,8,unreviewed
mnist_all/8/mnist_test_8_00363.png,8,unreviewed
mnist_all/8/mnist_test_8_00364.png,8,complete
mnist_all/8/mnist_test_8_00365.png,8,incomplete
mnist_all/8/mnist_test_8_00366.png,8,unreviewed
mnist_all/8/mnist_test_8_00367.png,8,complete
mnist_all/8/mnist_test_8_00368.png,8,complete
mnist_all/8/mnist_test_8_00369.png,8,complete
mnist_all/8/mnist_test_8_00370.png,8,unreviewed
mnist_all/8/mnist_test_8_00371.png,8,complete
mnist_all/8/mnist_test_8_00372.png,8,incomplete
mnist_all/8/mnist_test_8_00373.png,8,complete
mnist_all/8/mnist_test_8_00374.png,8,unreviewed
mnist_all/8/mnist_test_8_00375.png,8,incomplete
mnist_all/8/mnist_test_8_00376.png,8,unreviewed
mnist_all/8/mnist_test_8_00377.png,8,unreviewed
mnist_all/8/mnist_test_8_00378.png,8,unreviewed
mnist_all/8/mnist_test_8_00379.png,8,unreviewed
mnist_all/8/mnist_test_8_00380.png,8,complete
mnist_all/8/mnist_test_8_00381.png,8,complete
mnist_all/8/mnist_test_8_00382.png,8,complete
mnist_all/8/mnist_test_8_00383.png,8,complete
mnist_all/8/mnist_test_8_00384.png,8,complete
mnist_all/8/mnist_test_8_00385.png,8,complete
mnist_all/8/mnist_test_8_00386.png,8,complete
mnist_all/8/mnist_test_8_00387.png,8,complete
mnist_all/8/mnist_test_8_00388.png,8,complete
mnist_all/8/mnist_test_8_00389.png,8,incomplete
mnist_all/8/mnist_test_8_00390.png,8,incomplete
mnist_all/8/mnist_test_8_00391.png,8,unreviewed
mnist_all/8/mnist_test_8_00392.png,8,unreviewed
mnist_all/8/mnist_test_8_00393.png,8,incomplete
mnist_all/8/mnist_test_8_00394.png,8,unreviewed
mnist_all/8/mnist_test_8_00395.png,8,incomplete
mnist_all/8/mnist_test_8_00396.png,8,unreviewed
mnist_all/8/mnist_test_8_00397.png,8,complete
mnist_all/8/mnist_test_8_00398.png,8,complete
mnist_all/8/mnist_test_8_00399.png,8,complete
mnist_all/8/mnist_test_8_00400.png,8,unreviewed
mnist_all/8/mnist_test_8_00401.png,8,incomplete
mnist_all/8/mnist_test_8_00402.png,8,incomplete
mnist_all/8/mnist_test_8_00403.png,8,complete
mnist_all/8/mnist_test_8_00404.png,8,complete
mnist_all/8/mnist_test_8_00405.png,8,complete
mnist_all/8/mnist_test_8_00406.png,8,complete
mnist_all/8/mnist_test_8_00407.png,8,unreviewed
mnist_all/8/mnist_test_8_00408.png,8,complete
mnist_all/8/mnist_test_8_00409.png,8,incomplete
mnist_all/8/mnist_test_8_00410.png,8,unreviewed
mnist_all/8/mnist_test_8_00411.png,8,complete
mnist_all/8/mnist_test_8_00412.png,8,complete
mnist_all/8/mnist_test_8_00413.png,8,unreviewed
mnist_all/8/mnist_test_8_00414.png,8,complete
mnist_all/8/mnist_test_8_00415.png,8,complete
mnist_all/8/mnist_test_8_00416.png,8,complete
mnist_all/8/mnist_test_8_00417.png,8,complete
mnist_all/8/mnist_test_8_00418.png,8,complete
mnist_all/8/mnist_test_8_00419.png,8,complete
mnist_all/8/mnist_test_8_00420.png,8,unreviewed
mnist_all/8/mnist_test_8_00421.png,8,complete
mnist_all/8/mnist_test_8_00422.png,8,complete
mnist_all/8/mnist_test_8_00423.png,8,unreviewed
mnist_all/8/mnist_test_8_00424.png,8,complete
mnist_all/8/mnist_test_8_00425.png,8,complete
mnist_all/8/mnist_test_8_00426.png,8,unreviewed
mnist_all/8/mnist_test_8_00427.png,8,incomplete
mnist_all/8/mnist_test_8_00428.png,8,incomplete
mnist_all/8/mnist_test_8_00429.png,8,complete
mnist_all/8/mnist_test_8_00430.png,8,unreviewed
mnist_all/8/mnist_test_8_00431.png,8,unreviewed
mnist_all/8/mnist_test_8_00432.png,8,unreviewed
mnist_all/8/mnist_test_8_00433.png,8,unreviewed
mnist_all/8/mnist_test_8_00434.png,8,complete
mnist_all/8/mnist_test_8_00435.png,8,incomplete
mnist_all/8/mnist_test_8_00436.png,8,complete
mnist_all/8/mnist_test_8_00437.png,8,incomplete
mnist_all/8/mnist_test_8_00438.png,8,unreviewed
mnist_all/8/mnist_test_8_00439.png,8,complete
mnist_all/8/mnist_test_8_00440.png,8,incomplete
mnist_all/8/mnist_test_8_00441.png,8,unreviewed
mnist_all/8/mnist_test_8_00442.png,8,complete
mnist_all/8/mnist_test_8_00443.png,8,incomplete
mnist_all/8/mnist_test_8_00444.png,8,unreviewed
mnist_all/8/mnist_test_8_00445.png,8,complete
mnist_all/8/mnist_test_8_00446.png,8,unreviewed
mnist_all/8/mnist_test_8_00447.png,8,unreviewed
mnist_all/8/mnist_test_8_00448.png,8,unreviewed
mnist_all/8/mnist_test_8_00449.png,8,complete
mnist_all/8/mnist_test_8_00450.png,8,complete
mnist_all/8/mnist_test_8_00451.png,8,complete
mnist_all/8/mnist_test_8_00452.png,8,complete
mnist_all/8/mnist_test_8_00453.png,8,complete
mnist_all/8/mnist_test_8_00454.png,8,complete
mnist_all/8/mnist_test_8_00455.png,8,incomplete
mnist_all/8/mnist_test_8_00456.png,8,incomplete
mnist_all/8/mnist_test_8_00457.png,8,complete
mnist_all/8/mnist_test_8_00458.png,8,unreviewed
mnist_all/8/mnist_test_8_00459.png,8,complete
mnist_all/8/mnist_test_8_00460.png,8,complete
mnist_all/8/mnist_test_8_00461.png,8,unreviewed
mnist_all/8/mnist_test_8_00462.png,8,complete
mnist_all/8/mnist_test_8_00463.png,8,unreviewed
mnist_all/8/mnist_test_8_00464.png,8,complete
mnist_all/8/mnist_test_8_00465.png,8,unreviewed
mnist_all/8/mnist_test_8_00466.png,8,complete
mnist_all/8/mnist_test_8_00467.png,8,unreviewed
mnist_all/8/mnist_test_8_00468.png,8,unreviewed
mnist_all/8/mnist_test_8_00469.png,8,complete
mnist_all/8/mnist_test_8_00470.png,8,unreviewed
mnist_all/8/mnist_test_8_00471.png,8,complete
mnist_all/8/mnist_test_8_00472.png,8,complete
mnist_all/8/mnist_test_8_00473.png,8,unreviewed
mnist_all/8/mnist_test_8_00474.png,8,incomplete
mnist_all/8/mnist_test_8_00475.png,8,incomplete
mnist_all/8/mnist_test_8_00476.png,8,unreviewed
mnist_all/8/mnist_test_8_00477.png,8,incomplete
mnist_all/8/mnist_test_8_00478.png,8,complete
mnist_all/8/mnist_test_8_00479.png,8,incomplete
mnist_all/8/mnist_test_8_00480.png,8,complete
mnist_all/8/mnist_test_8_00481.png,8,complete
mnist_all/8/mnist_test_8_00482.png,8,incomplete
mnist_all/8/mnist_test_8_00483.png,8,complete
mnist_all/8/mnist_test_8_00484.png,8,incomplete
mnist_all/8/mnist_test_8_00485.png,8,incomplete
mnist_all/8/mnist_test_8_00486.png,8,unreviewed
mnist_all/8/mnist_test_8_00487.png,8,complete
mnist_all/8/mnist_test_8_00488.png,8,incomplete
mnist_all/8/mnist_test_8_00489.png,8,unreviewed
mnist_all/8/mnist_test_8_00490.png,8,complete
mnist_all/8/mnist_test_8_00491.png,8,unreviewed
mnist_all/8/mnist_test_8_00492.png,8,complete
mnist_all/8/mnist_test_8_00493.png,8,incomplete
mnist_all/8/mnist_test_8_00494.png,8,unreviewed
mnist_all/8/mnist_test_8_00495.png,8,complete
mnist_all/8/mnist_test_8_00496.png,8,incomplete
mnist_all/8/mnist_test_8_00497.png,8,unreviewed
mnist_all/8/mnist_test_8_00498.png,8,incomplete
mnist_all/8/mnist_test_8_00499.png,8,unreviewed
mnist_all/8/mnist_test_8_00500.png,8,complete
mnist_all/8/mnist_test_8_00501.png,8,complete
mnist_all/8/mnist_test_8_00502.png,8,complete
mnist_all/8/mnist_test_8_00503.png,8,incomplete
mnist_all/8/mnist_test_8_00504.png,8,incomplete
mnist_all/8/mnist_test_8_00505.png,8,incomplete
mnist_all/8/mnist_test_8_00506.png,8,incomplete
mnist_all/8/mnist_test_8_00507.png,8,incomplete
mnist_all/8/mnist_test_8_00508.png,8,incomplete
mnist_all/8/mnist_test_8_00509.png,8,incomplete
mnist_all/8/mnist_test_8_00510.png,8,incomplete
mnist_all/8/mnist_test_8_00511.png,8,incomplete
mnist_all/8/mnist_test_8_00512.png,8,incomplete
mnist_all/8/mnist_test_8_00513.png,8,incomplete
mnist_all/8/mnist_test_8_00514.png,8,incomplete
mnist_all/8/mnist_test_8_00515.png,8,unreviewed
mnist_all/8/mnist_test_8_00516.png,8,unreviewed
mnist_all/8/mnist_test_8_00517.png,8,unreviewed
mnist_all/8/mnist_test_8_00518.png,8,complete
mnist_all/8/mnist_test_8_00519.png,8,complete
mnist_all/8/mnist_test_8_00520.png,8,complete
mnist_all/8/mnist_test_8_00521.png,8,complete
mnist_all/8/mnist_test_8_00522.png,8,complete
mnist_all/8/mnist_test_8_00523.png,8,complete
mnist_all/8/mnist_test_8_00524.png,8,complete
mnist_all/8/mnist_test_8_00525.png,8,complete
mnist_all/8/mnist_test_8_00526.png,8,complete
mnist_all/8/mnist_test_8_00527.png,8,complete
mnist_all/8/mnist_test_8_00528.png,8,complete
mnist_all/8/mnist_test_8_00529.png,8,complete
mnist_all/8/mnist_test_8_00530.png,8,complete
mnist_all/8/mnist_test_8_00531.png,8,complete
mnist_all/8/mnist_test_8_00532.png,8,complete
mnist_all/8/mnist_test_8_00533.png,8,complete
mnist_all/8/mnist_test_8_00534.png,8,complete
mnist_all/8/mnist_test_8_00535.png,8,complete
mnist_all/8/mnist_test_8_00536.png,8,complete
mnist_all/8/mnist_test_8_00537.png,8,complete
mnist_all/8/mnist_test_8_00538.png,8,complete
mnist_all/8/mnist_test_8_00539.png,8,complete
mnist_all/8/mnist_test_8_00540.png,8,complete
mnist_all/8/mnist_test_8_00541.png,8,complete
mnist_all/8/mnist_test_8_00542.png,8,complete
mnist_all/8/mnist_test_8_00543.png,8,complete
mnist_all/8/mnist_test_8_00544.png,8,complete
mnist_all/8/mnist_test_8_00545.png,8,complete
mnist_all/8/mnist_test_8_00546.png,8,complete
mnist_all/8/mnist_test_8_00547.png,8,complete
mnist_all/8/mnist_test_8_00548.png,8,incomplete
mnist_all/8/mnist_test_8_00549.png,8,complete
mnist_all/8/mnist_test_8_00550.png,8,incomplete
mnist_all/8/mnist_test_8_00551.png,8,unreviewed
mnist_all/8/mnist_test_8_00552.png,8,incomplete
mnist_all/8/mnist_test_8_00553.png,8,incomplete
mnist_all/8/mnist_test_8_00554.png,8,incomplete
mnist_all/8/mnist_test_8_00555.png,8,incomplete
mnist_all/8/mnist_test_8_00556.png,8,incomplete
mnist_all/8/mnist_test_8_00557.png,8,complete
mnist_all/8/mnist_test_8_00558.png,8,unreviewed
mnist_all/8/mnist_test_8_00559.png,8,incomplete
mnist_all/8/mnist_test_8_00560.png,8,incomplete
mnist_all/8/mnist_test_8_00561.png,8,incomplete
mnist_all/8/mnist_test_8_00562.png,8,incomplete
mnist_all/8/mnist_test_8_00563.png,8,incomplete
mnist_all/8/mnist_test_8_00564.png,8,unreviewed
mnist_all/8/mnist_test_8_00565.png,8,incomplete
mnist_all/8/mnist_test_8_00566.png,8,incomplete
mnist_all/8/mnist_test_8_00567.png,8,incomplete
mnist_all/8/mnist_test_8_00568.png,8,incomplete
mnist_all/8/mnist_test_8_00569.png,8,incomplete
mnist_all/8/mnist_test_8_00570.png,8,complete
mnist_all/8/mnist_test_8_00571.png,8,complete
mnist_all/8/mnist_test_8_00572.png,8,complete
mnist_all/8/mnist_test_8_00573.png,8,complete
mnist_all/8/mnist_test_8_00574.png,8,complete
mnist_all/8/mnist_test_8_00575.png,8,complete
mnist_all/8/mnist_test_8_00576.png,8,complete
mnist_all/8/mnist_test_8_00577.png,8,unreviewed
mnist_all/8/mnist_test_8_00578.png,8,unreviewed
mnist_all/8/mnist_test_8_00579.png,8,complete
mnist_all/8/mnist_test_8_00580.png,8,complete
mnist_all/8/mnist_test_8_00581.png,8,complete
mnist_all/8/mnist_test_8_00582.png,8,complete
mnist_all/8/mnist_test_8_00583.png,8,complete
mnist_all/8/mnist_test_8_00584.png,8,complete
mnist_all/8/mnist_test_8_00585.png,8,complete
mnist_all/8/mnist_test_8_00586.png,8,complete
mnist_all/8/mnist_test_8_00587.png,8,complete
mnist_all/8/mnist_test_8_00588.png,8,complete
mnist_all/8/mnist_test_8_00589.png,8,complete
mnist_all/8/mnist_test_8_00590.png,8,complete
mnist_all/8/mnist_test_8_00591.png,8,complete
mnist_all/8/mnist_test_8_00592.png,8,complete
mnist_all/8/mnist_test_8_00593.png,8,complete
mnist_all/8/mnist_test_8_00594.png,8,complete
mnist_all/8/mnist_test_8_00595.png,8,complete
mnist_all/8/mnist_test_8_00596.png,8,complete
mnist_all/8/mnist_test_8_00597.png,8,complete
mnist_all/8/mnist_test_8_00598.png,8,complete
mnist_all/8/mnist_test_8_00599.png,8,complete
mnist_all/8/mnist_test_8_00600.png,8,complete
mnist_all/8/mnist_test_8_00601.png,8,complete
mnist_all/8/mnist_test_8_00602.png,8,complete
mnist_all/8/mnist_test_8_00603.png,8,complete
mnist_all/8/mnist_test_8_00604.png,8,complete
mnist_all/8/mnist_test_8_00605.png,8,complete
mnist_all/8/mnist_test_8_00606.png,8,complete
mnist_all/8/mnist_test_8_00607.png,8,complete
mnist_all/8/mnist_test_8_00608.png,8,complete
mnist_all/8/mnist_test_8_00609.png,8,complete
mnist_all/8/mnist_test_8_00610.png,8,complete
mnist_all/8/mnist_test_8_00611.png,8,complete
mnist_all/8/mnist_test_8_00612.png,8,complete
mnist_all/8/mnist_test_8_00613.png,8,complete
mnist_all/8/mnist_test_8_00614.png,8,unreviewed
mnist_all/8/mnist_test_8_00615.png,8,complete
mnist_all/8/mnist_test_8_00616.png,8,complete
mnist_all/8/mnist_test_8_00617.png,8,complete
mnist_all/8/mnist_test_8_00618.png,8,complete
mnist_all/8/mnist_test_8_00619.png,8,complete
mnist_all/8/mnist_test_8_00620.png,8,unreviewed
mnist_all/8/mnist_test_8_00621.png,8,complete
mnist_all/8/mnist_test_8_00622.png,8,unreviewed
mnist_all/8/mnist_test_8_00623.png,8,unreviewed
mnist_all/8/mnist_test_8_00624.png,8,complete
mnist_all/8/mnist_test_8_00625.png,8,complete
mnist_all/8/mnist_test_8_00626.png,8,incomplete
mnist_all/8/mnist_test_8_00627.png,8,complete
mnist_all/8/mnist_test_8_00628.png,8,complete
mnist_all/8/mnist_test_8_00629.png,8,complete
mnist_all/8/mnist_test_8_00630.png,8,complete
mnist_all/8/mnist_test_8_00631.png,8,complete
mnist_all/8/mnist_test_8_00632.png,8,complete
mnist_all/8/mnist_test_8_00633.png,8,unreviewed
mnist_all/8/mnist_test_8_00634.png,8,complete
mnist_all/8/mnist_test_8_00635.png,8,incomplete
mnist_all/8/mnist_test_8_00636.png,8,complete
mnist_all/8/mnist_test_8_00637.png,8,unreviewed
mnist_all/8/mnist_test_8_00638.png,8,complete
mnist_all/8/mnist_test_8_00639.png,8,incomplete
mnist_all/8/mnist_test_8_00640.png,8,complete
mnist_all/8/mnist_test_8_00641.png,8,unreviewed
mnist_all/8/mnist_test_8_00642.png,8,incomplete
mnist_all/8/mnist_test_8_00643.png,8,incomplete
mnist_all/8/mnist_test_8_00644.png,8,unreviewed
mnist_all/8/mnist_test_8_00645.png,8,unreviewed
mnist_all/8/mnist_test_8_00646.png,8,complete
mnist_all/8/mnist_test_8_00647.png,8,unreviewed
mnist_all/8/mnist_test_8_00648.png,8,incomplete
mnist_all/8/mnist_test_8_00649.png,8,incomplete
mnist_all/8/mnist_test_8_00650.png,8,unreviewed
mnist_all/8/mnist_test_8_00651.png,8,unreviewed
mnist_all/8/mnist_test_8_00652.png,8,complete
mnist_all/8/mnist_test_8_00653.png,8,unreviewed
mnist_all/8/mnist_test_8_00654.png,8,incomplete
mnist_all/8/mnist_test_8_00655.png,8,unreviewed
mnist_all/8/mnist_test_8_00656.png,8,unreviewed
mnist_all/8/mnist_test_8_00657.png,8,unreviewed
mnist_all/8/mnist_test_8_00658.png,8,unreviewed
mnist_all/8/mnist_test_8_00659.png,8,unreviewed
mnist_all/8/mnist_test_8_00660.png,8,complete
mnist_all/8/mnist_test_8_00661.png,8,unreviewed
mnist_all/8/mnist_test_8_00662.png,8,incomplete
mnist_all/8/mnist_test_8_00663.png,8,incomplete
mnist_all/8/mnist_test_8_00664.png,8,complete
mnist_all/8/mnist_test_8_00665.png,8,complete
mnist_all/8/mnist_test_8_00666.png,8,complete
mnist_all/8/mnist_test_8_00667.png,8,complete
mnist_all/8/mnist_test_8_00668.png,8,complete
mnist_all/8/mnist_test_8_00669.png,8,complete
mnist_all/8/mnist_test_8_00670.png,8,unreviewed
mnist_all/8/mnist_test_8_00671.png,8,complete
mnist_all/8/mnist_test_8_00672.png,8,complete
mnist_all/8/mnist_test_8_00673.png,8,complete
mnist_all/8/mnist_test_8_00674.png,8,complete
mnist_all/8/mnist_test_8_00675.png,8,complete
mnist_all/8/mnist_test_8_00676.png,8,complete
mnist_all/8/mnist_test_8_00677.png,8,complete
mnist_all/8/mnist_test_8_00678.png,8,unreviewed
mnist_all/8/mnist_test_8_00679.png,8,complete
mnist_all/8/mnist_test_8_00680.png,8,complete
mnist_all/8/mnist_test_8_00681.png,8,unreviewed
mnist_all/8/mnist_test_8_00682.png,8,complete
mnist_all/8/mnist_test_8_00683.png,8,complete
mnist_all/8/mnist_test_8_00684.png,8,complete
mnist_all/8/mnist_test_8_00685.png,8,unreviewed
mnist_all/8/mnist_test_8_00686.png,8,incomplete
mnist_all/8/mnist_test_8_00687.png,8,unreviewed
mnist_all/8/mnist_test_8_00688.png,8,complete
mnist_all/8/mnist_test_8_00689.png,8,unreviewed
mnist_all/8/mnist_test_8_00690.png,8,unreviewed
mnist_all/8/mnist_test_8_00691.png,8,complete
mnist_all/8/mnist_test_8_00692.png,8,complete
mnist_all/8/mnist_test_8_00693.png,8,complete
mnist_all/8/mnist_test_8_00694.png,8,complete
mnist_all/8/mnist_test_8_00695.png,8,complete
mnist_all/8/mnist_test_8_00696.png,8,complete
mnist_all/8/mnist_test_8_00697.png,8,complete
mnist_all/8/mnist_test_8_00698.png,8,complete
mnist_all/8/mnist_test_8_00699.png,8,complete
mnist_all/8/mnist_test_8_00700.png,8,complete
mnist_all/8/mnist_test_8_00701.png,8,complete
mnist_all/8/mnist_test_8_00702.png,8,unreviewed
mnist_all/8/mnist_test_8_00703.png,8,complete
mnist_all/8/mnist_test_8_00704.png,8,complete
mnist_all/8/mnist_test_8_00705.png,8,unreviewed
mnist_all/8/mnist_test_8_00706.png,8,complete
mnist_all/8/mnist_test_8_00707.png,8,unreviewed
mnist_all/8/mnist_test_8_00708.png,8,complete
mnist_all/8/mnist_test_8_00709.png,8,unreviewed
mnist_all/8/mnist_test_8_00710.png,8,unreviewed
mnist_all/8/mnist_test_8_00711.png,8,complete
mnist_all/8/mnist_test_8_00712.png,8,complete
mnist_all/8/mnist_test_8_00713.png,8,complete
mnist_all/8/mnist_test_8_00714.png,8,complete
mnist_all/8/mnist_test_8_00715.png,8,complete
mnist_all/8/mnist_test_8_00716.png,8,complete
mnist_all/8/mnist_test_8_00717.png,8,complete
mnist_all/8/mnist_test_8_00718.png,8,complete
mnist_all/8/mnist_test_8_00719.png,8,complete
mnist_all/8/mnist_test_8_00720.png,8,complete
mnist_all/8/mnist_test_8_00721.png,8,complete
mnist_all/8/mnist_test_8_00722.png,8,complete
mnist_all/8/mnist_test_8_00723.png,8,complete
mnist_all/8/mnist_test_8_00724.png,8,incomplete
mnist_all/8/mnist_test_8_00725.png,8,complete
mnist_all/8/mnist_test_8_00726.png,8,incomplete
mnist_all/8/mnist_test_8_00727.png,8,incomplete
mnist_all/8/mnist_test_8_00728.png,8,incomplete
mnist_all/8/mnist_test_8_00729.png,8,incomplete
mnist_all/8/mnist_test_8_00730.png,8,complete
mnist_all/8/mnist_test_8_00731.png,8,complete
mnist_all/8/mnist_test_8_00732.png,8,incomplete
mnist_all/8/mnist_test_8_00733.png,8,complete
mnist_all/8/mnist_test_8_00734.png,8,complete
mnist_all/8/mnist_test_8_00735.png,8,complete
mnist_all/8/mnist_test_8_00736.png,8,complete
mnist_all/8/mnist_test_8_00737.png,8,complete
mnist_all/8/mnist_test_8_00738.png,8,complete
mnist_all/8/mnist_test_8_00739.png,8,complete
mnist_all/8/mnist_test_8_00740.png,8,complete
mnist_all/8/mnist_test_8_00741.png,8,complete
mnist_all/8/mnist_test_8_00742.png,8,complete
mnist_all/8/mnist_test_8_00743.png,8,complete
mnist_all/8/mnist_test_8_00744.png,8,unreviewed
mnist_all/8/mnist_test_8_00745.png,8,unreviewed
mnist_all/8/mnist_test_8_00746.png,8,complete
mnist_all/8/mnist_test_8_00747.png,8,unreviewed
mnist_all/8/mnist_test_8_00748.png,8,unreviewed
mnist_all/8/mnist_test_8_00749.png,8,complete
mnist_all/8/mnist_test_8_00750.png,8,unreviewed
mnist_all/8/mnist_test_8_00751.png,8,complete
mnist_all/8/mnist_test_8_00752.png,8,incomplete
mnist_all/8/mnist_test_8_00753.png,8,complete
mnist_all/8/mnist_test_8_00754.png,8,unreviewed
mnist_all/8/mnist_test_8_00755.png,8,incomplete
mnist_all/8/mnist_test_8_00756.png,8,unreviewed
mnist_all/8/mnist_test_8_00757.png,8,complete
mnist_all/8/mnist_test_8_00758.png,8,complete
mnist_all/8/mnist_test_8_00759.png,8,unreviewed
mnist_all/8/mnist_test_8_00760.png,8,complete
mnist_all/8/mnist_test_8_00761.png,8,complete
mnist_all/8/mnist_test_8_00762.png,8,incomplete
mnist_all/8/mnist_test_8_00763.png,8,complete
mnist_all/8/mnist_test_8_00764.png,8,complete
mnist_all/8/mnist_test_8_00765.png,8,complete
mnist_all/8/mnist_test_8_00766.png,8,unreviewed
mnist_all/8/mnist_test_8_00767.png,8,complete
mnist_all/8/mnist_test_8_00768.png,8,complete
mnist_all/8/mnist_test_8_00769.png,8,incomplete
mnist_all/8/mnist_test_8_00770.png,8,unreviewed
mnist_all/8/mnist_test_8_00771.png,8,unreviewed
mnist_all/8/mnist_test_8_00772.png,8,complete
mnist_all/8/mnist_test_8_00773.png,8,complete
mnist_all/8/mnist_test_8_00774.png,8,complete
mnist_all/8/mnist_test_8_00775.png,8,complete
mnist_all/8/mnist_test_8_00776.png,8,complete
mnist_all/8/mnist_test_8_00777.png,8,unreviewed
mnist_all/8/mnist_test_8_00778.png,8,unreviewed
mnist_all/8/mnist_test_8_00779.png,8,unreviewed
mnist_all/8/mnist_test_8_00780.png,8,complete
mnist_all/8/mnist_test_8_00781.png,8,complete
mnist_all/8/mnist_test_8_00782.png,8,complete
mnist_all/8/mnist_test_8_00783.png,8,complete
mnist_all/8/mnist_test_8_00784.png,8,unreviewed
mnist_all/8/mnist_test_8_00785.png,8,complete
mnist_all/8/mnist_test_8_00786.png,8,unreviewed
mnist_all/8/mnist_test_8_00787.png,8,complete
mnist_all/8/mnist_test_8_00788.png,8,incomplete
mnist_all/8/mnist_test_8_00789.png,8,unreviewed
mnist_all/8/mnist_test_8_00790.png,8,complete
mnist_all/8/mnist_test_8_00791.png,8,complete
mnist_all/8/mnist_test_8_00792.png,8,complete
mnist_all/8/mnist_test_8_00793.png,8,unreviewed
mnist_all/8/mnist_test_8_00794.png,8,unreviewed
mnist_all/8/mnist_test_8_00795.png,8,complete
mnist_all/8/mnist_test_8_00796.png,8,unreviewed
mnist_all/8/mnist_test_8_00797.png,8,unreviewed
mnist_all/8/mnist_test_8_00798.png,8,unreviewed
mnist_all/8/mnist_test_8_00799.png,8,complete
mnist_all/8/mnist_test_8_00800.png,8,complete
mnist_all/8/mnist_test_8_00801.png,8,complete
mnist_all/8/mnist_test_8_00802.png,8,incomplete
mnist_all/8/mnist_test_8_00803.png,8,complete
mnist_all/8/mnist_test_8_00804.png,8,complete
mnist_all/8/mnist_test_8_00805.png,8,complete
mnist_all/8/mnist_test_8_00806.png,8,complete
mnist_all/8/mnist_test_8_00807.png,8,incomplete
mnist_all/8/mnist_test_8_00808.png,8,unreviewed
mnist_all/8/mnist_test_8_00809.png,8,incomplete
mnist_all/8/mnist_test_8_00810.png,8,unreviewed
mnist_all/8/mnist_test_8_00811.png,8,incomplete
mnist_all/8/mnist_test_8_00812.png,8,complete
mnist_all/8/mnist_test_8_00813.png,8,incomplete
mnist_all/8/mnist_test_8_00814.png,8,incomplete
mnist_all/8/mnist_test_8_00815.png,8,unreviewed
mnist_all/8/mnist_test_8_00816.png,8,complete
mnist_all/8/mnist_test_8_00817.png,8,incomplete
mnist_all/8/mnist_test_8_00818.png,8,unreviewed
mnist_all/8/mnist_test_8_00819.png,8,incomplete
mnist_all/8/mnist_test_8_00820.png,8,complete
mnist_all/8/mnist_test_8_00821.png,8,complete
mnist_all/8/mnist_test_8_00822.png,8,incomplete
mnist_all/8/mnist_test_8_00823.png,8,unreviewed
mnist_all/8/mnist_test_8_00824.png,8,incomplete
mnist_all/8/mnist_test_8_00825.png,8,complete
mnist_all/8/mnist_test_8_00826.png,8,incomplete
mnist_all/8/mnist_test_8_00827.png,8,incomplete
mnist_all/8/mnist_test_8_00828.png,8,complete
mnist_all/8/mnist_test_8_00829.png,8,complete
mnist_all/8/mnist_test_8_00830.png,8,unreviewed
mnist_all/8/mnist_test_8_00831.png,8,complete
mnist_all/8/mnist_test_8_00832.png,8,complete
mnist_all/8/mnist_test_8_00833.png,8,unreviewed
mnist_all/8/mnist_test_8_00834.png,8,complete
mnist_all/8/mnist_test_8_00835.png,8,incomplete
mnist_all/8/mnist_test_8_00836.png,8,incomplete
mnist_all/8/mnist_test_8_00837.png,8,unreviewed
mnist_all/8/mnist_test_8_00838.png,8,complete
mnist_all/8/mnist_test_8_00839.png,8,complete
mnist_all/8/mnist_test_8_00840.png,8,complete
mnist_all/8/mnist_test_8_00841.png,8,unreviewed
mnist_all/8/mnist_test_8_00842.png,8,complete
mnist_all/8/mnist_test_8_00843.png,8,unreviewed
mnist_all/8/mnist_test_8_00844.png,8,complete
mnist_all/8/mnist_test_8_00845.png,8,complete
mnist_all/8/mnist_test_8_00846.png,8,complete
mnist_all/8/mnist_test_8_00847.png,8,complete
mnist_all/8/mnist_test_8_00848.png,8,unreviewed
mnist_all/8/mnist_test_8_00849.png,8,unreviewed
mnist_all/8/mnist_test_8_00850.png,8,unreviewed
mnist_all/8/mnist_test_8_00851.png,8,unreviewed
mnist_all/8/mnist_test_8_00852.png,8,complete
mnist_all/8/mnist_test_8_00853.png,8,complete
mnist_all/8/mnist_test_8_00854.png,8,complete
mnist_all/8/mnist_test_8_00855.png,8,complete
mnist_all/8/mnist_test_8_00856.png,8,complete
mnist_all/8/mnist_test_8_00857.png,8,complete
mnist_all/8/mnist_test_8_00858.png,8,complete
mnist_all/8/mnist_test_8_00859.png,8,complete
mnist_all/8/mnist_test_8_00860.png,8,complete
mnist_all/8/mnist_test_8_00861.png,8,incomplete
mnist_all/8/mnist_test_8_00862.png,8,incomplete
mnist_all/8/mnist_test_8_00863.png,8,complete
mnist_all/8/mnist_test_8_00864.png,8,unreviewed
mnist_all/8/mnist_test_8_00865.png,8,unreviewed
mnist_all/8/mnist_test_8_00866.png,8,unreviewed
mnist_all/8/mnist_test_8_00867.png,8,complete
mnist_all/8/mnist_test_8_00868.png,8,unreviewed
mnist_all/8/mnist_test_8_00869.png,8,complete
mnist_all/8/mnist_test_8_00870.png,8,complete
mnist_all/8/mnist_test_8_00871.png,8,unreviewed
mnist_all/8/mnist_test_8_00872.png,8,complete
mnist_all/8/mnist_test_8_00873.png,8,complete
mnist_all/8/mnist_test_8_00874.png,8,complete
mnist_all/8/mnist_test_8_00875.png,8,complete
mnist_all/8/mnist_test_8_00876.png,8,complete
mnist_all/8/mnist_test_8_00877.png,8,unreviewed
mnist_all/8/mnist_test_8_00878.png,8,complete
mnist_all/8/mnist_test_8_00879.png,8,complete
mnist_all/8/mnist_test_8_00880.png,8,complete
mnist_all/8/mnist_test_8_00881.png,8,complete
mnist_all/8/mnist_test_8_00882.png,8,complete
mnist_all/8/mnist_test_8_00883.png,8,complete
mnist_all/8/mnist_test_8_00884.png,8,complete
mnist_all/8/mnist_test_8_00885.png,8,complete
mnist_all/8/mnist_test_8_00886.png,8,unreviewed
mnist_all/8/mnist_test_8_00887.png,8,complete
mnist_all/8/mnist_test_8_00888.png,8,unreviewed
mnist_all/8/mnist_test_8_00889.png,8,complete
mnist_all/8/mnist_test_8_00890.png,8,complete
mnist_all/8/mnist_test_8_00891.png,8,complete
mnist_all/8/mnist_test_8_00892.png,8,unreviewed
mnist_all/8/mnist_test_8_00893.png,8,incomplete
mnist_all/8/mnist_test_8_00894.png,8,complete
mnist_all/8/mnist_test_8_00895.png,8,unreviewed
mnist_all/8/mnist_test_8_00896.png,8,complete
mnist_all/8/mnist_test_8_00897.png,8,unreviewed
mnist_all/8/mnist_test_8_00898.png,8,complete
mnist_all/8/mnist_test_8_00899.png,8,complete
mnist_all/8/mnist_test_8_00900.png,8,unreviewed
mnist_all/8/mnist_test_8_00901.png,8,unreviewed
mnist_all/8/mnist_test_8_00902.png,8,unreviewed
mnist_all/8/mnist_test_8_00903.png,8,unreviewed
mnist_all/8/mnist_test_8_00904.png,8,unreviewed
mnist_all/8/mnist_test_8_00905.png,8,unreviewed
mnist_all/8/mnist_test_8_00906.png,8,complete
mnist_all/8/mnist_test_8_00907.png,8,unreviewed
mnist_all/8/mnist_test_8_00908.png,8,complete
mnist_all/8/mnist_test_8_00909.png,8,complete
mnist_all/8/mnist_test_8_00910.png,8,unreviewed
mnist_all/8/mnist_test_8_00911.png,8,unreviewed
mnist_all/8/mnist_test_8_00912.png,8,complete
mnist_all/8/mnist_test_8_00913.png,8,incomplete
mnist_all/8/mnist_test_8_00914.png,8,incomplete
mnist_all/8/mnist_test_8_00915.png,8,incomplete
mnist_all/8/mnist_test_8_00916.png,8,incomplete
mnist_all/8/mnist_test_8_00917.png,8,incomplete
mnist_all/8/mnist_test_8_00918.png,8,unreviewed
mnist_all/8/mnist_test_8_00919.png,8,complete
mnist_all/8/mnist_test_8_00920.png,8,incomplete
mnist_all/8/mnist_test_8_00921.png,8,incomplete
mnist_all/8/mnist_test_8_00922.png,8,incomplete
mnist_all/8/mnist_test_8_00923.png,8,incomplete
mnist_all/8/mnist_test_8_00924.png,8,unreviewed
mnist_all/8/mnist_test_8_00925.png,8,incomplete
mnist_all/8/mnist_test_8_00926.png,8,complete
mnist_all/8/mnist_test_8_00927.png,8,unreviewed
mnist_all/8/mnist_test_8_00928.png,8,unreviewed
mnist_all/8/mnist_test_8_00929.png,8,complete
mnist_all/8/mnist_test_8_00930.png,8,incomplete
mnist_all/8/mnist_test_8_00931.png,8,incomplete
mnist_all/8/mnist_test_8_00932.png,8,complete
mnist_all/8/mnist_test_8_00933.png,8,incomplete
mnist_all/8/mnist_test_8_00934.png,8,incomplete
mnist_all/8/mnist_test_8_00935.png,8,complete
mnist_all/8/mnist_test_8_00936.png,8,unreviewed
mnist_all/8/mnist_test_8_00937.png,8,incomplete
mnist_all/8/mnist_test_8_00938.png,8,unreviewed
mnist_all/8/mnist_test_8_00939.png,8,incomplete
mnist_all/8/mnist_test_8_00940.png,8,complete
mnist_all/8/mnist_test_8_00941.png,8,unreviewed
mnist_all/8/mnist_test_8_00942.png,8,incomplete
mnist_all/8/mnist_test_8_00943.png,8,unreviewed
mnist_all/8/mnist_test_8_00944.png,8,complete
mnist_all/8/mnist_test_8_00945.png,8,complete
mnist_all/8/mnist_test_8_00946.png,8,complete
mnist_all/8/mnist_test_8_00947.png,8,complete
mnist_all/8/mnist_test_8_00948.png,8,incomplete
mnist_all/8/mnist_test_8_00949.png,8,unreviewed
mnist_all/8/mnist_test_8_00950.png,8,complete
mnist_all/8/mnist_test_8_00951.png,8,complete
mnist_all/8/mnist_test_8_00952.png,8,unreviewed
mnist_all/8/mnist_test_8_00953.png,8,unreviewed
mnist_all/8/mnist_test_8_00954.png,8,incomplete
mnist_all/8/mnist_test_8_00955.png,8,incomplete
mnist_all/8/mnist_test_8_00956.png,8,unreviewed
mnist_all/8/mnist_test_8_00957.png,8,incomplete
mnist_all/8/mnist_test_8_00958.png,8,incomplete
mnist_all/8/mnist_test_8_00959.png,8,incomplete
mnist_all/8/mnist_test_8_00960.png,8,incomplete
mnist_all/8/mnist_test_8_00961.png,8,incomplete
mnist_all/8/mnist_test_8_00962.png,8,unreviewed
mnist_all/8/mnist_test_8_00963.png,8,incomplete
mnist_all/8/mnist_test_8_00964.png,8,incomplete
mnist_all/8/mnist_test_8_00965.png,8,unreviewed
mnist_all/8/mnist_test_8_00966.png,8,incomplete
mnist_all/8/mnist_test_8_00967.png,8,complete
mnist_all/8/mnist_test_8_00968.png,8,incomplete
mnist_all/8/mnist_test_8_00969.png,8,incomplete
mnist_all/8/mnist_test_8_00970.png,8,complete
mnist_all/8/mnist_test_8_00971.png,8,incomplete
mnist_all/8/mnist_test_8_00972.png,8,unreviewed
mnist_all/8/mnist_test_8_00973.png,8,complete
mnist_all/9/mnist_test_9_00000.png,9,complete
mnist_all/9/mnist_test_9_00001.png,9,complete
mnist_all/9/mnist_test_9_00002.png,9,complete
mnist_all/9/mnist_test_9_00003.png,9,unreviewed
mnist_all/9/mnist_test_9_00004.png,9,complete
mnist_all/9/mnist_test_9_00005.png,9,complete
mnist_all/9/mnist_test_9_00006.png,9,incomplete
mnist_all/9/mnist_test_9_00007.png,9,complete
mnist_all/9/mnist_test_9_00008.png,9,complete
mnist_all/9/mnist_test_9_00009.png,9,incomplete
mnist_all/9/mnist_test_9_00010.png,9,complete
mnist_all/9/mnist_test_9_00011.png,9,incomplete
mnist_all/9/mnist_test_9_00012.png,9,complete
mnist_all/9/mnist_test_9_00013.png,9,unreviewed
mnist_all/9/mnist_test_9_00014.png,9,complete
mnist_all/9/mnist_test_9_00015.png,9,complete
mnist_all/9/mnist_test_9_00016.png,9,unreviewed
mnist_all/9/mnist_test_9_00017.png,9,unreviewed
mnist_all/9/mnist_test_9_00018.png,9,unreviewed
mnist_all/9/mnist_test_9_00019.png,9,incomplete
mnist_all/9/mnist_test_9_00020.png,9,complete
mnist_all/9/mnist_test_9_00021.png,9,incomplete
mnist_all/9/mnist_test_9_00022.png,9,unreviewed
mnist_all/9/mnist_test_9_00023.png,9,complete
mnist_all/9/mnist_test_9_00024.png,9,complete
mnist_all/9/mnist_test_9_00025.png,9,unreviewed
mnist_all/9/mnist_test_9_00026.png,9,complete
mnist_all/9/mnist_test_9_00027.png,9,complete
mnist_all/9/mnist_test_9_00028.png,9,complete
mnist_all/9/mnist_test_9_00029.png,9,complete
mnist_all/9/mnist_test_9_00030.png,9,unreviewed
mnist_all/9/mnist_test_9_00031.png,9,unreviewed
mnist_all/9/mnist_test_9_00032.png,9,complete
mnist_all/9/mnist_test_9_00033.png,9,complete
mnist_all/9/mnist_test_9_00034.png,9,unreviewed
mnist_all/9/mnist_test_9_00035.png,9,unreviewed
mnist_all/9/mnist_test_9_00036.png,9,complete
mnist_all/9/mnist_test_9_00037.png,9,complete
mnist_all/9/mnist_test_9_00038.png,9,unreviewed
mnist_all/9/mnist_test_9_00039.png,9,complete
mnist_all/9/mnist_test_9_00040.png,9,incomplete
mnist_all/9/mnist_test_9_00041.png,9,unreviewed
mnist_all/9/mnist_test_9_00042.png,9,complete
mnist_all/9/mnist_test_9_00043.png,9,unreviewed
mnist_all/9/mnist_test_9_00044.png,9,complete
mnist_all/9/mnist_test_9_00045.png,9,unreviewed
mnist_all/9/mnist_test_9_00046.png,9,complete
mnist_all/9/mnist_test_9_00047.png,9,complete
mnist_all/9/mnist_test_9_00048.png,9,unreviewed
mnist_all/9/mnist_test_9_00049.png,9,unreviewed
mnist_all/9/mnist_test_9_00050.png,9,complete
mnist_all/9/mnist_test_9_00051.png,9,complete
mnist_all/9/mnist_test_9_00052.png,9,complete
mnist_all/9/mnist_test_9_00053.png,9,complete
mnist_all/9/mnist_test_9_00054.png,9,complete
mnist_all/9/mnist_test_9_00055.png,9,complete
mnist_all/9/mnist_test_9_00056.png,9,unreviewed
mnist_all/9/mnist_test_9_00057.png,9,complete
mnist_all/9/mnist_test_9_00058.png,9,unreviewed
mnist_all/9/mnist_test_9_00059.png,9,unreviewed
mnist_all/9/mnist_test_9_00060.png,9,complete
mnist_all/9/mnist_test_9_00061.png,9,complete
mnist_all/9/mnist_test_9_00062.png,9,complete
mnist_all/9/mnist_test_9_00063.png,9,complete
mnist_all/9/mnist_test_9_00064.png,9,complete
mnist_all/9/mnist_test_9_00065.png,9,complete
mnist_all/9/mnist_test_9_00066.png,9,incomplete
mnist_all/9/mnist_test_9_00067.png,9,complete
mnist_all/9/mnist_test_9_00068.png,9,complete
mnist_all/9/mnist_test_9_00069.png,9,complete
mnist_all/9/mnist_test_9_00070.png,9,incomplete
mnist_all/9/mnist_test_9_00071.png,9,complete
mnist_all/9/mnist_test_9_00072.png,9,complete
mnist_all/9/mnist_test_9_00073.png,9,complete
mnist_all/9/mnist_test_9_00074.png,9,complete
mnist_all/9/mnist_test_9_00075.png,9,unreviewed
mnist_all/9/mnist_test_9_00076.png,9,unreviewed
mnist_all/9/mnist_test_9_00077.png,9,unreviewed
mnist_all/9/mnist_test_9_00078.png,9,complete
mnist_all/9/mnist_test_9_00079.png,9,complete
mnist_all/9/mnist_test_9_00080.png,9,complete
mnist_all/9/mnist_test_9_00081.png,9,complete
mnist_all/9/mnist_test_9_00082.png,9,complete
mnist_all/9/mnist_test_9_00083.png,9,complete
mnist_all/9/mnist_test_9_00084.png,9,incomplete
mnist_all/9/mnist_test_9_00085.png,9,complete
mnist_all/9/mnist_test_9_00086.png,9,complete
mnist_all/9/mnist_test_9_00087.png,9,incomplete
mnist_all/9/mnist_test_9_00088.png,9,complete
mnist_all/9/mnist_test_9_00089.png,9,complete
mnist_all/9/mnist_test_9_00090.png,9,complete
mnist_all/9/mnist_test_9_00091.png,9,complete
mnist_all/9/mnist_test_9_00092.png,9,complete
mnist_all/9/mnist_test_9_00093.png,9,complete
mnist_all/9/mnist_test_9_00094.png,9,complete
mnist_all/9/mnist_test_9_00095.png,9,complete
mnist_all/9/mnist_test_9_00096.png,9,complete
mnist_all/9/mnist_test_9_00097.png,9,incomplete
mnist_all/9/mnist_test_9_00098.png,9,unreviewed
mnist_all/9/mnist_test_9_00099.png,9,complete
mnist_all/9/mnist_test_9_00100.png,9,complete
mnist_all/9/mnist_test_9_00101.png,9,incomplete
mnist_all/9/mnist_test_9_00102.png,9,unreviewed
mnist_all/9/mnist_test_9_00103.png,9,unreviewed
mnist_all/9/mnist_test_9_00104.png,9,complete
mnist_all/9/mnist_test_9_00105.png,9,incomplete
mnist_all/9/mnist_test_9_00106.png,9,complete
mnist_all/9/mnist_test_9_00107.png,9,complete
mnist_all/9/mnist_test_9_00108.png,9,complete
mnist_all/9/mnist_test_9_00109.png,9,complete
mnist_all/9/mnist_test_9_00110.png,9,unreviewed
mnist_all/9/mnist_test_9_00111.png,9,complete
mnist_all/9/mnist_test_9_00112.png,9,incomplete
mnist_all/9/mnist_test_9_00113.png,9,complete
mnist_all/9/mnist_test_9_00114.png,9,unreviewed
mnist_all/9/mnist_test_9_00115.png,9,unreviewed
mnist_all/9/mnist_test_9_00116.png,9,complete
mnist_all/9/mnist_test_9_00117.png,9,complete
mnist_all/9/mnist_test_9_00118.png,9,incomplete
mnist_all/9/mnist_test_9_00119.png,9,complete
mnist_all/9/mnist_test_9_00120.png,9,complete
mnist_all/9/mnist_test_9_00121.png,9,complete
mnist_all/9/mnist_test_9_00122.png,9,complete
mnist_all/9/mnist_test_9_00123.png,9,unreviewed
mnist_all/9/mnist_test_9_00124.png,9,unreviewed
mnist_all/9/mnist_test_9_00125.png,9,incomplete
mnist_all/9/mnist_test_9_00126.png,9,complete
mnist_all/9/mnist_test_9_00127.png,9,unreviewed
mnist_all/9/mnist_test_9_00128.png,9,complete
mnist_all/9/mnist_test_9_00129.png,9,complete
mnist_all/9/mnist_test_9_00130.png,9,complete
mnist_all/9/mnist_test_9_00131.png,9,unreviewed
mnist_all/9/mnist_test_9_00132.png,9,unreviewed
mnist_all/9/mnist_test_9_00133.png,9,complete
mnist_all/9/mnist_test_9_00134.png,9,complete
mnist_all/9/mnist_test_9_00135.png,9,unreviewed
mnist_all/9/mnist_test_9_00136.png,9,complete
mnist_all/9/mnist_test_9_00137.png,9,complete
mnist_all/9/mnist_test_9_00138.png,9,complete
mnist_all/9/mnist_test_9_00139.png,9,complete
mnist_all/9/mnist_test_9_00140.png,9,complete
mnist_all/9/mnist_test_9_00141.png,9,complete
mnist_all/9/mnist_test_9_00142.png,9,unreviewed
mnist_all/9/mnist_test_9_00143.png,9,complete
mnist_all/9/mnist_test_9_00144.png,9,complete
mnist_all/9/mnist_test_9_00145.png,9,incomplete
mnist_all/9/mnist_test_9_00146.png,9,complete
mnist_all/9/mnist_test_9_00147.png,9,complete
mnist_all/9/mnist_test_9_00148.png,9,complete
mnist_all/9/mnist_test_9_00149.png,9,complete
mnist_all/9/mnist_test_9_00150.png,9,complete
mnist_all/9/mnist_test_9_00151.png,9,complete
mnist_all/9/mnist_test_9_00152.png,9,unreviewed
mnist_all/9/mnist_test_9_00153.png,9,unreviewed
mnist_all/9/mnist_test_9_00154.png,9,unreviewed
mnist_all/9/mnist_test_9_00155.png,9,complete
mnist_all/9/mnist_test_9_00156.png,9,complete
mnist_all/9/mnist_test_9_00157.png,9,complete
mnist_all/9/mnist_test_9_00158.png,9,unreviewed
mnist_all/9/mnist_test_9_00159.png,9,complete
mnist_all/9/mnist_test_9_00160.png,9,unreviewed
mnist_all/9/mnist_test_9_00161.png,9,unreviewed
mnist_all/9/mnist_test_9_00162.png,9,unreviewed
mnist_all/9/mnist_test_9_00163.png,9,complete
mnist_all/9/mnist_test_9_00164.png,9,complete
mnist_all/9/mnist_test_9_00165.png,9,complete
mnist_all/9/mnist_test_9_00166.png,9,complete
mnist_all/9/mnist_test_9_00167.png,9,unreviewed
mnist_all/9/mnist_test_9_00168.png,9,unreviewed
mnist_all/9/mnist_test_9_00169.png,9,complete
mnist_all/9/mnist_test_9_00170.png,9,complete
mnist_all/9/mnist_test_9_00171.png,9,complete
mnist_all/9/mnist_test_9_00172.png,9,unreviewed
mnist_all/9/mnist_test_9_00173.png,9,complete
mnist_all/9/mnist_test_9_00174.png,9,complete
mnist_all/9/mnist_test_9_00175.png,9,complete
mnist_all/9/mnist_test_9_00176.png,9,complete
mnist_all/9/mnist_test_9_00177.png,9,complete
mnist_all/9/mnist_test_9_00178.png,9,complete
mnist_all/9/mnist_test_9_00179.png,9,complete
mnist_all/9/mnist_test_9_00180.png,9,unreviewed
mnist_all/9/mnist_test_9_00181.png,9,complete
mnist_all/9/mnist_test_9_00182.png,9,complete
mnist_all/9/mnist_test_9_00183.png,9,complete
mnist_all/9/mnist_test_9_00184.png,9,complete
mnist_all/9/mnist_test_9_00185.png,9,unreviewed
mnist_all/9/mnist_test_9_00186.png,9,unreviewed
mnist_all/9/mnist_test_9_00187.png,9,complete
mnist_all/9/mnist_test_9_00188.png,9,unreviewed
mnist_all/9/mnist_test_9_00189.png,9,complete
mnist_all/9/mnist_test_9_00190.png,9,complete
mnist_all/9/mnist_test_9_00191.png,9,unreviewed
mnist_all/9/mnist_test_9_00192.png,9,complete
mnist_all/9/mnist_test_9_00193.png,9,complete
mnist_all/9/mnist_test_9_00194.png,9,unreviewed
mnist_all/9/mnist_test_9_00195.png,9,complete
mnist_all/9/mnist_test_9_00196.png,9,unreviewed
mnist_all/9/mnist_test_9_00197.png,9,unreviewed
mnist_all/9/mnist_test_9_00198.png,9,complete
mnist_all/9/mnist_test_9_00199.png,9,complete
mnist_all/9/mnist_test_9_00200.png,9,complete
mnist_all/9/mnist_test_9_00201.png,9,complete
mnist_all/9/mnist_test_9_00202.png,9,complete
mnist_all/9/mnist_test_9_00203.png,9,complete
mnist_all/9/mnist_test_9_00204.png,9,complete
mnist_all/9/mnist_test_9_00205.png,9,complete
mnist_all/9/mnist_test_9_00206.png,9,complete
mnist_all/9/mnist_test_9_00207.png,9,complete
mnist_all/9/mnist_test_9_00208.png,9,unreviewed
mnist_all/9/mnist_test_9_00209.png,9,complete
mnist_all/9/mnist_test_9_00210.png,9,unreviewed
mnist_all/9/mnist_test_9_00211.png,9,complete
mnist_all/9/mnist_test_9_00212.png,9,complete
mnist_all/9/mnist_test_9_00213.png,9,unreviewed
mnist_all/9/mnist_test_9_00214.png,9,complete
mnist_all/9/mnist_test_9_00215.png,9,complete
mnist_all/9/mnist_test_9_00216.png,9,complete
mnist_all/9/mnist_test_9_00217.png,9,complete
mnist_all/9/mnist_test_9_00218.png,9,complete
mnist_all/9/mnist_test_9_00219.png,9,incomplete
mnist_all/9/mnist_test_9_00220.png,9,complete
mnist_all/9/mnist_test_9_00221.png,9,complete
mnist_all/9/mnist_test_9_00222.png,9,complete
mnist_all/9/mnist_test_9_00223.png,9,complete
mnist_all/9/mnist_test_9_00224.png,9,complete
mnist_all/9/mnist_test_9_00225.png,9,incomplete
mnist_all/9/mnist_test_9_00226.png,9,complete
mnist_all/9/mnist_test_9_00227.png,9,unreviewed
mnist_all/9/mnist_test_9_00228.png,9,unreviewed
mnist_all/9/mnist_test_9_00229.png,9,complete
mnist_all/9/mnist_test_9_00230.png,9,complete
mnist_all/9/mnist_test_9_00231.png,9,complete
mnist_all/9/mnist_test_9_00232.png,9,complete
mnist_all/9/mnist_test_9_00233.png,9,unreviewed
mnist_all/9/mnist_test_9_00234.png,9,complete
mnist_all/9/mnist_test_9_00235.png,9,complete
mnist_all/9/mnist_test_9_00236.png,9,unreviewed
mnist_all/9/mnist_test_9_00237.png,9,unreviewed
mnist_all/9/mnist_test_9_00238.png,9,incomplete
mnist_all/9/mnist_test_9_00239.png,9,complete
mnist_all/9/mnist_test_9_00240.png,9,complete
mnist_all/9/mnist_test_9_00241.png,9,complete
mnist_all/9/mnist_test_9_00242.png,9,complete
mnist_all/9/mnist_test_9_00243.png,9,unreviewed
mnist_all/9/mnist_test_9_00244.png,9,complete
mnist_all/9/mnist_test_9_00245.png,9,unreviewed
mnist_all/9/mnist_test_9_00246.png,9,complete
mnist_all/9/mnist_test_9_00247.png,9,unreviewed
mnist_all/9/mnist_test_9_00248.png,9,unreviewed
mnist_all/9/mnist_test_9_00249.png,9,complete
mnist_all/9/mnist_test_9_00250.png,9,complete
mnist_all/9/mnist_test_9_00251.png,9,complete
mnist_all/9/mnist_test_9_00252.png,9,complete
mnist_all/9/mnist_test_9_00253.png,9,complete
mnist_all/9/mnist_test_9_00254.png,9,unreviewed
mnist_all/9/mnist_test_9_00255.png,9,complete
mnist_all/9/mnist_test_9_00256.png,9,unreviewed
mnist_all/9/mnist_test_9_00257.png,9,complete
mnist_all/9/mnist_test_9_00258.png,9,complete
mnist_all/9/mnist_test_9_00259.png,9,complete
mnist_all/9/mnist_test_9_00260.png,9,unreviewed
mnist_all/9/mnist_test_9_00261.png,9,unreviewed
mnist_all/9/mnist_test_9_00262.png,9,complete
mnist_all/9/mnist_test_9_00263.png,9,unreviewed
mnist_all/9/mnist_test_9_00264.png,9,complete
mnist_all/9/mnist_test_9_00265.png,9,complete
mnist_all/9/mnist_test_9_00266.png,9,complete
mnist_all/9/mnist_test_9_00267.png,9,complete
mnist_all/9/mnist_test_9_00268.png,9,unreviewed
mnist_all/9/mnist_test_9_00269.png,9,unreviewed
mnist_all/9/mnist_test_9_00270.png,9,unreviewed
mnist_all/9/mnist_test_9_00271.png,9,unreviewed
mnist_all/9/mnist_test_9_00272.png,9,complete
mnist_all/9/mnist_test_9_00273.png,9,complete
mnist_all/9/mnist_test_9_00274.png,9,complete
mnist_all/9/mnist_test_9_00275.png,9,complete
mnist_all/9/mnist_test_9_00276.png,9,unreviewed
mnist_all/9/mnist_test_9_00277.png,9,unreviewed
mnist_all/9/mnist_test_9_00278.png,9,complete
mnist_all/9/mnist_test_9_00279.png,9,unreviewed
mnist_all/9/mnist_test_9_00280.png,9,complete
mnist_all/9/mnist_test_9_00281.png,9,complete
mnist_all/9/mnist_test_9_00282.png,9,complete
mnist_all/9/mnist_test_9_00283.png,9,unreviewed
mnist_all/9/mnist_test_9_00284.png,9,incomplete
mnist_all/9/mnist_test_9_00285.png,9,unreviewed
mnist_all/9/mnist_test_9_00286.png,9,complete
mnist_all/9/mnist_test_9_00287.png,9,complete
mnist_all/9/mnist_test_9_00288.png,9,incomplete
mnist_all/9/mnist_test_9_00289.png,9,unreviewed
mnist_all/9/mnist_test_9_00290.png,9,unreviewed
mnist_all/9/mnist_test_9_00291.png,9,complete
mnist_all/9/mnist_test_9_00292.png,9,complete
mnist_all/9/mnist_test_9_00293.png,9,unreviewed
mnist_all/9/mnist_test_9_00294.png,9,complete
mnist_all/9/mnist_test_9_00295.png,9,unreviewed
mnist_all/9/mnist_test_9_00296.png,9,incomplete
mnist_all/9/mnist_test_9_00297.png,9,complete
mnist_all/9/mnist_test_9_00298.png,9,unreviewed
mnist_all/9/mnist_test_9_00299.png,9,complete
mnist_all/9/mnist_test_9_00300.png,9,complete
mnist_all/9/mnist_test_9_00301.png,9,complete
mnist_all/9/mnist_test_9_00302.png,9,unreviewed
mnist_all/9/mnist_test_9_00303.png,9,complete
mnist_all/9/mnist_test_9_00304.png,9,unreviewed
mnist_all/9/mnist_test_9_00305.png,9,unreviewed
mnist_all/9/mnist_test_9_00306.png,9,incomplete
mnist_all/9/mnist_test_9_00307.png,9,complete
mnist_all/9/mnist_test_9_00308.png,9,complete
mnist_all/9/mnist_test_9_00309.png,9,complete
mnist_all/9/mnist_test_9_00310.png,9,complete
mnist_all/9/mnist_test_9_00311.png,9,unreviewed
mnist_all/9/mnist_test_9_00312.png,9,complete
mnist_all/9/mnist_test_9_00313.png,9,complete
mnist_all/9/mnist_test_9_00314.png,9,complete
mnist_all/9/mnist_test_9_00315.png,9,unreviewed
mnist_all/9/mnist_test_9_00316.png,9,incomplete
mnist_all/9/mnist_test_9_00317.png,9,incomplete
mnist_all/9/mnist_test_9_00318.png,9,complete
mnist_all/9/mnist_test_9_00319.png,9,incomplete
mnist_all/9/mnist_test_9_00320.png,9,complete
mnist_all/9/mnist_test_9_00321.png,9,unreviewed
mnist_all/9/mnist_test_9_00322.png,9,complete
mnist_all/9/mnist_test_9_00323.png,9,incomplete
mnist_all/9/mnist_test_9_00324.png,9,complete
mnist_all/9/mnist_test_9_00325.png,9,incomplete
mnist_all/9/mnist_test_9_00326.png,9,complete
mnist_all/9/mnist_test_9_00327.png,9,complete
mnist_all/9/mnist_test_9_00328.png,9,complete
mnist_all/9/mnist_test_9_00329.png,9,complete
mnist_all/9/mnist_test_9_00330.png,9,complete
mnist_all/9/mnist_test_9_00331.png,9,unreviewed
mnist_all/9/mnist_test_9_00332.png,9,incomplete
mnist_all/9/mnist_test_9_00333.png,9,complete
mnist_all/9/mnist_test_9_00334.png,9,complete
mnist_all/9/mnist_test_9_00335.png,9,unreviewed
mnist_all/9/mnist_test_9_00336.png,9,complete
mnist_all/9/mnist_test_9_00337.png,9,complete
mnist_all/9/mnist_test_9_00338.png,9,complete
mnist_all/9/mnist_test_9_00339.png,9,complete
mnist_all/9/mnist_test_9_00340.png,9,complete
mnist_all/9/mnist_test_9_00341.png,9,complete
mnist_all/9/mnist_test_9_00342.png,9,unreviewed
mnist_all/9/mnist_test_9_00343.png,9,complete
mnist_all/9/mnist_test_9_00344.png,9,unreviewed
mnist_all/9/mnist_test_9_00345.png,9,complete
mnist_all/9/mnist_test_9_00346.png,9,unreviewed
mnist_all/9/mnist_test_9_00347.png,9,incomplete
mnist_all/9/mnist_test_9_00348.png,9,complete
mnist_all/9/mnist_test_9_00349.png,9,complete
mnist_all/9/mnist_test_9_00350.png,9,unreviewed
mnist_all/9/mnist_test_9_00351.png,9,complete
mnist_all/9/mnist_test_9_00352.png,9,unreviewed
mnist_all/9/mnist_test_9_00353.png,9,complete
mnist_all/9/mnist_test_9_00354.png,9,unreviewed
mnist_all/9/mnist_test_9_00355.png,9,complete
mnist_all/9/mnist_test_9_00356.png,9,complete
mnist_all/9/mnist_test_9_00357.png,9,complete
mnist_all/9/mnist_test_9_00358.png,9,complete
mnist_all/9/mnist_test_9_00359.png,9,unreviewed
mnist_all/9/mnist_test_9_00360.png,9,incomplete
mnist_all/9/mnist_test_9_00361.png,9,complete
mnist_all/9/mnist_test_9_00362.png,9,complete
mnist_all/9/mnist_test_9_00363.png,9,complete
mnist_all/9/mnist_test_9_00364.png,9,incomplete
mnist_all/9/mnist_test_9_00365.png,9,complete
mnist_all/9/mnist_test_9_00366.png,9,complete
mnist_all/9/mnist_test_9_00367.png,9,complete
mnist_all/9/mnist_test_9_00368.png,9,complete
mnist_all/9/mnist_test_9_00369.png,9,incomplete
mnist_all/9/mnist_test_9_00370.png,9,complete
mnist_all/9/mnist_test_9_00371.png,9,unreviewed
mnist_all/9/mnist_test_9_00372.png,9,complete
mnist_all/9/mnist_test_9_00373.png,9,unreviewed
mnist_all/9/mnist_test_9_00374.png,9,incomplete
mnist_all/9/mnist_test_9_00375.png,9,complete
mnist_all/9/mnist_test_9_00376.png,9,complete
mnist_all/9/mnist_test_9_00377.png,9,complete
mnist_all/9/mnist_test_9_00378.png,9,unreviewed
mnist_all/9/mnist_test_9_00379.png,9,complete
mnist_all/9/mnist_test_9_00380.png,9,complete
mnist_all/9/mnist_test_9_00381.png,9,unreviewed
mnist_all/9/mnist_test_9_00382.png,9,complete
mnist_all/9/mnist_test_9_00383.png,9,unreviewed
mnist_all/9/mnist_test_9_00384.png,9,unreviewed
mnist_all/9/mnist_test_9_00385.png,9,complete
mnist_all/9/mnist_test_9_00386.png,9,unreviewed
mnist_all/9/mnist_test_9_00387.png,9,complete
mnist_all/9/mnist_test_9_00388.png,9,incomplete
mnist_all/9/mnist_test_9_00389.png,9,complete
mnist_all/9/mnist_test_9_00390.png,9,complete
mnist_all/9/mnist_test_9_00391.png,9,complete
mnist_all/9/mnist_test_9_00392.png,9,complete
mnist_all/9/mnist_test_9_00393.png,9,complete
mnist_all/9/mnist_test_9_00394.png,9,complete
mnist_all/9/mnist_test_9_00395.png,9,complete
mnist_all/9/mnist_test_9_00396.png,9,complete
mnist_all/9/mnist_test_9_00397.png,9,complete
mnist_all/9/mnist_test_9_00398.png,9,complete
mnist_all/9/mnist_test_9_00399.png,9,incomplete
mnist_all/9/mnist_test_9_00400.png,9,complete
mnist_all/9/mnist_test_9_00401.png,9,unreviewed
mnist_all/9/mnist_test_9_00402.png,9,complete
mnist_all/9/mnist_test_9_00403.png,9,incomplete
mnist_all/9/mnist_test_9_00404.png,9,complete
mnist_all/9/mnist_test_9_00405.png,9,complete
mnist_all/9/mnist_test_9_00406.png,9,complete
mnist_all/9/mnist_test_9_00407.png,9,complete
mnist_all/9/mnist_test_9_00408.png,9,complete
mnist_all/9/mnist_test_9_00409.png,9,unreviewed
mnist_all/9/mnist_test_9_00410.png,9,unreviewed
mnist_all/9/mnist_test_9_00411.png,9,unreviewed
mnist_all/9/mnist_test_9_00412.png,9,complete
mnist_all/9/mnist_test_9_00413.png,9,complete
mnist_all/9/mnist_test_9_00414.png,9,incomplete
mnist_all/9/mnist_test_9_00415.png,9,unreviewed
mnist_all/9/mnist_test_9_00416.png,9,unreviewed
mnist_all/9/mnist_test_9_00417.png,9,complete
mnist_all/9/mnist_test_9_00418.png,9,unreviewed
mnist_all/9/mnist_test_9_00419.png,9,unreviewed
mnist_all/9/mnist_test_9_00420.png,9,complete
mnist_all/9/mnist_test_9_00421.png,9,complete
mnist_all/9/mnist_test_9_00422.png,9,unreviewed
mnist_all/9/mnist_test_9_00423.png,9,unreviewed
mnist_all/9/mnist_test_9_00424.png,9,unreviewed
mnist_all/9/mnist_test_9_00425.png,9,complete
mnist_all/9/mnist_test_9_00426.png,9,complete
mnist_all/9/mnist_test_9_00427.png,9,incomplete
mnist_all/9/mnist_test_9_00428.png,9,incomplete
mnist_all/9/mnist_test_9_00429.png,9,complete
mnist_all/9/mnist_test_9_00430.png,9,unreviewed
mnist_all/9/mnist_test_9_00431.png,9,complete
mnist_all/9/mnist_test_9_00432.png,9,incomplete
mnist_all/9/mnist_test_9_00433.png,9,complete
mnist_all/9/mnist_test_9_00434.png,9,incomplete
mnist_all/9/mnist_test_9_00435.png,9,complete
mnist_all/9/mnist_test_9_00436.png,9,unreviewed
mnist_all/9/mnist_test_9_00437.png,9,unreviewed
mnist_all/9/mnist_test_9_00438.png,9,complete
mnist_all/9/mnist_test_9_00439.png,9,complete
mnist_all/9/mnist_test_9_00440.png,9,complete
mnist_all/9/mnist_test_9_00441.png,9,complete
mnist_all/9/mnist_test_9_00442.png,9,incomplete
mnist_all/9/mnist_test_9_00443.png,9,complete
mnist_all/9/mnist_test_9_00444.png,9,incomplete
mnist_all/9/mnist_test_9_00445.png,9,incomplete
mnist_all/9/mnist_test_9_00446.png,9,incomplete
mnist_all/9/mnist_test_9_00447.png,9,incomplete
mnist_all/9/mnist_test_9_00448.png,9,complete
mnist_all/9/mnist_test_9_00449.png,9,incomplete
mnist_all/9/mnist_test_9_00450.png,9,unreviewed
mnist_all/9/mnist_test_9_00451.png,9,complete
mnist_all/9/mnist_test_9_00452.png,9,unreviewed
mnist_all/9/mnist_test_9_00453.png,9,unreviewed
mnist_all/9/mnist_test_9_00454.png,9,complete
mnist_all/9/mnist_test_9_00455.png,9,complete
mnist_all/9/mnist_test_9_00456.png,9,complete
mnist_all/9/mnist_test_9_00457.png,9,complete
mnist_all/9/mnist_test_9_00458.png,9,complete
mnist_all/9/mnist_test_9_00459.png,9,incomplete
mnist_all/9/mnist_test_9_00460.png,9,complete
mnist_all/9/mnist_test_9_00461.png,9,unreviewed
mnist_all/9/mnist_test_9_00462.png,9,complete
mnist_all/9/mnist_test_9_00463.png,9,unreviewed
mnist_all/9/mnist_test_9_00464.png,9,unreviewed
mnist_all/9/mnist_test_9_00465.png,9,complete
mnist_all/9/mnist_test_9_00466.png,9,complete
mnist_all/9/mnist_test_9_00467.png,9,complete
mnist_all/9/mnist_test_9_00468.png,9,complete
mnist_all/9/mnist_test_9_00469.png,9,complete
mnist_all/9/mnist_test_9_00470.png,9,incomplete
mnist_all/9/mnist_test_9_00471.png,9,incomplete
mnist_all/9/mnist_test_9_00472.png,9,unreviewed
mnist_all/9/mnist_test_9_00473.png,9,incomplete
mnist_all/9/mnist_test_9_00474.png,9,complete
mnist_all/9/mnist_test_9_00475.png,9,complete
mnist_all/9/mnist_test_9_00476.png,9,unreviewed
mnist_all/9/mnist_test_9_00477.png,9,incomplete
mnist_all/9/mnist_test_9_00478.png,9,complete
mnist_all/9/mnist_test_9_00479.png,9,complete
mnist_all/9/mnist_test_9_00480.png,9,complete
mnist_all/9/mnist_test_9_00481.png,9,unreviewed
mnist_all/9/mnist_test_9_00482.png,9,complete
mnist_all/9/mnist_test_9_00483.png,9,complete
mnist_all/9/mnist_test_9_00484.png,9,unreviewed
mnist_all/9/mnist_test_9_00485.png,9,complete
mnist_all/9/mnist_test_9_00486.png,9,incomplete
mnist_all/9/mnist_test_9_00487.png,9,unreviewed
mnist_all/9/mnist_test_9_00488.png,9,complete
mnist_all/9/mnist_test_9_00489.png,9,complete
mnist_all/9/mnist_test_9_00490.png,9,complete
mnist_all/9/mnist_test_9_00491.png,9,complete
mnist_all/9/mnist_test_9_00492.png,9,complete
mnist_all/9/mnist_test_9_00493.png,9,complete
mnist_all/9/mnist_test_9_00494.png,9,complete
mnist_all/9/mnist_test_9_00495.png,9,complete
mnist_all/9/mnist_test_9_00496.png,9,complete
mnist_all/9/mnist_test_9_00497.png,9,complete
mnist_all/9/mnist_test_9_00498.png,9,unreviewed
mnist_all/9/mnist_test_9_00499.png,9,complete
mnist_all/9/mnist_test_9_00500.png,9,incomplete
mnist_all/9/mnist_test_9_00501.png,9,complete
mnist_all/9/mnist_test_9_00502.png,9,complete
mnist_all/9/mnist_test_9_00503.png,9,complete
mnist_all/9/mnist_test_9_00504.png,9,complete
mnist_all/9/mnist_test_9_00505.png,9,complete
mnist_all/9/mnist_test_9_00506.png,9,incomplete
mnist_all/9/mnist_test_9_00507.png,9,complete
mnist_all/9/mnist_test_9_00508.png,9,complete
mnist_all/9/mnist_test_9_00509.png,9,complete
mnist_all/9/mnist_test_9_00510.png,9,unreviewed
mnist_all/9/mnist_test_9_00511.png,9,complete
mnist_all/9/mnist_test_9_00512.png,9,incomplete
mnist_all/9/mnist_test_9_00513.png,9,complete
mnist_all/9/mnist_test_9_00514.png,9,unreviewed
mnist_all/9/mnist_test_9_00515.png,9,incomplete
mnist_all/9/mnist_test_9_00516.png,9,complete
mnist_all/9/mnist_test_9_00517.png,9,complete
mnist_all/9/mnist_test_9_00518.png,9,unreviewed
mnist_all/9/mnist_test_9_00519.png,9,complete
mnist_all/9/mnist_test_9_00520.png,9,complete
mnist_all/9/mnist_test_9_00521.png,9,complete
mnist_all/9/mnist_test_9_00522.png,9,incomplete
mnist_all/9/mnist_test_9_00523.png,9,unreviewed
mnist_all/9/mnist_test_9_00524.png,9,complete
mnist_all/9/mnist_test_9_00525.png,9,unreviewed
mnist_all/9/mnist_test_9_00526.png,9,complete
mnist_all/9/mnist_test_9_00527.png,9,complete
mnist_all/9/mnist_test_9_00528.png,9,complete
mnist_all/9/mnist_test_9_00529.png,9,complete
mnist_all/9/mnist_test_9_00530.png,9,incomplete
mnist_all/9/mnist_test_9_00531.png,9,complete
mnist_all/9/mnist_test_9_00532.png,9,complete
mnist_all/9/mnist_test_9_00533.png,9,incomplete
mnist_all/9/mnist_test_9_00534.png,9,unreviewed
mnist_all/9/mnist_test_9_00535.png,9,complete
mnist_all/9/mnist_test_9_00536.png,9,complete
mnist_all/9/mnist_test_9_00537.png,9,unreviewed
mnist_all/9/mnist_test_9_00538.png,9,unreviewed
mnist_all/9/mnist_test_9_00539.png,9,unreviewed
mnist_all/9/mnist_test_9_00540.png,9,complete
mnist_all/9/mnist_test_9_00541.png,9,complete
mnist_all/9/mnist_test_9_00542.png,9,incomplete
mnist_all/9/mnist_test_9_00543.png,9,complete
mnist_all/9/mnist_test_9_00544.png,9,complete
mnist_all/9/mnist_test_9_00545.png,9,complete
mnist_all/9/mnist_test_9_00546.png,9,complete
mnist_all/9/mnist_test_9_00547.png,9,complete
mnist_all/9/mnist_test_9_00548.png,9,unreviewed
mnist_all/9/mnist_test_9_00549.png,9,complete
mnist_all/9/mnist_test_9_00550.png,9,complete
mnist_all/9/mnist_test_9_00551.png,9,complete
mnist_all/9/mnist_test_9_00552.png,9,complete
mnist_all/9/mnist_test_9_00553.png,9,complete
mnist_all/9/mnist_test_9_00554.png,9,complete
mnist_all/9/mnist_test_9_00555.png,9,complete
mnist_all/9/mnist_test_9_00556.png,9,complete
mnist_all/9/mnist_test_9_00557.png,9,complete
mnist_all/9/mnist_test_9_00558.png,9,complete
mnist_all/9/mnist_test_9_00559.png,9,complete
mnist_all/9/mnist_test_9_00560.png,9,complete
mnist_all/9/mnist_test_9_00561.png,9,complete
mnist_all/9/mnist_test_9_00562.png,9,complete
mnist_all/9/mnist_test_9_00563.png,9,complete
mnist_all/9/mnist_test_9_00564.png,9,incomplete
mnist_all/9/mnist_test_9_00565.png,9,unreviewed
mnist_all/9/mnist_test_9_00566.png,9,complete
mnist_all/9/mnist_test_9_00567.png,9,complete
mnist_all/9/mnist_test_9_00568.png,9,complete
mnist_all/9/mnist_test_9_00569.png,9,complete
mnist_all/9/mnist_test_9_00570.png,9,complete
mnist_all/9/mnist_test_9_00571.png,9,complete
mnist_all/9/mnist_test_9_00572.png,9,complete
mnist_all/9/mnist_test_9_00573.png,9,complete
mnist_all/9/mnist_test_9_00574.png,9,complete
mnist_all/9/mnist_test_9_00575.png,9,complete
mnist_all/9/mnist_test_9_00576.png,9,complete
mnist_all/9/mnist_test_9_00577.png,9,complete
mnist_all/9/mnist_test_9_00578.png,9,complete
mnist_all/9/mnist_test_9_00579.png,9,complete
mnist_all/9/mnist_test_9_00580.png,9,complete
mnist_all/9/mnist_test_9_00581.png,9,complete
mnist_all/9/mnist_test_9_00582.png,9,complete
mnist_all/9/mnist_test_9_00583.png,9,complete
mnist_all/9/mnist_test_9_00584.png,9,complete
mnist_all/9/mnist_test_9_00585.png,9,incomplete
mnist_all/9/mnist_test_9_00586.png,9,complete
mnist_all/9/mnist_test_9_00587.png,9,complete
mnist_all/9/mnist_test_9_00588.png,9,complete
mnist_all/9/mnist_test_9_00589.png,9,incomplete
mnist_all/9/mnist_test_9_00590.png,9,complete
mnist_all/9/mnist_test_9_00591.png,9,incomplete
mnist_all/9/mnist_test_9_00592.png,9,complete
mnist_all/9/mnist_test_9_00593.png,9,incomplete
mnist_all/9/mnist_test_9_00594.png,9,incomplete
mnist_all/9/mnist_test_9_00595.png,9,incomplete
mnist_all/9/mnist_test_9_00596.png,9,incomplete
mnist_all/9/mnist_test_9_00597.png,9,complete
mnist_all/9/mnist_test_9_00598.png,9,complete
mnist_all/9/mnist_test_9_00599.png,9,incomplete
mnist_all/9/mnist_test_9_00600.png,9,incomplete
mnist_all/9/mnist_test_9_00601.png,9,complete
mnist_all/9/mnist_test_9_00602.png,9,complete
mnist_all/9/mnist_test_9_00603.png,9,complete
mnist_all/9/mnist_test_9_00604.png,9,complete
mnist_all/9/mnist_test_9_00605.png,9,complete
mnist_all/9/mnist_test_9_00606.png,9,complete
mnist_all/9/mnist_test_9_00607.png,9,incomplete
mnist_all/9/mnist_test_9_00608.png,9,incomplete
mnist_all/9/mnist_test_9_00609.png,9,incomplete
mnist_all/9/mnist_test_9_00610.png,9,complete
mnist_all/9/mnist_test_9_00611.png,9,complete
mnist_all/9/mnist_test_9_00612.png,9,unreviewed
mnist_all/9/mnist_test_9_00613.png,9,complete
mnist_all/9/mnist_test_9_00614.png,9,complete
mnist_all/9/mnist_test_9_00615.png,9,complete
mnist_all/9/mnist_test_9_00616.png,9,complete
mnist_all/9/mnist_test_9_00617.png,9,complete
mnist_all/9/mnist_test_9_00618.png,9,complete
mnist_all/9/mnist_test_9_00619.png,9,complete
mnist_all/9/mnist_test_9_00620.png,9,complete
mnist_all/9/mnist_test_9_00621.png,9,complete
mnist_all/9/mnist_test_9_00622.png,9,complete
mnist_all/9/mnist_test_9_00623.png,9,complete
mnist_all/9/mnist_test_9_00624.png,9,complete
mnist_all/9/mnist_test_9_00625.png,9,complete
mnist_all/9/mnist_test_9_00626.png,9,complete
mnist_all/9/mnist_test_9_00627.png,9,complete
mnist_all/9/mnist_test_9_00628.png,9,complete
mnist_all/9/mnist_test_9_00629.png,9,complete
mnist_all/9/mnist_test_9_00630.png,9,complete
mnist_all/9/mnist_test_9_00631.png,9,complete
mnist_all/9/mnist_test_9_00632.png,9,complete
mnist_all/9/mnist_test_9_00633.png,9,complete
mnist_all/9/mnist_test_9_00634.png,9,complete
mnist_all/9/mnist_test_9_00635.png,9,complete
mnist_all/9/mnist_test_9_00636.png,9,complete
mnist_all/9/mnist_test_9_00637.png,9,complete
mnist_all/9/mnist_test_9_00638.png,9,complete
mnist_all/9/mnist_test_9_00639.png,9,complete
mnist_all/9/mnist_test_9_00640.png,9,unreviewed
mnist_all/9/mnist_test_9_00641.png,9,complete
mnist_all/9/mnist_test_9_00642.png,9,complete
mnist_all/9/mnist_test_9_00643.png,9,unreviewed
mnist_all/9/mnist_test_9_00644.png,9,unreviewed
mnist_all/9/mnist_test_9_00645.png,9,complete
mnist_all/9/mnist_test_9_00646.png,9,complete
mnist_all/9/mnist_test_9_00647.png,9,complete
mnist_all/9/mnist_test_9_00648.png,9,complete
mnist_all/9/mnist_test_9_00649.png,9,complete
mnist_all/9/mnist_test_9_00650.png,9,complete
mnist_all/9/mnist_test_9_00651.png,9,unreviewed
mnist_all/9/mnist_test_9_00652.png,9,complete
mnist_all/9/mnist_test_9_00653.png,9,complete
mnist_all/9/mnist_test_9_00654.png,9,incomplete
mnist_all/9/mnist_test_9_00655.png,9,complete
mnist_all/9/mnist_test_9_00656.png,9,complete
mnist_all/9/mnist_test_9_00657.png,9,complete
mnist_all/9/mnist_test_9_00658.png,9,complete
mnist_all/9/mnist_test_9_00659.png,9,complete
mnist_all/9/mnist_test_9_00660.png,9,complete
mnist_all/9/mnist_test_9_00661.png,9,complete
mnist_all/9/mnist_test_9_00662.png,9,complete
mnist_all/9/mnist_test_9_00663.png,9,complete
mnist_all/9/mnist_test_9_00664.png,9,complete
mnist_all/9/mnist_test_9_00665.png,9,complete
mnist_all/9/mnist_test_9_00666.png,9,complete
mnist_all/9/mnist_test_9_00667.png,9,complete
mnist_all/9/mnist_test_9_00668.png,9,complete
mnist_all/9/mnist_test_9_00669.png,9,complete
mnist_all/9/mnist_test_9_00670.png,9,complete
mnist_all/9/mnist_test_9_00671.png,9,incomplete
mnist_all/9/mnist_test_9_00672.png,9,incomplete
mnist_all/9/mnist_test_9_00673.png,9,incomplete
mnist_all/9/mnist_test_9_00674.png,9,incomplete
mnist_all/9/mnist_test_9_00675.png,9,incomplete
mnist_all/9/mnist_test_9_00676.png,9,incomplete
mnist_all/9/mnist_test_9_00677.png,9,incomplete
mnist_all/9/mnist_test_9_00678.png,9,incomplete
mnist_all/9/mnist_test_9_00679.png,9,incomplete
mnist_all/9/mnist_test_9_00680.png,9,incomplete
mnist_all/9/mnist_test_9_00681.png,9,complete
mnist_all/9/mnist_test_9_00682.png,9,unreviewed
mnist_all/9/mnist_test_9_00683.png,9,complete
mnist_all/9/mnist_test_9_00684.png,9,complete
mnist_all/9/mnist_test_9_00685.png,9,complete
mnist_all/9/mnist_test_9_00686.png,9,complete
mnist_all/9/mnist_test_9_00687.png,9,complete
mnist_all/9/mnist_test_9_00688.png,9,complete
mnist_all/9/mnist_test_9_00689.png,9,incomplete
mnist_all/9/mnist_test_9_00690.png,9,complete
mnist_all/9/mnist_test_9_00691.png,9,complete
mnist_all/9/mnist_test_9_00692.png,9,complete
mnist_all/9/mnist_test_9_00693.png,9,complete
mnist_all/9/mnist_test_9_00694.png,9,complete
mnist_all/9/mnist_test_9_00695.png,9,complete
mnist_all/9/mnist_test_9_00696.png,9,incomplete
mnist_all/9/mnist_test_9_00697.png,9,complete
mnist_all/9/mnist_test_9_00698.png,9,incomplete
mnist_all/9/mnist_test_9_00699.png,9,incomplete
mnist_all/9/mnist_test_9_00700.png,9,incomplete
mnist_all/9/mnist_test_9_00701.png,9,incomplete
mnist_all/9/mnist_test_9_00702.png,9,incomplete
mnist_all/9/mnist_test_9_00703.png,9,complete
mnist_all/9/mnist_test_9_00704.png,9,complete
mnist_all/9/mnist_test_9_00705.png,9,incomplete
mnist_all/9/mnist_test_9_00706.png,9,complete
mnist_all/9/mnist_test_9_00707.png,9,complete
mnist_all/9/mnist_test_9_00708.png,9,complete
mnist_all/9/mnist_test_9_00709.png,9,complete
mnist_all/9/mnist_test_9_00710.png,9,incomplete
mnist_all/9/mnist_test_9_00711.png,9,complete
mnist_all/9/mnist_test_9_00712.png,9,complete
mnist_all/9/mnist_test_9_00713.png,9,complete
mnist_all/9/mnist_test_9_00714.png,9,complete
mnist_all/9/mnist_test_9_00715.png,9,complete
mnist_all/9/mnist_test_9_00716.png,9,complete
mnist_all/9/mnist_test_9_00717.png,9,complete
mnist_all/9/mnist_test_9_00718.png,9,complete
mnist_all/9/mnist_test_9_00719.png,9,incomplete
mnist_all/9/mnist_test_9_00720.png,9,complete
mnist_all/9/mnist_test_9_00721.png,9,complete
mnist_all/9/mnist_test_9_00722.png,9,complete
mnist_all/9/mnist_test_9_00723.png,9,complete
mnist_all/9/mnist_test_9_00724.png,9,complete
mnist_all/9/mnist_test_9_00725.png,9,complete
mnist_all/9/mnist_test_9_00726.png,9,complete
mnist_all/9/mnist_test_9_00727.png,9,complete
mnist_all/9/mnist_test_9_00728.png,9,complete
mnist_all/9/mnist_test_9_00729.png,9,complete
mnist_all/9/mnist_test_9_00730.png,9,complete
mnist_all/9/mnist_test_9_00731.png,9,complete
mnist_all/9/mnist_test_9_00732.png,9,complete
mnist_all/9/mnist_test_9_00733.png,9,complete
mnist_all/9/mnist_test_9_00734.png,9,complete
mnist_all/9/mnist_test_9_00735.png,9,complete
mnist_all/9/mnist_test_9_00736.png,9,unreviewed
mnist_all/9/mnist_test_9_00737.png,9,complete
mnist_all/9/mnist_test_9_00738.png,9,complete
mnist_all/9/mnist_test_9_00739.png,9,unreviewed
mnist_all/9/mnist_test_9_00740.png,9,complete
mnist_all/9/mnist_test_9_00741.png,9,complete
mnist_all/9/mnist_test_9_00742.png,9,complete
mnist_all/9/mnist_test_9_00743.png,9,complete
mnist_all/9/mnist_test_9_00744.png,9,complete
mnist_all/9/mnist_test_9_00745.png,9,complete
mnist_all/9/mnist_test_9_00746.png,9,complete
mnist_all/9/mnist_test_9_00747.png,9,complete
mnist_all/9/mnist_test_9_00748.png,9,complete
mnist_all/9/mnist_test_9_00749.png,9,complete
mnist_all/9/mnist_test_9_00750.png,9,complete
mnist_all/9/mnist_test_9_00751.png,9,complete
mnist_all/9/mnist_test_9_00752.png,9,complete
mnist_all/9/mnist_test_9_00753.png,9,incomplete
mnist_all/9/mnist_test_9_00754.png,9,complete
mnist_all/9/mnist_test_9_00755.png,9,complete
mnist_all/9/mnist_test_9_00756.png,9,complete
mnist_all/9/mnist_test_9_00757.png,9,complete
mnist_all/9/mnist_test_9_00758.png,9,complete
mnist_all/9/mnist_test_9_00759.png,9,incomplete
mnist_all/9/mnist_test_9_00760.png,9,incomplete
mnist_all/9/mnist_test_9_00761.png,9,incomplete
mnist_all/9/mnist_test_9_00762.png,9,incomplete
mnist_all/9/mnist_test_9_00763.png,9,incomplete
mnist_all/9/mnist_test_9_00764.png,9,incomplete
mnist_all/9/mnist_test_9_00765.png,9,incomplete
mnist_all/9/mnist_test_9_00766.png,9,complete
mnist_all/9/mnist_test_9_00767.png,9,complete
mnist_all/9/mnist_test_9_00768.png,9,incomplete
mnist_all/9/mnist_test_9_00769.png,9,incomplete
mnist_all/9/mnist_test_9_00770.png,9,complete
mnist_all/9/mnist_test_9_00771.png,9,complete
mnist_all/9/mnist_test_9_00772.png,9,complete
mnist_all/9/mnist_test_9_00773.png,9,complete
mnist_all/9/mnist_test_9_00774.png,9,complete
mnist_all/9/mnist_test_9_00775.png,9,complete
mnist_all/9/mnist_test_9_00776.png,9,complete
mnist_all/9/mnist_test_9_00777.png,9,complete
mnist_all/9/mnist_test_9_00778.png,9,complete
mnist_all/9/mnist_test_9_00779.png,9,incomplete
mnist_all/9/mnist_test_9_00780.png,9,complete
mnist_all/9/mnist_test_9_00781.png,9,complete
mnist_all/9/mnist_test_9_00782.png,9,incomplete
mnist_all/9/mnist_test_9_00783.png,9,complete
mnist_all/9/mnist_test_9_00784.png,9,incomplete
mnist_all/9/mnist_test_9_00785.png,9,complete
mnist_all/9/mnist_test_9_00786.png,9,unreviewed
mnist_all/9/mnist_test_9_00787.png,9,complete
mnist_all/9/mnist_test_9_00788.png,9,incomplete
mnist_all/9/mnist_test_9_00789.png,9,complete
mnist_all/9/mnist_test_9_00790.png,9,incomplete
mnist_all/9/mnist_test_9_00791.png,9,complete
mnist_all/9/mnist_test_9_00792.png,9,complete
mnist_all/9/mnist_test_9_00793.png,9,complete
mnist_all/9/mnist_test_9_00794.png,9,complete
mnist_all/9/mnist_test_9_00795.png,9,complete
mnist_all/9/mnist_test_9_00796.png,9,complete
mnist_all/9/mnist_test_9_00797.png,9,complete
mnist_all/9/mnist_test_9_00798.png,9,complete
mnist_all/9/mnist_test_9_00799.png,9,complete
mnist_all/9/mnist_test_9_00800.png,9,complete
mnist_all/9/mnist_test_9_00801.png,9,complete
mnist_all/9/mnist_test_9_00802.png,9,complete
mnist_all/9/mnist_test_9_00803.png,9,complete
mnist_all/9/mnist_test_9_00804.png,9,complete
mnist_all/9/mnist_test_9_00805.png,9,incomplete
mnist_all/9/mnist_test_9_00806.png,9,incomplete
mnist_all/9/mnist_test_9_00807.png,9,complete
mnist_all/9/mnist_test_9_00808.png,9,incomplete
mnist_all/9/mnist_test_9_00809.png,9,complete
mnist_all/9/mnist_test_9_00810.png,9,complete
mnist_all/9/mnist_test_9_00811.png,9,complete
mnist_all/9/mnist_test_9_00812.png,9,complete
mnist_all/9/mnist_test_9_00813.png,9,complete
mnist_all/9/mnist_test_9_00814.png,9,complete
mnist_all/9/mnist_test_9_00815.png,9,complete
mnist_all/9/mnist_test_9_00816.png,9,complete
mnist_all/9/mnist_test_9_00817.png,9,complete
mnist_all/9/mnist_test_9_00818.png,9,complete
mnist_all/9/mnist_test_9_00819.png,9,complete
mnist_all/9/mnist_test_9_00820.png,9,complete
mnist_all/9/mnist_test_9_00821.png,9,complete
mnist_all/9/mnist_test_9_00822.png,9,complete
mnist_all/9/mnist_test_9_00823.png,9,complete
mnist_all/9/mnist_test_9_00824.png,9,complete
mnist_all/9/mnist_test_9_00825.png,9,unreviewed
mnist_all/9/mnist_test_9_00826.png,9,complete
mnist_all/9/mnist_test_9_00827.png,9,complete
mnist_all/9/mnist_test_9_00828.png,9,unreviewed
mnist_all/9/mnist_test_9_00829.png,9,complete
mnist_all/9/mnist_test_9_00830.png,9,complete
mnist_all/9/mnist_test_9_00831.png,9,incomplete
mnist_all/9/mnist_test_9_00832.png,9,complete
mnist_all/9/mnist_test_9_00833.png,9,complete
mnist_all/9/mnist_test_9_00834.png,9,complete
mnist_all/9/mnist_test_9_00835.png,9,incomplete
mnist_all/9/mnist_test_9_00836.png,9,complete
mnist_all/9/mnist_test_9_00837.png,9,complete
mnist_all/9/mnist_test_9_00838.png,9,incomplete
mnist_all/9/mnist_test_9_00839.png,9,unreviewed
mnist_all/9/mnist_test_9_00840.png,9,unreviewed
mnist_all/9/mnist_test_9_00841.png,9,complete
mnist_all/9/mnist_test_9_00842.png,9,complete
mnist_all/9/mnist_test_9_00843.png,9,incomplete
mnist_all/9/mnist_test_9_00844.png,9,incomplete
mnist_all/9/mnist_test_9_00845.png,9,incomplete
mnist_all/9/mnist_test_9_00846.png,9,incomplete
mnist_all/9/mnist_test_9_00847.png,9,incomplete
mnist_all/9/mnist_test_9_00848.png,9,incomplete
mnist_all/9/mnist_test_9_00849.png,9,incomplete
mnist_all/9/mnist_test_9_00850.png,9,incomplete
mnist_all/9/mnist_test_9_00851.png,9,complete
mnist_all/9/mnist_test_9_00852.png,9,incomplete
mnist_all/9/mnist_test_9_00853.png,9,complete
mnist_all/9/mnist_test_9_00854.png,9,unreviewed
mnist_all/9/mnist_test_9_00855.png,9,complete
mnist_all/9/mnist_test_9_00856.png,9,incomplete
mnist_all/9/mnist_test_9_00857.png,9,incomplete
mnist_all/9/mnist_test_9_00858.png,9,complete
mnist_all/9/mnist_test_9_00859.png,9,incomplete
mnist_all/9/mnist_test_9_00860.png,9,complete
mnist_all/9/mnist_test_9_00861.png,9,incomplete
mnist_all/9/mnist_test_9_00862.png,9,complete
mnist_all/9/mnist_test_9_00863.png,9,complete
mnist_all/9/mnist_test_9_00864.png,9,complete
mnist_all/9/mnist_test_9_00865.png,9,complete
mnist_all/9/mnist_test_9_00866.png,9,complete
mnist_all/9/mnist_test_9_00867.png,9,incomplete
mnist_all/9/mnist_test_9_00868.png,9,incomplete
mnist_all/9/mnist_test_9_00869.png,9,complete
mnist_all/9/mnist_test_9_00870.png,9,incomplete
mnist_all/9/mnist_test_9_00871.png,9,complete
mnist_all/9/mnist_test_9_00872.png,9,complete
mnist_all/9/mnist_test_9_00873.png,9,complete
mnist_all/9/mnist_test_9_00874.png,9,complete
mnist_all/9/mnist_test_9_00875.png,9,complete
mnist_all/9/mnist_test_9_00876.png,9,complete
mnist_all/9/mnist_test_9_00877.png,9,unreviewed
mnist_all/9/mnist_test_9_00878.png,9,unreviewed
mnist_all/9/mnist_test_9_00879.png,9,incomplete
mnist_all/9/mnist_test_9_00880.png,9,complete
mnist_all/9/mnist_test_9_00881.png,9,unreviewed
mnist_all/9/mnist_test_9_00882.png,9,incomplete
mnist_all/9/mnist_test_9_00883.png,9,complete
mnist_all/9/mnist_test_9_00884.png,9,complete
mnist_all/9/mnist_test_9_00885.png,9,complete
mnist_all/9/mnist_test_9_00886.png,9,complete
mnist_all/9/mnist_test_9_00887.png,9,incomplete
mnist_all/9/mnist_test_9_00888.png,9,complete
mnist_all/9/mnist_test_9_00889.png,9,complete
mnist_all/9/mnist_test_9_00890.png,9,complete
mnist_all/9/mnist_test_9_00891.png,9,complete
mnist_all/9/mnist_test_9_00892.png,9,complete
mnist_all/9/mnist_test_9_00893.png,9,complete
mnist_all/9/mnist_test_9_00894.png,9,complete
mnist_all/9/mnist_test_9_00895.png,9,complete
mnist_all/9/mnist_test_9_00896.png,9,incomplete
mnist_all/9/mnist_test_9_00897.png,9,incomplete
mnist_all/9/mnist_test_9_00898.png,9,incomplete
mnist_all/9/mnist_test_9_00899.png,9,complete
mnist_all/9/mnist_test_9_00900.png,9,complete
mnist_all/9/mnist_test_9_00901.png,9,complete
mnist_all/9/mnist_test_9_00902.png,9,incomplete
mnist_all/9/mnist_test_9_00903.png,9,complete
mnist_all/9/mnist_test_9_00904.png,9,complete
mnist_all/9/mnist_test_9_00905.png,9,complete
mnist_all/9/mnist_test_9_00906.png,9,incomplete
mnist_all/9/mnist_test_9_00907.png,9,incomplete
mnist_all/9/mnist_test_9_00908.png,9,complete
mnist_all/9/mnist_test_9_00909.png,9,incomplete
mnist_all/9/mnist_test_9_00910.png,9,complete
mnist_all/9/mnist_test_9_00911.png,9,complete
mnist_all/9/mnist_test_9_00912.png,9,complete
mnist_all/9/mnist_test_9_00913.png,9,complete
mnist_all/9/mnist_test_9_00914.png,9,unreviewed
mnist_all/9/mnist_test_9_00915.png,9,complete
mnist_all/9/mnist_test_9_00916.png,9,complete
mnist_all/9/mnist_test_9_00917.png,9,complete
mnist_all/9/mnist_test_9_00918.png,9,complete
mnist_all/9/mnist_test_9_00919.png,9,complete
mnist_all/9/mnist_test_9_00920.png,9,unreviewed
mnist_all/9/mnist_test_9_00921.png,9,unreviewed
mnist_all/9/mnist_test_9_00922.png,9,complete
mnist_all/9/mnist_test_9_00923.png,9,unreviewed
mnist_all/9/mnist_test_9_00924.png,9,complete
mnist_all/9/mnist_test_9_00925.png,9,unreviewed
mnist_all/9/mnist_test_9_00926.png,9,incomplete
mnist_all/9/mnist_test_9_00927.png,9,unreviewed
mnist_all/9/mnist_test_9_00928.png,9,complete
mnist_all/9/mnist_test_9_00929.png,9,complete
mnist_all/9/mnist_test_9_00930.png,9,complete
mnist_all/9/mnist_test_9_00931.png,9,incomplete
mnist_all/9/mnist_test_9_00932.png,9,incomplete
mnist_all/9/mnist_test_9_00933.png,9,incomplete
mnist_all/9/mnist_test_9_00934.png,9,complete
mnist_all/9/mnist_test_9_00935.png,9,complete
mnist_all/9/mnist_test_9_00936.png,9,complete
mnist_all/9/mnist_test_9_00937.png,9,complete
mnist_all/9/mnist_test_9_00938.png,9,complete
mnist_all/9/mnist_test_9_00939.png,9,complete
mnist_all/9/mnist_test_9_00940.png,9,complete
mnist_all/9/mnist_test_9_00941.png,9,complete
mnist_all/9/mnist_test_9_00942.png,9,complete
mnist_all/9/mnist_test_9_00943.png,9,complete
mnist_all/9/mnist_test_9_00944.png,9,complete
mnist_all/9/mnist_test_9_00945.png,9,unreviewed
mnist_all/9/mnist_test_9_00946.png,9,incomplete
mnist_all/9/mnist_test_9_00947.png,9,unreviewed
mnist_all/9/mnist_test_9_00948.png,9,complete
mnist_all/9/mnist_test_9_00949.png,9,complete
mnist_all/9/mnist_test_9_00950.png,9,complete
mnist_all/9/mnist_test_9_00951.png,9,complete
mnist_all/9/mnist_test_9_00952.png,9,unreviewed
mnist_all/9/mnist_test_9_00953.png,9,complete
mnist_all/9/mnist_test_9_00954.png,9,complete
mnist_all/9/mnist_test_9_00955.png,9,unreviewed
mnist_all/9/mnist_test_9_00956.png,9,complete
mnist_all/9/mnist_test_9_00957.png,9,complete
mnist_all/9/mnist_test_9_00958.png,9,complete
mnist_all/9/mnist_test_9_00959.png,9,incomplete
mnist_all/9/mnist_test_9_00960.png,9,complete
mnist_all/9/mnist_test_9_00961.png,9,complete
mnist_all/9/mnist_test_9_00962.png,9,complete
mnist_all/9/mnist_test_9_00963.png,9,complete
mnist_all/9/mnist_test_9_00964.png,9,unreviewed
mnist_all/9/mnist_test_9_00965.png,9,unreviewed
mnist_all/9/mnist_test_9_00966.png,9,unreviewed
mnist_all/9/mnist_test_9_00967.png,9,incomplete
mnist_all/9/mnist_test_9_00968.png,9,incomplete
mnist_all/9/mnist_test_9_00969.png,9,complete
mnist_all/9/mnist_test_9_00970.png,9,complete
mnist_all/9/mnist_test_9_00971.png,9,unreviewed
mnist_all/9/mnist_test_9_00972.png,9,complete
mnist_all/9/mnist_test_9_00973.png,9,complete
mnist_all/9/mnist_test_9_00974.png,9,complete
mnist_all/9/mnist_test_9_00975.png,9,complete
mnist_all/9/mnist_test_9_00976.png,9,complete
mnist_all/9/mnist_test_9_00977.png,9,unreviewed
mnist_all/9/mnist_test_9_00978.png,9,incomplete
mnist_all/9/mnist_test_9_00979.png,9,incomplete
mnist_all/9/mnist_test_9_00980.png,9,incomplete
mnist_all/9/mnist_test_9_00981.png,9,complete
mnist_all/9/mnist_test_9_00982.png,9,incomplete
mnist_all/9/mnist_test_9_00983.png,9,incomplete
mnist_all/9/mnist_test_9_00984.png,9,incomplete
mnist_all/9/mnist_test_9_00985.png,9,incomplete
mnist_all/9/mnist_test_9_00986.png,9,complete
mnist_all/9/mnist_test_9_00987.png,9,complete
mnist_all/9/mnist_test_9_00988.png,9,complete
mnist_all/9/mnist_test_9_00989.png,9,complete
mnist_all/9/mnist_test_9_00990.png,9,complete
mnist_all/9/mnist_test_9_00991.png,9,complete
mnist_all/9/mnist_test_9_00992.png,9,complete
mnist_all/9/mnist_test_9_00993.png,9,complete
mnist_all/9/mnist_test_9_00994.png,9,complete
mnist_all/9/mnist_test_9_00995.png,9,complete
mnist_all/9/mnist_test_9_00996.png,9,complete
mnist_all/9/mnist_test_9_00997.png,9,complete
mnist_all/9/mnist_test_9_00998.png,9,unreviewed
mnist_all/9/mnist_test_9_00999.png,9,incomplete
mnist_all/9/mnist_test_9_01000.png,9,incomplete
mnist_all/9/mnist_test_9_01001.png,9,unreviewed
mnist_all/9/mnist_test_9_01002.png,9,incomplete
mnist_all/9/mnist_test_9_01003.png,9,complete
mnist_all/9/mnist_test_9_01004.png,9,unreviewed
mnist_all/9/mnist_test_9_01005.png,9,complete
mnist_all/9/mnist_test_9_01006.png,9,complete
mnist_all/9/mnist_test_9_01007.png,9,complete
mnist_all/9/mnist_test_9_01008.png,9,complete
