status,image_id,image_path,profiling,expected,predicted,correct,error
success,95b3340f-255c-4a57-9b67-ddec6a9e6f54,/opt/nuclio/shared_storage/mnist_all/0/mnist_test_0_00864.png,"{'skeletonization_time_ms': 45.853917, 'contour_analysis_time_ms': 1108.112959, 'classification_time_ms': 671.273959}",0,1,False,
success,68ee04b7-fcfe-47c1-98ec-c2cebef9ae8e,/opt/nuclio/shared_storage/mnist_all/0/mnist_test_0_00045.png,"{'skeletonization_time_ms': 77.362709, 'contour_analysis_time_ms': 835.47775, 'classification_time_ms': 398.248875}",0,6,False,
success,e125ee40-0df4-4832-874f-00fa35cd251e,/opt/nuclio/shared_storage/mnist_all/0/mnist_test_0_00442.png,"{'skeletonization_time_ms': 40.278792, 'contour_analysis_time_ms': 583.497751, 'classification_time_ms': 1414.101501}",0,6,False,
success,24268269-c5e8-462e-8e3e-2def5243a959,/opt/nuclio/shared_storage/mnist_all/0/mnist_test_0_00866.png,"{'skeletonization_time_ms': 29.345458, 'contour_analysis_time_ms': 326.697167, 'classification_time_ms': 44.745001}",0,1,False,
success,30e6a405-cbec-45d4-9787-cd6b075f6253,/opt/nuclio/shared_storage/mnist_all/0/mnist_test_0_00331.png,"{'skeletonization_time_ms': 94.581625, 'contour_analysis_time_ms': 935.799251, 'classification_time_ms': 569.902458}",0,not classified,False,
success,5ce8a420-5b45-4de7-b77c-08223c603c26,/opt/nuclio/shared_storage/mnist_all/0/mnist_test_0_00872.png,"{'skeletonization_time_ms': 93.42125, 'contour_analysis_time_ms': 215.963958, 'classification_time_ms': 835.226042}",0,6,False,
success,c33cd317-62de-4902-8987-f8daeb87689a,/opt/nuclio/shared_storage/mnist_all/0/mnist_test_0_00447.png,"{'skeletonization_time_ms': 35.8505, 'contour_analysis_time_ms': 1672.870584, 'classification_time_ms': 1167.433792}",0,6,False,
success,12612874-a024-4a7d-b1f3-b6354df2d93b,/opt/nuclio/shared_storage/mnist_all/0/mnist_test_0_00255.png,"{'skeletonization_time_ms': 40.9805, 'contour_analysis_time_ms': 883.435667, 'classification_time_ms': 372.305917}",0,6,False,
success,e8782940-39a7-4ade-94f0-cb6229125dac,/opt/nuclio/shared_storage/mnist_all/0/mnist_test_0_00726.png,"{'skeletonization_time_ms': 66.776084, 'contour_analysis_time_ms': 552.134084, 'classification_time_ms': 681.834917}",0,6,False,
success,52ef74ca-b084-4eba-be32-83505a664ff6,/opt/nuclio/shared_storage/mnist_all/0/mnist_test_0_00452.png,"{'skeletonization_time_ms': 146.0445, 'contour_analysis_time_ms': 575.155001, 'classification_time_ms': 464.899875}",0,8,False,
error,866d3804-c404-411e-a8d5-b25770a1d02c,/opt/nuclio/shared_storage/mnist_all/1/mnist_test_1_00620.png,,1,,,DLQ
error,2a5f0a69-7cd9-4d40-902f-4a70eb8d179a,/opt/nuclio/shared_storage/mnist_all/1/mnist_test_1_00609.png,,1,,,DLQ
error,075dbcaf-86c9-4467-83ff-c3c49d468520,/opt/nuclio/shared_storage/mnist_all/1/mnist_test_1_00745.png,,1,,,DLQ
success,f28007c3-2562-49f2-8426-9da2e73e6dfd,/opt/nuclio/shared_storage/mnist_all/0/mnist_test_0_00083.png,"{'skeletonization_time_ms': 41.637917, 'contour_analysis_time_ms': 333.572333, 'classification_time_ms': 383.114375}",0,9,False,
error,c430f8a8-54f4-46c6-9690-f7fc444c301a,/opt/nuclio/shared_storage/mnist_all/1/mnist_test_1_00657.png,,1,,,DLQ
success,ec4fc9dc-5815-4d79-878b-889e634e99d8,/opt/nuclio/shared_storage/mnist_all/0/mnist_test_0_00653.png,"{'skeletonization_time_ms': 92.642542, 'contour_analysis_time_ms': 522.244542, 'classification_time_ms': 292.759001}",0,3,False,
error,fdf326c0-85f9-4db6-a6ce-cb162935ee0f,/opt/nuclio/shared_storage/mnist_all/1/mnist_test_1_00656.png,,1,,,DLQ
success,f0df69ca-d189-4887-bec2-a0b082cc448c,/opt/nuclio/shared_storage/mnist_all/0/mnist_test_0_00295.png,"{'skeletonization_time_ms': 127.935958, 'contour_analysis_time_ms': 614.018417, 'classification_time_ms': 393.3545}",0,6,False,
error,b8f5d4d3-14da-41ca-a78a-52c1002656a5,/opt/nuclio/shared_storage/mnist_all/1/mnist_test_1_00905.png,,1,,,DLQ
success,54b1fb3f-a73c-4a9f-827a-90edf99206e3,/opt/nuclio/shared_storage/mnist_all/0/mnist_test_0_00651.png,"{'skeletonization_time_ms': 96.59325, 'contour_analysis_time_ms': 554.429917, 'classification_time_ms': 382.614583}",0,6,False,
error,92357f42-471f-4c5f-a4d7-487ccdb86eab,/opt/nuclio/shared_storage/mnist_all/1/mnist_test_1_00648.png,,1,,,DLQ
success,9e440aba-2d22-44e0-9053-492367b7c4d0,/opt/nuclio/shared_storage/mnist_all/0/mnist_test_0_00691.png,"{'skeletonization_time_ms': 103.557209, 'contour_analysis_time_ms': 373.021583, 'classification_time_ms': 376.981834}",0,6,False,
success,3b51b1ad-e5ca-4cdb-b1ad-4faeb0729741,/opt/nuclio/shared_storage/mnist_all/0/mnist_test_0_00145.png,"{'skeletonization_time_ms': 94.737875, 'contour_analysis_time_ms': 859.157042, 'classification_time_ms': 20.627542}",0,1,False,
success,961793ba-1f9e-4c7f-bf7f-06cc262f2320,/opt/nuclio/shared_storage/mnist_all/0/mnist_test_0_00024.png,"{'skeletonization_time_ms': 71.267667, 'contour_analysis_time_ms': 408.355917, 'classification_time_ms': 72.536}",0,1,False,
success,7c706f30-062f-4ca4-a3ed-2000c8679415,/opt/nuclio/shared_storage/mnist_all/0/mnist_test_0_00634.png,"{'skeletonization_time_ms': 58.927292, 'contour_analysis_time_ms': 601.130959, 'classification_time_ms': 365.336084}",0,6,False,
success,2b04f874-71d4-4f8f-8832-e87b55a97763,/opt/nuclio/shared_storage/mnist_all/0/mnist_test_0_00424.png,"{'skeletonization_time_ms': 41.28125, 'contour_analysis_time_ms': 362.456584, 'classification_time_ms': 472.790334}",0,6,False,
success,de3cfe9c-51ad-4058-978a-a241e3594f77,/opt/nuclio/shared_storage/mnist_all/0/mnist_test_0_00191.png,"{'skeletonization_time_ms': 62.8455, 'contour_analysis_time_ms': 407.049777, 'classification_time_ms': 397.168167}",0,6,False,
success,6d3721ed-5d4a-4cb0-a09a-1b0cf2d3393d,/opt/nuclio/shared_storage/mnist_all/0/mnist_test_0_00815.png,"{'skeletonization_time_ms': 142.931166, 'contour_analysis_time_ms': 425.183458, 'classification_time_ms': 475.078459}",0,6,False,
success,fc797523-2108-42ec-9424-2272bba946f6,/opt/nuclio/shared_storage/mnist_all/0/mnist_test_0_00334.png,"{'skeletonization_time_ms': 57.066, 'contour_analysis_time_ms': 394.603917, 'classification_time_ms': 572.317959}",0,6,False,
success,6050e8c9-e861-4128-a088-e5ccd2508be5,/opt/nuclio/shared_storage/mnist_all/0/mnist_test_0_00430.png,"{'skeletonization_time_ms': 57.474333, 'contour_analysis_time_ms': 451.921334, 'classification_time_ms': 524.515792}",0,6,False,
success,3d7cfea8-7fe2-46e3-9bdb-bbf169c5518b,/opt/nuclio/shared_storage/mnist_all/0/mnist_test_0_00626.png,"{'skeletonization_time_ms': 50.880333, 'contour_analysis_time_ms': 358.225083, 'classification_time_ms': 352.83325}",0,6,False,
success,c31dc21d-bb0c-45d6-b54d-fda441f16b84,/opt/nuclio/shared_storage/mnist_all/0/mnist_test_0_00351.png,"{'skeletonization_time_ms': 75.505375, 'contour_analysis_time_ms': 734.868917, 'classification_time_ms': 324.254334}",0,3,False,
error,1ce5bda2-3e6b-478c-bc8f-b301b7b87c2e,/opt/nuclio/shared_storage/mnist_all/2/mnist_test_2_00601.png,,2,,,DLQ
success,c22113fe-dd63-425f-afbc-3f74a1821712,/opt/nuclio/shared_storage/mnist_all/0/mnist_test_0_00964.png,"{'skeletonization_time_ms': 118.891708, 'contour_analysis_time_ms': 343.476792, 'classification_time_ms': 302.155042}",0,6,False,
success,95a8f726-0151-46a5-a048-9c264a562062,/opt/nuclio/shared_storage/mnist_all/0/mnist_test_0_00578.png,"{'skeletonization_time_ms': 58.34825, 'contour_analysis_time_ms': 250.251417, 'classification_time_ms': 460.213458}",0,6,False,
success,1f21e0f2-6318-412d-983a-665d5cc30beb,/opt/nuclio/shared_storage/mnist_all/0/mnist_test_0_00782.png,"{'skeletonization_time_ms': 48.912375, 'contour_analysis_time_ms': 381.799417, 'classification_time_ms': 36.473292}",0,1,False,
success,2ff78375-4046-4379-b1c0-d8a3d7451c1a,/opt/nuclio/shared_storage/mnist_all/0/mnist_test_0_00236.png,"{'skeletonization_time_ms': 70.7395, 'contour_analysis_time_ms': 1905.018793, 'classification_time_ms': 377.119792}",0,3,False,
success,01d40ea0-35a8-4906-8e3b-6f67606b96ea,/opt/nuclio/shared_storage/mnist_all/0/mnist_test_0_00807.png,"{'skeletonization_time_ms': 61.813917, 'contour_analysis_time_ms': 625.168125, 'classification_time_ms': 343.817417}",0,6,False,
success,017673b1-3033-4473-a87b-8f364d267c34,/opt/nuclio/shared_storage/mnist_all/0/mnist_test_0_00009.png,"{'skeletonization_time_ms': 50.013917, 'contour_analysis_time_ms': 336.345583, 'classification_time_ms': 10.392417}",0,1,False,
success,a3b029ff-f81d-460c-a862-318b8d14e645,/opt/nuclio/shared_storage/mnist_all/0/mnist_test_0_00633.png,"{'skeletonization_time_ms': 88.539625, 'contour_analysis_time_ms': 445.279584, 'classification_time_ms': 300.741876}",0,6,False,
success,43763f80-9e6b-48f5-bbc9-58968d9721b0,/opt/nuclio/shared_storage/mnist_all/0/mnist_test_0_00020.png,"{'skeletonization_time_ms': 59.398375, 'contour_analysis_time_ms': 401.467625, 'classification_time_ms': 546.82225}",0,6,False,
success,4907f313-3b28-4c28-b282-677e5f6abece,/opt/nuclio/shared_storage/mnist_all/0/mnist_test_0_00340.png,"{'skeletonization_time_ms': 94.601084, 'contour_analysis_time_ms': 368.23625, 'classification_time_ms': 436.466959}",0,6,False,
success,bae1cc85-4730-4464-9ce2-f2a4c0eb8f8d,/opt/nuclio/shared_storage/mnist_all/0/mnist_test_0_00552.png,"{'skeletonization_time_ms': 349.250125, 'contour_analysis_time_ms': 448.111125, 'classification_time_ms': 454.121751}",0,6,False,
success,d16166e2-c96c-43b5-8f87-b1f6eebb7cef,/opt/nuclio/shared_storage/mnist_all/0/mnist_test_0_00369.png,"{'skeletonization_time_ms': 68.350041, 'contour_analysis_time_ms': 302.731917, 'classification_time_ms': 396.91025}",0,6,False,
success,9cf4c147-619b-4b13-825b-f15961d35b3f,/opt/nuclio/shared_storage/mnist_all/0/mnist_test_0_00979.png,"{'skeletonization_time_ms': 40.213667, 'contour_analysis_time_ms': 796.16775, 'classification_time_ms': 474.257834}",0,6,False,
success,b9c61907-0737-4ea8-bd97-2a9ddd9a0bf1,/opt/nuclio/shared_storage/mnist_all/0/mnist_test_0_00553.png,"{'skeletonization_time_ms': 107.123083, 'contour_analysis_time_ms': 318.820208, 'classification_time_ms': 616.524792}",0,6,False,
success,5df629b1-682b-4ce0-a2fb-96b05f6eea90,/opt/nuclio/shared_storage/mnist_all/0/mnist_test_0_00372.png,"{'skeletonization_time_ms': 49.72825, 'contour_analysis_time_ms': 503.413084, 'classification_time_ms': 395.752376}",0,6,False,
success,8ed37aa6-aa27-4ebc-906f-3d5c259fc097,/opt/nuclio/shared_storage/mnist_all/0/mnist_test_0_00209.png,"{'skeletonization_time_ms': 67.082375, 'contour_analysis_time_ms': 883.744709, 'classification_time_ms': 707.504667}",0,6,False,
success,daba9513-514f-429b-af46-55113a18e2f2,/opt/nuclio/shared_storage/mnist_all/0/mnist_test_0_00377.png,"{'skeletonization_time_ms': 83.717083, 'contour_analysis_time_ms': 363.162709, 'classification_time_ms': 41.433792}",0,1,False,
success,4a7ff996-cc69-4e6d-a063-3a0b35aa0eeb,/opt/nuclio/shared_storage/mnist_all/0/mnist_test_0_00417.png,"{'skeletonization_time_ms': 49.344541, 'contour_analysis_time_ms': 596.010625, 'classification_time_ms': 442.530334}",0,6,False,
success,fbbe0c3c-5018-49c5-8fe4-cb43f1fd0da9,/opt/nuclio/shared_storage/mnist_all/0/mnist_test_0_00808.png,"{'skeletonization_time_ms': 44.6295, 'contour_analysis_time_ms': 437.5525, 'classification_time_ms': 483.986542}",0,9,False,
success,e4327c38-b1f8-4339-afc2-69d3a5993750,/opt/nuclio/shared_storage/mnist_all/0/mnist_test_0_00760.png,"{'skeletonization_time_ms': 38.476417, 'contour_analysis_time_ms': 557.795334, 'classification_time_ms': 20.572416}",0,1,False,
error,2c358812-2107-4e22-9af2-999a394da9f2,/opt/nuclio/shared_storage/mnist_all/3/mnist_test_3_00582.png,,3,,,DLQ
success,32718138-334b-42dd-8efd-b2a800087c5f,/opt/nuclio/shared_storage/mnist_all/0/mnist_test_0_00348.png,"{'skeletonization_time_ms': 109.700292, 'contour_analysis_time_ms': 503.011069, 'classification_time_ms': 818.166876}",0,8,False,
success,19e488fc-4612-4bf1-bc71-f52688f849b6,/opt/nuclio/shared_storage/mnist_all/0/mnist_test_0_00238.png,"{'skeletonization_time_ms': 48.524291, 'contour_analysis_time_ms': 499.431611, 'classification_time_ms': 990.483709}",0,6,False,
success,0dc52cd5-a747-4525-bc4c-b2d9c5340b84,/opt/nuclio/shared_storage/mnist_all/0/mnist_test_0_00415.png,"{'skeletonization_time_ms': 43.950292, 'contour_analysis_time_ms': 456.746667, 'classification_time_ms': 388.233}",0,6,False,
success,7a250131-9741-49a9-8c99-7d77e190ee17,/opt/nuclio/shared_storage/mnist_all/0/mnist_test_0_00516.png,"{'skeletonization_time_ms': 81.712125, 'contour_analysis_time_ms': 313.072875, 'classification_time_ms': 853.2035}",0,6,False,
success,3745353c-65c3-4293-9033-00511b87e035,/opt/nuclio/shared_storage/mnist_all/0/mnist_test_0_00886.png,"{'skeletonization_time_ms': 75.451084, 'contour_analysis_time_ms': 491.753876, 'classification_time_ms': 88.935958}",0,1,False,
success,dc8084de-67fe-46c2-a85a-6fdc6cf411be,/opt/nuclio/shared_storage/mnist_all/0/mnist_test_0_00658.png,"{'skeletonization_time_ms': 107.937125, 'contour_analysis_time_ms': 414.449209, 'classification_time_ms': 719.737292}",0,6,False,
success,7b10c7e4-5124-4e27-9ea4-df41643e6286,/opt/nuclio/shared_storage/mnist_all/0/mnist_test_0_00930.png,"{'skeletonization_time_ms': 194.293375, 'contour_analysis_time_ms': 481.375, 'classification_time_ms': 480.2385}",0,6,False,
success,99f301f1-4676-455e-82c4-ef28d137a9e2,/opt/nuclio/shared_storage/mnist_all/0/mnist_test_0_00701.png,"{'skeletonization_time_ms': 35.302625, 'contour_analysis_time_ms': 399.680959, 'classification_time_ms': 316.905542}",0,6,False,
error,523083c2-0cd6-4a39-a299-fdc28f1e1432,/opt/nuclio/shared_storage/mnist_all/4/mnist_test_4_00833.png,,4,,,DLQ
error,38188b47-66f7-41d4-a387-9c016d9bf7ae,/opt/nuclio/shared_storage/mnist_all/4/mnist_test_4_00827.png,,4,,,DLQ
success,64d0ae10-8aeb-44e5-b30b-a41014cfbd27,/opt/nuclio/shared_storage/mnist_all/0/mnist_test_0_00077.png,"{'skeletonization_time_ms': 50.24575, 'contour_analysis_time_ms': 627.037292, 'classification_time_ms': 587.892542}",0,not classified,False,
success,bec88b83-5c14-4395-ae96-ea69e26dff5f,/opt/nuclio/shared_storage/mnist_all/0/mnist_test_0_00375.png,"{'skeletonization_time_ms': 49.308625, 'contour_analysis_time_ms': 495.049625, 'classification_time_ms': 725.669209}",0,6,False,
success,0bb76517-37b9-4da8-984f-cf29a78e1415,/opt/nuclio/shared_storage/mnist_all/0/mnist_test_0_00229.png,"{'skeletonization_time_ms': 115.723666, 'contour_analysis_time_ms': 741.93875, 'classification_time_ms': 504.363542}",0,not classified,False,
error,45b72c1b-3c86-46c9-b63d-469f7850fcc0,/opt/nuclio/shared_storage/mnist_all/4/mnist_test_4_00666.png,,4,,,DLQ
success,84f74073-4ab0-4bee-babb-2c1fb84e3b6c,/opt/nuclio/shared_storage/mnist_all/0/mnist_test_0_00896.png,"{'skeletonization_time_ms': 50.059334, 'contour_analysis_time_ms': 687.427083, 'classification_time_ms': 578.001292}",0,8,False,
success,cc4dda83-ede5-4f5b-a08c-d7a72877d150,/opt/nuclio/shared_storage/mnist_all/0/mnist_test_0_00338.png,"{'skeletonization_time_ms': 73.887458, 'contour_analysis_time_ms': 312.316208, 'classification_time_ms': 625.053958}",0,6,False,
success,7eed1bcd-18cc-489f-a963-a00bee1a193f,/opt/nuclio/shared_storage/mnist_all/0/mnist_test_0_00089.png,"{'skeletonization_time_ms': 49.647958, 'contour_analysis_time_ms': 485.272709, 'classification_time_ms': 381.57925}",0,6,False,
success,71b789eb-fd12-4ec8-af77-93728f9e91d6,/opt/nuclio/shared_storage/mnist_all/1/mnist_test_1_00783.png,"{'skeletonization_time_ms': 436.652458, 'contour_analysis_time_ms': 239.571917, 'classification_time_ms': 187.007166}",1,4,False,
success,7ea9d513-1ffa-4e3a-8f0b-a16fb470c64b,/opt/nuclio/shared_storage/mnist_all/0/mnist_test_0_00470.png,"{'skeletonization_time_ms': 79.629, 'contour_analysis_time_ms': 439.5405, 'classification_time_ms': 553.065167}",0,8,False,
success,2ea24014-9df3-437e-bf2f-68aca0973503,/opt/nuclio/shared_storage/mnist_all/0/mnist_test_0_00103.png,"{'skeletonization_time_ms': 77.948541, 'contour_analysis_time_ms': 265.013, 'classification_time_ms': 271.70475}",0,3,False,
success,4e3958fc-b171-4302-a419-6d2e38f9c5c6,/opt/nuclio/shared_storage/mnist_all/0/mnist_test_0_00706.png,"{'skeletonization_time_ms': 73.598541, 'contour_analysis_time_ms': 413.987876, 'classification_time_ms': 326.135625}",0,6,False,
success,364f04a5-50ae-4c1a-9d5b-f86a6e21c5a9,/opt/nuclio/shared_storage/mnist_all/0/mnist_test_0_00648.png,"{'skeletonization_time_ms': 66.804167, 'contour_analysis_time_ms': 262.659709, 'classification_time_ms': 292.633}",0,6,False,
success,911bf28b-72d5-41fe-9f47-6662246a2951,/opt/nuclio/shared_storage/mnist_all/0/mnist_test_0_00934.png,"{'skeletonization_time_ms': 146.051667, 'contour_analysis_time_ms': 435.550458, 'classification_time_ms': 391.984834}",0,6,False,
success,76677e2d-3362-43ba-9f31-b1ffaa1981ad,/opt/nuclio/shared_storage/mnist_all/1/mnist_test_1_01107.png,"{'skeletonization_time_ms': 29.126458, 'contour_analysis_time_ms': 215.605792, 'classification_time_ms': 25.471875}",1,7,False,
success,abd3bfdb-7bfc-4c59-93b1-bd0c1387e897,/opt/nuclio/shared_storage/mnist_all/0/mnist_test_0_00477.png,"{'skeletonization_time_ms': 86.59325, 'contour_analysis_time_ms': 416.066333, 'classification_time_ms': 630.6405}",0,9,False,
success,74f150d4-782a-4b4a-b388-99ec5c5f98f8,/opt/nuclio/shared_storage/mnist_all/1/mnist_test_1_00939.png,"{'skeletonization_time_ms': 33.036458, 'contour_analysis_time_ms': 163.836416, 'classification_time_ms': 94.323208}",1,5,False,
success,facdad62-cc9f-49d8-ac5c-0e01acb426ad,/opt/nuclio/shared_storage/mnist_all/0/mnist_test_0_00673.png,"{'skeletonization_time_ms': 75.944333, 'contour_analysis_time_ms': 222.022667, 'classification_time_ms': 247.063958}",0,3,False,
success,6ad070b8-e229-4672-98c6-0ff5fd0487a8,/opt/nuclio/shared_storage/mnist_all/0/mnist_test_0_00705.png,"{'skeletonization_time_ms': 260.202458, 'contour_analysis_time_ms': 286.192875, 'classification_time_ms': 489.7555}",0,6,False,
success,ad6f2a27-770f-4dcc-a075-00fcaa879fa4,/opt/nuclio/shared_storage/mnist_all/1/mnist_test_1_00394.png,"{'skeletonization_time_ms': 53.549875, 'contour_analysis_time_ms': 414.458209, 'classification_time_ms': 106.479291}",1,5,False,
success,c29d7296-f9ce-4278-892d-91b80f5a7a80,/opt/nuclio/shared_storage/mnist_all/1/mnist_test_1_00769.png,"{'skeletonization_time_ms': 37.000958, 'contour_analysis_time_ms': 270.057792, 'classification_time_ms': 14.604709}",1,7,False,
success,c06564de-838b-4b2d-b251-915f648b46b5,/opt/nuclio/shared_storage/mnist_all/1/mnist_test_1_00441.png,"{'skeletonization_time_ms': 78.825958, 'contour_analysis_time_ms': 337.382917, 'classification_time_ms': 128.535167}",1,2,False,
error,fdd0ef07-5bce-485b-833a-5e35664013f1,/opt/nuclio/shared_storage/mnist_all/6/mnist_test_6_00676.png,,6,,,DLQ
success,945df3c9-48c7-402e-8b0e-7145699aba81,/opt/nuclio/shared_storage/mnist_all/1/mnist_test_1_00915.png,"{'skeletonization_time_ms': 30.082458, 'contour_analysis_time_ms': 329.857834, 'classification_time_ms': 52.503792}",1,7,False,
success,28b4330c-00b3-4637-b262-d9a8b9cdaa57,/opt/nuclio/shared_storage/mnist_all/0/mnist_test_0_00699.png,"{'skeletonization_time_ms': 39.138125, 'contour_analysis_time_ms': 214.885417, 'classification_time_ms': 28.272334}",0,1,False,
success,398474bd-edf7-4dc4-87b4-8f6734f23572,/opt/nuclio/shared_storage/mnist_all/1/mnist_test_1_01038.png,"{'skeletonization_time_ms': 34.875666, 'contour_analysis_time_ms': 283.321125, 'classification_time_ms': 89.166416}",1,7,False,
success,48f708ec-38fe-4df3-8212-81a42822fa84,/opt/nuclio/shared_storage/mnist_all/1/mnist_test_1_00192.png,"{'skeletonization_time_ms': 52.497625, 'contour_analysis_time_ms': 255.695709, 'classification_time_ms': 307.759625}",1,7,False,
success,138aaecb-be4c-4266-af44-693e21507661,/opt/nuclio/shared_storage/mnist_all/1/mnist_test_1_00232.png,"{'skeletonization_time_ms': 69.097542, 'contour_analysis_time_ms': 233.849458, 'classification_time_ms': 104.524416}",1,7,False,
success,77567a32-ee4f-439c-859d-c612fc9aff1c,/opt/nuclio/shared_storage/mnist_all/1/mnist_test_1_00453.png,"{'skeletonization_time_ms': 99.933583, 'contour_analysis_time_ms': 261.4035, 'classification_time_ms': 136.981417}",1,2,False,
success,f67b597e-2399-4c18-ba4d-960d1dc086a2,/opt/nuclio/shared_storage/mnist_all/1/mnist_test_1_00928.png,"{'skeletonization_time_ms': 36.383625, 'contour_analysis_time_ms': 167.504, 'classification_time_ms': 39.136333}",1,7,False,
success,d7eb69fe-3d8d-48ff-ae11-101976120431,/opt/nuclio/shared_storage/mnist_all/1/mnist_test_1_00696.png,"{'skeletonization_time_ms': 275.664583, 'contour_analysis_time_ms': 218.414917, 'classification_time_ms': 396.574833}",1,5,False,
success,6b9ef5d9-aa50-4767-8480-9a2f117a4869,/opt/nuclio/shared_storage/mnist_all/1/mnist_test_1_00485.png,"{'skeletonization_time_ms': 53.901292, 'contour_analysis_time_ms': 360.839334, 'classification_time_ms': 150.592541}",1,7,False,
success,7de3fad0-8dcc-4972-aa7c-7a2ec919eeb5,/opt/nuclio/shared_storage/mnist_all/1/mnist_test_1_00354.png,"{'skeletonization_time_ms': 93.753833, 'contour_analysis_time_ms': 360.163291, 'classification_time_ms': 145.378708}",1,2,False,
error,1a9835db-b2c4-4796-810c-de622fc623f3,/opt/nuclio/shared_storage/mnist_all/7/mnist_test_7_00912.png,,7,,,DLQ
error,c97fa47b-c2e8-4859-8152-6e582d03431b,/opt/nuclio/shared_storage/mnist_all/7/mnist_test_7_00966.png,,7,,,DLQ
success,96edab95-50c8-4b5c-bc14-46d0812b4a99,/opt/nuclio/shared_storage/mnist_all/1/mnist_test_1_01024.png,"{'skeletonization_time_ms': 37.896334, 'contour_analysis_time_ms': 555.552334, 'classification_time_ms': 101.598167}",1,7,False,
success,bbfb09a7-4b7d-4cfa-91f5-6a979217f0cf,/opt/nuclio/shared_storage/mnist_all/1/mnist_test_1_00252.png,"{'skeletonization_time_ms': 40.672292, 'contour_analysis_time_ms': 172.051125, 'classification_time_ms': 57.865125}",1,7,False,
success,3843bddc-6ce0-44a7-bb55-3c74b9a6eda0,/opt/nuclio/shared_storage/mnist_all/1/mnist_test_1_00085.png,"{'skeletonization_time_ms': 106.002125, 'contour_analysis_time_ms': 211.86275, 'classification_time_ms': 57.942916}",1,7,False,
success,fce10bd1-914d-4c09-9190-282d1a10d58b,/opt/nuclio/shared_storage/mnist_all/1/mnist_test_1_00486.png,"{'skeletonization_time_ms': 63.116833, 'contour_analysis_time_ms': 186.897376, 'classification_time_ms': 122.293166}",1,2,False,
success,ff92bfd2-6273-405d-b804-80c3cd5addba,/opt/nuclio/shared_storage/mnist_all/1/mnist_test_1_00852.png,"{'skeletonization_time_ms': 79.498834, 'contour_analysis_time_ms': 176.104375, 'classification_time_ms': 45.801916}",1,7,False,
success,e75451db-ffbb-469a-a6ff-de4a4d2972eb,/opt/nuclio/shared_storage/mnist_all/1/mnist_test_1_00270.png,"{'skeletonization_time_ms': 118.823958, 'contour_analysis_time_ms': 150.674083, 'classification_time_ms': 55.007791}",1,7,False,
error,2e51ea19-e966-44a8-b9c5-bb91d85be19f,/opt/nuclio/shared_storage/mnist_all/7/mnist_test_7_00788.png,,7,,,DLQ
success,bee8799d-1666-4485-af0e-06f529f97b43,/opt/nuclio/shared_storage/mnist_all/1/mnist_test_1_01093.png,"{'skeletonization_time_ms': 30.393417, 'contour_analysis_time_ms': 267.609501, 'classification_time_ms': 93.413417}",1,7,False,
error,bc834457-f6aa-4e2a-8d1c-03c462128f4f,/opt/nuclio/shared_storage/mnist_all/8/mnist_test_8_00730.png,,8,,,DLQ
success,7115bd1f-72df-4e3f-827b-92746bd8c222,/opt/nuclio/shared_storage/mnist_all/1/mnist_test_1_00074.png,"{'skeletonization_time_ms': 26.829417, 'contour_analysis_time_ms': 255.093917, 'classification_time_ms': 23.475625}",1,7,False,
success,0bb76679-1d11-4eab-85e3-a44bf73498b3,/opt/nuclio/shared_storage/mnist_all/1/mnist_test_1_00883.png,"{'skeletonization_time_ms': 37.3495, 'contour_analysis_time_ms': 253.767458, 'classification_time_ms': 137.201708}",1,7,False,
error,c19f3317-9558-4ca5-9cda-0b98200425ac,/opt/nuclio/shared_storage/mnist_all/9/mnist_test_9_00712.png,,9,,,DLQ
success,e32ad5a3-ca20-4ac3-b32f-372a920ca607,/opt/nuclio/shared_storage/mnist_all/1/mnist_test_1_00100.png,"{'skeletonization_time_ms': 81.117667, 'contour_analysis_time_ms': 343.964125, 'classification_time_ms': 76.346542}",1,2,False,
success,d57724d7-cf65-4d41-9c84-698d0ebfa78e,/opt/nuclio/shared_storage/mnist_all/1/mnist_test_1_00985.png,"{'skeletonization_time_ms': 149.057, 'contour_analysis_time_ms': 298.028792, 'classification_time_ms': 81.165584}",1,7,False,
success,eebd5d3e-62d2-47f6-aec1-f7cb74d4effc,/opt/nuclio/shared_storage/mnist_all/1/mnist_test_1_00117.png,"{'skeletonization_time_ms': 28.068167, 'contour_analysis_time_ms': 199.146291, 'classification_time_ms': 86.147083}",1,7,False,
success,7e888443-f097-41e3-984e-75cc46344d5b,/opt/nuclio/shared_storage/mnist_all/2/mnist_test_2_00984.png,"{'skeletonization_time_ms': 33.129042, 'contour_analysis_time_ms': 285.999, 'classification_time_ms': 176.082251}",2,7,False,
success,e736271e-4d23-44de-89aa-a805e414080d,/opt/nuclio/shared_storage/mnist_all/1/mnist_test_1_00238.png,"{'skeletonization_time_ms': 35.43575, 'contour_analysis_time_ms': 234.438542, 'classification_time_ms': 101.66625}",1,7,False,
error,8d3842fa-06d2-41c3-a128-9aa634209d42,/opt/nuclio/shared_storage/mnist_all/9/mnist_test_9_00924.png,,9,,,DLQ
success,ab3fcd58-0454-4a51-9bf2-901d4fde584b,/opt/nuclio/shared_storage/mnist_all/1/mnist_test_1_00774.png,"{'skeletonization_time_ms': 65.216334, 'contour_analysis_time_ms': 162.692458, 'classification_time_ms': 79.732}",1,5,False,
success,962c1539-9617-4ffe-9abd-adb2fde47a28,/opt/nuclio/shared_storage/mnist_all/1/mnist_test_1_01087.png,"{'skeletonization_time_ms': 58.153541, 'contour_analysis_time_ms': 183.1775, 'classification_time_ms': 27.442792}",1,7,False,
success,c5c12906-7cab-4c26-9af4-287e6ab5c3d8,/opt/nuclio/shared_storage/mnist_all/1/mnist_test_1_00251.png,"{'skeletonization_time_ms': 38.991417, 'contour_analysis_time_ms': 143.548042, 'classification_time_ms': 89.394167}",1,2,False,
success,620e1ad6-0b7e-45cb-be71-6566be9a4c3d,/opt/nuclio/shared_storage/mnist_all/2/mnist_test_2_00428.png,"{'skeletonization_time_ms': 77.569667, 'contour_analysis_time_ms': 271.31525, 'classification_time_ms': 186.969125}",2,7,False,
error,97a9b84c-5fba-48e7-aae4-c64e33bdf02b,/opt/nuclio/shared_storage/mnist_all/9/mnist_test_9_00986.png,,9,,,DLQ
success,3cb74878-2910-48b2-bc74-788f7e724fe2,/opt/nuclio/shared_storage/mnist_all/1/mnist_test_1_01126.png,"{'skeletonization_time_ms': 22.637584, 'contour_analysis_time_ms': 199.309167, 'classification_time_ms': 139.276875}",1,7,False,
success,4f87d84e-41dd-4978-8014-89bc099bd01d,/opt/nuclio/shared_storage/mnist_all/2/mnist_test_2_00562.png,"{'skeletonization_time_ms': 48.3075, 'contour_analysis_time_ms': 306.856, 'classification_time_ms': 518.178375}",2,6,False,
success,01233b59-f1a4-4cf6-8eb3-6b7d5bf95dbd,/opt/nuclio/shared_storage/mnist_all/2/mnist_test_2_00766.png,"{'skeletonization_time_ms': 44.654167, 'contour_analysis_time_ms': 175.469625, 'classification_time_ms': 1180.560042}",2,7,False,
success,0aaa8e2b-579a-4f08-986c-6ecbb314e915,/opt/nuclio/shared_storage/mnist_all/1/mnist_test_1_00850.png,"{'skeletonization_time_ms': 36.082666, 'contour_analysis_time_ms': 423.206792, 'classification_time_ms': 154.231083}",1,2,False,
error,515fa77d-ed02-43d8-92b7-e4fc32a01cae,/opt/nuclio/shared_storage/mnist_all/9/mnist_test_9_00792.png,,9,,,DLQ
success,933d6bb2-7ab2-4896-9789-54b32e2612da,/opt/nuclio/shared_storage/mnist_all/1/mnist_test_1_00439.png,"{'skeletonization_time_ms': 44.513625, 'contour_analysis_time_ms': 185.202834, 'classification_time_ms': 207.019084}",1,7,False,
success,3b404587-b5be-4446-a2e6-5a0ca200aa91,/opt/nuclio/shared_storage/mnist_all/2/mnist_test_2_00824.png,"{'skeletonization_time_ms': 30.192166, 'contour_analysis_time_ms': 209.695542, 'classification_time_ms': 83.964083}",2,5,False,
error,830b5934-4880-401d-98bf-a31e7c3c19cd,/opt/nuclio/shared_storage/mnist_all/9/mnist_test_9_00649.png,,9,,,DLQ
success,e8a2dc04-1709-472e-b0ee-e40720f693e7,/opt/nuclio/shared_storage/mnist_all/2/mnist_test_2_00982.png,"{'skeletonization_time_ms': 79.128375, 'contour_analysis_time_ms': 280.7765, 'classification_time_ms': 176.535042}",2,3,False,
success,5152a7ff-6a90-49a3-a5d8-be63a7ecfc21,/opt/nuclio/shared_storage/mnist_all/2/mnist_test_2_00566.png,"{'skeletonization_time_ms': 44.41375, 'contour_analysis_time_ms': 177.249542, 'classification_time_ms': 283.067792}",2,6,False,
success,291e8c2a-2d5a-4400-a3a3-e291ddb2f459,/opt/nuclio/shared_storage/mnist_all/2/mnist_test_2_00188.png,"{'skeletonization_time_ms': 35.066292, 'contour_analysis_time_ms': 138.617792, 'classification_time_ms': 168.03075}",2,7,False,
success,450174e1-09c7-47f7-af11-e420d492b32d,/opt/nuclio/shared_storage/mnist_all/2/mnist_test_2_00818.png,"{'skeletonization_time_ms': 77.61325, 'contour_analysis_time_ms': 122.622626, 'classification_time_ms': 146.435875}",2,7,False,
success,b1d541c1-9ff4-4315-8f3a-3c4f511f4a8e,/opt/nuclio/shared_storage/mnist_all/1/mnist_test_1_00348.png,"{'skeletonization_time_ms': 68.439417, 'contour_analysis_time_ms': 122.903041, 'classification_time_ms': 113.946625}",1,2,False,
success,ed77c2a8-6ccb-4d24-b840-790789bac256,/opt/nuclio/shared_storage/mnist_all/2/mnist_test_2_00764.png,"{'skeletonization_time_ms': 47.356417, 'contour_analysis_time_ms': 247.430709, 'classification_time_ms': 116.030875}",2,7,False,
success,858b2a67-c431-416f-88fd-0ce9c362291e,/opt/nuclio/shared_storage/mnist_all/2/mnist_test_2_00214.png,"{'skeletonization_time_ms': 44.5785, 'contour_analysis_time_ms': 298.095584, 'classification_time_ms': 224.8465}",2,3,False,
success,e3d595f2-41d1-47dc-933c-ff91876dd0fa,/opt/nuclio/shared_storage/mnist_all/2/mnist_test_2_00825.png,"{'skeletonization_time_ms': 25.606583, 'contour_analysis_time_ms': 165.17325, 'classification_time_ms': 142.349417}",2,7,False,
success,291cfa2e-4294-4bce-9294-a6d71490e490,/opt/nuclio/shared_storage/mnist_all/2/mnist_test_2_00819.png,"{'skeletonization_time_ms': 69.94275, 'contour_analysis_time_ms': 172.994875, 'classification_time_ms': 168.938792}",2,5,False,
success,05d69870-2ded-4c8e-bf67-12a1e5405005,/opt/nuclio/shared_storage/mnist_all/2/mnist_test_2_00306.png,"{'skeletonization_time_ms': 59.304042, 'contour_analysis_time_ms': 167.534875, 'classification_time_ms': 115.987875}",2,7,False,
success,b7fc9547-493b-4900-8460-c38713a67682,/opt/nuclio/shared_storage/mnist_all/2/mnist_test_2_00924.png,"{'skeletonization_time_ms': 40.315, 'contour_analysis_time_ms': 173.478375, 'classification_time_ms': 286.859041}",2,6,False,
success,ff730af3-2790-4e2e-ad8a-d3b48417531a,/opt/nuclio/shared_storage/mnist_all/1/mnist_test_1_01091.png,"{'skeletonization_time_ms': 53.941875, 'contour_analysis_time_ms': 166.759083, 'classification_time_ms': 21.8025}",1,7,False,
success,3c63daa5-9862-44ce-95b6-4cff6b4a6e01,/opt/nuclio/shared_storage/mnist_all/2/mnist_test_2_00600.png,"{'skeletonization_time_ms': 62.875042, 'contour_analysis_time_ms': 151.772709, 'classification_time_ms': 131.080626}",2,7,False,
success,6bb12096-9f9e-4a5b-a42f-a5da56e7566d,/opt/nuclio/shared_storage/mnist_all/2/mnist_test_2_00189.png,"{'skeletonization_time_ms': 112.601833, 'contour_analysis_time_ms': 191.520751, 'classification_time_ms': 426.790542}",2,not classified,False,
success,8672d1e6-634c-43ed-9858-7f90bdb5866d,/opt/nuclio/shared_storage/mnist_all/2/mnist_test_2_00177.png,"{'skeletonization_time_ms': 35.00125, 'contour_analysis_time_ms': 254.623875, 'classification_time_ms': 123.876542}",2,7,False,
success,d25650a9-6871-4a5e-a2c8-06a76b85dfa1,/opt/nuclio/shared_storage/mnist_all/2/mnist_test_2_00299.png,"{'skeletonization_time_ms': 59.124542, 'contour_analysis_time_ms': 137.189625, 'classification_time_ms': 200.322666}",2,6,False,
success,8aa96da1-9d19-4be8-b51a-6aa1155ce6dd,/opt/nuclio/shared_storage/mnist_all/1/mnist_test_1_00259.png,"{'skeletonization_time_ms': 81.720417, 'contour_analysis_time_ms': 151.576834, 'classification_time_ms': 67.40625}",1,7,False,
success,cb19f6f9-386f-4ec3-8d6c-1318cdfd94ec,/opt/nuclio/shared_storage/mnist_all/2/mnist_test_2_00991.png,"{'skeletonization_time_ms': 232.006208, 'contour_analysis_time_ms': 97.312334, 'classification_time_ms': 190.900334}",2,7,False,
success,e075a548-4afb-43da-b970-281902d49487,/opt/nuclio/shared_storage/mnist_all/2/mnist_test_2_00358.png,"{'skeletonization_time_ms': 45.812208, 'contour_analysis_time_ms': 109.993291, 'classification_time_ms': 237.975}",2,3,False,
success,61c6c12f-6acd-4c29-b6c4-a0a25fabe8be,/opt/nuclio/shared_storage/mnist_all/2/mnist_test_2_00415.png,"{'skeletonization_time_ms': 40.655375, 'contour_analysis_time_ms': 122.867083, 'classification_time_ms': 301.783417}",2,6,False,
success,a11ace7a-3343-4f28-af94-01924bf649c0,/opt/nuclio/shared_storage/mnist_all/2/mnist_test_2_00563.png,"{'skeletonization_time_ms': 39.598417, 'contour_analysis_time_ms': 182.238875, 'classification_time_ms': 281.97425}",2,6,False,
success,fd235e6d-696b-4618-94d6-16c254fa34b3,/opt/nuclio/shared_storage/mnist_all/1/mnist_test_1_00846.png,"{'skeletonization_time_ms': 206.331042, 'contour_analysis_time_ms': 134.650958, 'classification_time_ms': 18.172125}",1,7,False,
success,b7da1c3e-9f9d-4573-b97c-3606e3db803f,/opt/nuclio/shared_storage/mnist_all/2/mnist_test_2_00979.png,"{'skeletonization_time_ms': 31.388042, 'contour_analysis_time_ms': 198.141958, 'classification_time_ms': 142.697958}",2,7,False,
success,62d8b669-7afc-4cd0-b096-cc425d49f8b0,/opt/nuclio/shared_storage/mnist_all/2/mnist_test_2_00798.png,"{'skeletonization_time_ms': 134.910541, 'contour_analysis_time_ms': 72.583834, 'classification_time_ms': 477.725958}",2,6,False,
success,e2e5517c-a909-4fa7-8076-b59a5a529cce,/opt/nuclio/shared_storage/mnist_all/2/mnist_test_2_00676.png,"{'skeletonization_time_ms': 250.006542, 'contour_analysis_time_ms': 131.97325, 'classification_time_ms': 150.30475}",2,7,False,
success,b10f0965-f864-4828-8a0f-5b06bd15af55,/opt/nuclio/shared_storage/mnist_all/2/mnist_test_2_00821.png,"{'skeletonization_time_ms': 30.770458, 'contour_analysis_time_ms': 116.184541, 'classification_time_ms': 215.694917}",2,7,False,
success,520981e4-a726-41aa-97be-a6c398c41a48,/opt/nuclio/shared_storage/mnist_all/2/mnist_test_2_01023.png,"{'skeletonization_time_ms': 140.246667, 'contour_analysis_time_ms': 145.528709, 'classification_time_ms': 323.468125}",2,6,False,
success,57da2950-0e11-4db7-aae1-818e3e92bf87,/opt/nuclio/shared_storage/mnist_all/2/mnist_test_2_00148.png,"{'skeletonization_time_ms': 37.995667, 'contour_analysis_time_ms': 229.774417, 'classification_time_ms': 141.632291}",2,7,False,
success,93d293bc-2d0a-4d3b-bec9-29a15bb43240,/opt/nuclio/shared_storage/mnist_all/2/mnist_test_2_00870.png,"{'skeletonization_time_ms': 46.886292, 'contour_analysis_time_ms': 175.826625, 'classification_time_ms': 1303.959459}",2,4,False,
success,20f2baee-da77-4d5b-8ebe-d0bf174a0531,/opt/nuclio/shared_storage/mnist_all/2/mnist_test_2_00954.png,"{'skeletonization_time_ms': 68.551917, 'contour_analysis_time_ms': 233.659833, 'classification_time_ms': 196.402}",2,7,False,
success,7f784f5c-2e36-4ec3-80c4-8f45bee224ee,/opt/nuclio/shared_storage/mnist_all/2/mnist_test_2_00773.png,"{'skeletonization_time_ms': 66.007625, 'contour_analysis_time_ms': 425.217667, 'classification_time_ms': 320.426167}",2,6,False,
success,f4e18bae-9dfd-424e-ba02-637ced6884bf,/opt/nuclio/shared_storage/mnist_all/2/mnist_test_2_00957.png,"{'skeletonization_time_ms': 37.434667, 'contour_analysis_time_ms': 168.549, 'classification_time_ms': 192.841417}",2,7,False,
success,676c369e-afc0-443f-905c-60c83c6407cc,/opt/nuclio/shared_storage/mnist_all/2/mnist_test_2_00615.png,"{'skeletonization_time_ms': 35.700959, 'contour_analysis_time_ms': 370.886541, 'classification_time_ms': 171.107458}",2,7,False,
success,011f6452-c183-4697-9f3e-98dd9c082c5b,/opt/nuclio/shared_storage/mnist_all/2/mnist_test_2_00512.png,"{'skeletonization_time_ms': 40.505417, 'contour_analysis_time_ms': 228.559042, 'classification_time_ms': 248.692792}",2,6,False,
success,3452c22f-12a7-46b7-a1ac-5948edabcfc6,/opt/nuclio/shared_storage/mnist_all/2/mnist_test_2_00565.png,"{'skeletonization_time_ms': 48.856916, 'contour_analysis_time_ms': 181.19075, 'classification_time_ms': 434.039792}",2,6,False,
success,221061ce-afff-4072-8f75-5b9d771b4aa3,/opt/nuclio/shared_storage/mnist_all/2/mnist_test_2_00776.png,"{'skeletonization_time_ms': 143.988709, 'contour_analysis_time_ms': 206.076417, 'classification_time_ms': 238.369917}",2,4,False,
success,36a945e0-8e1c-4434-b533-c03a8b42ae43,/opt/nuclio/shared_storage/mnist_all/2/mnist_test_2_00093.png,"{'skeletonization_time_ms': 43.343542, 'contour_analysis_time_ms': 95.074375, 'classification_time_ms': 324.035709}",2,6,False,
success,ba833f42-61fd-4fdb-9198-bd06b8d36c63,/opt/nuclio/shared_storage/mnist_all/2/mnist_test_2_00017.png,"{'skeletonization_time_ms': 155.547001, 'contour_analysis_time_ms': 218.80375, 'classification_time_ms': 274.119167}",2,6,False,
success,96b51883-74a2-47f2-89f0-292f5c8acb8e,/opt/nuclio/shared_storage/mnist_all/2/mnist_test_2_00833.png,"{'skeletonization_time_ms': 55.502625, 'contour_analysis_time_ms': 121.430916, 'classification_time_ms': 284.871708}",2,6,False,
success,e489b28a-c2b5-40ae-b584-7ef1f9c0b22b,/opt/nuclio/shared_storage/mnist_all/2/mnist_test_2_00098.png,"{'skeletonization_time_ms': 51.246209, 'contour_analysis_time_ms': 142.490792, 'classification_time_ms': 160.2415}",2,3,False,
success,c517fbcc-6253-4637-9f59-fdd854c1f919,/opt/nuclio/shared_storage/mnist_all/2/mnist_test_2_00285.png,"{'skeletonization_time_ms': 24.643084, 'contour_analysis_time_ms': 152.698209, 'classification_time_ms': 220.06225}",2,5,False,
success,b89439cb-ac7f-478b-aaaa-7bb5107cb1a7,/opt/nuclio/shared_storage/mnist_all/2/mnist_test_2_00887.png,"{'skeletonization_time_ms': 101.508125, 'contour_analysis_time_ms': 413.280792, 'classification_time_ms': 291.875083}",2,6,False,
success,99295642-1367-4477-bd46-003db9ff45ad,/opt/nuclio/shared_storage/mnist_all/2/mnist_test_2_00820.png,"{'skeletonization_time_ms': 40.997292, 'contour_analysis_time_ms': 211.076167, 'classification_time_ms': 110.176333}",2,7,False,
success,59dd7a18-995a-4afc-aa58-ba5dde52bb17,/opt/nuclio/shared_storage/mnist_all/2/mnist_test_2_00826.png,"{'skeletonization_time_ms': 25.108875, 'contour_analysis_time_ms': 115.488167, 'classification_time_ms': 77.172084}",2,7,False,
success,f480814f-017f-4ff2-8165-890642b48e47,/opt/nuclio/shared_storage/mnist_all/2/mnist_test_2_00301.png,"{'skeletonization_time_ms': 102.935291, 'contour_analysis_time_ms': 166.153041, 'classification_time_ms': 107.2005}",2,7,False,
success,39b0a393-fa3c-4f58-b913-cc3c81029777,/opt/nuclio/shared_storage/mnist_all/2/mnist_test_2_00759.png,"{'skeletonization_time_ms': 38.241666, 'contour_analysis_time_ms': 165.186709, 'classification_time_ms': 93.580959}",2,7,False,
success,1d185f5a-364b-4fa7-8a2b-888fffa91415,/opt/nuclio/shared_storage/mnist_all/2/mnist_test_2_00015.png,"{'skeletonization_time_ms': 72.741626, 'contour_analysis_time_ms': 84.278791, 'classification_time_ms': 76.325375}",2,3,False,
success,6926e9f0-f500-412b-a9cb-7f9c51aee988,/opt/nuclio/shared_storage/mnist_all/2/mnist_test_2_00847.png,"{'skeletonization_time_ms': 28.481791, 'contour_analysis_time_ms': 330.826542, 'classification_time_ms': 96.626416}",2,7,False,
success,613e7197-20c4-4ccd-83f1-689988736241,/opt/nuclio/shared_storage/mnist_all/2/mnist_test_2_00602.png,"{'skeletonization_time_ms': 82.760167, 'contour_analysis_time_ms': 188.112792, 'classification_time_ms': 108.014875}",2,3,False,
success,ccb30725-5e26-4aea-8dcd-f5f9e56b09c7,/opt/nuclio/shared_storage/mnist_all/2/mnist_test_2_00264.png,"{'skeletonization_time_ms': 54.070834, 'contour_analysis_time_ms': 228.511792, 'classification_time_ms': 165.084792}",2,9,False,
success,accc4012-e497-4c5a-beaa-f070bc19e6c0,/opt/nuclio/shared_storage/mnist_all/2/mnist_test_2_01007.png,"{'skeletonization_time_ms': 148.111416, 'contour_analysis_time_ms': 173.471042, 'classification_time_ms': 248.728125}",2,6,False,
success,f56980f5-684e-4618-9342-a31845c7aec4,/opt/nuclio/shared_storage/mnist_all/2/mnist_test_2_00728.png,"{'skeletonization_time_ms': 65.757334, 'contour_analysis_time_ms': 230.718667, 'classification_time_ms': 106.971583}",2,7,False,
success,f7935c57-2c66-4557-8ce5-099499c2aa1a,/opt/nuclio/shared_storage/mnist_all/2/mnist_test_2_00101.png,"{'skeletonization_time_ms': 33.581, 'contour_analysis_time_ms': 156.402001, 'classification_time_ms': 112.533458}",2,3,False,
success,c13fbb25-5cb3-4121-b1da-c0a652a44d51,/opt/nuclio/shared_storage/mnist_all/2/mnist_test_2_00558.png,"{'skeletonization_time_ms': 76.151833, 'contour_analysis_time_ms': 161.719292, 'classification_time_ms': 350.346542}",2,6,False,
success,f327155f-c62e-450e-a70a-525b5340feaf,/opt/nuclio/shared_storage/mnist_all/2/mnist_test_2_01004.png,"{'skeletonization_time_ms': 106.623708, 'contour_analysis_time_ms': 209.644917, 'classification_time_ms': 135.894208}",2,3,False,
success,ef20d153-83f4-402c-b016-64a994287e40,/opt/nuclio/shared_storage/mnist_all/2/mnist_test_2_00561.png,"{'skeletonization_time_ms': 47.302833, 'contour_analysis_time_ms': 137.040834, 'classification_time_ms': 123.83075}",2,7,False,
success,77d9643c-73d5-4393-82dd-0ad5e2505406,/opt/nuclio/shared_storage/mnist_all/2/mnist_test_2_01005.png,"{'skeletonization_time_ms': 101.895, 'contour_analysis_time_ms': 279.771416, 'classification_time_ms': 80.709208}",2,3,False,
success,3e51c197-6b57-4866-9dee-fc2899f01b0e,/opt/nuclio/shared_storage/mnist_all/1/mnist_test_1_01078.png,"{'skeletonization_time_ms': 43.180125, 'contour_analysis_time_ms': 146.928375, 'classification_time_ms': 67.441042}",1,7,False,
success,287a1401-622d-47cd-9fd9-c8938311461d,/opt/nuclio/shared_storage/mnist_all/2/mnist_test_2_00517.png,"{'skeletonization_time_ms': 57.801916, 'contour_analysis_time_ms': 170.676, 'classification_time_ms': 135.873875}",2,7,False,
success,c57a069c-3e89-406b-ae57-f682eaa7383d,/opt/nuclio/shared_storage/mnist_all/2/mnist_test_2_00925.png,"{'skeletonization_time_ms': 104.81925, 'contour_analysis_time_ms': 107.6805, 'classification_time_ms': 99.498}",2,7,False,
success,8a3970cc-d5fc-42c1-8dd6-571f2234dd79,/opt/nuclio/shared_storage/mnist_all/2/mnist_test_2_00310.png,"{'skeletonization_time_ms': 45.368292, 'contour_analysis_time_ms': 120.162209, 'classification_time_ms': 167.433375}",2,7,False,
success,cd16cabd-6e5b-4ec9-9f9b-98d22ca9162b,/opt/nuclio/shared_storage/mnist_all/2/mnist_test_2_00399.png,"{'skeletonization_time_ms': 52.741083, 'contour_analysis_time_ms': 210.287292, 'classification_time_ms': 264.194042}",2,6,False,
success,896b78aa-91a4-4e13-8a09-260859cf4465,/opt/nuclio/shared_storage/mnist_all/2/mnist_test_2_00808.png,"{'skeletonization_time_ms': 77.893291, 'contour_analysis_time_ms': 146.906583, 'classification_time_ms': 159.386292}",2,3,False,
success,028b0ba7-c78c-42a8-a6ac-52778010c8ec,/opt/nuclio/shared_storage/mnist_all/2/mnist_test_2_00539.png,"{'skeletonization_time_ms': 37.031, 'contour_analysis_time_ms': 135.217583, 'classification_time_ms': 138.558292}",2,7,False,
success,19d5aa33-3388-4694-a096-49f8d7a23a45,/opt/nuclio/shared_storage/mnist_all/2/mnist_test_2_00993.png,"{'skeletonization_time_ms': 45.226417, 'contour_analysis_time_ms': 177.460042, 'classification_time_ms': 97.381625}",2,7,False,
success,990ed9ca-6d52-4bdc-a60b-e9e232440008,/opt/nuclio/shared_storage/mnist_all/2/mnist_test_2_00809.png,"{'skeletonization_time_ms': 35.347834, 'contour_analysis_time_ms': 139.839917, 'classification_time_ms': 156.676541}",2,7,False,
success,876c2dd4-ddd3-41dd-ba2b-ac1a239b7f03,/opt/nuclio/shared_storage/mnist_all/2/mnist_test_2_00313.png,"{'skeletonization_time_ms': 39.481292, 'contour_analysis_time_ms': 177.6695, 'classification_time_ms': 208.643125}",2,4,False,
success,70b49e3d-1a4e-4313-a59d-f18b26a221ae,/opt/nuclio/shared_storage/mnist_all/2/mnist_test_2_00767.png,"{'skeletonization_time_ms': 31.638459, 'contour_analysis_time_ms': 166.375542, 'classification_time_ms': 150.139583}",2,7,False,
success,752acf11-00e6-4995-b413-802129218f1c,/opt/nuclio/shared_storage/mnist_all/2/mnist_test_2_00258.png,"{'skeletonization_time_ms': 40.4785, 'contour_analysis_time_ms': 304.124167, 'classification_time_ms': 209.437375}",2,6,False,
success,98af376b-3710-4c1a-bdee-2ae1edb0548d,/opt/nuclio/shared_storage/mnist_all/2/mnist_test_2_00775.png,"{'skeletonization_time_ms': 50.395708, 'contour_analysis_time_ms': 132.874875, 'classification_time_ms': 418.135833}",2,6,False,
success,0a2e1b66-ac77-4d55-bcdb-91bf2ecc8833,/opt/nuclio/shared_storage/mnist_all/2/mnist_test_2_00106.png,"{'skeletonization_time_ms': 52.797333, 'contour_analysis_time_ms': 191.654791, 'classification_time_ms': 267.179}",2,6,False,
success,a39f3fdc-6683-4518-af5a-dc239af207f6,/opt/nuclio/shared_storage/mnist_all/2/mnist_test_2_00538.png,"{'skeletonization_time_ms': 37.206416, 'contour_analysis_time_ms': 278.442208, 'classification_time_ms': 167.15025}",2,7,False,
success,dfa4e785-f271-46b6-a094-d8db22a772a1,/opt/nuclio/shared_storage/mnist_all/2/mnist_test_2_00412.png,"{'skeletonization_time_ms': 44.180208, 'contour_analysis_time_ms': 133.437458, 'classification_time_ms': 297.159667}",2,7,False,
success,93aab104-01c6-4f96-b822-4dd9d1af4e6b,/opt/nuclio/shared_storage/mnist_all/2/mnist_test_2_00493.png,"{'skeletonization_time_ms': 102.119292, 'contour_analysis_time_ms': 220.898459, 'classification_time_ms': 417.877125}",2,6,False,
success,378cc6a8-16f9-40c6-ab61-d1ea26df9018,/opt/nuclio/shared_storage/mnist_all/2/mnist_test_2_00217.png,"{'skeletonization_time_ms': 74.287833, 'contour_analysis_time_ms': 131.082875, 'classification_time_ms': 350.8025}",2,6,False,
success,a106eac4-5fef-48eb-9929-4a8c68afda29,/opt/nuclio/shared_storage/mnist_all/2/mnist_test_2_00339.png,"{'skeletonization_time_ms': 50.194541, 'contour_analysis_time_ms': 452.24875, 'classification_time_ms': 32.931166}",2,7,False,
success,4c550137-30bc-4a27-b9b2-6cf84905ab94,/opt/nuclio/shared_storage/mnist_all/2/mnist_test_2_00873.png,"{'skeletonization_time_ms': 54.544291, 'contour_analysis_time_ms': 263.190625, 'classification_time_ms': 87.373625}",2,7,False,
success,146e0285-014d-42db-aa1f-0f0a8e37e343,/opt/nuclio/shared_storage/mnist_all/2/mnist_test_2_00911.png,"{'skeletonization_time_ms': 41.963625, 'contour_analysis_time_ms': 303.477584, 'classification_time_ms': 181.896542}",2,7,False,
success,3fb78f0e-0816-444d-8a3c-d3410c8ffe76,/opt/nuclio/shared_storage/mnist_all/2/mnist_test_2_00330.png,"{'skeletonization_time_ms': 28.765042, 'contour_analysis_time_ms': 503.543792, 'classification_time_ms': 221.120084}",2,3,False,
success,42f3a155-efa3-4d46-8392-1a1f1ad4ce6d,/opt/nuclio/shared_storage/mnist_all/2/mnist_test_2_01003.png,"{'skeletonization_time_ms': 64.394084, 'contour_analysis_time_ms': 142.481542, 'classification_time_ms': 213.844334}",2,3,False,
success,a1a4208b-55c7-4b5e-9023-24045345c1a3,/opt/nuclio/shared_storage/mnist_all/2/mnist_test_2_00921.png,"{'skeletonization_time_ms': 92.8095, 'contour_analysis_time_ms': 244.266751, 'classification_time_ms': 267.442833}",2,6,False,
success,4c50689c-8664-4689-8d8d-0cabb5570253,/opt/nuclio/shared_storage/mnist_all/2/mnist_test_2_00133.png,"{'skeletonization_time_ms': 54.510542, 'contour_analysis_time_ms': 428.10525, 'classification_time_ms': 243.654291}",2,7,False,
success,9cdddd96-a30e-43a0-9924-12bd1a664b57,/opt/nuclio/shared_storage/mnist_all/2/mnist_test_2_00771.png,"{'skeletonization_time_ms': 60.100792, 'contour_analysis_time_ms': 348.241125, 'classification_time_ms': 747.144042}",2,not classified,False,
success,354a621e-0f54-479b-acd4-f0474ecc8d98,/opt/nuclio/shared_storage/mnist_all/2/mnist_test_2_01010.png,"{'skeletonization_time_ms': 45.15575, 'contour_analysis_time_ms': 303.070167, 'classification_time_ms': 451.265625}",2,6,False,
success,9740ece5-6e4c-4de6-9d4e-ae0912c185e0,/opt/nuclio/shared_storage/mnist_all/2/mnist_test_2_00667.png,"{'skeletonization_time_ms': 47.25975, 'contour_analysis_time_ms': 424.4495, 'classification_time_ms': 168.709417}",2,3,False,
success,cc112c4a-2cda-4a6b-9f37-403a40da06e3,/opt/nuclio/shared_storage/mnist_all/2/mnist_test_2_00843.png,"{'skeletonization_time_ms': 65.513625, 'contour_analysis_time_ms': 377.766, 'classification_time_ms': 303.113126}",2,4,False,
success,b5879eb5-1714-4ffd-8689-2cc17e571919,/opt/nuclio/shared_storage/mnist_all/2/mnist_test_2_00874.png,"{'skeletonization_time_ms': 142.077375, 'contour_analysis_time_ms': 382.2005, 'classification_time_ms': 375.039209}",2,6,False,
success,99baaf28-b197-4dd7-870c-cedb6d6c52e1,/opt/nuclio/shared_storage/mnist_all/2/mnist_test_2_00088.png,"{'skeletonization_time_ms': 63.2715, 'contour_analysis_time_ms': 183.600208, 'classification_time_ms': 122.537375}",2,7,False,
success,a1459869-9ac0-466a-9175-b21e30a63484,/opt/nuclio/shared_storage/mnist_all/2/mnist_test_2_00559.png,"{'skeletonization_time_ms': 61.092, 'contour_analysis_time_ms': 131.204, 'classification_time_ms': 314.863875}",2,6,False,
success,dc3ec5ee-c42a-41a4-ac16-8c5b0bbd05ac,/opt/nuclio/shared_storage/mnist_all/2/mnist_test_2_01006.png,"{'skeletonization_time_ms': 203.380292, 'contour_analysis_time_ms': 225.3245, 'classification_time_ms': 682.390751}",2,6,False,
success,9b8a694e-5033-4edf-a59c-02ccff7a7775,/opt/nuclio/shared_storage/mnist_all/2/mnist_test_2_00859.png,"{'skeletonization_time_ms': 41.6535, 'contour_analysis_time_ms': 1062.74675, 'classification_time_ms': 199.152625}",2,7,False,
success,58932039-9ac5-455c-a55f-d2efb807e010,/opt/nuclio/shared_storage/mnist_all/2/mnist_test_2_00441.png,"{'skeletonization_time_ms': 41.66175, 'contour_analysis_time_ms': 972.631458, 'classification_time_ms': 254.978958}",2,6,False,
success,9978a02c-a2e2-4a0b-a5ec-05fdecaef790,/opt/nuclio/shared_storage/mnist_all/2/mnist_test_2_00082.png,"{'skeletonization_time_ms': 102.135333, 'contour_analysis_time_ms': 1050.813917, 'classification_time_ms': 383.203084}",2,not classified,False,
success,f577c1bb-63dc-4295-b027-c99619c2541a,/opt/nuclio/shared_storage/mnist_all/2/mnist_test_2_00117.png,"{'skeletonization_time_ms': 64.081583, 'contour_analysis_time_ms': 270.711709, 'classification_time_ms': 293.187791}",2,6,False,
success,c45b8a21-4ca7-473a-8b10-173bccc5095e,/opt/nuclio/shared_storage/mnist_all/2/mnist_test_2_00710.png,"{'skeletonization_time_ms': 242.2685, 'contour_analysis_time_ms': 138.865792, 'classification_time_ms': 173.588542}",2,3,False,
success,f29fad22-d0fb-4ffd-969d-00146718a82c,/opt/nuclio/shared_storage/mnist_all/2/mnist_test_2_00865.png,"{'skeletonization_time_ms': 41.019333, 'contour_analysis_time_ms': 223.322208, 'classification_time_ms': 71.159959}",2,7,False,
success,1b7e7efc-5a9d-4a64-b110-0e9b32c2313b,/opt/nuclio/shared_storage/mnist_all/2/mnist_test_2_00653.png,"{'skeletonization_time_ms': 255.374292, 'contour_analysis_time_ms': 230.49425, 'classification_time_ms': 154.098}",2,7,False,
success,676b4d34-ae63-49b5-a47d-0c0b73a31d09,/opt/nuclio/shared_storage/mnist_all/2/mnist_test_2_00701.png,"{'skeletonization_time_ms': 67.545417, 'contour_analysis_time_ms': 205.913584, 'classification_time_ms': 109.431084}",2,7,False,
success,7c17b1c0-c903-4de8-8034-8e899577bfcd,/opt/nuclio/shared_storage/mnist_all/2/mnist_test_2_00901.png,"{'skeletonization_time_ms': 74.301958, 'contour_analysis_time_ms': 225.783084, 'classification_time_ms': 110.656708}",2,7,False,
success,f2894b22-cde2-4ca4-8979-13c54f59df18,/opt/nuclio/shared_storage/mnist_all/2/mnist_test_2_00674.png,"{'skeletonization_time_ms': 86.189875, 'contour_analysis_time_ms': 175.945583, 'classification_time_ms': 193.897375}",2,6,False,
success,abe062c5-138a-4ae4-b661-320922b10983,/opt/nuclio/shared_storage/mnist_all/2/mnist_test_2_00144.png,"{'skeletonization_time_ms': 49.783958, 'contour_analysis_time_ms': 220.968375, 'classification_time_ms': 285.543875}",2,6,False,
success,08db6757-60ea-4139-868c-6aceed110e08,/opt/nuclio/shared_storage/mnist_all/2/mnist_test_2_00137.png,"{'skeletonization_time_ms': 82.854958, 'contour_analysis_time_ms': 91.06175, 'classification_time_ms': 139.241}",2,7,False,
success,5d71ffb0-8c8c-4dd0-9046-896c6bf3ea9e,/opt/nuclio/shared_storage/mnist_all/2/mnist_test_2_00724.png,"{'skeletonization_time_ms': 57.501584, 'contour_analysis_time_ms': 173.643001, 'classification_time_ms': 97.08675}",2,7,False,
success,7719949a-b1e8-400b-a2e6-7e30f0b89f5e,/opt/nuclio/shared_storage/mnist_all/2/mnist_test_2_00932.png,"{'skeletonization_time_ms': 99.308583, 'contour_analysis_time_ms': 180.904375, 'classification_time_ms': 150.906334}",2,7,False,
success,faff4ff8-334e-4f16-9243-353204db23a9,/opt/nuclio/shared_storage/mnist_all/2/mnist_test_2_00482.png,"{'skeletonization_time_ms': 159.165875, 'contour_analysis_time_ms': 412.499167, 'classification_time_ms': 248.026625}",2,6,False,
success,689b6716-44df-4a47-9dd8-1331145d14ae,/opt/nuclio/shared_storage/mnist_all/2/mnist_test_2_00856.png,"{'skeletonization_time_ms': 47.246292, 'contour_analysis_time_ms': 129.939083, 'classification_time_ms': 105.745375}",2,7,False,
success,0de70e89-2d4f-4bf1-ba93-e9dede9774b3,/opt/nuclio/shared_storage/mnist_all/2/mnist_test_2_00891.png,"{'skeletonization_time_ms': 127.415208, 'contour_analysis_time_ms': 129.493584, 'classification_time_ms': 306.256041}",2,6,False,
success,02d3ca77-0082-4897-a99a-40c6dfe8de24,/opt/nuclio/shared_storage/mnist_all/2/mnist_test_2_00705.png,"{'skeletonization_time_ms': 140.592334, 'contour_analysis_time_ms': 138.118917, 'classification_time_ms': 130.705084}",2,7,False,
success,8dd87bb8-bfdf-4728-bb0d-4023f239a177,/opt/nuclio/shared_storage/mnist_all/2/mnist_test_2_00726.png,"{'skeletonization_time_ms': 68.963334, 'contour_analysis_time_ms': 132.413292, 'classification_time_ms': 128.237583}",2,7,False,
success,0cada3d3-3fa0-44d3-880e-ab073ecb2185,/opt/nuclio/shared_storage/mnist_all/2/mnist_test_2_00973.png,"{'skeletonization_time_ms': 111.461625, 'contour_analysis_time_ms': 236.705334, 'classification_time_ms': 302.4895}",2,6,False,
success,41556549-67b1-4cd8-b647-a26da3cd3307,/opt/nuclio/shared_storage/mnist_all/2/mnist_test_2_01009.png,"{'skeletonization_time_ms': 96.568, 'contour_analysis_time_ms': 259.991708, 'classification_time_ms': 224.643958}",2,6,False,
success,c7598ff6-207e-4bac-a91a-9199e9e87383,/opt/nuclio/shared_storage/mnist_all/2/mnist_test_2_00444.png,"{'skeletonization_time_ms': 73.355583, 'contour_analysis_time_ms': 170.225875, 'classification_time_ms': 165.063833}",2,3,False,
success,08bee583-0d26-4cac-8efe-cf903b7a96e6,/opt/nuclio/shared_storage/mnist_all/2/mnist_test_2_00421.png,"{'skeletonization_time_ms': 92.888291, 'contour_analysis_time_ms': 121.447916, 'classification_time_ms': 112.875792}",2,7,False,
success,2e4b5757-0def-453e-968b-8a284be918fa,/opt/nuclio/shared_storage/mnist_all/2/mnist_test_2_00190.png,"{'skeletonization_time_ms': 76.140916, 'contour_analysis_time_ms': 552.285875, 'classification_time_ms': 250.135666}",2,6,False,
success,65d088a7-16bc-4698-b94c-b0ac77a74605,/opt/nuclio/shared_storage/mnist_all/2/mnist_test_2_00906.png,"{'skeletonization_time_ms': 44.360625, 'contour_analysis_time_ms': 171.135084, 'classification_time_ms': 160.9955}",2,7,False,
success,43c9646f-d3c3-46a0-9d06-d781436d07e9,/opt/nuclio/shared_storage/mnist_all/2/mnist_test_2_00542.png,"{'skeletonization_time_ms': 61.676583, 'contour_analysis_time_ms': 192.119541, 'classification_time_ms': 83.188208}",2,7,False,
success,17ed9fac-cc9e-44a9-9d55-186702b7fd98,/opt/nuclio/shared_storage/mnist_all/2/mnist_test_2_00858.png,"{'skeletonization_time_ms': 52.048208, 'contour_analysis_time_ms': 155.177583, 'classification_time_ms': 343.230083}",2,6,False,
success,e37fa5b1-281e-4ef4-9002-4dfcfec65a6d,/opt/nuclio/shared_storage/mnist_all/2/mnist_test_2_00780.png,"{'skeletonization_time_ms': 205.627042, 'contour_analysis_time_ms': 318.260125, 'classification_time_ms': 76.459916}",2,7,False,
success,496d0d68-97f2-488a-a1fd-b74742db66d9,/opt/nuclio/shared_storage/mnist_all/2/mnist_test_2_00447.png,"{'skeletonization_time_ms': 40.336, 'contour_analysis_time_ms': 128.178042, 'classification_time_ms': 104.930875}",2,7,False,
success,12e0f514-8be4-44e3-a909-5b65f55d4b36,/opt/nuclio/shared_storage/mnist_all/2/mnist_test_2_00333.png,"{'skeletonization_time_ms': 66.808208, 'contour_analysis_time_ms': 153.360334, 'classification_time_ms': 123.912792}",2,7,False,
success,8d941d9e-6459-4821-bbd6-449cf2713b63,/opt/nuclio/shared_storage/mnist_all/2/mnist_test_2_00665.png,"{'skeletonization_time_ms': 48.83875, 'contour_analysis_time_ms': 95.174667, 'classification_time_ms': 136.913}",2,4,False,
success,665f103c-f9f4-4636-a626-c75c5af37590,/opt/nuclio/shared_storage/mnist_all/2/mnist_test_2_00265.png,"{'skeletonization_time_ms': 43.534709, 'contour_analysis_time_ms': 82.554875, 'classification_time_ms': 81.106791}",2,7,False,
success,0c8fd3d4-e431-469c-b9de-744f6b265d59,/opt/nuclio/shared_storage/mnist_all/2/mnist_test_2_00315.png,"{'skeletonization_time_ms': 37.268666, 'contour_analysis_time_ms': 176.290667, 'classification_time_ms': 124.430708}",2,7,False,
success,c5c13b1e-ce08-4950-a36d-7857490e9bcd,/opt/nuclio/shared_storage/mnist_all/2/mnist_test_2_00812.png,"{'skeletonization_time_ms': 36.99275, 'contour_analysis_time_ms': 373.352792, 'classification_time_ms': 123.497583}",2,7,False,
success,da5d2d48-c23b-4ee4-b2c1-43537e763112,/opt/nuclio/shared_storage/mnist_all/2/mnist_test_2_00768.png,"{'skeletonization_time_ms': 88.100417, 'contour_analysis_time_ms': 298.664458, 'classification_time_ms': 197.675958}",2,9,False,
success,d99680da-8fe8-4883-b4c6-455d46759d04,/opt/nuclio/shared_storage/mnist_all/2/mnist_test_2_00608.png,"{'skeletonization_time_ms': 88.3965, 'contour_analysis_time_ms': 118.6695, 'classification_time_ms': 97.686708}",2,3,False,
success,b35be00f-58a9-4646-88b3-f1bbabeb7cd4,/opt/nuclio/shared_storage/mnist_all/2/mnist_test_2_00118.png,"{'skeletonization_time_ms': 77.293875, 'contour_analysis_time_ms': 65.802375, 'classification_time_ms': 106.755709}",2,7,False,
success,8d5e6901-bf45-422c-a8ba-d018042fcc96,/opt/nuclio/shared_storage/mnist_all/2/mnist_test_2_01028.png,"{'skeletonization_time_ms': 89.148125, 'contour_analysis_time_ms': 236.377292, 'classification_time_ms': 157.660875}",2,7,False,
success,e26ff5f2-8af5-42e0-8146-7981174c817d,/opt/nuclio/shared_storage/mnist_all/2/mnist_test_2_00754.png,"{'skeletonization_time_ms': 50.84525, 'contour_analysis_time_ms': 74.718666, 'classification_time_ms': 66.747542}",2,7,False,
success,f949ad38-b91e-4e19-9232-e4c602ca6d36,/opt/nuclio/shared_storage/mnist_all/2/mnist_test_2_00811.png,"{'skeletonization_time_ms': 106.928416, 'contour_analysis_time_ms': 151.881791, 'classification_time_ms': 110.254584}",2,7,False,
success,13e67518-77a0-4dd2-825b-0ed3d114a09c,/opt/nuclio/shared_storage/mnist_all/2/mnist_test_2_00543.png,"{'skeletonization_time_ms': 65.586875, 'contour_analysis_time_ms': 357.748084, 'classification_time_ms': 116.512167}",2,7,False,
success,7d793d2a-e52f-42b0-95f9-b2e677b3c5ee,/opt/nuclio/shared_storage/mnist_all/2/mnist_test_2_00459.png,"{'skeletonization_time_ms': 63.2235, 'contour_analysis_time_ms': 228.322126, 'classification_time_ms': 144.629708}",2,5,False,
success,727a1812-5ee4-47da-b031-03564455e7bb,/opt/nuclio/shared_storage/mnist_all/2/mnist_test_2_00855.png,"{'skeletonization_time_ms': 52.067875, 'contour_analysis_time_ms': 102.415833, 'classification_time_ms': 66.392959}",2,7,False,
success,a162b08a-4d3d-4068-a1c4-e951692596a9,/opt/nuclio/shared_storage/mnist_all/2/mnist_test_2_00025.png,"{'skeletonization_time_ms': 92.971375, 'contour_analysis_time_ms': 208.696375, 'classification_time_ms': 124.447708}",2,3,False,
success,1679a86b-442c-4698-91fc-b63e954026f8,/opt/nuclio/shared_storage/mnist_all/2/mnist_test_2_00805.png,"{'skeletonization_time_ms': 119.46875, 'contour_analysis_time_ms': 542.904334, 'classification_time_ms': 423.008042}",2,6,False,
success,d55c35e5-2866-4c1c-9cad-6450e8c8a3a4,/opt/nuclio/shared_storage/mnist_all/2/mnist_test_2_00279.png,"{'skeletonization_time_ms': 59.994083, 'contour_analysis_time_ms': 217.775292, 'classification_time_ms': 218.554667}",2,3,False,
success,76ccd42f-60fc-4e0c-a57b-b87060004491,/opt/nuclio/shared_storage/mnist_all/3/mnist_test_3_00504.png,"{'skeletonization_time_ms': 52.527791, 'contour_analysis_time_ms': 233.150251, 'classification_time_ms': 272.637542}",3,1,False,
success,f7aecd45-7e48-45f5-8b8a-6228730cf230,/opt/nuclio/shared_storage/mnist_all/2/mnist_test_2_00708.png,"{'skeletonization_time_ms': 29.190209, 'contour_analysis_time_ms': 260.145667, 'classification_time_ms': 187.7465}",2,5,False,
success,3927be1f-4176-4b95-a436-18f03def91cf,/opt/nuclio/shared_storage/mnist_all/2/mnist_test_2_00062.png,"{'skeletonization_time_ms': 98.384708, 'contour_analysis_time_ms': 371.429501, 'classification_time_ms': 429.664958}",2,6,False,
success,527a197a-0c2c-471b-b2df-a53d6a18c918,/opt/nuclio/shared_storage/mnist_all/2/mnist_test_2_00647.png,"{'skeletonization_time_ms': 56.367667, 'contour_analysis_time_ms': 281.911041, 'classification_time_ms': 231.922417}",2,not classified,False,
success,8b223ba7-02e1-42ba-9be6-1f88a0dc98d6,/opt/nuclio/shared_storage/mnist_all/2/mnist_test_2_00806.png,"{'skeletonization_time_ms': 49.411041, 'contour_analysis_time_ms': 150.505708, 'classification_time_ms': 158.334292}",2,7,False,
success,9e868360-448f-4298-97a8-6d675ffe408d,/opt/nuclio/shared_storage/mnist_all/2/mnist_test_2_00356.png,"{'skeletonization_time_ms': 80.623583, 'contour_analysis_time_ms': 191.423416, 'classification_time_ms': 297.845084}",2,9,False,
success,9ed7fc54-8c16-4121-99b9-881c79e58b5c,/opt/nuclio/shared_storage/mnist_all/2/mnist_test_2_01029.png,"{'skeletonization_time_ms': 213.500875, 'contour_analysis_time_ms': 99.571917, 'classification_time_ms': 267.001042}",2,6,False,
success,ca97ffd7-4d1a-45df-ae3c-95c864a548a8,/opt/nuclio/shared_storage/mnist_all/2/mnist_test_2_00683.png,"{'skeletonization_time_ms': 87.668542, 'contour_analysis_time_ms': 292.949959, 'classification_time_ms': 157.902292}",2,7,False,
success,20951a7a-8b7a-4033-a6a8-45d475bad70d,/opt/nuclio/shared_storage/mnist_all/2/mnist_test_2_00757.png,"{'skeletonization_time_ms': 44.661459, 'contour_analysis_time_ms': 177.532042, 'classification_time_ms': 178.846833}",2,3,False,
success,a3b9d979-cce1-4a7c-9368-0240f9f5511c,/opt/nuclio/shared_storage/mnist_all/2/mnist_test_2_00931.png,"{'skeletonization_time_ms': 61.856417, 'contour_analysis_time_ms': 154.261542, 'classification_time_ms': 247.748751}",2,6,False,
success,0a6ce8fd-2069-4fa9-85da-cce4953b0557,/opt/nuclio/shared_storage/mnist_all/2/mnist_test_2_00036.png,"{'skeletonization_time_ms': 54.332959, 'contour_analysis_time_ms': 118.658417, 'classification_time_ms': 58.969333}",2,1,False,
success,2833e9f3-8742-46e6-a597-c5c5c047aded,/opt/nuclio/shared_storage/mnist_all/2/mnist_test_2_00122.png,"{'skeletonization_time_ms': 62.178292, 'contour_analysis_time_ms': 121.4145, 'classification_time_ms': 207.157459}",2,6,False,
success,75a75ae3-4629-4387-9d9d-67575d0dcd2d,/opt/nuclio/shared_storage/mnist_all/2/mnist_test_2_00540.png,"{'skeletonization_time_ms': 91.889584, 'contour_analysis_time_ms': 92.777583, 'classification_time_ms': 147.872792}",2,7,False,
success,4be1ea8f-33d9-4f04-b557-762a7503db2a,/opt/nuclio/shared_storage/mnist_all/2/mnist_test_2_00287.png,"{'skeletonization_time_ms': 41.737125, 'contour_analysis_time_ms': 104.388792, 'classification_time_ms': 256.991042}",2,not classified,False,
success,27df58c4-414e-4586-bae0-830f2bf84165,/opt/nuclio/shared_storage/mnist_all/2/mnist_test_2_00425.png,"{'skeletonization_time_ms': 223.501292, 'contour_analysis_time_ms': 301.191209, 'classification_time_ms': 110.185208}",2,7,False,
success,36e85a12-6926-4494-96a8-4e5de2de09b4,/opt/nuclio/shared_storage/mnist_all/2/mnist_test_2_00129.png,"{'skeletonization_time_ms': 57.050291, 'contour_analysis_time_ms': 98.001584, 'classification_time_ms': 150.556959}",2,4,False,
success,e15c494b-0b4b-4baa-b7e3-ef5590717e72,/opt/nuclio/shared_storage/mnist_all/3/mnist_test_3_00313.png,"{'skeletonization_time_ms': 27.159667, 'contour_analysis_time_ms': 112.754209, 'classification_time_ms': 93.094042}",3,7,False,
success,e3af2d4d-3ff8-410b-b586-8be79b56a714,/opt/nuclio/shared_storage/mnist_all/2/mnist_test_2_00928.png,"{'skeletonization_time_ms': 39.931792, 'contour_analysis_time_ms': 137.824542, 'classification_time_ms': 103.80975}",2,7,False,
success,728b0256-925f-415b-819c-b0011373c6bd,/opt/nuclio/shared_storage/mnist_all/2/mnist_test_2_00814.png,"{'skeletonization_time_ms': 73.627667, 'contour_analysis_time_ms': 148.033333, 'classification_time_ms': 133.191584}",2,7,False,
success,62adf920-b9e0-4f69-b8b5-b08c4775ee7f,/opt/nuclio/shared_storage/mnist_all/2/mnist_test_2_00268.png,"{'skeletonization_time_ms': 70.419792, 'contour_analysis_time_ms': 124.693458, 'classification_time_ms': 105.477}",2,7,False,
success,e59f589e-1037-4eb3-9a65-9bcfb1439279,/opt/nuclio/shared_storage/mnist_all/3/mnist_test_3_00100.png,"{'skeletonization_time_ms': 265.727625, 'contour_analysis_time_ms': 80.408375, 'classification_time_ms': 130.665083}",3,9,False,
success,d789ff0e-d3b0-46a2-aae6-07456b9c3ab5,/opt/nuclio/shared_storage/mnist_all/3/mnist_test_3_00307.png,"{'skeletonization_time_ms': 89.217916, 'contour_analysis_time_ms': 141.336, 'classification_time_ms': 33.258167}",3,7,False,
success,5e2d972d-0c0a-4bd1-bff5-d274c9d22470,/opt/nuclio/shared_storage/mnist_all/2/mnist_test_2_00095.png,"{'skeletonization_time_ms': 73.713208, 'contour_analysis_time_ms': 270.109583, 'classification_time_ms': 193.16075}",2,6,False,
success,b8203e1b-0490-4560-a6c8-06b48f8221ae,/opt/nuclio/shared_storage/mnist_all/2/mnist_test_2_00740.png,"{'skeletonization_time_ms': 44.285875, 'contour_analysis_time_ms': 165.691792, 'classification_time_ms': 57.573917}",2,7,False,
success,94ab6ec9-7e2e-4eaf-ad79-c672cf0090b5,/opt/nuclio/shared_storage/mnist_all/2/mnist_test_2_00557.png,"{'skeletonization_time_ms': 57.212083, 'contour_analysis_time_ms': 229.576875, 'classification_time_ms': 433.180959}",2,6,False,
success,4abc6c3b-9904-40eb-a3e3-e3c00c5397c3,/opt/nuclio/shared_storage/mnist_all/2/mnist_test_2_00468.png,"{'skeletonization_time_ms': 82.915833, 'contour_analysis_time_ms': 246.350417, 'classification_time_ms': 246.052709}",2,7,False,
success,a9be1689-c349-4e09-8afc-1a9f510a38fb,/opt/nuclio/shared_storage/mnist_all/2/mnist_test_2_00787.png,"{'skeletonization_time_ms': 28.905625, 'contour_analysis_time_ms': 417.971417, 'classification_time_ms': 185.079917}",2,7,False,
success,700532ba-1d43-43e4-8765-c5a77532305e,/opt/nuclio/shared_storage/mnist_all/2/mnist_test_2_00707.png,"{'skeletonization_time_ms': 49.874625, 'contour_analysis_time_ms': 267.430041, 'classification_time_ms': 132.976959}",2,7,False,
success,aa0434df-6d68-4829-aa7e-c08795a9e96a,/opt/nuclio/shared_storage/mnist_all/2/mnist_test_2_00261.png,"{'skeletonization_time_ms': 78.986208, 'contour_analysis_time_ms': 250.488875, 'classification_time_ms': 219.815292}",2,7,False,
success,a1376ce5-8251-4b07-84ff-6c00833ca35d,/opt/nuclio/shared_storage/mnist_all/2/mnist_test_2_00725.png,"{'skeletonization_time_ms': 224.976459, 'contour_analysis_time_ms': 173.806208, 'classification_time_ms': 172.800417}",2,7,False,
success,e06706c7-50b9-4c28-87b3-57b17d51c262,/opt/nuclio/shared_storage/mnist_all/2/mnist_test_2_00150.png,"{'skeletonization_time_ms': 43.16725, 'contour_analysis_time_ms': 198.352667, 'classification_time_ms': 315.5095}",2,3,False,
success,8bc365a4-9007-44e7-8565-3bea99b96174,/opt/nuclio/shared_storage/mnist_all/2/mnist_test_2_00745.png,"{'skeletonization_time_ms': 36.94175, 'contour_analysis_time_ms': 147.841417, 'classification_time_ms': 173.038834}",2,7,False,
success,73fd5b2b-9812-4393-be5a-49dfcd9470e3,/opt/nuclio/shared_storage/mnist_all/2/mnist_test_2_00693.png,"{'skeletonization_time_ms': 37.227083, 'contour_analysis_time_ms': 255.498041, 'classification_time_ms': 102.20725}",2,7,False,
success,30992ea4-2716-4d18-967e-222d0698a35f,/opt/nuclio/shared_storage/mnist_all/2/mnist_test_2_00397.png,"{'skeletonization_time_ms': 59.725833, 'contour_analysis_time_ms': 240.272917, 'classification_time_ms': 272.843583}",2,6,False,
success,f0a60916-baff-4c26-ba84-cd3912a07ab2,/opt/nuclio/shared_storage/mnist_all/2/mnist_test_2_00817.png,"{'skeletonization_time_ms': 59.397375, 'contour_analysis_time_ms': 124.642583, 'classification_time_ms': 135.116583}",2,7,False,
success,be32949c-9700-41b3-916b-c93099b6d585,/opt/nuclio/shared_storage/mnist_all/3/mnist_test_3_00869.png,"{'skeletonization_time_ms': 58.681875, 'contour_analysis_time_ms': 152.001917, 'classification_time_ms': 337.013}",3,9,False,
success,8fedefd4-377b-4e55-9ace-090ad4d48c30,/opt/nuclio/shared_storage/mnist_all/2/mnist_test_2_00009.png,"{'skeletonization_time_ms': 63.799583, 'contour_analysis_time_ms': 164.704958, 'classification_time_ms': 135.912625}",2,3,False,
success,89b6bddb-d54b-409d-b8c2-36fffdc5317d,/opt/nuclio/shared_storage/mnist_all/2/mnist_test_2_00625.png,"{'skeletonization_time_ms': 109.131292, 'contour_analysis_time_ms': 175.278833, 'classification_time_ms': 176.465458}",2,5,False,
success,9d75f9cc-90b2-44a9-be01-8eb37c7e2043,/opt/nuclio/shared_storage/mnist_all/2/mnist_test_2_00492.png,"{'skeletonization_time_ms': 85.031167, 'contour_analysis_time_ms': 126.430792, 'classification_time_ms': 266.775291}",2,6,False,
success,0e095ce5-3cf2-493b-9de2-2adf77db95dc,/opt/nuclio/shared_storage/mnist_all/2/mnist_test_2_00221.png,"{'skeletonization_time_ms': 28.311875, 'contour_analysis_time_ms': 196.847208, 'classification_time_ms': 202.406167}",2,7,False,
success,e9fc3c7e-45d3-4cf5-80de-985ea81161eb,/opt/nuclio/shared_storage/mnist_all/2/mnist_test_2_00143.png,"{'skeletonization_time_ms': 35.202292, 'contour_analysis_time_ms': 355.2345, 'classification_time_ms': 239.1405}",2,6,False,
success,edd7cabd-9c04-4050-9c53-e9a48e13f4c9,/opt/nuclio/shared_storage/mnist_all/2/mnist_test_2_00792.png,"{'skeletonization_time_ms': 99.691292, 'contour_analysis_time_ms': 182.969542, 'classification_time_ms': 207.735875}",2,7,False,
success,51679bb8-3013-495f-bc33-2dd7ba928de9,/opt/nuclio/shared_storage/mnist_all/2/mnist_test_2_00783.png,"{'skeletonization_time_ms': 63.720125, 'contour_analysis_time_ms': 138.154, 'classification_time_ms': 76.828916}",2,7,False,
success,43653006-2302-4381-8f0d-1714cd553847,/opt/nuclio/shared_storage/mnist_all/2/mnist_test_2_00867.png,"{'skeletonization_time_ms': 59.1495, 'contour_analysis_time_ms': 171.210625, 'classification_time_ms': 93.790833}",2,7,False,
success,a5bfa213-6860-4b51-89cc-9af16edc1caa,/opt/nuclio/shared_storage/mnist_all/2/mnist_test_2_00899.png,"{'skeletonization_time_ms': 126.872959, 'contour_analysis_time_ms': 187.789708, 'classification_time_ms': 181.25925}",2,3,False,
success,d8b277be-e7e6-4db6-9a9d-653a111a656e,/opt/nuclio/shared_storage/mnist_all/2/mnist_test_2_00519.png,"{'skeletonization_time_ms': 201.519167, 'contour_analysis_time_ms': 405.035208, 'classification_time_ms': 275.336375}",2,6,False,
success,cf4b0733-4a2a-4e7f-ad37-f7822aa9b461,/opt/nuclio/shared_storage/mnist_all/2/mnist_test_2_00537.png,"{'skeletonization_time_ms': 107.682042, 'contour_analysis_time_ms': 143.837166, 'classification_time_ms': 94.426042}",2,7,False,
success,9709d2f3-b64f-4158-8340-22db68a6a2b2,/opt/nuclio/shared_storage/mnist_all/2/mnist_test_2_00069.png,"{'skeletonization_time_ms': 43.930208, 'contour_analysis_time_ms': 379.039458, 'classification_time_ms': 345.447751}",2,6,False,
success,09335d11-8760-45fc-ac3d-0df04b7b2c87,/opt/nuclio/shared_storage/mnist_all/2/mnist_test_2_00915.png,"{'skeletonization_time_ms': 37.021083, 'contour_analysis_time_ms': 213.809708, 'classification_time_ms': 196.606083}",2,7,False,
success,813a98d7-ef70-446a-a7a0-3eac90d3c5cd,/opt/nuclio/shared_storage/mnist_all/2/mnist_test_2_00536.png,"{'skeletonization_time_ms': 118.852042, 'contour_analysis_time_ms': 234.509125, 'classification_time_ms': 146.215167}",2,7,False,
success,5e13c298-0f77-4b8e-8721-270b45fece20,/opt/nuclio/shared_storage/mnist_all/2/mnist_test_2_00179.png,"{'skeletonization_time_ms': 44.4805, 'contour_analysis_time_ms': 204.45525, 'classification_time_ms': 224.362416}",2,3,False,
success,52254f12-44a9-468b-8b7e-55b21b4d0af5,/opt/nuclio/shared_storage/mnist_all/2/mnist_test_2_00782.png,"{'skeletonization_time_ms': 98.936833, 'contour_analysis_time_ms': 158.496625, 'classification_time_ms': 238.915459}",2,6,False,
success,aef70097-e6ba-42be-984f-d90566dbecec,/opt/nuclio/shared_storage/mnist_all/2/mnist_test_2_00860.png,"{'skeletonization_time_ms': 156.991875, 'contour_analysis_time_ms': 148.690792, 'classification_time_ms': 74.830333}",2,7,False,
success,6e0c3347-d9cc-4085-a46e-32497e3f4d03,/opt/nuclio/shared_storage/mnist_all/2/mnist_test_2_00971.png,"{'skeletonization_time_ms': 192.867, 'contour_analysis_time_ms': 250.238375, 'classification_time_ms': 333.495458}",2,6,False,
success,be3c9c36-9612-46b9-8d77-76f6bc830462,/opt/nuclio/shared_storage/mnist_all/2/mnist_test_2_00810.png,"{'skeletonization_time_ms': 93.561501, 'contour_analysis_time_ms': 318.615167, 'classification_time_ms': 85.808666}",2,7,False,
success,2ba38c99-447f-44ae-aa78-23aa0a6056ac,/opt/nuclio/shared_storage/mnist_all/2/mnist_test_2_00220.png,"{'skeletonization_time_ms': 48.958667, 'contour_analysis_time_ms': 266.778667, 'classification_time_ms': 179.408041}",2,7,False,
success,e7b8df5b-e184-4488-a76e-3e1c06d69395,/opt/nuclio/shared_storage/mnist_all/2/mnist_test_2_00958.png,"{'skeletonization_time_ms': 62.275584, 'contour_analysis_time_ms': 86.908459, 'classification_time_ms': 197.224291}",2,7,False,
success,6e4c37fd-3e03-46d7-a3c1-d7a03745184d,/opt/nuclio/shared_storage/mnist_all/2/mnist_test_2_00450.png,"{'skeletonization_time_ms': 74.919375, 'contour_analysis_time_ms': 215.355292, 'classification_time_ms': 119.677958}",2,7,False,
success,4d4b0b8c-5d16-45ca-9537-67fc3e090c8a,/opt/nuclio/shared_storage/mnist_all/2/mnist_test_2_00684.png,"{'skeletonization_time_ms': 52.047209, 'contour_analysis_time_ms': 226.915584, 'classification_time_ms': 122.240917}",2,7,False,
success,ec920678-54e8-4e5a-828b-a7964f767f1c,/opt/nuclio/shared_storage/mnist_all/2/mnist_test_2_00424.png,"{'skeletonization_time_ms': 32.265459, 'contour_analysis_time_ms': 174.102291, 'classification_time_ms': 100.11725}",2,7,False,
success,ab30ce94-f695-41d7-89ef-8b599661d6de,/opt/nuclio/shared_storage/mnist_all/2/mnist_test_2_00862.png,"{'skeletonization_time_ms': 50.091709, 'contour_analysis_time_ms': 116.505584, 'classification_time_ms': 227.804458}",2,7,False,
success,5585b330-375c-4e1a-bcd0-9ea84060cc2b,/opt/nuclio/shared_storage/mnist_all/2/mnist_test_2_00541.png,"{'skeletonization_time_ms': 39.781333, 'contour_analysis_time_ms': 319.496542, 'classification_time_ms': 155.660084}",2,3,False,
success,2d1f2d40-37d8-4424-b624-2810e539c052,/opt/nuclio/shared_storage/mnist_all/2/mnist_test_2_00430.png,"{'skeletonization_time_ms': 123.225667, 'contour_analysis_time_ms': 215.914916, 'classification_time_ms': 182.457333}",2,3,False,
success,68ee742f-882d-447e-897b-278fb1d54203,/opt/nuclio/shared_storage/mnist_all/2/mnist_test_2_00816.png,"{'skeletonization_time_ms': 53.077, 'contour_analysis_time_ms': 141.310625, 'classification_time_ms': 129.591917}",2,7,False,
success,01d998d6-ce91-4f18-ab60-6a651fcd81f7,/opt/nuclio/shared_storage/mnist_all/2/mnist_test_2_00747.png,"{'skeletonization_time_ms': 54.223041, 'contour_analysis_time_ms': 213.490166, 'classification_time_ms': 302.338042}",2,7,False,
success,46a5ac4a-50d2-43cf-b13f-a84dec00af43,/opt/nuclio/shared_storage/mnist_all/2/mnist_test_2_00746.png,"{'skeletonization_time_ms': 87.561542, 'contour_analysis_time_ms': 186.993083, 'classification_time_ms': 107.408875}",2,7,False,
success,3c70e470-53d5-44bd-b5b9-0bedfe80a520,/opt/nuclio/shared_storage/mnist_all/2/mnist_test_2_00235.png,"{'skeletonization_time_ms': 51.938459, 'contour_analysis_time_ms': 185.806001, 'classification_time_ms': 115.475583}",2,7,False,
success,97cf2e34-30bb-4982-bbbd-500f228c456b,/opt/nuclio/shared_storage/mnist_all/3/mnist_test_3_00161.png,"{'skeletonization_time_ms': 82.771708, 'contour_analysis_time_ms': 182.087459, 'classification_time_ms': 128.76725}",3,7,False,
success,6062f5da-7dc1-4840-b60f-0c3bc6593e23,/opt/nuclio/shared_storage/mnist_all/2/mnist_test_2_00742.png,"{'skeletonization_time_ms': 48.210416, 'contour_analysis_time_ms': 163.64425, 'classification_time_ms': 103.063709}",2,7,False,
success,9ea8440e-c127-4b45-b4a7-2c8421893727,/opt/nuclio/shared_storage/mnist_all/2/mnist_test_2_00813.png,"{'skeletonization_time_ms': 35.041875, 'contour_analysis_time_ms': 81.155834, 'classification_time_ms': 132.088875}",2,7,False,
success,4518c2f5-c499-4a64-81a0-c7760a89205e,/opt/nuclio/shared_storage/mnist_all/2/mnist_test_2_00781.png,"{'skeletonization_time_ms': 45.759375, 'contour_analysis_time_ms': 198.052709, 'classification_time_ms': 260.393917}",2,6,False,
success,6d1db224-28bd-4ede-8f0f-f0c4e7d0a801,/opt/nuclio/shared_storage/mnist_all/2/mnist_test_2_00151.png,"{'skeletonization_time_ms': 32.466417, 'contour_analysis_time_ms': 204.771916, 'classification_time_ms': 111.235917}",2,7,False,
success,652f8353-7cf9-458b-8519-83df00ab6a3e,/opt/nuclio/shared_storage/mnist_all/2/mnist_test_2_00861.png,"{'skeletonization_time_ms': 159.098292, 'contour_analysis_time_ms': 261.887334, 'classification_time_ms': 94.040291}",2,7,False,
success,a15080c7-a990-432b-8a1d-5f712c5e87ed,/opt/nuclio/shared_storage/mnist_all/2/mnist_test_2_00752.png,"{'skeletonization_time_ms': 140.27925, 'contour_analysis_time_ms': 143.562375, 'classification_time_ms': 184.835}",2,7,False,
success,f5aa2807-4d47-47f3-ba9d-aadfcdd2a202,/opt/nuclio/shared_storage/mnist_all/2/mnist_test_2_00236.png,"{'skeletonization_time_ms': 69.068417, 'contour_analysis_time_ms': 176.5595, 'classification_time_ms': 189.883167}",2,6,False,
success,bfa92f7e-d3a7-4ec1-8efc-bcffe96e0e53,/opt/nuclio/shared_storage/mnist_all/2/mnist_test_2_00998.png,"{'skeletonization_time_ms': 32.24525, 'contour_analysis_time_ms': 245.274208, 'classification_time_ms': 58.472625}",2,7,False,
success,57062a3a-ddcc-49c9-9af9-9e52b771e21d,/opt/nuclio/shared_storage/mnist_all/2/mnist_test_2_00807.png,"{'skeletonization_time_ms': 33.62325, 'contour_analysis_time_ms': 178.33525, 'classification_time_ms': 59.175958}",2,7,False,
success,1befde72-9103-40ce-a19d-01dae68a01a7,/opt/nuclio/shared_storage/mnist_all/3/mnist_test_3_00993.png,"{'skeletonization_time_ms': 115.518459, 'contour_analysis_time_ms': 172.591417, 'classification_time_ms': 357.859584}",3,9,False,
success,89d019d6-cb4e-48c3-a958-817a4694f719,/opt/nuclio/shared_storage/mnist_all/2/mnist_test_2_00569.png,"{'skeletonization_time_ms': 71.439167, 'contour_analysis_time_ms': 227.410917, 'classification_time_ms': 112.507334}",2,7,False,
success,0a0b8b25-ca8f-4f9e-afa0-bff5e94d0142,/opt/nuclio/shared_storage/mnist_all/2/mnist_test_2_00153.png,"{'skeletonization_time_ms': 56.168917, 'contour_analysis_time_ms': 185.000459, 'classification_time_ms': 245.133667}",2,6,False,
success,0ac0b1f3-5f9d-4b59-a346-4edf3f64abd3,/opt/nuclio/shared_storage/mnist_all/2/mnist_test_2_00618.png,"{'skeletonization_time_ms': 52.982666, 'contour_analysis_time_ms': 168.310542, 'classification_time_ms': 132.441}",2,7,False,
success,66d28ea1-cc9e-46c2-b80f-f79a81f5f614,/opt/nuclio/shared_storage/mnist_all/2/mnist_test_2_00234.png,"{'skeletonization_time_ms': 76.261375, 'contour_analysis_time_ms': 216.405125, 'classification_time_ms': 181.408001}",2,7,False,
success,e99fcdd5-9ae8-42a9-9441-327491271592,/opt/nuclio/shared_storage/mnist_all/2/mnist_test_2_00156.png,"{'skeletonization_time_ms': 112.892375, 'contour_analysis_time_ms': 84.670875, 'classification_time_ms': 314.922917}",2,6,False,
success,d7750745-517e-4df1-a3d1-fb59a1d0e424,/opt/nuclio/shared_storage/mnist_all/3/mnist_test_3_00770.png,"{'skeletonization_time_ms': 129.695375, 'contour_analysis_time_ms': 136.887083, 'classification_time_ms': 190.415167}",3,2,False,
success,4b047ccc-0673-49ea-a337-10a7f731dad9,/opt/nuclio/shared_storage/mnist_all/3/mnist_test_3_00840.png,"{'skeletonization_time_ms': 48.983125, 'contour_analysis_time_ms': 201.344292, 'classification_time_ms': 170.274042}",3,5,False,
success,787eb650-783c-4f5a-9b0d-de47d4a05bc6,/opt/nuclio/shared_storage/mnist_all/2/mnist_test_2_00008.png,"{'skeletonization_time_ms': 139.51275, 'contour_analysis_time_ms': 224.415542, 'classification_time_ms': 266.579792}",2,6,False,
success,489d43e7-9dbf-4b5b-b5bc-412429b5c90f,/opt/nuclio/shared_storage/mnist_all/3/mnist_test_3_00604.png,"{'skeletonization_time_ms': 68.027667, 'contour_analysis_time_ms': 191.85275, 'classification_time_ms': 215.875458}",3,6,False,
success,b83eed29-2eb5-4f9b-accd-c4c0a243c5bd,/opt/nuclio/shared_storage/mnist_all/3/mnist_test_3_00510.png,"{'skeletonization_time_ms': 54.768916, 'contour_analysis_time_ms': 415.199916, 'classification_time_ms': 251.428334}",3,1,False,
success,0841152c-f10b-4333-ba48-97bd35d6f3d7,/opt/nuclio/shared_storage/mnist_all/2/mnist_test_2_00394.png,"{'skeletonization_time_ms': 39.272834, 'contour_analysis_time_ms': 209.215834, 'classification_time_ms': 271.929042}",2,7,False,
success,0b0c484a-f731-4ad1-b3b0-79273523f406,/opt/nuclio/shared_storage/mnist_all/3/mnist_test_3_00153.png,"{'skeletonization_time_ms': 76.504042, 'contour_analysis_time_ms': 214.579375, 'classification_time_ms': 39.928916}",3,7,False,
success,a9c2e262-33dd-45a5-8562-0fcdc6f4376d,/opt/nuclio/shared_storage/mnist_all/3/mnist_test_3_00868.png,"{'skeletonization_time_ms': 50.72425, 'contour_analysis_time_ms': 192.965751, 'classification_time_ms': 488.684375}",3,9,False,
success,1ce6ee01-8154-4aab-9ff3-836bfb8426e1,/opt/nuclio/shared_storage/mnist_all/3/mnist_test_3_00039.png,"{'skeletonization_time_ms': 55.614417, 'contour_analysis_time_ms': 248.752625, 'classification_time_ms': 165.223375}",3,5,False,
success,629f1fb4-13aa-4c1b-83ad-565d97e01183,/opt/nuclio/shared_storage/mnist_all/3/mnist_test_3_00831.png,"{'skeletonization_time_ms': 62.288125, 'contour_analysis_time_ms': 189.680667, 'classification_time_ms': 256.559125}",3,9,False,
success,74f06f77-2193-41b1-80ea-7e45a2156c68,/opt/nuclio/shared_storage/mnist_all/3/mnist_test_3_00594.png,"{'skeletonization_time_ms': 118.186458, 'contour_analysis_time_ms': 163.531958, 'classification_time_ms': 104.314625}",3,5,False,
success,ca354dc9-20da-4c75-8e67-f6f88f6cb113,/opt/nuclio/shared_storage/mnist_all/3/mnist_test_3_00505.png,"{'skeletonization_time_ms': 120.811542, 'contour_analysis_time_ms': 194.889126, 'classification_time_ms': 216.663084}",3,6,False,
success,1bac4446-3444-4b92-9eb7-cb86c00b0c4a,/opt/nuclio/shared_storage/mnist_all/3/mnist_test_3_00789.png,"{'skeletonization_time_ms': 30.945292, 'contour_analysis_time_ms': 186.298626, 'classification_time_ms': 77.561166}",3,5,False,
success,1b019bd5-350d-4df0-a76f-b39d863bec4e,/opt/nuclio/shared_storage/mnist_all/3/mnist_test_3_00983.png,"{'skeletonization_time_ms': 113.432459, 'contour_analysis_time_ms': 96.513583, 'classification_time_ms': 465.961083}",3,6,False,
success,3eaf6843-bb6b-406d-86c9-1354586cd4e1,/opt/nuclio/shared_storage/mnist_all/3/mnist_test_3_00931.png,"{'skeletonization_time_ms': 56.695666, 'contour_analysis_time_ms': 124.469083, 'classification_time_ms': 678.170542}",3,6,False,
success,f5ada413-1026-49da-b584-9292ada87b41,/opt/nuclio/shared_storage/mnist_all/3/mnist_test_3_00793.png,"{'skeletonization_time_ms': 72.661625, 'contour_analysis_time_ms': 186.066583, 'classification_time_ms': 313.727}",3,9,False,
success,c32db86a-a816-47a6-9c3d-50fa6573738d,/opt/nuclio/shared_storage/mnist_all/3/mnist_test_3_00511.png,"{'skeletonization_time_ms': 82.20475, 'contour_analysis_time_ms': 200.959125, 'classification_time_ms': 166.993166}",3,7,False,
success,9327ef24-e328-4a82-bda5-f23ff16573b8,/opt/nuclio/shared_storage/mnist_all/3/mnist_test_3_00186.png,"{'skeletonization_time_ms': 49.674916, 'contour_analysis_time_ms': 171.176416, 'classification_time_ms': 119.871333}",3,5,False,
success,6a8df3c9-d2e5-45b3-be23-d0d8ba78be3c,/opt/nuclio/shared_storage/mnist_all/3/mnist_test_3_00507.png,"{'skeletonization_time_ms': 91.962875, 'contour_analysis_time_ms': 150.436792, 'classification_time_ms': 399.147833}",3,6,False,
success,c93c3cb5-523e-412f-8fb2-5a37eaeeb5bd,/opt/nuclio/shared_storage/mnist_all/3/mnist_test_3_00834.png,"{'skeletonization_time_ms': 38.584417, 'contour_analysis_time_ms': 217.795666, 'classification_time_ms': 348.092458}",3,5,False,
success,625e4700-069a-4925-8432-a19b1fada933,/opt/nuclio/shared_storage/mnist_all/3/mnist_test_3_00832.png,"{'skeletonization_time_ms': 68.238125, 'contour_analysis_time_ms': 314.433917, 'classification_time_ms': 240.042375}",3,9,False,
success,210eaaef-98fc-4281-b3b3-02cb0ee66c92,/opt/nuclio/shared_storage/mnist_all/3/mnist_test_3_00490.png,"{'skeletonization_time_ms': 200.700626, 'contour_analysis_time_ms': 154.807292, 'classification_time_ms': 103.880792}",3,7,False,
success,1d3ccb8d-f22b-4280-9419-4d663bf3fb5d,/opt/nuclio/shared_storage/mnist_all/3/mnist_test_3_00579.png,"{'skeletonization_time_ms': 91.897166, 'contour_analysis_time_ms': 127.557791, 'classification_time_ms': 121.763708}",3,5,False,
success,00f763ba-2305-4aa3-ade1-1d95529a69e5,/opt/nuclio/shared_storage/mnist_all/3/mnist_test_3_00008.png,"{'skeletonization_time_ms': 47.093125, 'contour_analysis_time_ms': 250.400625, 'classification_time_ms': 129.180583}",3,7,False,
success,ce9a2ba7-19ae-4735-9c79-10c43803e958,/opt/nuclio/shared_storage/mnist_all/3/mnist_test_3_00290.png,"{'skeletonization_time_ms': 35.315875, 'contour_analysis_time_ms': 456.340376, 'classification_time_ms': 206.078458}",3,9,False,
success,5665f103-5287-4fe4-9481-8b4ead67c257,/opt/nuclio/shared_storage/mnist_all/3/mnist_test_3_00509.png,"{'skeletonization_time_ms': 38.569041, 'contour_analysis_time_ms': 358.723042, 'classification_time_ms': 462.632541}",3,6,False,
success,f6abe233-1c53-474d-b1f8-a3b50a2d419d,/opt/nuclio/shared_storage/mnist_all/3/mnist_test_3_00981.png,"{'skeletonization_time_ms': 62.597958, 'contour_analysis_time_ms': 183.185209, 'classification_time_ms': 948.337125}",3,9,False,
success,fd57c5ed-b3af-4cc6-9003-208af7ef20ae,/opt/nuclio/shared_storage/mnist_all/3/mnist_test_3_00457.png,"{'skeletonization_time_ms': 75.33825, 'contour_analysis_time_ms': 353.730292, 'classification_time_ms': 324.701}",3,4,False,
success,9afae568-2ead-45ef-963a-aa0f3de380f5,/opt/nuclio/shared_storage/mnist_all/4/mnist_test_4_00014.png,"{'skeletonization_time_ms': 76.601833, 'contour_analysis_time_ms': 412.832375, 'classification_time_ms': 112.775125}",4,7,False,
success,bc5b0e3b-3eb2-4fea-b297-72436a3ee3c6,/opt/nuclio/shared_storage/mnist_all/3/mnist_test_3_00695.png,"{'skeletonization_time_ms': 112.170417, 'contour_analysis_time_ms': 304.313459, 'classification_time_ms': 126.7615}",3,4,False,
success,feda0674-d71b-4eb4-ab43-18a872782c57,/opt/nuclio/shared_storage/mnist_all/4/mnist_test_4_00016.png,"{'skeletonization_time_ms': 36.334, 'contour_analysis_time_ms': 199.351125, 'classification_time_ms': 84.640625}",4,5,False,
success,3a104706-8976-4143-b43c-f18d315ec032,/opt/nuclio/shared_storage/mnist_all/4/mnist_test_4_00405.png,"{'skeletonization_time_ms': 30.416916, 'contour_analysis_time_ms': 170.593251, 'classification_time_ms': 68.297708}",4,7,False,
success,3c255458-377c-4d93-ac39-dff17701f2ca,/opt/nuclio/shared_storage/mnist_all/3/mnist_test_3_00902.png,"{'skeletonization_time_ms': 53.895542, 'contour_analysis_time_ms': 156.041542, 'classification_time_ms': 221.83675}",3,7,False,
success,94dc0d42-f1b4-4ef7-bd1b-7a952f8cc250,/opt/nuclio/shared_storage/mnist_all/4/mnist_test_4_00029.png,"{'skeletonization_time_ms': 115.526292, 'contour_analysis_time_ms': 402.005417, 'classification_time_ms': 71.723459}",4,7,False,
success,5d230c55-84d7-485d-9e08-4ea0e62816b0,/opt/nuclio/shared_storage/mnist_all/4/mnist_test_4_00403.png,"{'skeletonization_time_ms': 54.723166, 'contour_analysis_time_ms': 160.7475, 'classification_time_ms': 73.105458}",4,1,False,
success,0ef56288-7cc6-406d-bab5-396ee2448192,/opt/nuclio/shared_storage/mnist_all/3/mnist_test_3_00094.png,"{'skeletonization_time_ms': 79.962126, 'contour_analysis_time_ms': 314.158042, 'classification_time_ms': 415.330375}",3,6,False,
success,56cc2774-84a8-495e-b7a5-a13f1873c0ca,/opt/nuclio/shared_storage/mnist_all/4/mnist_test_4_00957.png,"{'skeletonization_time_ms': 32.5275, 'contour_analysis_time_ms': 382.92625, 'classification_time_ms': 150.107667}",4,1,False,
success,ed468dec-cc32-4046-ae75-fcf97bdeec69,/opt/nuclio/shared_storage/mnist_all/3/mnist_test_3_00860.png,"{'skeletonization_time_ms': 77.657958, 'contour_analysis_time_ms': 167.6195, 'classification_time_ms': 65.658667}",3,7,False,
success,0f95f44e-0603-4461-8d18-eabf0c366d88,/opt/nuclio/shared_storage/mnist_all/3/mnist_test_3_00791.png,"{'skeletonization_time_ms': 56.333584, 'contour_analysis_time_ms': 276.032583, 'classification_time_ms': 282.781459}",3,9,False,
success,a1d46e3d-9e07-4715-a43c-5f45fe8ee8f1,/opt/nuclio/shared_storage/mnist_all/4/mnist_test_4_00573.png,"{'skeletonization_time_ms': 50.215375, 'contour_analysis_time_ms': 188.205459, 'classification_time_ms': 82.92925}",4,1,False,
success,0bbb2c1d-3bca-4f22-934e-f0fe188732f2,/opt/nuclio/shared_storage/mnist_all/3/mnist_test_3_00651.png,"{'skeletonization_time_ms': 187.983125, 'contour_analysis_time_ms': 213.023333, 'classification_time_ms': 369.340167}",3,9,False,
success,e82b8f09-6c95-41db-8122-d1a480de13b8,/opt/nuclio/shared_storage/mnist_all/3/mnist_test_3_00331.png,"{'skeletonization_time_ms': 38.035125, 'contour_analysis_time_ms': 286.278501, 'classification_time_ms': 470.261041}",3,6,False,
success,46ebd6cf-2ba4-433c-908f-220fac6ba42c,/opt/nuclio/shared_storage/mnist_all/4/mnist_test_4_00943.png,"{'skeletonization_time_ms': 28.664334, 'contour_analysis_time_ms': 187.750417, 'classification_time_ms': 76.564875}",4,7,False,
success,4f1af75e-6d0b-483f-b51f-c0e86ee881f0,/opt/nuclio/shared_storage/mnist_all/3/mnist_test_3_00080.png,"{'skeletonization_time_ms': 65.620917, 'contour_analysis_time_ms': 172.640333, 'classification_time_ms': 60.679667}",3,7,False,
success,e72a00f3-8657-4f62-9e78-2a29ca338484,/opt/nuclio/shared_storage/mnist_all/4/mnist_test_4_00204.png,"{'skeletonization_time_ms': 32.5265, 'contour_analysis_time_ms': 138.191458, 'classification_time_ms': 63.232375}",4,1,False,
success,041b26c2-4fcc-44ea-b9fe-065950883d6d,/opt/nuclio/shared_storage/mnist_all/4/mnist_test_4_00955.png,"{'skeletonization_time_ms': 47.282208, 'contour_analysis_time_ms': 81.1985, 'classification_time_ms': 58.017167}",4,1,False,
success,0365dbe1-e9bf-4c15-8304-4303b054665d,/opt/nuclio/shared_storage/mnist_all/4/mnist_test_4_00239.png,"{'skeletonization_time_ms': 67.37025, 'contour_analysis_time_ms': 231.876625, 'classification_time_ms': 87.422083}",4,7,False,
success,669ee5b9-9006-4470-91b7-194791ba2844,/opt/nuclio/shared_storage/mnist_all/4/mnist_test_4_00173.png,"{'skeletonization_time_ms': 78.038416, 'contour_analysis_time_ms': 269.644708, 'classification_time_ms': 95.086709}",4,1,False,
success,f2130843-f971-41bd-a106-71356942c709,/opt/nuclio/shared_storage/mnist_all/4/mnist_test_4_00665.png,"{'skeletonization_time_ms': 40.268542, 'contour_analysis_time_ms': 202.984708, 'classification_time_ms': 133.476292}",4,1,False,
success,b032a29f-c728-41f3-aad2-1831305f949c,/opt/nuclio/shared_storage/mnist_all/4/mnist_test_4_00953.png,"{'skeletonization_time_ms': 40.85525, 'contour_analysis_time_ms': 149.014584, 'classification_time_ms': 58.664083}",4,1,False,
success,205dfa8e-e721-4d07-92a2-cda5dd6adc19,/opt/nuclio/shared_storage/mnist_all/4/mnist_test_4_00908.png,"{'skeletonization_time_ms': 44.932834, 'contour_analysis_time_ms': 304.014459, 'classification_time_ms': 153.055416}",4,1,False,
success,18de6604-4a48-4be6-96df-8bea40ff6d60,/opt/nuclio/shared_storage/mnist_all/4/mnist_test_4_00248.png,"{'skeletonization_time_ms': 64.529542, 'contour_analysis_time_ms': 249.218209, 'classification_time_ms': 107.3075}",4,7,False,
success,c8520736-e54d-44c4-ab16-99e7c9cd457f,/opt/nuclio/shared_storage/mnist_all/4/mnist_test_4_00886.png,"{'skeletonization_time_ms': 55.059583, 'contour_analysis_time_ms': 107.008708, 'classification_time_ms': 104.843208}",4,5,False,
success,3e6cdb0c-15eb-4a11-a277-bd7f016b875f,/opt/nuclio/shared_storage/mnist_all/4/mnist_test_4_00167.png,"{'skeletonization_time_ms': 51.0305, 'contour_analysis_time_ms': 161.747667, 'classification_time_ms': 115.066416}",4,7,False,
success,e0375bbd-5d78-437a-a049-dce0a4408b0a,/opt/nuclio/shared_storage/mnist_all/4/mnist_test_4_00416.png,"{'skeletonization_time_ms': 62.948167, 'contour_analysis_time_ms': 236.193375, 'classification_time_ms': 119.704459}",4,7,False,
success,e39d0afd-9450-44fe-a01e-7986cfad5ac5,/opt/nuclio/shared_storage/mnist_all/4/mnist_test_4_00163.png,"{'skeletonization_time_ms': 39.188542, 'contour_analysis_time_ms': 327.878375, 'classification_time_ms': 222.358542}",4,9,False,
success,b2119af0-56b5-439c-9ec8-7e4ab8730858,/opt/nuclio/shared_storage/mnist_all/4/mnist_test_4_00277.png,"{'skeletonization_time_ms': 70.92025, 'contour_analysis_time_ms': 275.841126, 'classification_time_ms': 92.574166}",4,7,False,
success,28061910-6850-4ffe-9973-648b29af6fc4,/opt/nuclio/shared_storage/mnist_all/4/mnist_test_4_00677.png,"{'skeletonization_time_ms': 54.179333, 'contour_analysis_time_ms': 220.393541, 'classification_time_ms': 147.01725}",4,5,False,
success,b54a8549-d174-4ad6-9099-00a678c486e0,/opt/nuclio/shared_storage/mnist_all/4/mnist_test_4_00128.png,"{'skeletonization_time_ms': 46.334292, 'contour_analysis_time_ms': 236.0765, 'classification_time_ms': 121.204}",4,7,False,
success,81b2a491-c59c-40a3-bac8-7147152544dc,/opt/nuclio/shared_storage/mnist_all/4/mnist_test_4_00429.png,"{'skeletonization_time_ms': 75.955875, 'contour_analysis_time_ms': 184.624375, 'classification_time_ms': 113.932167}",4,9,False,
success,6e0c71c7-02aa-4ae8-b232-f819f1bca8e0,/opt/nuclio/shared_storage/mnist_all/4/mnist_test_4_00571.png,"{'skeletonization_time_ms': 33.474875, 'contour_analysis_time_ms': 196.732542, 'classification_time_ms': 107.690208}",4,1,False,
success,e8c579f7-5d99-41d5-8160-887abbccf224,/opt/nuclio/shared_storage/mnist_all/4/mnist_test_4_00798.png,"{'skeletonization_time_ms': 26.034709, 'contour_analysis_time_ms': 160.334833, 'classification_time_ms': 194.432958}",4,1,False,
success,47870292-9cb6-4948-995b-9089a04d922a,/opt/nuclio/shared_storage/mnist_all/4/mnist_test_4_00717.png,"{'skeletonization_time_ms': 35.832166, 'contour_analysis_time_ms': 100.979875, 'classification_time_ms': 179.429084}",4,1,False,
success,d832c73e-481f-42b5-bca0-07ab35f94dc8,/opt/nuclio/shared_storage/mnist_all/4/mnist_test_4_00438.png,"{'skeletonization_time_ms': 33.994958, 'contour_analysis_time_ms': 150.303792, 'classification_time_ms': 168.568125}",4,7,False,
success,59d4c5c0-0dbc-42a3-b7d0-0ea11c8efc2a,/opt/nuclio/shared_storage/mnist_all/4/mnist_test_4_00952.png,"{'skeletonization_time_ms': 43.898042, 'contour_analysis_time_ms': 158.763875, 'classification_time_ms': 80.722}",4,1,False,
success,2f7548ac-d757-432c-a784-ffea960bb2a5,/opt/nuclio/shared_storage/mnist_all/4/mnist_test_4_00162.png,"{'skeletonization_time_ms': 60.893083, 'contour_analysis_time_ms': 149.303819, 'classification_time_ms': 168.229666}",4,5,False,
success,e6df916d-8cf0-4d6d-af1e-dca2fe7302d2,/opt/nuclio/shared_storage/mnist_all/4/mnist_test_4_00473.png,"{'skeletonization_time_ms': 81.343708, 'contour_analysis_time_ms': 191.736917, 'classification_time_ms': 302.783875}",4,5,False,
success,5cbb85e6-1137-4a66-91b9-52b778a5a991,/opt/nuclio/shared_storage/mnist_all/4/mnist_test_4_00076.png,"{'skeletonization_time_ms': 33.429875, 'contour_analysis_time_ms': 122.483875, 'classification_time_ms': 106.845125}",4,9,False,
success,7db14c99-ecca-4ed1-bed2-43ed65ceaddd,/opt/nuclio/shared_storage/mnist_all/4/mnist_test_4_00138.png,"{'skeletonization_time_ms': 99.824959, 'contour_analysis_time_ms': 158.570208, 'classification_time_ms': 50.732416}",4,9,False,
success,3846c407-f7d3-4f43-abc8-51175ccf9939,/opt/nuclio/shared_storage/mnist_all/4/mnist_test_4_00881.png,"{'skeletonization_time_ms': 69.440209, 'contour_analysis_time_ms': 131.470292, 'classification_time_ms': 152.557709}",4,5,False,
success,6eb4f543-0736-4cf2-ad59-0dbe13f397ae,/opt/nuclio/shared_storage/mnist_all/4/mnist_test_4_00073.png,"{'skeletonization_time_ms': 72.550375, 'contour_analysis_time_ms': 106.114375, 'classification_time_ms': 89.964875}",4,7,False,
success,8aee4d91-fb8c-4cbd-8f44-51fd91df46ff,/opt/nuclio/shared_storage/mnist_all/4/mnist_test_4_00301.png,"{'skeletonization_time_ms': 138.31225, 'contour_analysis_time_ms': 187.083417, 'classification_time_ms': 149.966042}",4,5,False,
success,e548ca7e-4809-4f61-abe8-642af8ca4e6b,/opt/nuclio/shared_storage/mnist_all/4/mnist_test_4_00673.png,"{'skeletonization_time_ms': 102.079458, 'contour_analysis_time_ms': 272.938041, 'classification_time_ms': 52.307959}",4,1,False,
success,a1b347f0-7369-4147-a116-3fa79b3dc765,/opt/nuclio/shared_storage/mnist_all/4/mnist_test_4_00328.png,"{'skeletonization_time_ms': 38.839041, 'contour_analysis_time_ms': 180.859417, 'classification_time_ms': 102.1955}",4,1,False,
success,85fe2431-de44-4aed-8d51-f050724c01d7,/opt/nuclio/shared_storage/mnist_all/4/mnist_test_4_00317.png,"{'skeletonization_time_ms': 51.370875, 'contour_analysis_time_ms': 120.234917, 'classification_time_ms': 197.764292}",4,7,False,
success,e17a856f-60ee-4836-970a-5cc652b24665,/opt/nuclio/shared_storage/mnist_all/4/mnist_test_4_00942.png,"{'skeletonization_time_ms': 54.868208, 'contour_analysis_time_ms': 157.203667, 'classification_time_ms': 213.25025}",4,7,False,
success,db253607-1ab1-4c91-836c-42f2c0cef843,/opt/nuclio/shared_storage/mnist_all/4/mnist_test_4_00847.png,"{'skeletonization_time_ms': 39.596458, 'contour_analysis_time_ms': 115.604125, 'classification_time_ms': 105.874208}",4,1,False,
success,e2f7ed3b-11d3-4329-9e40-b78bfffaa4fe,/opt/nuclio/shared_storage/mnist_all/4/mnist_test_4_00281.png,"{'skeletonization_time_ms': 43.475625, 'contour_analysis_time_ms': 105.439167, 'classification_time_ms': 245.949542}",4,7,False,
success,6993fa28-1aaf-45c5-8cf6-67628a9ff27f,/opt/nuclio/shared_storage/mnist_all/4/mnist_test_4_00777.png,"{'skeletonization_time_ms': 50.181, 'contour_analysis_time_ms': 253.318959, 'classification_time_ms': 79.8115}",4,7,False,
success,82ea6b5e-f059-4c3a-afbb-2eda0cc64548,/opt/nuclio/shared_storage/mnist_all/4/mnist_test_4_00462.png,"{'skeletonization_time_ms': 36.539, 'contour_analysis_time_ms': 232.036917, 'classification_time_ms': 70.107417}",4,7,False,
success,d2b5dba2-7ca5-4b93-a374-7f72db65ea29,/opt/nuclio/shared_storage/mnist_all/4/mnist_test_4_00934.png,"{'skeletonization_time_ms': 77.631625, 'contour_analysis_time_ms': 265.500459, 'classification_time_ms': 169.545083}",4,1,False,
success,e0469364-7ba6-4295-b78c-a3c9581c2a2a,/opt/nuclio/shared_storage/mnist_all/4/mnist_test_4_00417.png,"{'skeletonization_time_ms': 62.365792, 'contour_analysis_time_ms': 133.429416, 'classification_time_ms': 59.644416}",4,1,False,
success,5e5ce813-8ad4-4ce6-af13-02030a5c200c,/opt/nuclio/shared_storage/mnist_all/4/mnist_test_4_00099.png,"{'skeletonization_time_ms': 78.203666, 'contour_analysis_time_ms': 243.649209, 'classification_time_ms': 123.885917}",4,7,False,
success,754b6d1e-55cd-4c8b-97d6-664e1e4908ad,/opt/nuclio/shared_storage/mnist_all/4/mnist_test_4_00725.png,"{'skeletonization_time_ms': 86.301625, 'contour_analysis_time_ms': 140.009834, 'classification_time_ms': 77.399292}",4,1,False,
success,b87caeab-1c3c-4c15-b82d-22f2d70b737f,/opt/nuclio/shared_storage/mnist_all/4/mnist_test_4_00276.png,"{'skeletonization_time_ms': 139.259333, 'contour_analysis_time_ms': 126.957542, 'classification_time_ms': 148.496375}",4,2,False,
success,c31ef9a4-eba1-4506-b770-164942bd8466,/opt/nuclio/shared_storage/mnist_all/4/mnist_test_4_00312.png,"{'skeletonization_time_ms': 181.696125, 'contour_analysis_time_ms': 223.892167, 'classification_time_ms': 234.130709}",4,9,False,
success,aea66811-83cc-43ec-bccd-11e1c96cb4f9,/opt/nuclio/shared_storage/mnist_all/4/mnist_test_4_00288.png,"{'skeletonization_time_ms': 49.131667, 'contour_analysis_time_ms': 126.6475, 'classification_time_ms': 59.855917}",4,7,False,
success,c74f3c56-6e21-4397-a8c9-c99adb7a8b38,/opt/nuclio/shared_storage/mnist_all/4/mnist_test_4_00474.png,"{'skeletonization_time_ms': 219.279291, 'contour_analysis_time_ms': 113.745167, 'classification_time_ms': 97.139416}",4,7,False,
success,bd216e8d-49a5-485f-8eab-3181c8dfa7fc,/opt/nuclio/shared_storage/mnist_all/4/mnist_test_4_00852.png,"{'skeletonization_time_ms': 259.969333, 'contour_analysis_time_ms': 123.988708, 'classification_time_ms': 102.07525}",4,7,False,
success,374ca9de-fb62-4e6a-b644-2c11b9e44e41,/opt/nuclio/shared_storage/mnist_all/4/mnist_test_4_00498.png,"{'skeletonization_time_ms': 45.8615, 'contour_analysis_time_ms': 132.717834, 'classification_time_ms': 150.418458}",4,7,False,
success,3a1cda69-c6c7-4243-bf0f-3fd1554deb96,/opt/nuclio/shared_storage/mnist_all/4/mnist_test_4_00492.png,"{'skeletonization_time_ms': 47.408792, 'contour_analysis_time_ms': 181.0685, 'classification_time_ms': 73.862917}",4,1,False,
success,c24e8417-ac28-4467-b4a0-a4bacca5ed95,/opt/nuclio/shared_storage/mnist_all/4/mnist_test_4_00675.png,"{'skeletonization_time_ms': 71.187459, 'contour_analysis_time_ms': 90.245584, 'classification_time_ms': 81.292917}",4,7,False,
success,3358f78b-b654-4703-8a32-2622433a1405,/opt/nuclio/shared_storage/mnist_all/4/mnist_test_4_00882.png,"{'skeletonization_time_ms': 104.670125, 'contour_analysis_time_ms': 151.012541, 'classification_time_ms': 57.920458}",4,1,False,
success,33c43474-0b4f-4dd0-809d-abea69ddbb58,/opt/nuclio/shared_storage/mnist_all/4/mnist_test_4_00321.png,"{'skeletonization_time_ms': 34.357, 'contour_analysis_time_ms': 137.695875, 'classification_time_ms': 105.174625}",4,7,False,
success,9498770a-b77b-48d4-a8e7-109fb1de5eb0,/opt/nuclio/shared_storage/mnist_all/4/mnist_test_4_00041.png,"{'skeletonization_time_ms': 80.614709, 'contour_analysis_time_ms': 169.010916, 'classification_time_ms': 155.465417}",4,7,False,
success,66f802eb-15b7-4567-97ba-1e20591fa54a,/opt/nuclio/shared_storage/mnist_all/4/mnist_test_4_00646.png,"{'skeletonization_time_ms': 40.270125, 'contour_analysis_time_ms': 319.552834, 'classification_time_ms': 114.773667}",4,5,False,
success,d22db1d9-4dd4-46a4-9d39-da91f3ed52eb,/opt/nuclio/shared_storage/mnist_all/4/mnist_test_4_00674.png,"{'skeletonization_time_ms': 163.513917, 'contour_analysis_time_ms': 381.188292, 'classification_time_ms': 134.0905}",4,7,False,
success,f2660032-c5ea-4d3f-9281-dc1505ac4e03,/opt/nuclio/shared_storage/mnist_all/4/mnist_test_4_00259.png,"{'skeletonization_time_ms': 44.356625, 'contour_analysis_time_ms': 247.321208, 'classification_time_ms': 190.256666}",4,7,False,
success,8499255a-9b04-49f4-a43f-b7dde1babc20,/opt/nuclio/shared_storage/mnist_all/4/mnist_test_4_00912.png,"{'skeletonization_time_ms': 102.267583, 'contour_analysis_time_ms': 218.478792, 'classification_time_ms': 102.677334}",4,1,False,
success,908e2b5a-4693-4c6d-b948-f01ea7c5d916,/opt/nuclio/shared_storage/mnist_all/4/mnist_test_4_00306.png,"{'skeletonization_time_ms': 66.127208, 'contour_analysis_time_ms': 154.034458, 'classification_time_ms': 119.093916}",4,7,False,
success,bac8baf0-ca19-4833-ba01-70e6130fa9d9,/opt/nuclio/shared_storage/mnist_all/4/mnist_test_4_00884.png,"{'skeletonization_time_ms': 30.690791, 'contour_analysis_time_ms': 204.955167, 'classification_time_ms': 85.186042}",4,1,False,
success,8c33ad2c-de16-4669-81b2-02a434ca4c62,/opt/nuclio/shared_storage/mnist_all/4/mnist_test_4_00489.png,"{'skeletonization_time_ms': 54.418084, 'contour_analysis_time_ms': 235.354333, 'classification_time_ms': 157.669459}",4,9,False,
success,ccd0cdf6-a509-4f87-b159-545e1b3028d5,/opt/nuclio/shared_storage/mnist_all/4/mnist_test_4_00910.png,"{'skeletonization_time_ms': 78.288625, 'contour_analysis_time_ms': 250.853791, 'classification_time_ms': 135.193167}",4,5,False,
success,082f02d9-cb53-4749-896f-ad8be55ca767,/opt/nuclio/shared_storage/mnist_all/4/mnist_test_4_00453.png,"{'skeletonization_time_ms': 179.67975, 'contour_analysis_time_ms': 267.14325, 'classification_time_ms': 136.190583}",4,7,False,
success,0d47dc00-79ce-42ed-bd58-1a47945d7cb3,/opt/nuclio/shared_storage/mnist_all/4/mnist_test_4_00132.png,"{'skeletonization_time_ms': 102.001416, 'contour_analysis_time_ms': 266.345209, 'classification_time_ms': 77.121583}",4,7,False,
success,420f930e-e925-4876-a570-f14fa8156fc6,/opt/nuclio/shared_storage/mnist_all/4/mnist_test_4_00907.png,"{'skeletonization_time_ms': 98.38175, 'contour_analysis_time_ms': 127.602166, 'classification_time_ms': 122.444833}",4,5,False,
success,b8032541-e4d8-44d9-8b7d-a4271f782ca8,/opt/nuclio/shared_storage/mnist_all/4/mnist_test_4_00067.png,"{'skeletonization_time_ms': 46.57325, 'contour_analysis_time_ms': 137.511333, 'classification_time_ms': 181.005583}",4,5,False,
success,a6aebb58-01f5-447e-996e-54d46cd3b639,/opt/nuclio/shared_storage/mnist_all/4/mnist_test_4_00736.png,"{'skeletonization_time_ms': 73.289667, 'contour_analysis_time_ms': 166.521876, 'classification_time_ms': 141.389083}",4,1,False,
success,3737452c-4919-4eb9-ae3a-f7a2cf0695c9,/opt/nuclio/shared_storage/mnist_all/4/mnist_test_4_00508.png,"{'skeletonization_time_ms': 60.289834, 'contour_analysis_time_ms': 142.55075, 'classification_time_ms': 117.145334}",4,7,False,
success,9f3388d1-3f8e-43e2-ac0e-c3cfadbf11bf,/opt/nuclio/shared_storage/mnist_all/4/mnist_test_4_00529.png,"{'skeletonization_time_ms': 86.42225, 'contour_analysis_time_ms': 218.905334, 'classification_time_ms': 147.046667}",4,2,False,
success,c87a8d65-5215-4fc0-998d-792152daf0ae,/opt/nuclio/shared_storage/mnist_all/4/mnist_test_4_00095.png,"{'skeletonization_time_ms': 30.733667, 'contour_analysis_time_ms': 162.760042, 'classification_time_ms': 94.294042}",4,5,False,
success,40c4ca5f-5816-42fe-bda9-78b797a786f6,/opt/nuclio/shared_storage/mnist_all/4/mnist_test_4_00098.png,"{'skeletonization_time_ms': 31.271209, 'contour_analysis_time_ms': 135.712542, 'classification_time_ms': 123.696833}",4,7,False,
success,4a6cfd1f-a9e7-45a5-a0d0-4b9c947375ec,/opt/nuclio/shared_storage/mnist_all/4/mnist_test_4_00270.png,"{'skeletonization_time_ms': 94.3165, 'contour_analysis_time_ms': 103.999541, 'classification_time_ms': 83.364833}",4,7,False,
success,9c678d32-89c9-4de0-801d-c8c5d207d815,/opt/nuclio/shared_storage/mnist_all/4/mnist_test_4_00456.png,"{'skeletonization_time_ms': 83.710542, 'contour_analysis_time_ms': 172.199125, 'classification_time_ms': 64.020792}",4,7,False,
success,ace3c121-bdf2-4dde-bcd5-d363e1b15a9d,/opt/nuclio/shared_storage/mnist_all/4/mnist_test_4_00050.png,"{'skeletonization_time_ms': 45.073375, 'contour_analysis_time_ms': 130.944792, 'classification_time_ms': 96.072875}",4,7,False,
success,08975c97-4aa1-4f1d-afbd-0e44e30f7547,/opt/nuclio/shared_storage/mnist_all/4/mnist_test_4_00255.png,"{'skeletonization_time_ms': 71.650833, 'contour_analysis_time_ms': 136.167708, 'classification_time_ms': 158.160625}",4,7,False,
success,f6fb7eea-942c-4218-8d17-2dda104bc630,/opt/nuclio/shared_storage/mnist_all/4/mnist_test_4_00481.png,"{'skeletonization_time_ms': 66.095583, 'contour_analysis_time_ms': 236.553834, 'classification_time_ms': 66.734792}",4,1,False,
success,e7ee1573-b1ad-4803-b04a-904ea97fda39,/opt/nuclio/shared_storage/mnist_all/4/mnist_test_4_00730.png,"{'skeletonization_time_ms': 43.313708, 'contour_analysis_time_ms': 179.075125, 'classification_time_ms': 63.00425}",4,1,False,
success,97770303-e892-44b8-9d93-40434bda0264,/opt/nuclio/shared_storage/mnist_all/4/mnist_test_4_00640.png,"{'skeletonization_time_ms': 74.815959, 'contour_analysis_time_ms': 146.554125, 'classification_time_ms': 81.129083}",4,1,False,
success,590467b2-1b24-42a3-958f-3fbba339f517,/opt/nuclio/shared_storage/mnist_all/4/mnist_test_4_00939.png,"{'skeletonization_time_ms': 33.740917, 'contour_analysis_time_ms': 269.0285, 'classification_time_ms': 163.539042}",4,1,False,
success,02680e2e-6d66-4e0c-a09c-ed0ae8ff41ee,/opt/nuclio/shared_storage/mnist_all/4/mnist_test_4_00452.png,"{'skeletonization_time_ms': 58.539583, 'contour_analysis_time_ms': 103.7345, 'classification_time_ms': 86.295416}",4,5,False,
success,fcd41f3c-e7bf-494e-9fab-4b2b75eade37,/opt/nuclio/shared_storage/mnist_all/4/mnist_test_4_00490.png,"{'skeletonization_time_ms': 59.117792, 'contour_analysis_time_ms': 147.224792, 'classification_time_ms': 88.376333}",4,1,False,
success,4dde6b9d-a46d-4e62-8710-1da34715900e,/opt/nuclio/shared_storage/mnist_all/4/mnist_test_4_00441.png,"{'skeletonization_time_ms': 166.026583, 'contour_analysis_time_ms': 131.781167, 'classification_time_ms': 78.610584}",4,7,False,
success,95bf064e-4e9c-4edd-b3cb-8d50cebebb0a,/opt/nuclio/shared_storage/mnist_all/4/mnist_test_4_00447.png,"{'skeletonization_time_ms': 60.823333, 'contour_analysis_time_ms': 102.602042, 'classification_time_ms': 165.870542}",4,9,False,
success,904f3cf9-91fa-4ed4-8afa-b09211a36811,/opt/nuclio/shared_storage/mnist_all/4/mnist_test_4_00134.png,"{'skeletonization_time_ms': 39.770792, 'contour_analysis_time_ms': 83.073125, 'classification_time_ms': 125.199458}",4,7,False,
success,b56d805f-1d6e-4016-8db7-1f9d3645ac82,/opt/nuclio/shared_storage/mnist_all/4/mnist_test_4_00269.png,"{'skeletonization_time_ms': 47.928959, 'contour_analysis_time_ms': 251.434, 'classification_time_ms': 103.207125}",4,9,False,
success,a106b605-a084-4814-a5fa-b2471fe5f5fa,/opt/nuclio/shared_storage/mnist_all/4/mnist_test_4_00722.png,"{'skeletonization_time_ms': 105.635375, 'contour_analysis_time_ms': 235.838709, 'classification_time_ms': 95.356708}",4,7,False,
success,f29c799b-5b80-4ae4-ae25-b0c4eca5a1b5,/opt/nuclio/shared_storage/mnist_all/4/mnist_test_4_00292.png,"{'skeletonization_time_ms': 32.869, 'contour_analysis_time_ms': 169.919791, 'classification_time_ms': 126.841042}",4,1,False,
success,015c7851-779e-4297-a38a-1428ae540088,/opt/nuclio/shared_storage/mnist_all/4/mnist_test_4_00495.png,"{'skeletonization_time_ms': 52.563291, 'contour_analysis_time_ms': 182.270167, 'classification_time_ms': 71.58025}",4,1,False,
success,aa641b65-9e99-4f7b-8eb0-aaf6b90fd24c,/opt/nuclio/shared_storage/mnist_all/4/mnist_test_4_00072.png,"{'skeletonization_time_ms': 45.255958, 'contour_analysis_time_ms': 165.923958, 'classification_time_ms': 62.501583}",4,1,False,
success,a38268ae-7066-465c-9729-aa29515f05fb,/opt/nuclio/shared_storage/mnist_all/4/mnist_test_4_00325.png,"{'skeletonization_time_ms': 57.667208, 'contour_analysis_time_ms': 85.782292, 'classification_time_ms': 138.634042}",4,1,False,
success,a732d735-9d5c-45c1-8577-7b631f1cd582,/opt/nuclio/shared_storage/mnist_all/4/mnist_test_4_00257.png,"{'skeletonization_time_ms': 49.22075, 'contour_analysis_time_ms': 208.994042, 'classification_time_ms': 107.472375}",4,7,False,
success,1d365b40-d2af-471a-bfdf-4bb826ae64e0,/opt/nuclio/shared_storage/mnist_all/4/mnist_test_4_00051.png,"{'skeletonization_time_ms': 33.994084, 'contour_analysis_time_ms': 120.218916, 'classification_time_ms': 60.713792}",4,1,False,
success,3a89b07c-c841-4cd0-8fec-7d62e4c528a8,/opt/nuclio/shared_storage/mnist_all/4/mnist_test_4_00911.png,"{'skeletonization_time_ms': 29.378208, 'contour_analysis_time_ms': 128.009625, 'classification_time_ms': 116.817}",4,5,False,
success,b15c2dce-28f4-4a0e-8d6e-be475564f025,/opt/nuclio/shared_storage/mnist_all/4/mnist_test_4_00127.png,"{'skeletonization_time_ms': 45.682666, 'contour_analysis_time_ms': 143.041041, 'classification_time_ms': 130.147792}",4,7,False,
success,a732639c-2041-49e6-b09f-7ff05a829d68,/opt/nuclio/shared_storage/mnist_all/4/mnist_test_4_00938.png,"{'skeletonization_time_ms': 78.902959, 'contour_analysis_time_ms': 125.350916, 'classification_time_ms': 203.426333}",4,2,False,
success,b36d1d1b-66df-4b7d-92b8-0cb8f0dd0614,/opt/nuclio/shared_storage/mnist_all/4/mnist_test_4_00035.png,"{'skeletonization_time_ms': 39.636667, 'contour_analysis_time_ms': 201.650625, 'classification_time_ms': 118.266875}",4,7,False,
success,ed903d29-d28d-4007-a67b-a5615b4773b9,/opt/nuclio/shared_storage/mnist_all/4/mnist_test_4_00479.png,"{'skeletonization_time_ms': 48.882167, 'contour_analysis_time_ms': 204.528375, 'classification_time_ms': 71.901}",4,7,False,
success,68970eb5-a7c5-4aa4-b991-7df78399cc36,/opt/nuclio/shared_storage/mnist_all/4/mnist_test_4_00332.png,"{'skeletonization_time_ms': 43.902208, 'contour_analysis_time_ms': 114.245, 'classification_time_ms': 151.102751}",4,5,False,
success,8b010303-e1ff-40a1-bbc5-c6292806720f,/opt/nuclio/shared_storage/mnist_all/4/mnist_test_4_00723.png,"{'skeletonization_time_ms': 62.920958, 'contour_analysis_time_ms': 163.371958, 'classification_time_ms': 79.46275}",4,7,False,
success,07310631-9e07-44cb-b7b3-e3b56f0c9bc4,/opt/nuclio/shared_storage/mnist_all/4/mnist_test_4_00829.png,"{'skeletonization_time_ms': 70.644875, 'contour_analysis_time_ms': 105.477875, 'classification_time_ms': 262.32}",4,2,False,
success,420310ad-9ae4-4cd9-94db-1b914ff11faf,/opt/nuclio/shared_storage/mnist_all/4/mnist_test_4_00734.png,"{'skeletonization_time_ms': 108.243416, 'contour_analysis_time_ms': 177.585334, 'classification_time_ms': 139.829625}",4,1,False,
success,3354de99-5125-4243-bd30-c207a2a18ba0,/opt/nuclio/shared_storage/mnist_all/4/mnist_test_4_00905.png,"{'skeletonization_time_ms': 31.546208, 'contour_analysis_time_ms': 208.234875, 'classification_time_ms': 152.109}",4,1,False,
success,59189976-5a35-445c-bda4-6ce635e350d2,/opt/nuclio/shared_storage/mnist_all/4/mnist_test_4_00801.png,"{'skeletonization_time_ms': 96.585708, 'contour_analysis_time_ms': 101.037459, 'classification_time_ms': 74.476708}",4,1,False,
success,325eeea7-8320-4252-b65a-45ece699a868,/opt/nuclio/shared_storage/mnist_all/4/mnist_test_4_00753.png,"{'skeletonization_time_ms': 29.471375, 'contour_analysis_time_ms': 135.695667, 'classification_time_ms': 87.28075}",4,1,False,
success,42eeb01c-f840-4d06-9d23-b9ec6bedc30e,/opt/nuclio/shared_storage/mnist_all/4/mnist_test_4_00906.png,"{'skeletonization_time_ms': 45.46425, 'contour_analysis_time_ms': 121.998625, 'classification_time_ms': 88.765667}",4,7,False,
success,503d333c-9111-4dbd-8957-0d7a32aeb57c,/opt/nuclio/shared_storage/mnist_all/4/mnist_test_4_00223.png,"{'skeletonization_time_ms': 59.622625, 'contour_analysis_time_ms': 154.683125, 'classification_time_ms': 193.417708}",4,9,False,
success,966b43b8-0dc3-4a3c-861a-7d9e5468c25b,/opt/nuclio/shared_storage/mnist_all/5/mnist_test_5_00261.png,"{'skeletonization_time_ms': 29.629125, 'contour_analysis_time_ms': 170.839375, 'classification_time_ms': 186.100042}",5,3,False,
success,59bee579-53e9-4913-b2de-21de8de576dd,/opt/nuclio/shared_storage/mnist_all/4/mnist_test_4_00669.png,"{'skeletonization_time_ms': 30.868458, 'contour_analysis_time_ms': 124.274167, 'classification_time_ms': 110.639958}",4,7,False,
success,784155b6-eb07-4dad-8020-d77e070a3dc9,/opt/nuclio/shared_storage/mnist_all/4/mnist_test_4_00087.png,"{'skeletonization_time_ms': 56.50825, 'contour_analysis_time_ms': 269.281417, 'classification_time_ms': 87.653333}",4,1,False,
success,b14b8625-7bd9-4a87-9d17-331c588f1a7a,/opt/nuclio/shared_storage/mnist_all/4/mnist_test_4_00425.png,"{'skeletonization_time_ms': 63.685694, 'contour_analysis_time_ms': 200.837667, 'classification_time_ms': 74.550458}",4,7,False,
success,39edcbd9-dd47-4496-9b03-a7ab65c414a0,/opt/nuclio/shared_storage/mnist_all/4/mnist_test_4_00797.png,"{'skeletonization_time_ms': 59.127417, 'contour_analysis_time_ms': 110.377583, 'classification_time_ms': 119.220333}",4,1,False,
success,ab1ea7bc-03ef-4f44-9b48-323f54e4dd3b,/opt/nuclio/shared_storage/mnist_all/4/mnist_test_4_00290.png,"{'skeletonization_time_ms': 37.477042, 'contour_analysis_time_ms': 146.115208, 'classification_time_ms': 99.343125}",4,7,False,
success,077e3c29-52fd-4efe-b1fe-813efe597de7,/opt/nuclio/shared_storage/mnist_all/4/mnist_test_4_00284.png,"{'skeletonization_time_ms': 42.400125, 'contour_analysis_time_ms': 212.900333, 'classification_time_ms': 100.474833}",4,5,False,
success,197d536e-50a6-4edf-8aa0-df6c4ba28347,/opt/nuclio/shared_storage/mnist_all/4/mnist_test_4_00790.png,"{'skeletonization_time_ms': 241.999042, 'contour_analysis_time_ms': 158.532208, 'classification_time_ms': 71.798292}",4,7,False,
success,b0db88d7-3533-400e-8bab-702c69421900,/opt/nuclio/shared_storage/mnist_all/4/mnist_test_4_00641.png,"{'skeletonization_time_ms': 36.513125, 'contour_analysis_time_ms': 215.6535, 'classification_time_ms': 57.519792}",4,1,False,
success,5edce219-7b52-41f0-ad44-9d38b5d20cc3,/opt/nuclio/shared_storage/mnist_all/4/mnist_test_4_00805.png,"{'skeletonization_time_ms': 48.100875, 'contour_analysis_time_ms': 203.523667, 'classification_time_ms': 257.72575}",4,5,False,
success,376eb7ed-9196-42b7-8706-e3e405cb5836,/opt/nuclio/shared_storage/mnist_all/4/mnist_test_4_00147.png,"{'skeletonization_time_ms': 77.095709, 'contour_analysis_time_ms': 205.081292, 'classification_time_ms': 70.64}",4,7,False,
success,fe9df598-bfa2-4fcc-99ef-f50c150288a7,/opt/nuclio/shared_storage/mnist_all/4/mnist_test_4_00178.png,"{'skeletonization_time_ms': 36.153875, 'contour_analysis_time_ms': 305.531, 'classification_time_ms': 93.902791}",4,1,False,
success,11d58ce3-3158-43dc-9697-d1ab347bc10f,/opt/nuclio/shared_storage/mnist_all/4/mnist_test_4_00052.png,"{'skeletonization_time_ms': 44.479917, 'contour_analysis_time_ms': 212.948584, 'classification_time_ms': 75.895833}",4,7,False,
success,c432023d-978c-4442-99db-b43ee1635add,/opt/nuclio/shared_storage/mnist_all/4/mnist_test_4_00356.png,"{'skeletonization_time_ms': 59.386167, 'contour_analysis_time_ms': 107.068375, 'classification_time_ms': 88.437541}",4,5,False,
success,0a5656ad-fa74-4893-bb0e-d60d8b6b6425,/opt/nuclio/shared_storage/mnist_all/5/mnist_test_5_00460.png,"{'skeletonization_time_ms': 38.298875, 'contour_analysis_time_ms': 167.154875, 'classification_time_ms': 250.500709}",5,6,False,
success,6cbfad16-0817-44d2-a683-cec41bf6bdd0,/opt/nuclio/shared_storage/mnist_all/4/mnist_test_4_00457.png,"{'skeletonization_time_ms': 55.408083, 'contour_analysis_time_ms': 826.242375, 'classification_time_ms': 89.197083}",4,7,False,
success,ae24af15-54b4-412b-9cdc-e26a6263071b,/opt/nuclio/shared_storage/mnist_all/4/mnist_test_4_00231.png,"{'skeletonization_time_ms': 47.15075, 'contour_analysis_time_ms': 264.635334, 'classification_time_ms': 212.79225}",4,5,False,
success,8c349b05-8f77-4876-b6f8-8dbb905e3783,/opt/nuclio/shared_storage/mnist_all/4/mnist_test_4_00744.png,"{'skeletonization_time_ms': 32.864417, 'contour_analysis_time_ms': 208.530375, 'classification_time_ms': 126.240125}",4,5,False,
success,7c963bff-21bb-4f3e-a9f7-0a6066b9c34c,/opt/nuclio/shared_storage/mnist_all/4/mnist_test_4_00286.png,"{'skeletonization_time_ms': 43.904417, 'contour_analysis_time_ms': 194.822, 'classification_time_ms': 309.479416}",4,7,False,
success,31db5a8f-0700-4d64-ad19-d9b573580d6a,/opt/nuclio/shared_storage/mnist_all/4/mnist_test_4_00948.png,"{'skeletonization_time_ms': 182.358625, 'contour_analysis_time_ms': 243.76125, 'classification_time_ms': 81.575041}",4,7,False,
success,8f46764a-2261-489b-b291-d0a47a127411,/opt/nuclio/shared_storage/mnist_all/4/mnist_test_4_00752.png,"{'skeletonization_time_ms': 34.363375, 'contour_analysis_time_ms': 239.8115, 'classification_time_ms': 80.742792}",4,1,False,
success,bd2ee35d-d320-4aee-b812-e20e1526a6ae,/opt/nuclio/shared_storage/mnist_all/5/mnist_test_5_00843.png,"{'skeletonization_time_ms': 49.427833, 'contour_analysis_time_ms': 175.839126, 'classification_time_ms': 288.525125}",5,3,False,
success,e688d81d-3c35-489b-8493-d938111e5d5c,/opt/nuclio/shared_storage/mnist_all/4/mnist_test_4_00721.png,"{'skeletonization_time_ms': 45.063959, 'contour_analysis_time_ms': 435.271292, 'classification_time_ms': 119.621833}",4,5,False,
success,18388a1e-9803-484a-b9a3-5a7ebaf12891,/opt/nuclio/shared_storage/mnist_all/5/mnist_test_5_00529.png,"{'skeletonization_time_ms': 44.613792, 'contour_analysis_time_ms': 172.231583, 'classification_time_ms': 439.560375}",5,4,False,
success,e442f761-c201-40eb-a321-351651416ba3,/opt/nuclio/shared_storage/mnist_all/4/mnist_test_4_00958.png,"{'skeletonization_time_ms': 31.162542, 'contour_analysis_time_ms': 160.588208, 'classification_time_ms': 83.12025}",4,1,False,
success,737ba18f-bd76-43c5-b0a1-880071ed176f,/opt/nuclio/shared_storage/mnist_all/5/mnist_test_5_00675.png,"{'skeletonization_time_ms': 44.019125, 'contour_analysis_time_ms': 142.066917, 'classification_time_ms': 209.409292}",5,3,False,
success,756db2aa-ad1f-4ef8-a338-955d8dbfd2a3,/opt/nuclio/shared_storage/mnist_all/4/mnist_test_4_00141.png,"{'skeletonization_time_ms': 43.121792, 'contour_analysis_time_ms': 167.274541, 'classification_time_ms': 105.531}",4,7,False,
success,0dada28b-636b-4907-a957-d7a23e3c81e4,/opt/nuclio/shared_storage/mnist_all/4/mnist_test_4_00436.png,"{'skeletonization_time_ms': 42.238292, 'contour_analysis_time_ms': 369.966583, 'classification_time_ms': 102.847458}",4,7,False,
success,b25f9c78-32f2-48b0-98f4-7796fc72078f,/opt/nuclio/shared_storage/mnist_all/4/mnist_test_4_00031.png,"{'skeletonization_time_ms': 31.401334, 'contour_analysis_time_ms': 167.029958, 'classification_time_ms': 68.858458}",4,1,False,
success,64357998-06bc-4af8-8cda-f8a1c16b0458,/opt/nuclio/shared_storage/mnist_all/5/mnist_test_5_00167.png,"{'skeletonization_time_ms': 65.433166, 'contour_analysis_time_ms': 132.927375, 'classification_time_ms': 187.129958}",5,3,False,
success,95dcadab-17ce-4b67-82fe-90449efbccbb,/opt/nuclio/shared_storage/mnist_all/4/mnist_test_4_00383.png,"{'skeletonization_time_ms': 52.836833, 'contour_analysis_time_ms': 91.008333, 'classification_time_ms': 56.651709}",4,7,False,
success,cfaa880f-52ce-4772-9a1b-b54b1cdf204b,/opt/nuclio/shared_storage/mnist_all/4/mnist_test_4_00190.png,"{'skeletonization_time_ms': 33.417041, 'contour_analysis_time_ms': 144.523333, 'classification_time_ms': 85.812083}",4,7,False,
success,31d4c0cc-ac87-4b8c-8cf8-24f73f124106,/opt/nuclio/shared_storage/mnist_all/4/mnist_test_4_00751.png,"{'skeletonization_time_ms': 53.583542, 'contour_analysis_time_ms': 531.305251, 'classification_time_ms': 91.701875}",4,1,False,
success,6927b3e0-5681-4ca7-9ac5-c9f5fbd4262e,/opt/nuclio/shared_storage/mnist_all/4/mnist_test_4_00226.png,"{'skeletonization_time_ms': 30.560209, 'contour_analysis_time_ms': 602.685542, 'classification_time_ms': 180.743292}",4,1,False,
success,74929093-6c98-4c57-a086-fa69b447d423,/opt/nuclio/shared_storage/mnist_all/5/mnist_test_5_00059.png,"{'skeletonization_time_ms': 28.472209, 'contour_analysis_time_ms': 268.874417, 'classification_time_ms': 108.719166}",5,3,False,
success,8313a963-114f-4990-9b41-9d8b849d1fc1,/opt/nuclio/shared_storage/mnist_all/4/mnist_test_4_00814.png,"{'skeletonization_time_ms': 72.403042, 'contour_analysis_time_ms': 327.029917, 'classification_time_ms': 71.813958}",4,1,False,
success,6e0993e1-da16-481e-893a-ca74820b1451,/opt/nuclio/shared_storage/mnist_all/5/mnist_test_5_00060.png,"{'skeletonization_time_ms': 46.040625, 'contour_analysis_time_ms': 214.666917, 'classification_time_ms': 347.955792}",5,3,False,
success,1d1785e7-530c-4bfa-925f-97646d01518e,/opt/nuclio/shared_storage/mnist_all/4/mnist_test_4_00181.png,"{'skeletonization_time_ms': 247.133416, 'contour_analysis_time_ms': 338.630375, 'classification_time_ms': 171.978125}",4,7,False,
success,bc54e9e0-242c-4d00-bdb4-3aefeb6c5465,/opt/nuclio/shared_storage/mnist_all/4/mnist_test_4_00184.png,"{'skeletonization_time_ms': 35.424667, 'contour_analysis_time_ms': 195.259792, 'classification_time_ms': 155.585208}",4,7,False,
success,d62c9624-f472-429e-a380-8235e749ec45,/opt/nuclio/shared_storage/mnist_all/4/mnist_test_4_00195.png,"{'skeletonization_time_ms': 39.392167, 'contour_analysis_time_ms': 161.349084, 'classification_time_ms': 131.7545}",4,9,False,
success,74b08b8a-3d74-42bc-9942-da7fd1dea205,/opt/nuclio/shared_storage/mnist_all/5/mnist_test_5_00500.png,"{'skeletonization_time_ms': 36.25775, 'contour_analysis_time_ms': 244.923083, 'classification_time_ms': 204.239416}",5,3,False,
success,714c931f-28b5-4cf3-a8aa-66df83267d5d,/opt/nuclio/shared_storage/mnist_all/4/mnist_test_4_00971.png,"{'skeletonization_time_ms': 50.138333, 'contour_analysis_time_ms': 246.565458, 'classification_time_ms': 109.03875}",4,1,False,
success,66c8e910-2da5-40bc-8a3d-d42ce22be3ed,/opt/nuclio/shared_storage/mnist_all/4/mnist_test_4_00350.png,"{'skeletonization_time_ms': 82.079459, 'contour_analysis_time_ms': 204.392792, 'classification_time_ms': 92.969083}",4,1,False,
success,c527f9f0-255b-4fbf-9d2f-7cf1146540e0,/opt/nuclio/shared_storage/mnist_all/4/mnist_test_4_00221.png,"{'skeletonization_time_ms': 59.22625, 'contour_analysis_time_ms': 499.734667, 'classification_time_ms': 165.049291}",4,7,False,
success,7d054d01-dd4f-4254-b25e-fc6bac8c68f1,/opt/nuclio/shared_storage/mnist_all/4/mnist_test_4_00755.png,"{'skeletonization_time_ms': 34.018084, 'contour_analysis_time_ms': 138.937834, 'classification_time_ms': 98.187542}",4,1,False,
success,81ec4288-d7e5-40c8-a4a4-bc02fcbb3037,/opt/nuclio/shared_storage/mnist_all/5/mnist_test_5_00688.png,"{'skeletonization_time_ms': 41.156875, 'contour_analysis_time_ms': 213.838709, 'classification_time_ms': 203.357625}",5,3,False,
success,b591b3b7-cd6d-4fe5-9c21-8c0bfd1f68cf,/opt/nuclio/shared_storage/mnist_all/5/mnist_test_5_00764.png,"{'skeletonization_time_ms': 52.501167, 'contour_analysis_time_ms': 150.877875, 'classification_time_ms': 247.724292}",5,3,False,
success,de099d1e-6dff-48ee-936b-af9c7530a2fa,/opt/nuclio/shared_storage/mnist_all/4/mnist_test_4_00972.png,"{'skeletonization_time_ms': 79.695, 'contour_analysis_time_ms': 252.012209, 'classification_time_ms': 209.35075}",4,9,False,
success,6e69590e-63bd-414e-9f91-e215bdc130dc,/opt/nuclio/shared_storage/mnist_all/5/mnist_test_5_00402.png,"{'skeletonization_time_ms': 48.080625, 'contour_analysis_time_ms': 173.946541, 'classification_time_ms': 187.036708}",5,3,False,
success,a75215fe-0762-4567-9295-d1a7c1603e21,/opt/nuclio/shared_storage/mnist_all/5/mnist_test_5_00772.png,"{'skeletonization_time_ms': 45.08475, 'contour_analysis_time_ms': 185.5685, 'classification_time_ms': 160.459}",5,3,False,
success,bab7693a-08fd-46b3-bbd6-41db89f4e7c5,/opt/nuclio/shared_storage/mnist_all/4/mnist_test_4_00018.png,"{'skeletonization_time_ms': 40.49675, 'contour_analysis_time_ms': 160.124583, 'classification_time_ms': 139.54075}",4,7,False,
success,b55ec243-4572-4ad0-a8a7-0903386c7a1d,/opt/nuclio/shared_storage/mnist_all/5/mnist_test_5_00198.png,"{'skeletonization_time_ms': 83.542792, 'contour_analysis_time_ms': 259.549792, 'classification_time_ms': 371.905625}",5,4,False,
success,b3828900-5291-4f7d-ab6b-c9e41830333a,/opt/nuclio/shared_storage/mnist_all/5/mnist_test_5_00370.png,"{'skeletonization_time_ms': 159.392625, 'contour_analysis_time_ms': 195.932125, 'classification_time_ms': 237.078833}",5,3,False,
success,60a56535-ad54-4e44-9d89-be9ff6de0dea,/opt/nuclio/shared_storage/mnist_all/5/mnist_test_5_00266.png,"{'skeletonization_time_ms': 45.844125, 'contour_analysis_time_ms': 283.049084, 'classification_time_ms': 383.500083}",5,3,False,
success,3ead7cb2-73f1-4922-bb95-8a086de64573,/opt/nuclio/shared_storage/mnist_all/4/mnist_test_4_00754.png,"{'skeletonization_time_ms': 35.317166, 'contour_analysis_time_ms': 288.2625, 'classification_time_ms': 87.957541}",4,5,False,
success,1a3205a6-97c7-44ff-a423-daad2f05f86c,/opt/nuclio/shared_storage/mnist_all/5/mnist_test_5_00360.png,"{'skeletonization_time_ms': 37.412625, 'contour_analysis_time_ms': 146.378375, 'classification_time_ms': 174.033084}",5,3,False,
success,887b69ae-e06a-411a-9144-59ab8de3fb80,/opt/nuclio/shared_storage/mnist_all/4/mnist_test_4_00391.png,"{'skeletonization_time_ms': 64.983209, 'contour_analysis_time_ms': 192.746042, 'classification_time_ms': 60.306834}",4,1,False,
success,97aeed0f-15f7-45aa-8a85-c1e36dacc622,/opt/nuclio/shared_storage/mnist_all/5/mnist_test_5_00296.png,"{'skeletonization_time_ms': 90.89225, 'contour_analysis_time_ms': 213.15875, 'classification_time_ms': 250.367292}",5,3,False,
success,527c67fc-90c4-4644-a57c-970d6414076e,/opt/nuclio/shared_storage/mnist_all/5/mnist_test_5_00204.png,"{'skeletonization_time_ms': 34.467916, 'contour_analysis_time_ms': 288.490167, 'classification_time_ms': 236.766916}",5,6,False,
success,0a059ca3-a3aa-4e98-8b1f-56595b7f6b49,/opt/nuclio/shared_storage/mnist_all/5/mnist_test_5_00066.png,"{'skeletonization_time_ms': 82.310667, 'contour_analysis_time_ms': 209.516833, 'classification_time_ms': 227.817875}",5,3,False,
success,da5ef9b2-f5eb-437b-8254-859411dd0c64,/opt/nuclio/shared_storage/mnist_all/5/mnist_test_5_00302.png,"{'skeletonization_time_ms': 37.410916, 'contour_analysis_time_ms': 347.730834, 'classification_time_ms': 156.55175}",5,3,False,
success,a2503dce-0e27-4b83-bfd3-949e9c4394bd,/opt/nuclio/shared_storage/mnist_all/5/mnist_test_5_00372.png,"{'skeletonization_time_ms': 81.118625, 'contour_analysis_time_ms': 181.280917, 'classification_time_ms': 145.925625}",5,3,False,
success,b1f2cb54-ed78-4b02-9df1-505d9e4293e7,/opt/nuclio/shared_storage/mnist_all/5/mnist_test_5_00448.png,"{'skeletonization_time_ms': 65.153459, 'contour_analysis_time_ms': 156.844417, 'classification_time_ms': 225.483333}",5,3,False,
success,10bd58c4-7732-4680-b16e-27455f073086,/opt/nuclio/shared_storage/mnist_all/5/mnist_test_5_00631.png,"{'skeletonization_time_ms': 36.892542, 'contour_analysis_time_ms': 185.324625, 'classification_time_ms': 328.653376}",5,6,False,
success,4676d17a-da2d-4907-9931-342383917b25,/opt/nuclio/shared_storage/mnist_all/5/mnist_test_5_00528.png,"{'skeletonization_time_ms': 43.148375, 'contour_analysis_time_ms': 248.224625, 'classification_time_ms': 241.722125}",5,9,False,
success,a5ce8c88-b718-48d2-8e6d-4bfd8210232b,/opt/nuclio/shared_storage/mnist_all/4/mnist_test_4_00420.png,"{'skeletonization_time_ms': 43.141792, 'contour_analysis_time_ms': 286.467458, 'classification_time_ms': 229.611708}",4,9,False,
success,9273c0e6-da8b-49ad-add1-627c6d777073,/opt/nuclio/shared_storage/mnist_all/5/mnist_test_5_00752.png,"{'skeletonization_time_ms': 57.351167, 'contour_analysis_time_ms': 143.123041, 'classification_time_ms': 369.740875}",5,4,False,
success,51511c19-0d27-4e8a-ba1e-7973ffef5cd2,/opt/nuclio/shared_storage/mnist_all/5/mnist_test_5_00551.png,"{'skeletonization_time_ms': 45.805417, 'contour_analysis_time_ms': 215.496751, 'classification_time_ms': 431.672125}",5,9,False,
success,c687edcb-9f02-4100-a037-a07714ef8058,/opt/nuclio/shared_storage/mnist_all/5/mnist_test_5_00213.png,"{'skeletonization_time_ms': 76.286167, 'contour_analysis_time_ms': 604.585583, 'classification_time_ms': 188.613959}",5,3,False,
success,50de66e8-dc2f-45bf-b3ac-f55b0eb63da3,/opt/nuclio/shared_storage/mnist_all/5/mnist_test_5_00102.png,"{'skeletonization_time_ms': 55.638792, 'contour_analysis_time_ms': 131.099459, 'classification_time_ms': 129.265208}",5,3,False,
success,d2d32a98-bbc4-4150-9aca-d7561693cb2e,/opt/nuclio/shared_storage/mnist_all/5/mnist_test_5_00289.png,"{'skeletonization_time_ms': 93.724708, 'contour_analysis_time_ms': 269.088541, 'classification_time_ms': 155.382709}",5,3,False,
success,2869c524-603c-49fa-a180-0b208e4faa0a,/opt/nuclio/shared_storage/mnist_all/5/mnist_test_5_00162.png,"{'skeletonization_time_ms': 135.332292, 'contour_analysis_time_ms': 214.341083, 'classification_time_ms': 380.737833}",5,6,False,
success,0b68377e-858f-424f-9afd-101655ce44f0,/opt/nuclio/shared_storage/mnist_all/5/mnist_test_5_00757.png,"{'skeletonization_time_ms': 52.024625, 'contour_analysis_time_ms': 249.863875, 'classification_time_ms': 385.643084}",5,3,False,
success,7693bad8-4a4b-413b-9f42-993fd6b15072,/opt/nuclio/shared_storage/mnist_all/5/mnist_test_5_00324.png,"{'skeletonization_time_ms': 57.223, 'contour_analysis_time_ms': 181.031667, 'classification_time_ms': 108.32425}",5,3,False,
success,803f0b74-5286-4346-8013-abf0d08b0a13,/opt/nuclio/shared_storage/mnist_all/5/mnist_test_5_00061.png,"{'skeletonization_time_ms': 37.56825, 'contour_analysis_time_ms': 118.79875, 'classification_time_ms': 222.319458}",5,3,False,
success,d8abacf3-74a3-4206-b4cc-e8a1aa61779e,/opt/nuclio/shared_storage/mnist_all/5/mnist_test_5_00547.png,"{'skeletonization_time_ms': 52.54975, 'contour_analysis_time_ms': 199.333666, 'classification_time_ms': 664.977875}",5,9,False,
success,3b1bd71e-66d8-485c-a7c2-f1624797a413,/opt/nuclio/shared_storage/mnist_all/5/mnist_test_5_00544.png,"{'skeletonization_time_ms': 41.753416, 'contour_analysis_time_ms': 171.583958, 'classification_time_ms': 222.32725}",5,9,False,
success,29c69e37-9e2e-4f34-864d-d245ca4263ca,/opt/nuclio/shared_storage/mnist_all/5/mnist_test_5_00234.png,"{'skeletonization_time_ms': 39.38475, 'contour_analysis_time_ms': 223.568042, 'classification_time_ms': 236.571541}",5,3,False,
success,5a112130-2d44-421e-ace0-ededf45424b1,/opt/nuclio/shared_storage/mnist_all/5/mnist_test_5_00139.png,"{'skeletonization_time_ms': 50.165917, 'contour_analysis_time_ms': 318.997916, 'classification_time_ms': 228.726583}",5,3,False,
success,06ffd260-675e-42f9-be25-79c6cef73d19,/opt/nuclio/shared_storage/mnist_all/5/mnist_test_5_00365.png,"{'skeletonization_time_ms': 153.111375, 'contour_analysis_time_ms': 541.198, 'classification_time_ms': 252.790709}",5,3,False,
success,010263e5-9430-43fd-b227-e7e14e9d2f99,/opt/nuclio/shared_storage/mnist_all/5/mnist_test_5_00396.png,"{'skeletonization_time_ms': 51.680917, 'contour_analysis_time_ms': 215.789834, 'classification_time_ms': 218.257751}",5,9,False,
success,8572f169-b0ae-418b-9e5c-257215ff7bb8,/opt/nuclio/shared_storage/mnist_all/5/mnist_test_5_00655.png,"{'skeletonization_time_ms': 28.699875, 'contour_analysis_time_ms': 135.224917, 'classification_time_ms': 123.458167}",5,3,False,
success,ab617a5f-d6c8-4c7d-80a6-86371a64f1f0,/opt/nuclio/shared_storage/mnist_all/5/mnist_test_5_00005.png,"{'skeletonization_time_ms': 65.684125, 'contour_analysis_time_ms': 165.578459, 'classification_time_ms': 158.921625}",5,3,False,
success,11b47577-e736-4f3e-9cd8-73ec3fa1bc81,/opt/nuclio/shared_storage/mnist_all/6/mnist_test_6_00255.png,"{'skeletonization_time_ms': 55.167958, 'contour_analysis_time_ms': 170.932042, 'classification_time_ms': 144.918708}",6,not classified,False,
success,795d9a48-ce06-472e-b400-f8519c0a5b45,/opt/nuclio/shared_storage/mnist_all/5/mnist_test_5_00674.png,"{'skeletonization_time_ms': 532.991625, 'contour_analysis_time_ms': 146.978209, 'classification_time_ms': 237.091083}",5,3,False,
success,7afa3536-2da2-45d1-ac25-7f4ab714803f,/opt/nuclio/shared_storage/mnist_all/5/mnist_test_5_00280.png,"{'skeletonization_time_ms': 55.122542, 'contour_analysis_time_ms': 270.424208, 'classification_time_ms': 151.783166}",5,3,False,
success,0d27bd10-3a8a-4b4f-a25a-eb22ae80f9ea,/opt/nuclio/shared_storage/mnist_all/5/mnist_test_5_00432.png,"{'skeletonization_time_ms': 61.697375, 'contour_analysis_time_ms': 109.721417, 'classification_time_ms': 173.447375}",5,3,False,
success,48612962-0d37-4e7f-9bd0-d095788a1ee0,/opt/nuclio/shared_storage/mnist_all/5/mnist_test_5_00108.png,"{'skeletonization_time_ms': 32.518875, 'contour_analysis_time_ms': 192.750584, 'classification_time_ms': 128.271959}",5,3,False,
success,033a4708-499c-4cce-85de-35fcd6f19bf1,/opt/nuclio/shared_storage/mnist_all/5/mnist_test_5_00344.png,"{'skeletonization_time_ms': 49.991, 'contour_analysis_time_ms': 179.043209, 'classification_time_ms': 277.251125}",5,4,False,
success,25d01029-ed7a-4ed2-8977-b9446b29e852,/opt/nuclio/shared_storage/mnist_all/5/mnist_test_5_00043.png,"{'skeletonization_time_ms': 39.695334, 'contour_analysis_time_ms': 331.024417, 'classification_time_ms': 217.865625}",5,3,False,
success,07bd64e8-a684-402a-be86-7dd6081c3905,/opt/nuclio/shared_storage/mnist_all/6/mnist_test_6_00295.png,"{'skeletonization_time_ms': 43.454625, 'contour_analysis_time_ms': 322.928542, 'classification_time_ms': 318.417251}",6,not classified,False,
success,bbec2073-9d1e-41dd-97a6-6514cda3f644,/opt/nuclio/shared_storage/mnist_all/6/mnist_test_6_00108.png,"{'skeletonization_time_ms': 40.782875, 'contour_analysis_time_ms': 167.47925, 'classification_time_ms': 200.685667}",6,9,False,
success,d66f947f-20f4-4237-9245-2039adfa03c2,/opt/nuclio/shared_storage/mnist_all/5/mnist_test_5_00568.png,"{'skeletonization_time_ms': 94.641042, 'contour_analysis_time_ms': 328.031876, 'classification_time_ms': 176.181666}",5,3,False,
success,c9b5bd9c-43e7-438a-9a55-5b743de59093,/opt/nuclio/shared_storage/mnist_all/6/mnist_test_6_00905.png,"{'skeletonization_time_ms': 27.03275, 'contour_analysis_time_ms': 254.757291, 'classification_time_ms': 132.215292}",6,2,False,
success,8d0266a9-9bb7-4512-90a5-bcb7586ee3b2,/opt/nuclio/shared_storage/mnist_all/5/mnist_test_5_00634.png,"{'skeletonization_time_ms': 91.728291, 'contour_analysis_time_ms': 200.53525, 'classification_time_ms': 306.047}",5,3,False,
success,56b59e89-f40e-4ca5-9441-e77c29d7b59d,/opt/nuclio/shared_storage/mnist_all/5/mnist_test_5_00543.png,"{'skeletonization_time_ms': 41.219917, 'contour_analysis_time_ms': 234.0375, 'classification_time_ms': 567.129834}",5,9,False,
success,5773a0d5-a4d0-45c2-9cc5-406cd25a75d2,/opt/nuclio/shared_storage/mnist_all/6/mnist_test_6_00650.png,"{'skeletonization_time_ms': 32.861, 'contour_analysis_time_ms': 315.254667, 'classification_time_ms': 510.482875}",6,2,False,
success,af23c35e-75b7-43da-800a-87807d55c0c5,/opt/nuclio/shared_storage/mnist_all/6/mnist_test_6_00800.png,"{'skeletonization_time_ms': 100.795291, 'contour_analysis_time_ms': 357.527334, 'classification_time_ms': 292.518542}",6,not classified,False,
success,a8224bb8-bd9c-4c85-8fa1-c9a265505894,/opt/nuclio/shared_storage/mnist_all/6/mnist_test_6_00391.png,"{'skeletonization_time_ms': 64.158625, 'contour_analysis_time_ms': 297.98475, 'classification_time_ms': 319.506917}",6,2,False,
success,afabd0da-fdca-4fb1-8312-621f6cce3b11,/opt/nuclio/shared_storage/mnist_all/6/mnist_test_6_00745.png,"{'skeletonization_time_ms': 32.4575, 'contour_analysis_time_ms': 321.135875, 'classification_time_ms': 33.29875}",6,2,False,
success,aa6873fc-efc7-4d42-8f7a-1e37227857ee,/opt/nuclio/shared_storage/mnist_all/5/mnist_test_5_00136.png,"{'skeletonization_time_ms': 48.514959, 'contour_analysis_time_ms': 221.610125, 'classification_time_ms': 334.432375}",5,4,False,
success,b73a0e3a-afdc-4671-881d-84421bdc7688,/opt/nuclio/shared_storage/mnist_all/5/mnist_test_5_00875.png,"{'skeletonization_time_ms': 67.113292, 'contour_analysis_time_ms': 271.524458, 'classification_time_ms': 284.798083}",5,6,False,
success,c9833360-b86b-4376-ad85-e8678b9aae46,/opt/nuclio/shared_storage/mnist_all/5/mnist_test_5_00186.png,"{'skeletonization_time_ms': 53.924458, 'contour_analysis_time_ms': 229.535333, 'classification_time_ms': 299.598084}",5,6,False,
success,40f16e6c-3b9c-4704-ae71-fa460abda73e,/opt/nuclio/shared_storage/mnist_all/5/mnist_test_5_00145.png,"{'skeletonization_time_ms': 49.288333, 'contour_analysis_time_ms': 328.072833, 'classification_time_ms': 133.851417}",5,3,False,
success,4f35a260-742d-4468-9604-a52d0a0fa14a,/opt/nuclio/shared_storage/mnist_all/5/mnist_test_5_00687.png,"{'skeletonization_time_ms': 82.358625, 'contour_analysis_time_ms': 141.999042, 'classification_time_ms': 136.597292}",5,3,False,
success,78862aad-e1a9-44ba-8a1b-e8080fe854a7,/opt/nuclio/shared_storage/mnist_all/6/mnist_test_6_00233.png,"{'skeletonization_time_ms': 62.21625, 'contour_analysis_time_ms': 139.318333, 'classification_time_ms': 188.147792}",6,5,False,
success,d7a64bb3-3af1-45a1-a47a-8abd1dac29e0,/opt/nuclio/shared_storage/mnist_all/5/mnist_test_5_00323.png,"{'skeletonization_time_ms': 41.866916, 'contour_analysis_time_ms': 379.348416, 'classification_time_ms': 352.998875}",5,6,False,
success,7e87eb04-75a0-45a7-ba32-36345fa3feda,/opt/nuclio/shared_storage/mnist_all/6/mnist_test_6_00201.png,"{'skeletonization_time_ms': 39.894709, 'contour_analysis_time_ms': 204.17875, 'classification_time_ms': 97.352709}",6,9,False,
success,edb58678-9092-41c9-8150-b7e0ed8ad8c6,/opt/nuclio/shared_storage/mnist_all/5/mnist_test_5_00455.png,"{'skeletonization_time_ms': 40.68, 'contour_analysis_time_ms': 309.218834, 'classification_time_ms': 165.943708}",5,3,False,
success,e3b79d94-f9c5-40d3-b5ea-533dc038ccc5,/opt/nuclio/shared_storage/mnist_all/5/mnist_test_5_00873.png,"{'skeletonization_time_ms': 75.899709, 'contour_analysis_time_ms': 312.099751, 'classification_time_ms': 414.889708}",5,6,False,
success,0035e119-da8a-4131-8eef-19ce00988d82,/opt/nuclio/shared_storage/mnist_all/6/mnist_test_6_00422.png,"{'skeletonization_time_ms': 71.670417, 'contour_analysis_time_ms': 277.710583, 'classification_time_ms': 477.978292}",6,not classified,False,
success,0b892d86-a538-4ed9-ade4-fab8bb29c135,/opt/nuclio/shared_storage/mnist_all/6/mnist_test_6_00643.png,"{'skeletonization_time_ms': 37.121916, 'contour_analysis_time_ms': 736.465751, 'classification_time_ms': 242.150625}",6,7,False,
success,f1f601fc-960d-4455-9a43-ba803cbac626,/opt/nuclio/shared_storage/mnist_all/6/mnist_test_6_00709.png,"{'skeletonization_time_ms': 106.509584, 'contour_analysis_time_ms': 381.9525, 'classification_time_ms': 84.653583}",6,2,False,
success,759c8e21-90d1-4fa3-b459-41837abb2281,/opt/nuclio/shared_storage/mnist_all/6/mnist_test_6_00134.png,"{'skeletonization_time_ms': 33.997792, 'contour_analysis_time_ms': 387.264042, 'classification_time_ms': 184.290708}",6,2,False,
success,30dc8deb-880a-4f5e-91fa-7cbd42e0eb7b,/opt/nuclio/shared_storage/mnist_all/5/mnist_test_5_00537.png,"{'skeletonization_time_ms': 56.562416, 'contour_analysis_time_ms': 234.736208, 'classification_time_ms': 242.508}",5,3,False,
success,41d45885-f559-4b03-ad90-cc44b3cb2f84,/opt/nuclio/shared_storage/mnist_all/6/mnist_test_6_00160.png,"{'skeletonization_time_ms': 83.882, 'contour_analysis_time_ms': 341.629584, 'classification_time_ms': 200.257875}",6,9,False,
success,8b262616-3df4-4a93-9a2e-c2062f6c0850,/opt/nuclio/shared_storage/mnist_all/6/mnist_test_6_00848.png,"{'skeletonization_time_ms': 42.850208, 'contour_analysis_time_ms': 375.779459, 'classification_time_ms': 151.877292}",6,not classified,False,
success,42450c3e-726f-4a1d-90f6-88c12e2ee666,/opt/nuclio/shared_storage/mnist_all/6/mnist_test_6_00531.png,"{'skeletonization_time_ms': 50.088875, 'contour_analysis_time_ms': 280.373583, 'classification_time_ms': 49.310375}",6,2,False,
success,5ddea31e-5913-4c6a-96b9-1f4c783be1a6,/opt/nuclio/shared_storage/mnist_all/6/mnist_test_6_00690.png,"{'skeletonization_time_ms': 39.680333, 'contour_analysis_time_ms': 337.562583, 'classification_time_ms': 261.585792}",6,not classified,False,
success,854ad9df-7e66-411f-817f-dad3552e0ee1,/opt/nuclio/shared_storage/mnist_all/5/mnist_test_5_00184.png,"{'skeletonization_time_ms': 45.75225, 'contour_analysis_time_ms': 363.080626, 'classification_time_ms': 172.822208}",5,3,False,
success,e894a870-0167-426c-b54e-66df597c3193,/opt/nuclio/shared_storage/mnist_all/6/mnist_test_6_00212.png,"{'skeletonization_time_ms': 74.790041, 'contour_analysis_time_ms': 361.641667, 'classification_time_ms': 178.507667}",6,5,False,
success,3b938cc8-1b32-42c1-b8e7-0543123d4ecd,/opt/nuclio/shared_storage/mnist_all/5/mnist_test_5_00247.png,"{'skeletonization_time_ms': 55.798916, 'contour_analysis_time_ms': 410.84075, 'classification_time_ms': 531.416625}",5,not classified,False,
success,824c3657-9773-4dff-8b09-51e202603262,/opt/nuclio/shared_storage/mnist_all/6/mnist_test_6_00903.png,"{'skeletonization_time_ms': 48.43, 'contour_analysis_time_ms': 339.180125, 'classification_time_ms': 38.600916}",6,2,False,
success,957face9-1518-46af-929e-3305a62e6817,/opt/nuclio/shared_storage/mnist_all/5/mnist_test_5_00093.png,"{'skeletonization_time_ms': 38.34775, 'contour_analysis_time_ms': 354.761167, 'classification_time_ms': 209.37225}",5,4,False,
success,b066321a-a78e-4174-ace5-f81c13552bf0,/opt/nuclio/shared_storage/mnist_all/6/mnist_test_6_00584.png,"{'skeletonization_time_ms': 39.608667, 'contour_analysis_time_ms': 315.115083, 'classification_time_ms': 188.826959}",6,2,False,
success,ca903eef-77a5-4fee-9189-fdf34065c5a8,/opt/nuclio/shared_storage/mnist_all/6/mnist_test_6_00278.png,"{'skeletonization_time_ms': 48.558333, 'contour_analysis_time_ms': 408.977334, 'classification_time_ms': 200.42175}",6,2,False,
success,7c56216e-878d-4d4e-a91b-92adad2ab85b,/opt/nuclio/shared_storage/mnist_all/6/mnist_test_6_00370.png,"{'skeletonization_time_ms': 129.199125, 'contour_analysis_time_ms': 258.247625, 'classification_time_ms': 226.911417}",6,9,False,
success,8ce15ebb-ac9c-442a-b9fc-fbc6898e9711,/opt/nuclio/shared_storage/mnist_all/5/mnist_test_5_00131.png,"{'skeletonization_time_ms': 51.380041, 'contour_analysis_time_ms': 285.408708, 'classification_time_ms': 262.538875}",5,3,False,
success,b258873b-3246-4beb-96da-32bbcd397011,/opt/nuclio/shared_storage/mnist_all/6/mnist_test_6_00637.png,"{'skeletonization_time_ms': 97.529458, 'contour_analysis_time_ms': 150.196375, 'classification_time_ms': 462.809542}",6,2,False,
success,d5843f25-cade-4285-88fc-061bf85c1368,/opt/nuclio/shared_storage/mnist_all/6/mnist_test_6_00714.png,"{'skeletonization_time_ms': 38.00375, 'contour_analysis_time_ms': 162.444792, 'classification_time_ms': 104.089542}",6,2,False,
success,caae9d2e-b2f2-42b0-b85c-b53c5777ffc2,/opt/nuclio/shared_storage/mnist_all/6/mnist_test_6_00048.png,"{'skeletonization_time_ms': 42.453, 'contour_analysis_time_ms': 268.463876, 'classification_time_ms': 180.977834}",6,2,False,
success,86ae91a6-e8d2-4248-af83-34e4f375f203,/opt/nuclio/shared_storage/mnist_all/6/mnist_test_6_00715.png,"{'skeletonization_time_ms': 47.304417, 'contour_analysis_time_ms': 223.659709, 'classification_time_ms': 168.533709}",6,not classified,False,
success,9f06d67d-20f6-440f-bed0-cefe6623eec6,/opt/nuclio/shared_storage/mnist_all/6/mnist_test_6_00945.png,"{'skeletonization_time_ms': 95.505583, 'contour_analysis_time_ms': 135.390458, 'classification_time_ms': 245.731375}",6,4,False,
success,17ea33e6-45eb-46ba-b14c-810bc9b9771d,/opt/nuclio/shared_storage/mnist_all/6/mnist_test_6_00880.png,"{'skeletonization_time_ms': 48.862833, 'contour_analysis_time_ms': 275.154167, 'classification_time_ms': 329.453708}",6,2,False,
success,77c1d0dd-6b79-47d0-b400-37a3db77c3cd,/opt/nuclio/shared_storage/mnist_all/6/mnist_test_6_00711.png,"{'skeletonization_time_ms': 34.548708, 'contour_analysis_time_ms': 330.180917, 'classification_time_ms': 286.427375}",6,9,False,
success,ec5b38bd-d255-483f-b4d4-9ff83283cf85,/opt/nuclio/shared_storage/mnist_all/6/mnist_test_6_00656.png,"{'skeletonization_time_ms': 38.008709, 'contour_analysis_time_ms': 508.551917, 'classification_time_ms': 157.811042}",6,not classified,False,
success,402874eb-d481-4d91-b22d-aba5227a1c39,/opt/nuclio/shared_storage/mnist_all/6/mnist_test_6_00882.png,"{'skeletonization_time_ms': 52.441833, 'contour_analysis_time_ms': 375.138459, 'classification_time_ms': 482.54775}",6,not classified,False,
success,f9806944-814c-4607-9ffa-867062cde165,/opt/nuclio/shared_storage/mnist_all/6/mnist_test_6_00353.png,"{'skeletonization_time_ms': 86.4455, 'contour_analysis_time_ms': 346.63775, 'classification_time_ms': 358.962626}",6,not classified,False,
success,533c5287-5adb-4574-b017-0bee8a08ffaf,/opt/nuclio/shared_storage/mnist_all/6/mnist_test_6_00183.png,"{'skeletonization_time_ms': 56.770041, 'contour_analysis_time_ms': 269.812417, 'classification_time_ms': 161.497042}",6,5,False,
success,9e74b16b-457b-4045-8e47-6f69677402b7,/opt/nuclio/shared_storage/mnist_all/6/mnist_test_6_00762.png,"{'skeletonization_time_ms': 34.30675, 'contour_analysis_time_ms': 155.274667, 'classification_time_ms': 33.281834}",6,1,False,
success,64030a76-c705-4b71-9794-eb09b45f5fb5,/opt/nuclio/shared_storage/mnist_all/6/mnist_test_6_00013.png,"{'skeletonization_time_ms': 87.850709, 'contour_analysis_time_ms': 144.79, 'classification_time_ms': 141.748875}",6,not classified,False,
success,e77afa18-dfc4-4d54-b31a-b5e957e56087,/opt/nuclio/shared_storage/mnist_all/6/mnist_test_6_00832.png,"{'skeletonization_time_ms': 90.631458, 'contour_analysis_time_ms': 119.052458, 'classification_time_ms': 387.544166}",6,8,False,
success,855c6a5d-0ecd-47ba-ab76-c43a931cc24e,/opt/nuclio/shared_storage/mnist_all/6/mnist_test_6_00569.png,"{'skeletonization_time_ms': 47.978, 'contour_analysis_time_ms': 112.84325, 'classification_time_ms': 81.1995}",6,2,False,
success,69743800-a09b-49fe-8656-9101d8a049e5,/opt/nuclio/shared_storage/mnist_all/6/mnist_test_6_00437.png,"{'skeletonization_time_ms': 27.377375, 'contour_analysis_time_ms': 248.367292, 'classification_time_ms': 35.0365}",6,2,False,
success,6711d02c-2b00-41a3-b658-f49a27d7e9da,/opt/nuclio/shared_storage/mnist_all/6/mnist_test_6_00780.png,"{'skeletonization_time_ms': 53.717708, 'contour_analysis_time_ms': 147.074583, 'classification_time_ms': 309.814417}",6,not classified,False,
success,d541a10b-60ee-428e-976b-af41c3ab891f,/opt/nuclio/shared_storage/mnist_all/6/mnist_test_6_00706.png,"{'skeletonization_time_ms': 36.995041, 'contour_analysis_time_ms': 134.543625, 'classification_time_ms': 218.59425}",6,9,False,
success,97069848-7804-4136-aaff-aa80b670d7fa,/opt/nuclio/shared_storage/mnist_all/6/mnist_test_6_00249.png,"{'skeletonization_time_ms': 60.091125, 'contour_analysis_time_ms': 308.016292, 'classification_time_ms': 259.458}",6,9,False,
success,66691142-76d2-48fb-a81f-345d0d2b0ec3,/opt/nuclio/shared_storage/mnist_all/6/mnist_test_6_00138.png,"{'skeletonization_time_ms': 38.45875, 'contour_analysis_time_ms': 307.176417, 'classification_time_ms': 299.21225}",6,4,False,
success,4f5a5b07-6f7e-4d61-985a-91a0dc06182d,/opt/nuclio/shared_storage/mnist_all/6/mnist_test_6_00175.png,"{'skeletonization_time_ms': 48.520208, 'contour_analysis_time_ms': 447.992625, 'classification_time_ms': 293.029666}",6,not classified,False,
success,d503d89b-ae3f-4dda-b7b8-bd175f52a7b0,/opt/nuclio/shared_storage/mnist_all/7/mnist_test_7_00233.png,"{'skeletonization_time_ms': 36.503959, 'contour_analysis_time_ms': 440.676209, 'classification_time_ms': 57.16075}",7,2,False,
success,889b06f7-f4f3-4d18-8665-60debb9ba3e1,/opt/nuclio/shared_storage/mnist_all/6/mnist_test_6_00799.png,"{'skeletonization_time_ms': 44.735875, 'contour_analysis_time_ms': 142.884792, 'classification_time_ms': 33.506959}",6,2,False,
success,7420f4bc-82c6-4a3a-9033-65f73a29a5d9,/opt/nuclio/shared_storage/mnist_all/6/mnist_test_6_00694.png,"{'skeletonization_time_ms': 51.790208, 'contour_analysis_time_ms': 296.80825, 'classification_time_ms': 84.763333}",6,2,False,
success,46e27bbe-6ea7-4a28-8d11-7188bf808bfc,/opt/nuclio/shared_storage/mnist_all/6/mnist_test_6_00463.png,"{'skeletonization_time_ms': 26.098667, 'contour_analysis_time_ms': 224.451416, 'classification_time_ms': 86.812458}",6,2,False,
success,31099cda-04ef-407d-8c50-2a082acc519d,/opt/nuclio/shared_storage/mnist_all/7/mnist_test_7_00888.png,"{'skeletonization_time_ms': 46.419292, 'contour_analysis_time_ms': 375.878292, 'classification_time_ms': 93.121584}",7,2,False,
success,2b58a5eb-0d4f-407d-a810-bbe51adc4712,/opt/nuclio/shared_storage/mnist_all/7/mnist_test_7_00195.png,"{'skeletonization_time_ms': 36.3405, 'contour_analysis_time_ms': 221.758625, 'classification_time_ms': 136.368125}",7,5,False,
success,d43eb55a-b782-4e92-94bc-de511d7a4251,/opt/nuclio/shared_storage/mnist_all/6/mnist_test_6_00885.png,"{'skeletonization_time_ms': 61.333875, 'contour_analysis_time_ms': 120.92075, 'classification_time_ms': 276.69125}",6,not classified,False,
success,e80a7471-cbaa-4ebb-baed-86ac7c1c9b8b,/opt/nuclio/shared_storage/mnist_all/6/mnist_test_6_00403.png,"{'skeletonization_time_ms': 54.212292, 'contour_analysis_time_ms': 307.832125, 'classification_time_ms': 185.849042}",6,9,False,
success,aee29629-59e0-4139-8596-40a7e936783f,/opt/nuclio/shared_storage/mnist_all/7/mnist_test_7_00037.png,"{'skeletonization_time_ms': 36.285208, 'contour_analysis_time_ms': 145.318958, 'classification_time_ms': 76.023833}",7,3,False,
success,d1bf717c-1189-45bf-bd6c-799e4beba0b6,/opt/nuclio/shared_storage/mnist_all/6/mnist_test_6_00633.png,"{'skeletonization_time_ms': 28.382959, 'contour_analysis_time_ms': 156.817667, 'classification_time_ms': 45.757417}",6,2,False,
success,33c5fbd1-f437-4ce9-9104-a82a7bb6bb54,/opt/nuclio/shared_storage/mnist_all/6/mnist_test_6_00417.png,"{'skeletonization_time_ms': 38.579708, 'contour_analysis_time_ms': 134.820376, 'classification_time_ms': 127.340167}",6,not classified,False,
success,01a1b9c2-4ac0-4efe-8924-06a6671038da,/opt/nuclio/shared_storage/mnist_all/6/mnist_test_6_00847.png,"{'skeletonization_time_ms': 26.906292, 'contour_analysis_time_ms': 242.435584, 'classification_time_ms': 51.893917}",6,2,False,
success,b1316b29-d7c8-4010-ad05-de9eefaa1954,/opt/nuclio/shared_storage/mnist_all/6/mnist_test_6_00112.png,"{'skeletonization_time_ms': 60.599583, 'contour_analysis_time_ms': 161.689291, 'classification_time_ms': 103.804917}",6,2,False,
success,eed29f07-c2a7-423a-abb0-36ccd21cb2bd,/opt/nuclio/shared_storage/mnist_all/6/mnist_test_6_00311.png,"{'skeletonization_time_ms': 31.698208, 'contour_analysis_time_ms': 274.204208, 'classification_time_ms': 151.219}",6,9,False,
success,5302077d-878d-4d8b-b18b-b6695f6eacae,/opt/nuclio/shared_storage/mnist_all/7/mnist_test_7_00915.png,"{'skeletonization_time_ms': 37.700083, 'contour_analysis_time_ms': 197.59125, 'classification_time_ms': 90.812416}",7,2,False,
success,a548ca8f-31ae-4ed7-800b-b29b642fba74,/opt/nuclio/shared_storage/mnist_all/7/mnist_test_7_00066.png,"{'skeletonization_time_ms': 77.257, 'contour_analysis_time_ms': 218.885583, 'classification_time_ms': 109.8355}",7,2,False,
success,496500f1-4ed7-4081-8876-b7d5dc7601ca,/opt/nuclio/shared_storage/mnist_all/6/mnist_test_6_00305.png,"{'skeletonization_time_ms': 100.090167, 'contour_analysis_time_ms': 180.166541, 'classification_time_ms': 263.471876}",6,2,False,
success,84830dd7-b2db-4ed5-8b3f-f9a5f68a29aa,/opt/nuclio/shared_storage/mnist_all/7/mnist_test_7_00145.png,"{'skeletonization_time_ms': 32.442125, 'contour_analysis_time_ms': 170.480459, 'classification_time_ms': 160.448792}",7,2,False,
success,3e33fd21-5a6b-42e3-9341-fbb07caa88f6,/opt/nuclio/shared_storage/mnist_all/7/mnist_test_7_00452.png,"{'skeletonization_time_ms': 84.713584, 'contour_analysis_time_ms': 170.353792, 'classification_time_ms': 143.435458}",7,3,False,
success,be28df1b-9488-453d-b8fd-8fba904e0fbe,/opt/nuclio/shared_storage/mnist_all/7/mnist_test_7_00683.png,"{'skeletonization_time_ms': 51.6865, 'contour_analysis_time_ms': 173.768125, 'classification_time_ms': 93.554}",7,2,False,
success,675cc4d7-1971-42b1-8570-1f766ec1d367,/opt/nuclio/shared_storage/mnist_all/7/mnist_test_7_00101.png,"{'skeletonization_time_ms': 45.396167, 'contour_analysis_time_ms': 307.848083, 'classification_time_ms': 138.219666}",7,2,False,
success,e7e45ebd-661c-440b-9ecf-652f9826ed18,/opt/nuclio/shared_storage/mnist_all/7/mnist_test_7_00684.png,"{'skeletonization_time_ms': 25.888584, 'contour_analysis_time_ms': 188.479, 'classification_time_ms': 145.514833}",7,4,False,
success,378c4bb6-d7f4-4e2a-85cb-a6a77fd0f610,/opt/nuclio/shared_storage/mnist_all/6/mnist_test_6_00670.png,"{'skeletonization_time_ms': 42.075625, 'contour_analysis_time_ms': 639.700042, 'classification_time_ms': 124.149459}",6,not classified,False,
success,f6d8eb82-9ff6-4552-92a1-61f3b21b9fa1,/opt/nuclio/shared_storage/mnist_all/7/mnist_test_7_00179.png,"{'skeletonization_time_ms': 83.0245, 'contour_analysis_time_ms': 182.956792, 'classification_time_ms': 83.966375}",7,2,False,
success,04a62931-abf4-4f47-b889-3d866b0744e8,/opt/nuclio/shared_storage/mnist_all/7/mnist_test_7_00851.png,"{'skeletonization_time_ms': 34.335583, 'contour_analysis_time_ms': 132.987625, 'classification_time_ms': 90.347458}",7,2,False,
success,4c4fa706-dc31-44d3-aad8-6bd3126600b4,/opt/nuclio/shared_storage/mnist_all/7/mnist_test_7_00082.png,"{'skeletonization_time_ms': 56.3295, 'contour_analysis_time_ms': 158.75375, 'classification_time_ms': 145.10925}",7,2,False,
success,23e8895f-2b8e-4610-8420-624ee27822cb,/opt/nuclio/shared_storage/mnist_all/7/mnist_test_7_00916.png,"{'skeletonization_time_ms': 60.672126, 'contour_analysis_time_ms': 307.972958, 'classification_time_ms': 92.804291}",7,2,False,
success,a43843df-21b2-432e-b19e-371afa8912bf,/opt/nuclio/shared_storage/mnist_all/7/mnist_test_7_00097.png,"{'skeletonization_time_ms': 41.447917, 'contour_analysis_time_ms': 188.777084, 'classification_time_ms': 78.275625}",7,1,False,
success,f6be4e1f-56de-4e4b-87d6-04bdc93745b1,/opt/nuclio/shared_storage/mnist_all/7/mnist_test_7_00934.png,"{'skeletonization_time_ms': 39.103459, 'contour_analysis_time_ms': 197.18825, 'classification_time_ms': 67.015334}",7,1,False,
success,052946c0-fd0d-4180-8c12-4e0503a5d137,/opt/nuclio/shared_storage/mnist_all/7/mnist_test_7_00849.png,"{'skeletonization_time_ms': 37.196, 'contour_analysis_time_ms': 164.830125, 'classification_time_ms': 177.246833}",7,2,False,
success,a9cb93b3-5a64-4493-a953-a6f4048aa2e3,/opt/nuclio/shared_storage/mnist_all/7/mnist_test_7_00084.png,"{'skeletonization_time_ms': 44.760458, 'contour_analysis_time_ms': 233.092542, 'classification_time_ms': 160.420917}",7,3,False,
success,baaefe37-2b75-43c5-a60c-2ee6b0ce88fd,/opt/nuclio/shared_storage/mnist_all/7/mnist_test_7_00046.png,"{'skeletonization_time_ms': 69.142042, 'contour_analysis_time_ms': 217.897709, 'classification_time_ms': 254.679084}",7,6,False,
success,20a99972-3229-40b7-b1f5-e0c3dd949e2d,/opt/nuclio/shared_storage/mnist_all/7/mnist_test_7_00848.png,"{'skeletonization_time_ms': 33.879167, 'contour_analysis_time_ms': 186.370459, 'classification_time_ms': 96.4505}",7,2,False,
success,52c45ded-304d-4388-a2e4-7a9b6a6a06ca,/opt/nuclio/shared_storage/mnist_all/7/mnist_test_7_00052.png,"{'skeletonization_time_ms': 58.553208, 'contour_analysis_time_ms': 182.098458, 'classification_time_ms': 239.959042}",7,1,False,
success,abcbd0dd-11f6-4e79-b69b-463afba28fd6,/opt/nuclio/shared_storage/mnist_all/7/mnist_test_7_00324.png,"{'skeletonization_time_ms': 48.493166, 'contour_analysis_time_ms': 188.922667, 'classification_time_ms': 97.182875}",7,1,False,
success,a2ef134b-7fec-45d0-a22c-d6a9d9ba6986,/opt/nuclio/shared_storage/mnist_all/7/mnist_test_7_00436.png,"{'skeletonization_time_ms': 29.57175, 'contour_analysis_time_ms': 174.356375, 'classification_time_ms': 97.299167}",7,3,False,
success,fa65e282-2635-475a-b0e2-a659b6e07a66,/opt/nuclio/shared_storage/mnist_all/7/mnist_test_7_00495.png,"{'skeletonization_time_ms': 48.92075, 'contour_analysis_time_ms': 151.991292, 'classification_time_ms': 123.400583}",7,5,False,
success,19e56470-01c9-4cfd-9df8-2a9341373f87,/opt/nuclio/shared_storage/mnist_all/7/mnist_test_7_00835.png,"{'skeletonization_time_ms': 56.533375, 'contour_analysis_time_ms': 175.335042, 'classification_time_ms': 69.585083}",7,2,False,
success,b9c825f7-0df5-4490-ab4b-47a12eb43622,/opt/nuclio/shared_storage/mnist_all/7/mnist_test_7_00843.png,"{'skeletonization_time_ms': 41.055583, 'contour_analysis_time_ms': 136.096, 'classification_time_ms': 92.642875}",7,2,False,
success,3ef6160f-5eb4-47fa-b0b7-99798e115b4a,/opt/nuclio/shared_storage/mnist_all/7/mnist_test_7_00352.png,"{'skeletonization_time_ms': 60.559625, 'contour_analysis_time_ms': 251.990626, 'classification_time_ms': 83.654833}",7,3,False,
success,a0d4bfe6-ef18-4b8d-b7f2-2710683e86cf,/opt/nuclio/shared_storage/mnist_all/7/mnist_test_7_00808.png,"{'skeletonization_time_ms': 32.191125, 'contour_analysis_time_ms': 108.904625, 'classification_time_ms': 117.59375}",7,2,False,
success,aabcc7ae-ce36-4db6-aab9-4efdd21f7c7f,/opt/nuclio/shared_storage/mnist_all/7/mnist_test_7_00850.png,"{'skeletonization_time_ms': 48.980084, 'contour_analysis_time_ms': 160.467792, 'classification_time_ms': 118.485666}",7,2,False,
success,2d7df0d3-7edd-450f-8037-116d7684149b,/opt/nuclio/shared_storage/mnist_all/7/mnist_test_7_00164.png,"{'skeletonization_time_ms': 91.466958, 'contour_analysis_time_ms': 184.469541, 'classification_time_ms': 53.550375}",7,3,False,
success,0786ef64-1745-426f-b2f1-d739624160c0,/opt/nuclio/shared_storage/mnist_all/7/mnist_test_7_00201.png,"{'skeletonization_time_ms': 27.323167, 'contour_analysis_time_ms': 155.068291, 'classification_time_ms': 66.936833}",7,3,False,
success,4d904ecb-5113-4e33-ba6e-4557f0cb4c3a,/opt/nuclio/shared_storage/mnist_all/7/mnist_test_7_00011.png,"{'skeletonization_time_ms': 39.084, 'contour_analysis_time_ms': 204.501416, 'classification_time_ms': 89.126291}",7,4,False,
success,d6c17628-cec0-4f28-af01-2e1a281cdeff,/opt/nuclio/shared_storage/mnist_all/7/mnist_test_7_00113.png,"{'skeletonization_time_ms': 67.926333, 'contour_analysis_time_ms': 123.266542, 'classification_time_ms': 122.857667}",7,2,False,
success,35843ab5-dfd6-4ff4-867f-a42588a27215,/opt/nuclio/shared_storage/mnist_all/7/mnist_test_7_00577.png,"{'skeletonization_time_ms': 37.33225, 'contour_analysis_time_ms': 173.970041, 'classification_time_ms': 160.13575}",7,2,False,
success,eca9a1ef-c19c-4e34-9d53-545dadb9081f,/opt/nuclio/shared_storage/mnist_all/7/mnist_test_7_00410.png,"{'skeletonization_time_ms': 36.053791, 'contour_analysis_time_ms': 120.558834, 'classification_time_ms': 70.408}",7,2,False,
success,d03033f5-06f0-478e-897a-b11f1027cbb4,/opt/nuclio/shared_storage/mnist_all/7/mnist_test_7_00346.png,"{'skeletonization_time_ms': 40.173125, 'contour_analysis_time_ms': 130.893125, 'classification_time_ms': 59.795791}",7,2,False,
success,4e2b8b42-b8b1-4ef1-a5b5-514f2878db37,/opt/nuclio/shared_storage/mnist_all/7/mnist_test_7_00285.png,"{'skeletonization_time_ms': 54.830708, 'contour_analysis_time_ms': 166.698625, 'classification_time_ms': 56.835167}",7,1,False,
success,82eb60e7-17c8-4e7e-85be-32bfce61f5b0,/opt/nuclio/shared_storage/mnist_all/7/mnist_test_7_00978.png,"{'skeletonization_time_ms': 37.303167, 'contour_analysis_time_ms': 210.584333, 'classification_time_ms': 44.402042}",7,2,False,
success,82236e09-7502-4671-8717-5c06f6930bbe,/opt/nuclio/shared_storage/mnist_all/7/mnist_test_7_00459.png,"{'skeletonization_time_ms': 32.3875, 'contour_analysis_time_ms': 180.22075, 'classification_time_ms': 138.495959}",7,2,False,
success,d8ac47e2-ada8-4604-bb85-dd0469a75d0d,/opt/nuclio/shared_storage/mnist_all/7/mnist_test_7_00662.png,"{'skeletonization_time_ms': 107.45375, 'contour_analysis_time_ms': 171.763, 'classification_time_ms': 100.950042}",7,1,False,
success,b5c2e37c-e6cd-41cf-9eb3-139b3459e943,/opt/nuclio/shared_storage/mnist_all/7/mnist_test_7_00377.png,"{'skeletonization_time_ms': 73.929292, 'contour_analysis_time_ms': 432.27725, 'classification_time_ms': 135.764751}",7,2,False,
success,3a2ddbee-153f-403d-8d8d-ad76efecae2b,/opt/nuclio/shared_storage/mnist_all/8/mnist_test_8_00313.png,"{'skeletonization_time_ms': 46.7855, 'contour_analysis_time_ms': 330.192583, 'classification_time_ms': 373.242166}",8,not classified,False,
success,21e5c57c-41c9-48d8-b1c5-bffdd98f7792,/opt/nuclio/shared_storage/mnist_all/7/mnist_test_7_00759.png,"{'skeletonization_time_ms': 40.379, 'contour_analysis_time_ms': 218.196959, 'classification_time_ms': 55.239417}",7,3,False,
success,254b1d38-af7b-4ad3-82bd-218e3ce25889,/opt/nuclio/shared_storage/mnist_all/8/mnist_test_8_00883.png,"{'skeletonization_time_ms': 51.485917, 'contour_analysis_time_ms': 175.153958, 'classification_time_ms': 324.384292}",8,9,False,
success,2550ae26-8d41-43af-a7c1-b05e73bff66e,/opt/nuclio/shared_storage/mnist_all/7/mnist_test_7_00488.png,"{'skeletonization_time_ms': 28.999666, 'contour_analysis_time_ms': 303.686709, 'classification_time_ms': 77.961084}",7,2,False,
success,f18a9d6f-1c28-4366-ba2b-ce40138c1592,/opt/nuclio/shared_storage/mnist_all/8/mnist_test_8_00404.png,"{'skeletonization_time_ms': 63.143417, 'contour_analysis_time_ms': 265.835125, 'classification_time_ms': 331.506167}",8,not classified,False,
success,e6cdae46-e340-4f66-99e0-2a4a30c9e897,/opt/nuclio/shared_storage/mnist_all/8/mnist_test_8_00117.png,"{'skeletonization_time_ms': 67.264834, 'contour_analysis_time_ms': 255.552751, 'classification_time_ms': 440.998625}",8,not classified,False,
success,7e16750b-77bf-480b-9934-849e417cbc37,/opt/nuclio/shared_storage/mnist_all/7/mnist_test_7_00400.png,"{'skeletonization_time_ms': 35.705041, 'contour_analysis_time_ms': 123.755375, 'classification_time_ms': 64.220584}",7,1,False,
success,116ca512-418d-4a38-94f3-64c765ad1e20,/opt/nuclio/shared_storage/mnist_all/8/mnist_test_8_00052.png,"{'skeletonization_time_ms': 41.374208, 'contour_analysis_time_ms': 271.260208, 'classification_time_ms': 222.32}",8,9,False,
success,c85451f1-3cd6-49e7-80bb-bb9d0dab5645,/opt/nuclio/shared_storage/mnist_all/8/mnist_test_8_00439.png,"{'skeletonization_time_ms': 66.164958, 'contour_analysis_time_ms': 150.783458, 'classification_time_ms': 245.287667}",8,6,False,
success,52d25fc2-58c5-4f34-9ec7-880075007f88,/opt/nuclio/shared_storage/mnist_all/7/mnist_test_7_00339.png,"{'skeletonization_time_ms': 41.551001, 'contour_analysis_time_ms': 132.920417, 'classification_time_ms': 107.982375}",7,3,False,
success,d248cbf5-fa45-45f8-8513-aeee50539eeb,/opt/nuclio/shared_storage/mnist_all/8/mnist_test_8_00103.png,"{'skeletonization_time_ms': 40.3355, 'contour_analysis_time_ms': 383.388792, 'classification_time_ms': 255.2465}",8,9,False,
success,11fe3087-0c2b-499f-9aff-05a8593d6d8b,/opt/nuclio/shared_storage/mnist_all/8/mnist_test_8_00950.png,"{'skeletonization_time_ms': 162.763167, 'contour_analysis_time_ms': 316.279166, 'classification_time_ms': 356.978819}",8,not classified,False,
success,02d10e30-f771-4e7b-b005-a9ad41cfbec9,/opt/nuclio/shared_storage/mnist_all/7/mnist_test_7_00398.png,"{'skeletonization_time_ms': 40.162042, 'contour_analysis_time_ms': 196.832667, 'classification_time_ms': 95.658083}",7,5,False,
success,8210f31b-4f6b-4986-a649-4d460f0fc4a1,/opt/nuclio/shared_storage/mnist_all/9/mnist_test_9_00028.png,"{'skeletonization_time_ms': 33.524875, 'contour_analysis_time_ms': 295.044083, 'classification_time_ms': 184.708708}",9,4,False,
success,97e315a0-289c-4bda-ab68-ff34d2fbeb7f,/opt/nuclio/shared_storage/mnist_all/8/mnist_test_8_00945.png,"{'skeletonization_time_ms': 35.427209, 'contour_analysis_time_ms': 506.618042, 'classification_time_ms': 156.108084}",8,6,False,
success,6485db3c-3fc9-4e0e-bc65-dd5ea9a38492,/opt/nuclio/shared_storage/mnist_all/7/mnist_test_7_00969.png,"{'skeletonization_time_ms': 65.236667, 'contour_analysis_time_ms': 200.060125, 'classification_time_ms': 55.916459}",7,2,False,
success,77cace40-3ba9-4eda-b0f6-edf821aaf175,/opt/nuclio/shared_storage/mnist_all/8/mnist_test_8_00774.png,"{'skeletonization_time_ms': 37.599, 'contour_analysis_time_ms': 210.079542, 'classification_time_ms': 239.204417}",8,9,False,
success,9dd203da-18f7-4293-9c1b-8c61cf8c2710,/opt/nuclio/shared_storage/mnist_all/8/mnist_test_8_00520.png,"{'skeletonization_time_ms': 28.235333, 'contour_analysis_time_ms': 276.904625, 'classification_time_ms': 168.696625}",8,9,False,
success,8d1246a6-7371-43e3-ac10-49c171829b5f,/opt/nuclio/shared_storage/mnist_all/8/mnist_test_8_00382.png,"{'skeletonization_time_ms': 70.581792, 'contour_analysis_time_ms': 505.149, 'classification_time_ms': 276.959084}",8,6,False,
success,c6ca386f-3836-4558-91a8-48546d917297,/opt/nuclio/shared_storage/mnist_all/8/mnist_test_8_00910.png,"{'skeletonization_time_ms': 64.474209, 'contour_analysis_time_ms': 523.604458, 'classification_time_ms': 315.339833}",8,not classified,False,
success,6c7aa3c4-406c-4d67-beb6-9be547ef2173,/opt/nuclio/shared_storage/mnist_all/7/mnist_test_7_00984.png,"{'skeletonization_time_ms': 88.150291, 'contour_analysis_time_ms': 498.509542, 'classification_time_ms': 294.080792}",7,3,False,
success,dfa9605c-83df-4fce-8155-21b1d0698eeb,/opt/nuclio/shared_storage/mnist_all/8/mnist_test_8_00781.png,"{'skeletonization_time_ms': 39.308333, 'contour_analysis_time_ms': 262.11, 'classification_time_ms': 129.490042}",8,9,False,
success,b1504421-ea47-4534-a994-eba9b6d326fb,/opt/nuclio/shared_storage/mnist_all/8/mnist_test_8_00696.png,"{'skeletonization_time_ms': 48.743334, 'contour_analysis_time_ms': 513.821125, 'classification_time_ms': 483.857209}",8,9,False,
success,b5d2edc4-58b7-42d0-b07a-d3eb452279bf,/opt/nuclio/shared_storage/mnist_all/8/mnist_test_8_00525.png,"{'skeletonization_time_ms': 28.935125, 'contour_analysis_time_ms': 239.14175, 'classification_time_ms': 97.014917}",8,4,False,
success,942ff09a-67e3-42f2-ab80-c897dae0a406,/opt/nuclio/shared_storage/mnist_all/8/mnist_test_8_00472.png,"{'skeletonization_time_ms': 116.819208, 'contour_analysis_time_ms': 285.095459, 'classification_time_ms': 576.41175}",8,not classified,False,
success,c0e5e5d5-0c78-4f37-a0bb-6417edea54ea,/opt/nuclio/shared_storage/mnist_all/8/mnist_test_8_00791.png,"{'skeletonization_time_ms': 41.341667, 'contour_analysis_time_ms': 233.727417, 'classification_time_ms': 281.008166}",8,9,False,
success,a77bf899-2e53-417b-8c0a-2001938d8b5c,/opt/nuclio/shared_storage/mnist_all/9/mnist_test_9_00570.png,"{'skeletonization_time_ms': 61.151084, 'contour_analysis_time_ms': 219.162083, 'classification_time_ms': 396.006708}",9,4,False,
success,7609a5fa-993a-4fe5-a65e-b4f9ec8b80bd,/opt/nuclio/shared_storage/mnist_all/8/mnist_test_8_00733.png,"{'skeletonization_time_ms': 95.113, 'contour_analysis_time_ms': 345.763333, 'classification_time_ms': 632.71825}",8,not classified,False,
success,78ff32bc-7e35-41bd-b566-e433283111d8,/opt/nuclio/shared_storage/mnist_all/9/mnist_test_9_00612.png,"{'skeletonization_time_ms': 31.633292, 'contour_analysis_time_ms': 406.063083, 'classification_time_ms': 179.795625}",9,5,False,
success,41c1980f-98ea-4171-b4d0-effd76c40c4d,/opt/nuclio/shared_storage/mnist_all/8/mnist_test_8_00583.png,"{'skeletonization_time_ms': 97.858417, 'contour_analysis_time_ms': 363.621542, 'classification_time_ms': 920.448126}",8,not classified,False,
success,dd7422e3-dcc6-41ac-b0e9-4b47547e1aa0,/opt/nuclio/shared_storage/mnist_all/9/mnist_test_9_00266.png,"{'skeletonization_time_ms': 30.4045, 'contour_analysis_time_ms': 586.249584, 'classification_time_ms': 406.615417}",9,4,False,
success,a0fcdd70-2cb7-4473-be8d-80e2ad88f7b2,/opt/nuclio/shared_storage/mnist_all/9/mnist_test_9_00412.png,"{'skeletonization_time_ms': 34.97375, 'contour_analysis_time_ms': 420.753083, 'classification_time_ms': 295.509292}",9,4,False,
success,781701d1-5258-4d7f-8806-941decfb7fe2,/opt/nuclio/shared_storage/mnist_all/8/mnist_test_8_00692.png,"{'skeletonization_time_ms': 30.174292, 'contour_analysis_time_ms': 279.63375, 'classification_time_ms': 252.389958}",8,4,False,
success,809d93f2-0a56-4936-80a1-1676bec6a33a,/opt/nuclio/shared_storage/mnist_all/9/mnist_test_9_00365.png,"{'skeletonization_time_ms': 43.71825, 'contour_analysis_time_ms': 126.181167, 'classification_time_ms': 148.065791}",9,not classified,False,
success,6b0d1faf-7fc0-4d15-a068-dcb4e3dadc51,/opt/nuclio/shared_storage/mnist_all/8/mnist_test_8_00557.png,"{'skeletonization_time_ms': 31.632459, 'contour_analysis_time_ms': 303.191334, 'classification_time_ms': 195.55225}",8,6,False,
success,5d6ba9b8-92a3-4b9f-890c-fd4c84354061,/opt/nuclio/shared_storage/mnist_all/9/mnist_test_9_00158.png,"{'skeletonization_time_ms': 42.410167, 'contour_analysis_time_ms': 226.768459, 'classification_time_ms': 253.288125}",9,5,False,
success,3e6a5759-8898-42f5-9363-89b97a641c58,/opt/nuclio/shared_storage/mnist_all/9/mnist_test_9_00472.png,"{'skeletonization_time_ms': 54.730917, 'contour_analysis_time_ms': 340.171792, 'classification_time_ms': 332.328292}",9,4,False,
success,8beb0630-25cc-4c1d-b4f9-f34283b740bd,/opt/nuclio/shared_storage/mnist_all/9/mnist_test_9_00275.png,"{'skeletonization_time_ms': 57.608625, 'contour_analysis_time_ms': 282.601542, 'classification_time_ms': 97.5195}",9,4,False,
success,4fcaa19e-cc7b-4fbf-a013-377addc792da,/opt/nuclio/shared_storage/mnist_all/8/mnist_test_8_00491.png,"{'skeletonization_time_ms': 52.492333, 'contour_analysis_time_ms': 222.273, 'classification_time_ms': 347.136458}",8,6,False,
success,5e6df106-3265-4971-b84d-c6a9f8050550,/opt/nuclio/shared_storage/mnist_all/9/mnist_test_9_00577.png,"{'skeletonization_time_ms': 39.286125, 'contour_analysis_time_ms': 272.846, 'classification_time_ms': 196.525334}",9,4,False,
success,102efaf5-60bb-4a96-b274-23166e835b6c,/opt/nuclio/shared_storage/mnist_all/8/mnist_test_8_00697.png,"{'skeletonization_time_ms': 40.663583, 'contour_analysis_time_ms': 206.663292, 'classification_time_ms': 241.022833}",8,0,False,
success,33aa4a2b-be64-4d96-a906-3da49aedc638,/opt/nuclio/shared_storage/mnist_all/9/mnist_test_9_00789.png,"{'skeletonization_time_ms': 34.543459, 'contour_analysis_time_ms': 323.445583, 'classification_time_ms': 83.72975}",9,4,False,
success,21e887b0-f79f-4ec4-8dc7-6a44cb3b0595,/opt/nuclio/shared_storage/mnist_all/8/mnist_test_8_00741.png,"{'skeletonization_time_ms': 65.494458, 'contour_analysis_time_ms': 254.455625, 'classification_time_ms': 399.754001}",8,not classified,False,
success,c5011ead-5bd5-4b9c-bfb7-78c272a2a806,/opt/nuclio/shared_storage/mnist_all/9/mnist_test_9_00716.png,"{'skeletonization_time_ms': 335.028584, 'contour_analysis_time_ms': 198.730459, 'classification_time_ms': 273.949167}",9,4,False,
success,2f8621f0-8cb5-4332-a2ab-7819c820a515,/opt/nuclio/shared_storage/mnist_all/9/mnist_test_9_00499.png,"{'skeletonization_time_ms': 38.871208, 'contour_analysis_time_ms': 233.3555, 'classification_time_ms': 231.458}",9,4,False,
success,0ef259d5-b3dc-40e1-98fb-f90f667e57d6,/opt/nuclio/shared_storage/mnist_all/9/mnist_test_9_00199.png,"{'skeletonization_time_ms': 39.482541, 'contour_analysis_time_ms': 174.138791, 'classification_time_ms': 124.981959}",9,4,False,
success,062cbbc3-40c4-4728-afa0-367d46d61de6,/opt/nuclio/shared_storage/mnist_all/8/mnist_test_8_00782.png,"{'skeletonization_time_ms': 37.120625, 'contour_analysis_time_ms': 377.994, 'classification_time_ms': 360.472667}",8,4,False,
success,d6dbb56c-bceb-4c71-ac88-2c87a014ea1c,/opt/nuclio/shared_storage/mnist_all/9/mnist_test_9_00734.png,"{'skeletonization_time_ms': 220.881792, 'contour_analysis_time_ms': 273.266209, 'classification_time_ms': 285.407541}",9,4,False,
success,d88db341-3c29-4a74-a7e8-a9f84bc7fd57,/opt/nuclio/shared_storage/mnist_all/9/mnist_test_9_00290.png,"{'skeletonization_time_ms': 32.891125, 'contour_analysis_time_ms': 320.563542, 'classification_time_ms': 305.664584}",9,4,False,
success,75ba9373-cdd7-48fb-a8c0-523d4a2da8c9,/opt/nuclio/shared_storage/mnist_all/8/mnist_test_8_00582.png,"{'skeletonization_time_ms': 68.535916, 'contour_analysis_time_ms': 171.1845, 'classification_time_ms': 392.964875}",8,not classified,False,
success,fa6df54f-15bc-4270-8e61-5c2241b96c6b,/opt/nuclio/shared_storage/mnist_all/9/mnist_test_9_00970.png,"{'skeletonization_time_ms': 61.726542, 'contour_analysis_time_ms': 197.027708, 'classification_time_ms': 294.072541}",9,4,False,
success,2d26cceb-318f-4c53-9bb3-e9c77ea20c27,/opt/nuclio/shared_storage/mnist_all/8/mnist_test_8_00308.png,"{'skeletonization_time_ms': 78.689209, 'contour_analysis_time_ms': 327.127667, 'classification_time_ms': 398.471084}",8,not classified,False,
success,b47501fc-eb6c-4d05-a24c-bae2642dc54d,/opt/nuclio/shared_storage/mnist_all/9/mnist_test_9_00037.png,"{'skeletonization_time_ms': 86.630792, 'contour_analysis_time_ms': 503.332792, 'classification_time_ms': 273.174583}",9,4,False,
success,694dce5a-a14d-4796-91db-c82594aa96c9,/opt/nuclio/shared_storage/mnist_all/9/mnist_test_9_00661.png,"{'skeletonization_time_ms': 46.468875, 'contour_analysis_time_ms': 479.270125, 'classification_time_ms': 346.297541}",9,4,False,
success,64527539-3da4-4044-8a47-481c371c1352,/opt/nuclio/shared_storage/mnist_all/9/mnist_test_9_00212.png,"{'skeletonization_time_ms': 41.480667, 'contour_analysis_time_ms': 428.476126, 'classification_time_ms': 224.825541}",9,4,False,
success,e33c7599-efdf-4de5-8f70-71292e11ddec,/opt/nuclio/shared_storage/mnist_all/9/mnist_test_9_00261.png,"{'skeletonization_time_ms': 42.538542, 'contour_analysis_time_ms': 449.034626, 'classification_time_ms': 174.226875}",9,4,False,
success,cd4aab25-6fab-4ac1-8247-17a864b5c839,/opt/nuclio/shared_storage/mnist_all/8/mnist_test_8_00172.png,"{'skeletonization_time_ms': 70.729833, 'contour_analysis_time_ms': 177.871042, 'classification_time_ms': 736.889792}",8,not classified,False,
success,98296603-e028-4214-a37f-56d3f7719122,/opt/nuclio/shared_storage/mnist_all/9/mnist_test_9_00478.png,"{'skeletonization_time_ms': 69.93925, 'contour_analysis_time_ms': 144.834126, 'classification_time_ms': 251.628792}",9,not classified,False,
success,5880ab1b-c44d-4576-80c3-cac1a3922977,/opt/nuclio/shared_storage/mnist_all/9/mnist_test_9_00456.png,"{'skeletonization_time_ms': 36.15225, 'contour_analysis_time_ms': 171.326917, 'classification_time_ms': 308.471084}",9,8,False,
success,ce21a59e-1d0d-41bd-9e75-52fa32542f6d,/opt/nuclio/shared_storage/mnist_all/8/mnist_test_8_00325.png,"{'skeletonization_time_ms': 41.253417, 'contour_analysis_time_ms': 427.069167, 'classification_time_ms': 123.196541}",8,not classified,False,
success,9d531a76-39ee-47ec-a68c-12a504d530a5,/opt/nuclio/shared_storage/mnist_all/9/mnist_test_9_00004.png,"{'skeletonization_time_ms': 31.74, 'contour_analysis_time_ms': 203.090584, 'classification_time_ms': 93.12825}",9,not classified,False,
success,764451d9-0dc0-4c6a-b7b7-f65871b9d061,/opt/nuclio/shared_storage/mnist_all/9/mnist_test_9_00376.png,"{'skeletonization_time_ms': 54.362541, 'contour_analysis_time_ms': 304.922584, 'classification_time_ms': 473.819333}",9,4,False,
success,205fdd84-0377-4ef4-b312-f1b9f19672a6,/opt/nuclio/shared_storage/mnist_all/9/mnist_test_9_00665.png,"{'skeletonization_time_ms': 41.019083, 'contour_analysis_time_ms': 137.7655, 'classification_time_ms': 257.821792}",9,4,False,
success,d7248291-bef5-4497-a081-89488c9cb63b,/opt/nuclio/shared_storage/mnist_all/9/mnist_test_9_00474.png,"{'skeletonization_time_ms': 56.219625, 'contour_analysis_time_ms': 210.323084, 'classification_time_ms': 299.027625}",9,4,False,
success,16f1633d-ec4c-467c-956a-a02ff68ace36,/opt/nuclio/shared_storage/mnist_all/9/mnist_test_9_00875.png,"{'skeletonization_time_ms': 63.589125, 'contour_analysis_time_ms': 324.137125, 'classification_time_ms': 287.577375}",9,4,False,
success,4950cba6-497c-42fd-8117-d694015e9c4f,/opt/nuclio/shared_storage/mnist_all/9/mnist_test_9_00001.png,"{'skeletonization_time_ms': 37.540125, 'contour_analysis_time_ms': 369.86375, 'classification_time_ms': 264.090459}",9,not classified,False,
success,08a15698-3603-4ac1-9e46-23dd58e79e72,/opt/nuclio/shared_storage/mnist_all/9/mnist_test_9_00781.png,"{'skeletonization_time_ms': 34.245375, 'contour_analysis_time_ms': 239.844667, 'classification_time_ms': 285.39}",9,4,False,
success,07be6988-7909-474e-b2c2-33089e6ba347,/opt/nuclio/shared_storage/mnist_all/9/mnist_test_9_00485.png,"{'skeletonization_time_ms': 44.130375, 'contour_analysis_time_ms': 318.062792, 'classification_time_ms': 197.832667}",9,4,False,
success,b6944ca4-b0c8-4e40-bc8e-f7061a426c78,/opt/nuclio/shared_storage/mnist_all/9/mnist_test_9_00495.png,"{'skeletonization_time_ms': 30.815541, 'contour_analysis_time_ms': 400.182708, 'classification_time_ms': 233.825334}",9,4,False,
success,8e66ae9f-1039-4575-8eb9-a3af0bb73aa1,/opt/nuclio/shared_storage/mnist_all/8/mnist_test_8_00133.png,"{'skeletonization_time_ms': 58.481625, 'contour_analysis_time_ms': 175.45075, 'classification_time_ms': 219.063083}",8,6,False,
success,07c1bbc0-3716-4a2c-a7ea-8c80a09ad1b0,/opt/nuclio/shared_storage/mnist_all/9/mnist_test_9_00465.png,"{'skeletonization_time_ms': 54.414667, 'contour_analysis_time_ms': 308.324208, 'classification_time_ms': 230.153959}",9,4,False,
success,9fe3489f-3176-45a0-8e09-e161c515c76b,/opt/nuclio/shared_storage/mnist_all/9/mnist_test_9_00732.png,"{'skeletonization_time_ms': 38.556625, 'contour_analysis_time_ms': 285.939278, 'classification_time_ms': 178.213167}",9,4,False,
success,9f630ec1-6a4b-4923-a4f8-cc1e594ba49a,/opt/nuclio/shared_storage/mnist_all/9/mnist_test_9_00220.png,"{'skeletonization_time_ms': 35.826209, 'contour_analysis_time_ms': 354.809042, 'classification_time_ms': 251.4455}",9,4,False,
success,389cb469-c51d-485f-8a31-443a09efd66b,/opt/nuclio/shared_storage/mnist_all/9/mnist_test_9_00171.png,"{'skeletonization_time_ms': 34.022625, 'contour_analysis_time_ms': 247.691292, 'classification_time_ms': 331.867501}",9,4,False,
success,576d4962-95fe-4754-afec-997b9c183133,/opt/nuclio/shared_storage/mnist_all/9/mnist_test_9_00267.png,"{'skeletonization_time_ms': 27.926334, 'contour_analysis_time_ms': 434.935251, 'classification_time_ms': 110.300917}",9,4,False,
success,3c8b520d-cd6f-4155-bb6d-d88a5e603b29,/opt/nuclio/shared_storage/mnist_all/9/mnist_test_9_00422.png,"{'skeletonization_time_ms': 36.341583, 'contour_analysis_time_ms': 398.100333, 'classification_time_ms': 304.258334}",9,4,False,
success,d25a7c0e-b3f7-48a4-b446-2aa92e6ca742,/opt/nuclio/shared_storage/mnist_all/8/mnist_test_8_00121.png,"{'skeletonization_time_ms': 61.03375, 'contour_analysis_time_ms': 195.710709, 'classification_time_ms': 304.418459}",8,not classified,False,
success,cb9ad8a1-10c5-48ed-afdf-41c97939d7bc,/opt/nuclio/shared_storage/mnist_all/9/mnist_test_9_00727.png,"{'skeletonization_time_ms': 27.349334, 'contour_analysis_time_ms': 279.837625, 'classification_time_ms': 109.50175}",9,4,False,
success,040999e3-2b63-4abd-9759-7b62622c02e9,/opt/nuclio/shared_storage/mnist_all/9/mnist_test_9_00271.png,"{'skeletonization_time_ms': 36.596166, 'contour_analysis_time_ms': 173.012667, 'classification_time_ms': 269.290292}",9,4,False,
success,e223c5a2-22e8-4b73-b907-9c140096dd0f,/opt/nuclio/shared_storage/mnist_all/9/mnist_test_9_00592.png,"{'skeletonization_time_ms': 71.623333, 'contour_analysis_time_ms': 260.720208, 'classification_time_ms': 417.355292}",9,4,False,
success,fc2e09d4-7eea-4687-8fe6-2883ccddf502,/opt/nuclio/shared_storage/mnist_all/9/mnist_test_9_00163.png,"{'skeletonization_time_ms': 71.774208, 'contour_analysis_time_ms': 206.351084, 'classification_time_ms': 613.825334}",9,4,False,
success,c957e865-5c0d-4d4e-9aff-bcab0854ca9c,/opt/nuclio/shared_storage/mnist_all/9/mnist_test_9_00345.png,"{'skeletonization_time_ms': 50.738708, 'contour_analysis_time_ms': 386.732583, 'classification_time_ms': 204.270001}",9,4,False,
success,f0670d80-a241-4181-9c10-0e1d37e5ebd9,/opt/nuclio/shared_storage/mnist_all/9/mnist_test_9_00504.png,"{'skeletonization_time_ms': 28.053916, 'contour_analysis_time_ms': 255.929125, 'classification_time_ms': 89.689083}",9,4,False,
success,a173f635-a631-460d-be4f-c01e6a4c45c8,/opt/nuclio/shared_storage/mnist_all/9/mnist_test_9_00578.png,"{'skeletonization_time_ms': 32.267583, 'contour_analysis_time_ms': 204.311958, 'classification_time_ms': 295.291333}",9,4,False,
success,69291356-1892-4b2e-a734-67779455abb0,/opt/nuclio/shared_storage/mnist_all/9/mnist_test_9_00068.png,"{'skeletonization_time_ms': 32.898583, 'contour_analysis_time_ms': 195.988333, 'classification_time_ms': 228.702833}",9,4,False,
success,51bb8dd2-c30e-4041-9f58-b0adf30fbaea,/opt/nuclio/shared_storage/mnist_all/9/mnist_test_9_00400.png,"{'skeletonization_time_ms': 23.24125, 'contour_analysis_time_ms': 143.098875, 'classification_time_ms': 57.055792}",9,7,False,
success,3fffb00c-5df2-44e3-8c22-586c06665f69,/opt/nuclio/shared_storage/mnist_all/9/mnist_test_9_00020.png,"{'skeletonization_time_ms': 52.280083, 'contour_analysis_time_ms': 141.013375, 'classification_time_ms': 232.111333}",9,8,False,
success,b4a84a95-e769-435c-a483-c988851479f8,/opt/nuclio/shared_storage/mnist_all/9/mnist_test_9_00337.png,"{'skeletonization_time_ms': 49.778875, 'contour_analysis_time_ms': 177.080834, 'classification_time_ms': 212.399917}",9,4,False,
success,27fffa47-43b4-4b34-9779-59c055ab4913,/opt/nuclio/shared_storage/mnist_all/9/mnist_test_9_00293.png,"{'skeletonization_time_ms': 36.617333, 'contour_analysis_time_ms': 206.546209, 'classification_time_ms': 262.218751}",9,4,False,
success,cb34e241-ae15-4af7-9d08-562a21f3736c,/opt/nuclio/shared_storage/mnist_all/9/mnist_test_9_00041.png,"{'skeletonization_time_ms': 194.295542, 'contour_analysis_time_ms': 204.409709, 'classification_time_ms': 252.831208}",9,4,False,
success,2db0fc7f-1b74-40f1-b0c8-99c8da8b81c5,/opt/nuclio/shared_storage/mnist_all/9/mnist_test_9_00340.png,"{'skeletonization_time_ms': 36.849334, 'contour_analysis_time_ms': 262.354501, 'classification_time_ms': 334.458}",9,4,False,
success,2c27a4f5-6eb7-4351-90a3-0ac8a539f8da,/opt/nuclio/shared_storage/mnist_all/9/mnist_test_9_00353.png,"{'skeletonization_time_ms': 36.867541, 'contour_analysis_time_ms': 257.009625, 'classification_time_ms': 77.802667}",9,4,False,
success,044ab7b0-73ae-4f0e-8d33-d39a096fe270,/opt/nuclio/shared_storage/mnist_all/9/mnist_test_9_00018.png,"{'skeletonization_time_ms': 44.194625, 'contour_analysis_time_ms': 1645.188418, 'classification_time_ms': 389.668625}",9,not classified,False,
success,9d51658b-b811-449b-9906-6079b741fe41,/opt/nuclio/shared_storage/mnist_all/9/mnist_test_9_00963.png,"{'skeletonization_time_ms': 32.715084, 'contour_analysis_time_ms': 213.01025, 'classification_time_ms': 304.823959}",9,4,False,
success,b43b6fde-3b5f-45b8-8c72-fbd150932184,/opt/nuclio/shared_storage/mnist_all/9/mnist_test_9_00368.png,"{'skeletonization_time_ms': 35.684278, 'contour_analysis_time_ms': 183.435417, 'classification_time_ms': 305.343084}",9,4,False,
