trial,accuracy,cost_impossible,cost_minor,cost_no_match,fgw_alpha,gap_general_severe,gap_minor_general,ged_timeout,norm_angle,norm_cycle,norm_hdir,norm_vdir,norm_x,norm_y,simplification_epsilon,skel_threshold,use_angle_with_ox,use_cycle_count,use_horizontal_direction,use_normalized_x,use_normalized_y,use_vertical_direction
1,0.7172909184197024,1.3603546136118079,0.3061978796339918,0.9871934244034433,0.37704931647041523,0.08900466011060913,0.19966462104925914,14.310000289738827,224.1485131528328,2.6842185514853143,2.3366475107128326,2.011807565247405,1.325320294340452,1.8690900933179198,1.318212352431953,120,1,1,1,1,1,0
3,0.7062146892655368,1.3603546136118079,0.3061978796339918,0.9871934244034433,0.37704931647041523,0.08900466011060913,0.19966462104925914,14.310000289738827,224.1485131528328,2.6842185514853143,2.3366475107128326,2.011807565247405,1.325320294340452,1.8690900933179198,1.318212352431953,120,1,1,1,1,1,0
4,0.5544147843942505,15.249965725213555,0.1782266451527921,1.0396085385900318,0.14670398343900098,0.2462939903482534,0.16401749605425897,5.090025079493055,183.31191853894455,1.415286761335841,2.894815592792549,2.0405337280886044,1.870761961280168,0.9395245130287274,4.137788066524075,220,1,0,1,1,0,0
5,0.4948665297741273,18.113265448033378,0.14057299356000594,1.424081625413373,0.04370075069291403,0.12792776902235276,0.21563057108849548,13.73048562910295,300.0581282031753,2.535117738304219,1.6386561576714251,1.860370513913187,1.3819228808861534,0.7035228000974213,0.8982162592336378,210,1,1,1,0,1,1
6,0.5894141829393628,186.57628587792436,0.239943629105387,0.8894607724157251,0.3596182601597175,0.2505492451885099,0.08523105624369066,4.933083135623331,32.24542260010827,2.981735186394869,3.5208619905645775,2.6815434438964525,2.113095778449227,1.0214107678630837,0.8332009328034067,200,1,1,0,1,0,1
7,0.6551901336073997,1.8844731205676566,0.3053621624183224,1.3666579101943392,0.31476267528134894,0.2718031856440816,0.2093893678388033,5.552566508374459,327.64826587413256,4.314280183735271,2.7274364394232316,1.6002459337671433,0.98551142146987,0.6414313355903041,0.6143860703484283,150,1,0,1,1,1,1
8,0.6338461538461538,2.3494976659006936,0.31444289849006707,1.1477017434965218,0.25430638456589744,0.06924497745719825,0.10719954137290562,6.745360922498817,159.48772601918972,2.209513719064563,1.6130121624015237,0.8851817358468687,4.133480698238281,4.53241084965572,2.927040088620428,210,0,1,1,1,1,1
9,0.5035897435897436,1.8871820873117502,0.05243324568591675,1.0665293725648763,0.8116544706040433,0.15435275078719474,0.17768682564439142,13.050228165588809,223.34751689296388,0.776652105158996,1.5530740843586939,1.4969417303211365,1.6330203312141387,2.7376182765157346,4.8310128272395,220,0,1,0,0,1,1
10,0.6757311441765008,13.373512342721174,0.147526262482814,0.9738738465094677,0.5026254427642842,0.10989047266674311,0.2770664714916634,1.720702517499851,75.28147863994899,2.905850487288019,0.8160141951904291,3.423558734562333,3.3508836984240262,2.910986078336413,3.3453762376711076,140,1,0,1,1,0,1
11,0.5570987654320988,30.518412800890275,0.28714752664479887,1.0717949302375256,0.04995963872366864,0.17802326457482026,0.05414695723196404,9.272501204635386,195.37770242460226,4.664006086995967,2.8099441611196267,3.3602777007042555,4.448027090214414,1.6607373247182002,4.661121282253532,110,0,0,0,0,1,1
12,0.6908063687724705,6.361238898446569,0.3640255152836644,1.206835749258441,0.24701524508244266,0.208275364318317,0.2751045142908326,2.3034387492825887,66.28281799612454,0.5379618788466402,0.8551504000311123,2.8222561918781954,3.2289307684681545,0.5413867322748334,4.543493848371857,120,0,1,1,1,1,1
13,0.7051874678993323,5.607308700117542,0.2781864408259102,1.0846989049961602,0.5477591135792544,0.22804480533688398,0.10606732736513995,10.686532767697706,288.18395623957696,5.233539694979472,1.8758420363336614,3.6221629431198963,1.597953395205876,4.878547496386005,1.6934106545677645,140,0,1,1,1,1,1
14,0.6503352243424445,1.1375009502510647,0.22238119283660238,1.136926834929027,0.5025843512430883,0.23061302881537632,0.09881074694951113,9.076654384769027,144.78420501067384,2.708366690521893,3.872669919812385,3.4855330941357603,2.4268286674279143,4.849946685696513,4.677433531644764,100,0,1,1,1,0,1
15,0.6384180790960452,20.498772319126136,0.10932246134013238,1.6352357560099675,0.8441139380865198,0.28403869354019523,0.18920031561458756,5.4369080721878875,313.47531150303627,6.575850460093855,1.5275714549257269,3.3327640441747977,3.6611783779419915,2.1177101804888983,3.636570834478706,190,1,1,1,0,1,0
16,0.5547557840616967,67.78643631927991,0.22553070314051987,1.642360252709244,0.9049757415053419,0.21249098269444128,0.24957379474169378,8.158793584053129,136.06672449394202,6.669504204947437,0.606750874786673,0.6307186606222505,1.7894356345772797,3.1587496725605484,2.9419008561840947,160,0,1,0,1,0,0
17,0.6851851851851852,1.3149861862224201,0.3194977435845138,0.9024169579925216,0.13451930239884707,0.20572261895475008,0.1039552568742108,8.311405640767262,302.59304217927206,7.719863110084438,0.7745973346979309,0.5887276019541012,1.718745130679334,2.4753713931753625,4.078337876459167,140,1,1,1,1,1,1
18,0.6745501285347044,44.08660466885441,0.11065301202479604,1.4590719976473445,0.692054721971824,0.11256072454114883,0.08910926066777151,6.725341221799779,24.255080811639548,0.8450198151631456,0.5503772102041455,0.9062542417742068,2.1018770539306773,3.910307497089661,1.6147894527552085,150,1,1,1,1,0,1
19,0.5143737166324436,2.5034717668752746,0.21596084018056383,1.3681661249366788,0.8483513723307871,0.1729039687792081,0.07445854016275037,10.851210031320331,19.278958689567634,5.318144586547367,1.070270494785004,0.7469906159015045,4.35420428534745,3.4641213422852526,2.7641131636103946,180,0,0,1,0,0,1
20,0.5766460905349794,18.00862681011283,0.25141596225655766,1.34990346858982,0.5840600696479941,0.21082205461058828,0.14704248155163047,14.163223379949406,18.145177507539053,6.836564832270909,0.7491602696108015,1.6164147060281646,0.9249933234016778,3.5735304803736057,0.5819982154319738,110,0,0,1,1,0,1
21,0.6402877697841727,49.13834449832336,0.09135768966757969,1.8529664162324635,0.808179112937157,0.20723571169497101,0.22418429134103768,4.945966846827599,272.8048737270241,3.7174552053126377,3.7576506396124767,3.504444631450541,3.9938583233389857,2.03361593113858,2.1740813860675243,150,1,1,0,1,0,1
23,0.4524910118130457,28.021806913050334,0.22080121749535575,1.1588928380724908,0.6102410387116047,0.1679556885011343,0.15482324766260194,10.312068435095773,174.61861809142277,6.120245826287341,1.4124090343341689,1.5895688593897817,2.795932489228479,2.7919962925126875,1.8248309418556752,170,1,1,0,0,0,1
24,0.6111967128916281,40.109415914071654,0.1498577388129111,1.604095356411202,0.6876643693562412,0.19659734462056327,0.1522952958512621,7.7022857298498,100.62407975440449,3.2802516054430795,1.2831568321301117,2.6681537545713754,3.2100392435618375,2.8178589802826344,2.24439085082712,150,0,0,0,0,0,0
26,0.6100564391995895,19.51667609088219,0.23697764449339426,1.162490624959244,0.25129923158690926,0.18167173490184202,0.16901039048527772,11.070981183656038,202.0563810326206,2.7365951802402555,1.5344929769222972,2.1903857869736,1.8996323787878817,3.3744113285627018,0.9858235323380323,190,1,0,1,1,0,1
27,0.6741918932786044,14.127984717770536,0.18005416131855267,1.4727189322332424,0.3189104762036375,0.2095328360817869,0.2147673435169573,8.53765981618025,226.39882340853634,3.6634085416127586,2.6874042039715147,2.1885810402851478,2.300368075414533,2.2798269224069476,2.9074907076519687,160,0,0,1,1,1,1
28,0.6680369989722508,9.471816031916921,0.27018131471694523,1.7710786757466837,0.5090360120281806,0.21631344682732562,0.24729433213907476,10.760227268498605,224.64606595948578,3.4522827540329133,1.0427869878134202,2.2085452268270185,1.610229512925034,2.3129940110482066,4.346668088333511,140,0,1,1,1,0,1
29,0.5282340862422998,175.93127069614096,0.2951570143292142,1.5196954581154287,0.39600204629345115,0.14933993301439108,0.10031640913254108,5.9452913851255484,220.56771392225903,2.4634418112263177,1.80553550544946,2.4197646807759283,3.6731731214927947,2.288117556831229,3.2133489719944506,160,1,0,0,0,0,1
30,0.4191893278604413,17.112134196419422,0.23812736594097916,1.2431386263323978,0.6877276342799143,0.15873310921830996,0.13805688943184136,8.014635037479556,250.1067231314882,5.132235663329281,3.09314363751147,2.235042683694341,2.9203298318487736,2.481445055539405,2.7620245896497058,140,0,1,1,0,0,1
31,0.46687211093990755,26.298104583183314,0.18792320750542196,1.297256749669404,0.40555405885097096,0.17721225417459585,0.1631048013745618,12.222283938252904,156.2620715162668,5.341496003164505,2.6778205309580576,1.7674279991512662,2.4120661677397193,1.2774588007858503,4.208644787028698,180,1,1,0,0,0,0
32,0.5495125705489995,14.120716270385953,0.19435982764549303,1.75628820032519,0.6112964518455987,0.19156979443380323,0.1530460471694064,5.63942899342562,159.08039445714795,3.8697061541922646,1.5699323868278385,2.8519363117724783,1.0794965167717026,2.897070494788979,1.6452645334576086,200,0,0,0,1,0,1
34,0.6139630390143738,4.703347575389068,0.20516204652364656,1.1195041481176737,0.3772658860407096,0.16417246573279237,0.06299561127616811,8.466753294640736,151.08735355539608,5.737715763417375,3.682429028016147,2.5374515553526336,1.711693998790588,1.6911637338830883,3.270598389386016,140,1,1,1,0,1,0
35,0.5566957414058491,11.377307039208036,0.22930333423028143,1.5200425320983868,0.2599986543852932,0.21432283457157197,0.20712136197027847,4.747894121803235,218.808992882122,2.5250573974655697,2.691621168442829,1.514413074256183,2.180974349307813,1.9247501923732546,2.856503914035648,170,1,0,0,0,1,1
36,0.5565262076053443,31.07580619108148,0.14892858647737825,1.3673540244085804,0.7005593676764409,0.20469893674431,0.1638548928629145,11.35591575897192,275.1343560857435,4.044059971083927,2.807608118909878,1.3311613549388972,2.5802549886645822,3.2360818904946123,2.6578088788373755,140,1,0,0,0,0,1
37,0.6019517205957884,10.242733268556986,0.2196242346133901,1.302801564683299,0.48929830258874496,0.15890036941048286,0.16953767505279427,7.845386845712679,198.4140968607292,1.825606503212396,1.3721116582595967,2.337324554556554,3.755580566812265,1.7896249129849267,3.1027105098429604,180,0,1,0,1,0,1
38,0.6663239074550128,7.5922191470506935,0.2752142703731637,1.3995310640812455,0.4368179493801402,0.19757134635817342,0.19565319557027688,5.985566382013975,238.7455007206281,4.860085421964061,2.326907899684252,2.70713057512328,0.8852323486102598,2.4309495169850104,2.698138163825128,160,1,1,1,1,0,1
39,0.6226899383983573,21.853186058752108,0.169229163012374,1.4316437994580529,0.4669054302442133,0.1818964213589483,0.21553543358602412,9.596611384838702,199.34928972096935,3.0544242903077214,1.6910188408887687,2.1681216352605204,2.9837478219176954,1.7501509140890894,3.6211226195704382,180,0,0,1,1,0,1
40,0.37320328542094455,41.383165240962576,0.2161775685794518,1.370051547577109,0.2046938947293202,0.21564763614646887,0.19471385702846633,11.008088917012714,288.8477296480902,2.400512731877839,1.6876649262686405,1.785401566794895,2.6744893286150866,1.4391183373334284,4.4337895903392335,150,0,0,0,0,0,1
41,0.5326478149100257,32.16720537846573,0.2030092708091099,1.7398188205596528,0.2314420674453109,0.18429956651835389,0.15884871201845302,12.369342189074807,263.40009224785905,4.3941837731954605,1.7153728963684047,2.5650888581932882,2.703824382928941,2.1218171891901436,2.4719470144372804,140,0,0,0,0,1,0
42,0.6253854059609455,51.446206713138025,0.25951835297660997,1.6686961504307347,0.3276942639738858,0.1522665965853207,0.21663143353204073,11.106553991973064,209.68946124810986,3.94610091808312,1.8601665335822937,1.5586922791876787,2.2587650245956388,2.578144369950042,3.8008266003669045,170,0,0,1,1,1,0
43,0.7089974293059126,15.636492115549295,0.17765683879215016,1.593390611592283,0.5342629507378336,0.1792980246210863,0.14571693644880784,9.841118456510129,117.90949990886186,2.6216021449320186,2.0430474640916465,2.076851203566447,2.6401814141846716,1.3940959896999252,3.1820498160739032,140,1,0,1,1,1,1
44,0.6894250513347022,4.734914494213234,0.25137796788763783,1.354558392178852,0.21008604790328295,0.15902902041566258,0.26903094989267035,7.994797955290482,252.1897499548765,1.7105753507091517,2.103438887788107,2.601023710187,2.568188054838955,1.5115040526501637,3.3182986585044314,130,0,0,1,1,1,1
45,0.6201232032854209,8.131713119593309,0.1863881634038208,1.543197491216183,0.2945397674677839,0.17345063456178875,0.20240976380470532,7.474666176554481,271.8562479291447,4.0461905308612875,1.1949344429061775,2.5889531651228728,1.0541218833010617,2.0907550076896957,2.413985453397337,150,0,0,1,1,0,1
46,0.6435185185185185,4.126692184069409,0.25574008776639773,1.3776245242983725,0.4116617605484919,0.20635615173326038,0.22513333666743196,8.570759986656281,202.24807211033036,4.220671838482741,1.9807614044284045,2.5241528884312414,1.47534935579277,1.5408917880314303,3.478341575970834,140,1,0,1,1,0,1
47,0.5727506426735218,29.12399614076524,0.26342654901267215,1.1547318305184944,0.4964811793585271,0.18839733690989924,0.19383301918729412,11.843825009050285,221.15030089096004,2.74725068122044,1.3448768210402988,2.623324379254302,1.0846716362314257,2.0594422312560794,3.355072997203436,110,0,0,1,0,1,0
48,0.7024665981500514,44.74768132289399,0.14802875732713566,1.3620409212671434,0.5814831204993727,0.20368767379808844,0.21434148910214856,8.688148458459294,122.28919092177674,2.881844447782468,1.8257127632186576,1.1174135387225284,1.408160372981222,2.4219810033637117,3.4015117911693893,140,1,1,1,1,1,1
49,0.6465739309634209,7.415062475513422,0.27179865438473744,1.2423897237803048,0.5669531517719467,0.1948423538051095,0.18867232417089952,11.52307014954934,77.20535624456443,2.7825708084801946,2.7288412264753665,2.7900021167716753,2.524350822422446,3.6305336146172156,1.3121536798614288,130,0,1,0,1,1,1
50,0.6712962962962963,7.638963212429312,0.21208046871306802,1.3685640526896787,0.6560334380722398,0.25408594395899925,0.24157927170705223,10.141155391762045,227.5839227821338,3.1388390683195757,2.2776013899650493,2.472827692203322,2.852463886992245,1.7390243535609078,3.2017923612588555,140,0,0,1,1,1,0
51,0.6719712525667351,23.707734231360856,0.20012224291251907,1.1761899702191498,0.290396397356955,0.20554052237532294,0.2163088117888715,11.071421277077043,222.56627265818256,3.2426136481049896,2.1808905581993585,1.9330266081403957,3.6256073525637564,1.3944537787603448,2.479553824028839,110,1,0,1,1,0,1
52,0.6423432682425488,12.018165267903214,0.16872682583373377,1.1027053240651732,0.1488157133953481,0.22902799943984825,0.1529957905650084,10.339358666307614,182.64521707788273,5.543561941533326,2.6356484721236857,1.6040033988820728,2.4527551402690113,1.4701077155338262,2.954626251323279,100,0,0,0,1,1,0
53,0.647663071391885,15.761765114522033,0.35117680982681526,1.3847648874706593,0.6456833817504001,0.17194590666211673,0.2444035984084887,9.916717060867327,123.73931266257901,2.2570925614559094,3.0890785891998833,2.085363509501314,1.1876775394289272,1.1944227160341647,2.0040667818902556,160,0,0,1,1,1,0
54,0.731006160164271,19.755828308349862,0.20636978106264764,1.487386778098894,0.7521340888627067,0.19320418254023308,0.17980311287178918,7.84339538353133,238.46359991736293,5.652188350851136,2.296826303401823,3.1557986706697494,0.9431939387577959,1.7497857973197437,3.0728082568881088,120,1,0,1,1,1,1
55,0.6589625064201335,11.080565240537718,0.17092904151996127,1.5514005869026715,0.4335770782613314,0.13125620895307916,0.14517092331084513,8.521112169279585,170.52652366979675,5.334301558863121,1.9397042625562566,3.0221717621711837,2.242582713540777,2.3290060597855264,3.3129593147704455,150,1,0,1,1,0,0
56,0.6584488957370314,5.971975871662718,0.1628783743842117,1.356716120250028,0.5364435875934018,0.24076778703446616,0.12360195613511889,10.563320388806112,200.34307906064097,2.6428682271354162,1.8578723435070612,2.034015381158241,0.5376447730769697,2.7762832069911907,2.969714934956173,140,0,0,1,1,1,0
57,0.7271794871794872,25.605341165773016,0.2609054338390079,1.4049128408289815,0.5783213690782628,0.2046916482914023,0.20614674926944682,6.915440674733084,182.35354483740753,4.3312543651950755,1.3392677969830955,2.936047422352047,0.8447346458202887,1.7425390131090497,3.4371825067534605,150,1,0,1,1,1,0
58,0.6008209338122114,58.560418515027806,0.10942806832320433,1.4374869831362118,0.49346704079171727,0.1907645034584195,0.19419595766306574,12.783158244543646,216.59528121187535,2.638227141447261,1.8113249094774162,2.5705887968222982,1.4978675274351907,1.116310108531031,2.692976492693152,170,0,0,0,1,1,1
59,0.6736788096459723,22.867197003414717,0.25703833239265245,1.7369397593128812,0.5248127860911672,0.21287684272774632,0.20920327711044417,12.569684229774033,116.98214959762964,4.330244686291472,2.6305187787823123,2.3857902456534443,1.8172207949017931,0.7815545998609802,3.939521969922138,170,1,0,1,1,1,1
60,0.6642710472279261,14.805330181568836,0.21191738393327958,1.5755025612812212,0.48838271467470834,0.20800009501983785,0.1445565868021907,8.498150326438946,159.29942198374346,4.120391697444544,2.5183314468741056,1.80147077859313,0.9992971270586333,1.1475154023514453,4.5494941616734685,140,0,1,1,1,0,1
61,0.6310380267214799,12.294836989914565,0.2761493201242588,1.2908631563173358,0.27670519064203536,0.14292110886188952,0.18163764173023644,10.305971931385116,107.62408703161705,2.524123600717312,1.5524260305687152,2.403873037918539,2.111265598159008,2.1949440824697843,3.2193613522556044,150,0,0,0,1,1,0
62,0.6979487179487179,6.4791423908450385,0.17378736754309432,1.3623650023093707,0.29608252889583275,0.16050177347228325,0.12271039817342565,10.529086784901379,139.95849046704558,1.0070375851495263,2.691942841369377,2.732947540545252,1.6844627563821408,1.505547420350004,2.9655540473003725,140,1,1,0,1,1,0
63,0.7089322381930184,27.401411532265705,0.33342921458947994,0.9580087968280868,0.2162986375880553,0.15284137965772182,0.16187435242315723,8.506218406236938,53.743221010785135,1.4082567077866905,2.1431488300480575,1.6429502107478497,2.648208899065273,2.4855790498970913,2.8693757250841885,130,1,1,1,1,1,0
64,0.696969696969697,27.957808140045124,0.25566273756493546,1.4085961404002199,0.6203874422092808,0.18725602341854292,0.17851188886623082,10.887953035621804,167.88572178993397,2.763675483178492,2.8330867866806626,2.5125264637739138,1.40950180253592,2.0326527259391654,3.2172390502237427,130,1,0,1,1,1,1
66,0.7239074550128535,9.715174104789538,0.27727473552366705,1.3541923668977902,0.694339218857419,0.23663950832405817,0.21193503461415258,5.662172666813938,185.41584579089817,3.5468731813820913,1.7595548829573422,2.8427323856184623,1.7935527218170193,1.7615810960546554,2.6760825296275015,130,1,0,1,1,1,0
67,0.6326321190354027,57.8638179605475,0.1152141781261918,1.2671849931851216,0.4252908875783639,0.2125968416837396,0.1556685806027669,9.357334785290265,47.981013955286905,2.9647374461471436,1.8835263040840262,3.091846992003802,0.9355079343514596,1.583178215834512,2.63515917199472,170,0,0,1,1,1,0
68,0.6524640657084189,17.129311747829156,0.24920084318250174,1.6067831741883603,0.47830157836842274,0.1606792868704752,0.2494050864427207,10.758218629033788,176.6531525557918,6.051555293184258,2.0605735473392386,2.7219045627539,1.0894713110135172,2.6142426155383935,2.820611215991937,150,1,0,1,1,0,0
69,0.6433710174717369,15.551947866861365,0.24294585139802638,1.0516130488204645,0.4857699255356511,0.21213184236680915,0.18832204897446958,6.956830318451205,173.3624124905094,5.101436224535414,2.0397083742216697,3.478610623563899,1.6308690181254366,1.5702583354945174,3.3428267555300337,130,0,1,1,1,0,0
70,0.7106076210092688,18.195104437133562,0.16458554382207485,1.6547047067184244,0.44803359301261425,0.2035780438264096,0.2195218024586817,7.485573909922925,98.41313847474497,4.118524412235205,1.5967398133144486,3.5220929893488546,1.773318506243747,0.5466719074937134,3.3282869107679587,130,1,1,1,1,1,1
71,0.7384378211716341,26.03141155189519,0.29125597731300223,1.7492008523768217,0.5735807115920512,0.16908975057535167,0.20816682954823257,8.50858768872708,168.8059998294519,4.163058637867305,2.227923472406719,3.2388308825712504,2.2549677234186554,1.200485147723481,2.7265606769755086,150,1,1,1,1,1,0
72,0.7151670951156812,14.204768397399393,0.25333939151706836,1.681700642915482,0.7080012342626163,0.2246853085120254,0.08480201815939573,8.262771872856185,194.65221685105894,3.8971609311493847,1.8606196624946103,2.7430673496889533,2.0158941904130914,1.3580772455675478,3.1295725946295847,130,1,0,1,1,1,1
73,0.7021058038007191,19.76677993730405,0.2559423764134797,1.3108440527638598,0.4151865250001196,0.20418169238279615,0.1730465704557997,8.251441068161917,246.58357081138212,2.6124222898044556,2.237370248436944,3.2199773981955877,0.8513109816725665,1.0273611577002149,2.940937540865394,160,1,0,1,1,1,1
74,0.7055498458376156,22.60323341510913,0.2676803007280324,1.3414612034090148,0.7069303444868817,0.20617567715666657,0.1256885263771353,6.1105887807497785,177.67389665756414,5.662261145573356,1.8889408371684298,2.9460939851998145,1.0018437861850367,2.40333795183244,2.4893967351716055,160,0,1,1,1,1,1
76,0.7222792607802875,40.79298103017237,0.2860211006414722,1.7995782077382123,0.5815089883343821,0.1759138971795836,0.20261324029244343,12.662217123673745,178.81406719246837,3.720975024978971,1.4980024015714606,1.9513588091117382,1.8498123577586576,2.8225182956748265,3.275287221411404,150,1,0,1,1,1,0
79,0.697327852004111,45.61051095348811,0.2123299181843779,1.4709136182364926,0.604639586390531,0.16325855486501034,0.14161388650997814,10.340935887555515,88.58199004924496,2.1859934138597286,2.1014497815026196,3.2730893663745553,0.593808205138211,2.1272916119352185,3.455849837076528,110,1,0,1,1,1,1
80,0.7225077081192189,17.24950418552432,0.24475276615775482,1.1955618312150027,0.7150527095665448,0.23312374570368088,0.16258192977117708,4.332225737115159,156.7438933865938,4.683425332342304,2.7222659803673106,3.400240884713369,2.851089259290885,2.002920753681577,3.770751754702104,120,1,0,1,1,1,1
81,0.7255002565418163,12.914764730744158,0.27814728443421727,1.254578254944605,0.7306545539810719,0.2219631412751405,0.17481251065473974,8.048010429088126,192.33826694565212,4.377683285590651,1.707362594557577,2.581436862973465,0.5630657838900481,2.190476482217238,3.4149017890492495,160,1,0,1,1,1,0
82,0.7012853470437018,32.91523554181864,0.17582752184028227,1.4716775357705703,0.4826307326873737,0.20751756351424655,0.15652704684795343,8.509704681134915,203.9252782953618,3.2224748701511556,2.1253176885987024,2.696647561643069,1.3105010006934348,1.7190205047089275,3.3311145276878897,150,0,1,1,1,1,0
83,0.6622039134912462,40.691089094793604,0.24913851851380692,1.6137851506147882,0.6333736316779895,0.1350810916905503,0.17430308849374637,7.415900671686179,229.35176384468568,2.2307120742730273,1.7619926668549062,3.0283763127196086,1.3153414161362158,1.8377893237143073,2.3933871675080987,120,1,0,1,1,0,0
84,0.7271325796505652,97.79440974842448,0.2756710282791308,1.2005275684983108,0.7983820920935927,0.17479715654751432,0.15115615700026597,12.547512337424019,166.99803440525906,4.133972702733149,2.3765685851058356,3.709362536446802,1.752136993149326,3.0271165059605845,2.0128726979543767,130,1,1,1,1,1,0
85,0.7143592382913021,17.11832121768999,0.27462523559156354,1.269644452369699,0.5148752483883269,0.20220250579297605,0.18706362267398863,6.823652810321047,144.27122659325235,3.4300675339249875,2.568545361202621,3.1934915056374,1.9442755916072874,2.1635382864453447,2.207694518380376,150,1,0,1,1,1,0
86,0.7239074550128535,32.67816626697647,0.288313988838714,1.3414666541385598,0.8603790741139176,0.23176427590088133,0.19683786870608805,7.546696099019316,187.19712530255475,4.594981213797373,2.402050867447893,2.620078239571807,1.4774267495601876,2.2614755937472952,4.282641675113181,120,1,1,1,1,1,0
87,0.7231085949562532,27.027459048857708,0.23988677839761235,1.5593031479891333,0.6569169539971542,0.20247063135475246,0.22210664326255147,5.241192573203248,210.4854837095696,4.781997711884183,1.4533757739470694,2.3630551572220906,2.6763709109261846,2.03066095955573,2.0692956459932415,110,1,1,0,1,1,0
88,0.7143589743589743,33.28022259397998,0.32334366673327297,1.6983862277900945,0.6810733103361671,0.2342593113090723,0.1726834425734805,9.715822440071477,144.88965446337554,5.095070865532898,0.8324621057540486,2.94079529040231,2.8328545877057514,3.175125391011956,3.3004557761788966,160,1,1,1,1,1,1
89,0.711864406779661,13.734183552104886,0.2674482429360294,1.4827107575654277,0.7903370333227548,0.1952474237604256,0.17516811780606506,7.201264582601042,142.82646307878574,3.7438605825003113,2.3072369742324312,3.6835806271719886,2.8934732779688477,1.854331433875717,2.4512669133362586,160,1,0,1,1,1,0
90,0.6870818322182193,26.861174655629327,0.1464372093183178,1.6455855171191462,0.5342590062728015,0.1948316548058575,0.24777303552366442,5.259601545974099,201.53921638090583,3.7285095368527554,1.9802406951192622,3.1831415119978965,2.2340648081904337,1.6204873362649193,3.1028061488141985,120,1,0,1,1,1,0
91,0.6808838643371018,5.184039031653931,0.23345760315737074,1.665334742525305,0.4649219569507532,0.13816867063416083,0.1676261625306424,6.713398645438586,196.26449994634925,3.828011379311304,2.730126778695603,3.474412936494213,2.8117584310409556,2.4098873920161052,2.7695979131506756,120,1,1,1,1,0,0
92,0.7274127310061602,17.209164649769328,0.26561022438038845,1.5294253951642045,0.6224984442485401,0.19681945702581005,0.19054903685172148,8.157989155994953,97.68371186257107,2.2230137282860474,2.6199580851804267,3.0694265791710134,2.4457203806829204,1.8721845814302394,1.80162296696331,130,1,1,1,1,1,0
93,0.6877247046738573,9.918249920283202,0.2890853623807437,1.446151107656279,0.6825722509005999,0.22099859319824477,0.13624923700794905,6.572839015471397,154.7526214793739,4.609062744543453,2.079239834965336,2.3325519797109324,2.5654439916843703,1.7535199803164496,3.182641166061129,130,0,0,1,1,1,0
94,0.7462839569451564,65.06320527586722,0.2614384938050878,0.8903353353426744,0.6241639252258513,0.16048756734002823,0.16920434008584306,11.435361465558163,115.79139905853667,1.1841741458496644,1.9495596743725416,3.4894696237369924,2.8634669809653888,2.2499515951615567,3.1194576619996663,140,1,1,1,1,1,0
95,0.7379239465570401,98.67023763510727,0.277483900399228,1.7649678329821599,0.6081049010519781,0.23577715364700985,0.17765891936605954,6.854492126505809,136.03637294574824,3.2332649520446823,2.6752476725989123,2.5086827090765267,2.821970136105222,1.1382272692288338,1.9469429626482975,150,1,1,1,1,1,0
96,0.736896197327852,35.70163612655505,0.38733432502992127,1.2689743729102902,0.7329139296665467,0.21750615088807163,0.22976332618399503,7.32275314336688,30.094515520707787,3.16075608658665,2.872791465043139,2.906754288701337,2.314829333751271,2.9728877219793546,1.2664722375349413,130,1,1,1,1,1,0
97,0.6835051546391753,24.39451761678414,0.26406153694265566,1.5607250482449824,0.23602276537415176,0.22753991019465136,0.19446743657047377,7.463193529944788,107.79012768120229,2.331040601691863,2.774792467908015,3.457094071619295,1.200215087555448,2.8667223492774925,3.130184774242223,140,1,0,1,1,1,1
98,0.7141388174807198,24.45174908009282,0.3240058016132377,1.7155826649872983,0.5836120487296146,0.19351863407767117,0.13626690597539842,10.873158953239091,125.90463819042003,2.7766421997394577,2.4296827746912593,3.3937036564317737,2.2068452817793185,2.3857957801697895,2.552693066971322,150,1,1,1,1,1,1
99,0.7268993839835729,29.557443350624467,0.3120499632506712,1.5634117132604852,0.5771348940542024,0.15022306582287748,0.20877664992551687,6.242546509054099,184.28035663711097,3.2875091232737357,1.5291499419729342,3.2349379361742616,2.2044851571938784,1.8157331126529743,3.099371009571548,150,1,1,1,1,1,0
100,0.7311053984575836,27.075318962176198,0.2508517170218558,1.2915222667238,0.7116399818678507,0.23221018328441723,0.14581232621522697,8.302338541103847,72.26528530634371,4.611598381119652,2.2853723068603564,2.8138233283470564,2.794516294815798,3.3986607714218797,2.385957216224279,130,1,0,1,1,1,0
101,0.7406266050333847,59.29039342762657,0.23861723979421762,1.903695003632353,0.5899382120107983,0.20225536628515933,0.2142092710459848,12.870208956016736,119.2665849234232,2.3479502591111707,3.5261877192328224,3.0755039661812003,2.0855650335778724,2.70829714857381,2.8466700033517407,100,1,1,1,1,1,0
102,0.6147919876733436,18.473948025021812,0.272140903729289,1.563627434503196,0.26564922134570496,0.15809023235199737,0.1703994333950522,6.846369913808182,164.5940767854225,3.534271179367981,2.1323823355214926,2.883018921430957,3.0930610370883285,2.2387924039377998,2.2863607036979205,140,1,1,1,0,1,0
103,0.6649537512846866,16.88475876706606,0.2814777700461328,1.3684407061871937,0.8900562548558224,0.18351971848736698,0.18716542585117596,12.681444023030942,158.2859982012666,5.600233085488894,2.1750565839350817,3.2167599944789385,0.9258393496435235,1.2047236362264284,2.1208849881507037,130,1,1,1,1,1,1
104,0.6863753213367609,4.345722739645008,0.28303878180771885,1.02205644829797,0.5100739326578894,0.24861971284669449,0.19237242359867218,7.724931791055713,237.97960363546756,4.723985391568902,2.8945081059522733,3.3174011382661797,2.936680735297942,2.1453820168677664,2.5560446737661673,140,1,1,1,1,0,0
105,0.7419023136246786,19.28691664702127,0.19489180408017148,1.6145056165452472,0.5319386324941171,0.24023222130741928,0.2044321032360747,7.220977732295477,126.25982762419966,1.0777001538580597,2.528380130967278,2.909131937463723,1.668460377243329,0.7611498740958379,1.7009057218662016,120,1,1,1,1,1,0
106,0.7510288065843621,23.707584228266928,0.3388203372295403,1.6122094943955596,0.7464104246474856,0.2496373534225929,0.2129815931403996,12.785512331521527,201.49542149466305,2.5358772225265254,1.4831921265830608,3.132104495421654,1.9195007699144089,3.219279931242044,2.7287209360229787,130,1,1,1,1,1,0
107,0.6913199794555727,7.764300913487781,0.24751076656846216,1.5665600167333076,0.7814733853384489,0.20482220255070044,0.18143179052149982,10.688278886102397,199.8542208117356,1.820698448630914,2.6929146867354783,3.6308456337150177,2.001948472003578,1.9561156524462466,2.434363517562733,140,1,0,1,1,1,1
108,0.728952772073922,31.872629575348313,0.24892405989832933,1.4519019008897747,0.6908105280207022,0.18434850792942176,0.23662641405735907,10.843210580220957,161.74136931547923,1.0199226449304257,1.641987807111647,2.6505933560308383,1.6000304091419624,2.606963944506449,2.675929308836842,140,1,1,0,1,1,0
109,0.7316572601334017,51.093226129926656,0.21366480233471102,1.5464273275364953,0.5933885870285718,0.19450881023809702,0.21348906619604296,12.348600413885011,223.93815880347026,1.4844699235640708,1.9940735192730186,2.663521690308095,1.6504106203515767,1.740102801881073,3.2839242117618737,120,1,1,1,1,1,0
110,0.7184615384615385,125.52678496140058,0.2482458292227448,1.4770516507796398,0.8481714403045942,0.20800385919683617,0.18784001417080032,11.477385198312986,118.11021650270014,3.1519173624750514,1.5819294483326432,2.7429889790931465,3.3366162175379834,2.9078256369410007,3.125970693171907,140,1,0,1,1,1,0
111,0.7055498458376156,22.495263319089954,0.2807592831054355,1.6572744955262215,0.8150654594738775,0.20641552332500812,0.18235784271407113,12.05668525905892,160.14341882466562,2.3574903917211545,1.9172027841534254,3.061574665301037,2.41662352971752,1.3366289813833347,1.9777155658003072,100,1,1,1,1,1,0
112,0.7262455059065228,57.67459098905067,0.28762509591535146,1.6054961966091064,0.6709646747761071,0.17537487096680182,0.21469632121660748,13.556632185505224,120.3353142122416,2.4630283870099143,2.345212950105424,3.569782971137948,1.9906825462635367,3.8916430962848145,2.634410399217477,120,1,1,1,1,1,0
113,0.7055498458376156,197.92259020489914,0.21384671413916334,1.288285844032669,0.6835511543802935,0.20536674787838827,0.23285047718084811,9.052581969936027,15.770133940668076,1.3542273617467886,3.297014570493131,3.2763163925467236,1.51702386025023,2.2785856218069362,2.526456400430214,140,1,1,1,1,1,1
114,0.7444730077120822,26.82429594149896,0.2668595936393374,1.5188235048414247,0.7005726264859662,0.1490279483995278,0.20276057809377618,11.239701842071154,74.87888736313823,2.2753133393124205,2.723601316350327,3.1008660027515274,1.2374868173365825,2.21197322340986,3.4710048851615714,150,1,1,1,1,1,0
115,0.4951156812339332,33.75452034151894,0.33670104809502077,1.3896859194902005,0.9780638186151734,0.21740177577202097,0.18701472488635734,8.638846046095876,152.11445126418764,1.5918065279716174,1.7203502991731117,3.2268281688662634,1.9963022618395212,2.751833144717048,3.2049248269275257,180,1,1,1,1,1,0
116,0.6985105290190036,77.93088422218901,0.2846030605026331,1.7538115931990892,0.556786409645174,0.20799062643703653,0.25104490485855396,11.077731856092868,109.23088718488843,2.8674819070587843,2.2412357260974582,3.7359934073421655,2.9654464258108506,2.142547921563117,1.883467847069263,160,1,0,1,1,1,0
117,0.710174717368962,66.14986613310009,0.24591929691839126,1.5232988588255756,0.424205044639885,0.1644010486589641,0.20822584399634997,9.87327768033547,149.60327302169932,2.8418220005334653,2.43066967287414,3.5798706871233748,1.603471056854309,2.91251541817289,1.6779076890938476,110,1,1,1,1,1,0
118,0.7226502311248074,15.81074515660746,0.24448255981005917,1.6631058364774451,0.791293539042996,0.1909182736719796,0.22608506693755875,8.896330920161045,136.90593670374068,1.47194787870087,2.0163784885529825,3.900139203713244,2.164735579851947,2.7689952670494535,4.056390535708696,150,1,0,1,1,1,0
119,0.737301180092355,78.05851304243261,0.3480754613611838,1.721572555575997,0.5525857784767509,0.2217830711318839,0.1845440111652789,8.557614469952144,153.2623333579329,2.6779530190065777,1.2141716926230564,2.363030712617808,2.1134802567742526,3.858964488895373,3.4891208422574147,140,1,1,1,1,1,0
120,0.6475115443817342,57.963972545328744,0.28199298489014324,1.5237630139540113,0.7389916358298709,0.1384923992509745,0.2053268259373276,9.640262571571682,197.71066210547505,2.9147478105693296,2.535682428715198,2.4100358373782926,1.6995517130225681,3.0787475227853593,4.200786856841878,120,1,0,1,0,1,0
121,0.6498714652956298,45.22955744560437,0.32569913973371856,1.8363336184370964,0.7037560929465818,0.1805383259559296,0.18467241362966136,6.879833684967966,152.44126194161055,2.4574960599316413,1.3609828704875147,2.8919996677358646,1.3065418146362833,3.4423517359462643,2.891297274858972,150,1,0,1,1,0,0
122,0.7051874678993323,88.21935503195023,0.22747868832326867,1.53071511835778,0.2688619341896793,0.17352819713825873,0.19506276626862756,9.406651455699071,160.73719136821333,1.037365153388326,1.9425699142810797,3.217548175821379,2.270070603201791,4.37038338005972,2.4459445064414207,120,1,1,1,1,1,0
123,0.7303543913713405,39.23134287225044,0.24227430772743475,1.3176093847402794,0.47111599275015126,0.22849705824970012,0.20457846924858603,11.479813259111829,63.8543461983329,1.342863278541988,2.187447420385496,3.2725293514733784,1.306034480753101,3.553369565563853,3.225102653139678,140,1,1,1,1,1,0
124,0.7252182845403184,60.10303408460431,0.2893334434373696,1.3460029786894276,0.4287135664401209,0.12312786338588397,0.1654145781292382,14.173758014841706,71.95298643374088,2.6714477919635216,1.8460615005092147,3.1869210161946575,1.4135255375494056,2.3679536425142245,3.7312071932724997,150,1,1,1,1,1,0
125,0.6334190231362468,55.813469875261376,0.30521898288436466,1.4591508512600502,0.4420384448808256,0.1819802560798668,0.26506341689691043,9.845884180212996,124.48570714570418,2.3458372675567523,1.6408056756235623,2.4787312992118085,1.3663053317038998,3.140202051879795,3.330390893623682,160,1,1,1,0,1,0
126,0.7332990750256937,61.75787046011224,0.24708865841307676,1.6887532188866017,0.477118962603008,0.15309541357755851,0.1989492009330352,12.767987673303272,168.89225238079277,2.8468610532181478,1.1482343540654418,2.435151531563795,2.9473645309419547,2.593494175856413,3.9104871067438447,130,1,1,1,1,1,0
127,0.7308680020544427,26.301909562768095,0.1974806564753347,1.5498971346194894,0.5536688227564825,0.16645142538781887,0.25065889475783343,12.37757961623936,144.40353922291922,3.0204702304627817,1.5369759637481737,2.4625678493911316,1.2923988286231682,3.0285706138423314,2.9743835556673526,160,1,1,1,1,1,0
128,0.7305912596401029,39.900516512949686,0.2796009572126584,1.483006665004598,0.6498031419100393,0.23525608283471255,0.18829033962223274,13.58855371279014,108.81567381981795,2.513153942589873,2.0755248186537,2.4667346447438616,1.4976569464517586,2.9949111914081588,2.784061734602673,120,1,1,1,1,1,0
129,0.7318952234206472,29.5850518342226,0.17561992769774742,1.5077809172449321,0.5603352685873821,0.2191501428630947,0.24637033077835485,12.288257317625629,85.23582149067795,1.2329946241428513,2.274719151123877,2.947119200605028,1.0092469363580263,3.4569271253372187,2.6179965621596475,140,1,1,1,1,1,0
130,0.7252182845403184,57.39953724123185,0.3449926935367616,1.7767631526402135,0.4842798037257653,0.17539937156000152,0.08786901721741398,12.51079715556127,88.77722102107246,2.3949965853709614,2.13275060927446,3.208940533421627,1.7354544894938324,3.297069414729694,3.5809838668886096,150,1,1,1,1,1,0
131,0.7456230690010298,18.20711225491608,0.20233451034662797,1.5799433968841456,0.7381312265564678,0.1879603406272275,0.24179866794421795,12.259744444822267,14.926226331004074,1.9055524972364821,1.9169642226384582,3.5654702459371133,1.08149629638158,3.124548885026711,3.975202834357387,130,1,1,1,1,1,0
132,0.724049331963001,48.59885738415331,0.275480227678561,1.7048515147383414,0.4583464693123735,0.20319044147596482,0.22565851939729242,13.889059512415294,96.01017604739077,0.6983543660001292,2.013655675791239,3.9083949764419574,0.8749720563959851,1.945577573995368,3.402730640255343,130,1,1,1,1,1,0
133,0.7389516957862282,72.88678627032826,0.2856870513960866,1.6617892669622751,0.6334889878975448,0.21443668890254886,0.1786527987328248,14.100682568183993,39.27401298996318,3.717111180681896,2.1638385345074878,2.811980745169729,2.560315822996001,3.469527878367741,3.4977823577365803,140,1,1,1,1,1,0
134,0.7397119341563786,25.42906730005564,0.3004751175066614,1.6086368553944221,0.7981157254519282,0.17425299782774228,0.274455470336395,14.274611781746577,68.32561821617116,2.9746782104747678,1.757287884643461,3.175334232794041,2.1336685520584733,2.260244148513449,2.939074521823671,120,1,1,1,1,1,0
135,0.7429451000513083,34.76447626859681,0.25073426225362905,1.4534253951570681,0.4948234543848223,0.18098769755764604,0.2540669200907456,10.45168241094316,77.43765656113708,1.4508486926447213,2.6187770951160543,2.7944480960276756,1.5259819356248467,4.065930746073506,3.895218399756462,130,1,1,1,1,1,0
136,0.7470497691123653,33.00214415833612,0.2587077819404837,1.4322629763812602,0.512309542150988,0.21979620154703944,0.1890974126504963,11.041040666260564,45.92044340710111,1.4960377922139907,1.6499480461193,1.8269791037689425,1.2414285326737444,3.5391802562357286,4.189589671324136,140,1,1,1,1,1,0
137,0.7341902313624679,67.28999143121136,0.2114390182754693,1.6099885979786408,0.7299650583357585,0.1750285007848062,0.22450694760967427,11.274157751782955,98.72294583220453,1.1841923025702,1.6774263570398515,2.7330535171609287,1.143331336474422,3.8911610348685532,3.6903597778481516,140,1,0,1,1,1,0
138,0.6846707818930041,27.465048689804476,0.2346457024491404,1.8010878921553364,0.22711829239587075,0.1913211313906712,0.2512861491347922,11.056200193793243,79.18621908166045,1.8004950406594842,1.879384706671253,2.981336897003124,2.212291786499258,3.977026334967964,2.999911310769181,120,0,1,1,1,1,0
139,0.6682074987159733,58.056933954158595,0.22731688601859362,1.7680878572825391,0.7400956440769316,0.2114071303602908,0.22581572003219702,9.005504541041281,122.70261542161715,2.7909788650405067,1.2943445723734825,2.9174555774979343,1.2355966246817611,3.7510603062830494,2.8671392327883614,150,0,0,1,1,1,0
140,0.7209660842754368,68.96666462540836,0.23133618878196038,1.4458347908433917,0.5870714120366225,0.18587018195364668,0.20088785179599922,12.885092978079717,172.2557497014065,1.2930354040575192,2.30937898496019,3.106181254201156,2.3272652233813584,3.9094037806593516,4.434750676313594,130,1,0,1,1,1,0
141,0.7275525910723448,60.79207450023233,0.2159609062611756,1.5042946452578714,0.779047864196345,0.18400128289513634,0.18896543710353442,13.198545124345985,132.64262639297303,1.409888164474416,1.0338477458140776,3.843732448610841,1.7753400837167632,2.9119092603111127,3.498601884741926,140,1,1,1,1,1,0
142,0.7049433573635427,21.014305076451848,0.23839673746388712,1.8793143889954333,0.402826432230497,0.13604697690903897,0.26362306935910024,9.898433130688689,63.58964968140965,3.2007101879830904,1.0597885847738646,3.233148844610542,1.3049469332851151,2.8576006869372685,3.4968455790965494,110,1,1,1,1,1,0
143,0.7236774524910118,104.99232335141181,0.21580941247392926,1.4266336011180643,0.6252431038238789,0.1602565613882822,0.22659595543960176,14.394318053733382,59.81908649822494,0.9999064097408126,1.7948798867835851,2.94186986527432,2.103828989164059,2.588968489780072,2.7473944058654447,120,1,0,1,1,1,0
144,0.7247046738572163,110.5140887564599,0.23306375935939028,1.1529007088884904,0.4494261271800306,0.15539780561312783,0.2234191053464133,14.045877711159873,122.38768632009645,1.9284982578382244,1.4679197242531352,2.588000809998657,1.5225349489346907,3.2006467562778727,3.589934776978309,140,1,0,1,1,1,0
145,0.7253086419753086,67.67726549100543,0.16740628172394834,1.5515885636685747,0.8274174658260254,0.16481253569218768,0.28923734120965827,13.59843939989544,46.65504750590514,4.075293743879869,1.5616809167971057,2.8944990942578332,1.4723784387867902,3.242718361752838,4.026717126468027,120,1,1,1,1,1,0
146,0.7447246525990736,24.748959614609543,0.24251787602967456,1.8566376513696403,0.7264711489371412,0.16090467603610634,0.20763037056643213,14.745822157469359,41.64792908542039,2.4063139817238675,2.2926249773685603,2.5273709583046755,1.2013553425742096,3.533591391535987,3.0039153145427964,120,1,1,1,1,1,0
147,0.7341902313624679,44.81027713101066,0.31509405297774346,1.3685466685898109,0.8122044514856155,0.156279886897702,0.2673398473531676,9.761313253387286,70.95806917473752,1.2112562231634558,2.141909454551212,3.6716222731710597,2.458984074756864,3.7993751397958535,3.9816596938470292,140,1,1,1,1,1,0
148,0.631551901336074,30.88230808439376,0.2563001426780067,1.3077257118059065,0.43028534074246927,0.1839718678336988,0.24472205011001863,6.954955204245198,19.856686676257446,3.964595706833605,2.2524599520920914,3.1047397225897013,1.1822738973742837,2.8796896911563383,3.5904171424718636,160,1,1,1,0,1,0
149,0.6661530559835644,38.24344751597371,0.2244518349463911,1.5100245306052278,0.6061221958049334,0.16241738157329316,0.25287373867342855,12.527537263151043,116.5872066118267,2.269167387152434,1.2979125283697979,2.2741509489665033,3.939957093096683,3.2681101985366547,4.146463712294777,140,1,0,1,1,0,0
150,0.7158273381294964,35.99387943979637,0.24061628117764222,1.3715856755690865,0.676558150490113,0.12033690723380516,0.20817712717797288,10.831147191148188,73.43447043456311,3.1740580128733153,1.9399473510870218,2.3117555347286496,0.5624886239028011,3.659193602614379,4.659581490213421,140,0,1,0,1,1,0
151,0.7038560411311054,46.39564540877941,0.2568116727924427,1.3039055943866233,0.5584776703300594,0.25485179091876975,0.24045592618398576,9.614791771944185,122.4483546074713,1.3602417069680088,1.8577400953451613,2.2199443147744824,1.3091863682884628,2.8751169090439097,3.5845607871075282,100,1,1,1,1,1,0
152,0.7271325796505652,30.725031474406293,0.2430734488507088,1.430710842737862,0.7462313447790064,0.22174493521479627,0.13795759272181915,13.211879377651869,71.03333255763141,2.291361183136465,2.432597452185495,2.0868217395291424,1.0943608301067036,2.8579843051598646,4.482505324313023,120,1,1,0,1,1,0
153,0.7257318952234206,20.231293828053005,0.23364229179106683,1.688361913943273,0.607609463263581,0.16972944377701024,0.230897593208455,9.136056473429147,36.605464278714585,2.463114358685263,2.8924397379189672,2.2910310780982535,0.9108959233084133,3.4316722406970253,4.258123316543134,130,1,1,0,1,1,0
154,0.6856702619414484,37.679504132478975,0.18684899193910776,1.7090916037069637,0.6050746545782102,0.158472889877679,0.15247500670309289,10.307138929121354,103.07930469081444,2.071499101901813,2.438986324447162,2.2312956006433495,1.4695036622131907,3.155491998956631,4.0684097291724575,140,1,1,0,1,0,0
155,0.7431806484817293,37.746995174228964,0.2721534625972167,1.2878103302353512,0.680829901861441,0.2501176866191439,0.1882550077454267,10.719957191981184,134.8441344043028,1.123814411152448,2.214162544432302,2.496150315941883,1.1637466706921376,3.171356605264458,4.141990953459586,120,1,1,1,1,1,0
156,0.6894250513347022,29.531819907205517,0.34347756445965255,1.0923096925995148,0.7413911798028165,0.16203712665658127,0.17029863004323298,8.302255436952152,15.132782220713587,2.3978960615691873,1.3844988841517316,3.4072082008998086,1.4864447755078347,2.6986393004183427,3.4647265242397425,150,1,1,1,0,1,0
157,0.7498715973292245,31.305978521639467,0.21633797972154034,1.3769915526749736,0.717986879026233,0.21561367910317403,0.12185918740663493,9.36324272122219,97.3204603467805,3.909303373279531,2.326452855031417,1.9154698784438549,2.896565864007094,3.0434091128850826,3.837717853096428,140,1,1,1,1,1,0
158,0.6680369989722508,50.107740605736154,0.22971914887052441,1.5847565932612777,0.48199366540876537,0.24244162960675625,0.16766276439903383,13.755616180323713,58.85100803443776,1.7997884550181078,2.1008992592451516,2.209576618464686,2.5718973902355193,4.26342083505485,3.541339490428767,140,1,1,1,1,0,0
159,0.662217659137577,8.446107606916769,0.2627686462872375,1.5063409853061878,0.6277346812681296,0.22661071564477114,0.20404061538886653,12.80344513609058,87.99543669729846,2.51354722699997,1.800934181927198,0.9660592266146215,1.9184939681055504,3.640185577296824,3.2830896555199898,140,1,1,0,0,1,0
160,0.6449126413155191,39.97382938825765,0.24723657640890062,1.5364247670637612,0.49683728469628136,0.20727300844476548,0.17201884371769824,10.214055010071412,212.33729606298436,5.003250979409572,2.945045521204811,2.127426491515132,1.8091595259455293,3.0254068674225776,3.631467793763201,120,1,1,1,0,1,0
161,0.724049331963001,36.773885268345786,0.2254486814012479,1.5086257559526792,0.6731374803631308,0.17855949521339848,0.13569028257920318,10.096670451958664,45.69127145798661,3.761866121117765,3.148011536507199,2.1469809925606995,2.758487656950288,3.3290794751155115,3.9364924899439226,170,1,1,0,1,1,0
162,0.6027749229188079,27.276823618069603,0.289623939121912,1.3326687477761552,0.9447652377620699,0.2163076578910902,0.19041141539875134,14.850653100411987,61.95278788757755,2.0310237775866664,1.5047649349680075,1.8686862841137764,2.8441337677013356,3.6290300663351114,3.71599677924521,150,1,1,1,1,1,0
163,0.678847143592383,46.819059363865065,0.22161508412063524,1.6045605141618235,0.6665275241091445,0.1764065729480827,0.2090080282148673,10.995800630307617,117.3263593507383,3.0715666490057947,3.170403054926094,1.7802408516353685,2.5062836716558605,3.222316051059459,3.620279304586865,130,1,1,0,1,1,1
164,0.6498973305954825,51.19568452279252,0.2747911297379427,1.4026565060360126,0.9234230541941489,0.24929553859632814,0.1915520213227212,9.566353947323742,77.92470444900695,2.685392112504521,2.6420728331848835,1.315665203889862,2.7204489843338098,3.996071954813192,3.457772351082986,110,1,1,1,1,1,0
165,0.745510518214469,59.10119116996067,0.2396768649192959,1.5154266479243972,0.7391487002806907,0.2067259481962151,0.17712689132620268,9.894795389172417,117.78238499071404,2.590967778477055,2.041220831948877,1.8063973429154683,2.3168329923047914,2.8944401458831406,4.201909246115944,140,1,1,1,1,1,0
166,0.7354904982023626,37.043264427173824,0.1853783770232551,1.8252482115476896,0.44111891298720274,0.17752982956759955,0.1385346121699613,10.001548612689795,143.54912423728368,2.142652357526585,1.6570117495766397,2.6811198329830455,2.4514283074206156,3.0916419861509543,2.4669940086142015,150,1,1,1,1,1,0
167,0.7338129496402878,26.20763616223301,0.2746552100893955,1.605663080369641,0.5009630991073684,0.19847739264595343,0.23547382008870232,12.188068392221139,140.559808639506,3.095351581145737,1.6963328720467954,1.5979262625884814,2.1267946994634523,3.1930170211036764,4.221155179045873,150,1,1,1,1,1,0
168,0.6651258346173601,19.894639729355873,0.2791400565779248,1.3549317996629742,0.7946682080918783,0.18156939380405573,0.14496763371560895,13.03329964758143,110.45568018080039,1.7816979170392813,1.6430098056558926,2.2058363893286614,1.2404954228673626,3.44502058146861,3.60887178791727,130,1,1,1,0,1,0
169,0.7164869029275809,7.195640727874875,0.2775524366483365,1.2636373616819296,0.7539101214847588,0.21471739578077415,0.23101800671534134,12.50908077874661,55.31339092605688,3.5457232402318315,2.328118420596584,2.2448816304012347,2.7878895856837516,2.613706553844191,3.771462671505458,180,1,1,1,1,1,0
170,0.6957414058491534,5.396693895544851,0.20240551981492344,1.3580944001485642,0.791945767123274,0.19668611395764624,0.17891870880310584,12.329911968464488,127.87600910493566,1.4681432547036408,2.2758157817234634,2.1901795288655803,1.7814707786575041,3.852664819399574,3.216845876791966,150,1,1,0,1,1,0
171,0.7272727272727273,57.20810984256343,0.2299056295331644,1.4527423120210505,0.7784010587014342,0.19450550832506047,0.09801518438316392,9.214652045359912,102.82544940586811,3.649922270564457,1.836254658345586,2.1841744436258943,1.592855594626708,3.30723575845305,3.534423440353058,150,1,1,0,1,1,0
172,0.7157516675218061,45.84511886513722,0.23692794924764615,1.6757708337063228,0.48472810863975546,0.21734863032622687,0.118378508843598,12.119571790800405,153.19330564193334,4.068305567238921,2.671229222433048,2.328606522118035,1.7324339339623738,3.6076446579245216,2.4834766541212545,150,1,1,0,1,1,0
173,0.733949666153056,21.35208787301817,0.11804918291123505,1.5336514228457296,0.5682183444260247,0.18320616563236758,0.15846162743958617,11.447605583330544,83.08663900017139,2.1553872575840605,2.551152537901892,2.236355047998063,2.8573302173103863,2.5417971646013062,2.6469764353591247,120,1,1,1,1,1,0
174,0.7203694202154951,62.006289266090505,0.20593901676406123,1.619048491430465,0.6048918653502798,0.14168788079932337,0.15940484376733438,13.12272304742003,88.23866787045607,4.495795753989263,2.196328152896956,2.6825189601390145,2.210544218610704,2.7914877141895404,2.720575681225063,170,1,1,1,1,1,0
175,0.6887860082304527,74.10502069096466,0.2745174379044184,1.8063895221800321,0.8925747813565325,0.17173373913588527,0.16441875694067065,10.293265069324416,72.64172215411084,1.009632717247905,1.53443648461578,1.4157833139505835,1.3416204865551136,3.1161995264793902,2.8963189514667746,160,1,1,1,1,1,0
176,0.6380903490759754,67.12050798277598,0.24763424340343565,1.7602980708950333,0.734413755721379,0.17852957960319155,0.17706696827688467,9.806296834645805,103.41356954571494,3.7485512263692016,1.9988924173348326,2.121516505454572,2.0173832962857716,2.7504013805459127,4.281597100080523,170,1,1,0,0,1,0
177,0.7223650385604113,54.52580372642807,0.20347842248049874,1.7599818608939668,0.5895262865553442,0.11702602898154917,0.1892229989469979,10.187927518640045,79.44222644130848,4.1133841736461205,2.3856114841028133,1.873933896421573,3.2066769099465735,2.5379129270591174,3.5782349007933476,150,1,1,1,1,1,0
178,0.7180277349768875,44.96084760160991,0.2864741691451922,1.8112310739629984,0.6123923418630542,0.21522538821451892,0.1624255075726611,8.952842530869978,132.15995197833186,4.080671589837522,1.5054958387833435,1.358796995200351,2.23682945437429,2.6864812567676486,3.3403074203949066,120,1,1,1,1,1,1
179,0.6782965623396614,29.4970615058856,0.1717173332004539,1.5961978393959948,0.5137218991818807,0.21346157911392039,0.18349878771428912,12.729052562163353,155.9937683548565,1.9026317197785314,1.8786772258744013,1.759589724591341,1.9166185997998428,2.571183747422539,3.366887573053181,190,1,1,0,1,1,0
180,0.7013853258081068,75.77362600525488,0.20037189664361432,1.6362886500778746,0.5084541565591965,0.20973070017808543,0.2193696596015942,8.601921118527764,152.99615506426096,1.0531877601830621,2.232694770611718,1.4453387782474112,1.540521142117304,2.0386157361971957,3.0207052679067203,150,1,1,1,1,1,1
181,0.686858316221766,42.52252767692919,0.15203879310346646,1.4718460296486775,0.3429812704716227,0.2723757442268671,0.12283986190372508,11.380163199248987,16.8547231223623,2.5724740676179296,1.8268990797940157,1.5199811202060869,1.8966172590933845,2.5572502604883955,2.3961978444890093,140,1,1,0,1,1,0
182,0.742299794661191,39.662209792923754,0.18458252269631242,1.3122353798468556,0.8008213188121808,0.17165680233057418,0.19580956542608335,9.81426262690989,76.72858079715719,3.180626648543435,2.022565343944672,1.6090439080647234,2.2747094719263528,3.4073657156339485,3.2470686711678,160,1,1,1,1,1,0
183,0.6485097636176773,97.66134731825724,0.23078076130143993,1.5058027593239303,0.4753902984188124,0.17641851467908082,0.1681320118905179,9.110564837726354,129.0493676965594,3.8801884838351355,1.4666480672867188,2.3002850636279346,2.2886158166112116,3.3683001247694206,3.5200829660793755,130,1,1,1,0,1,0
184,0.7343268242548818,22.37623878847054,0.2649583842442094,1.1507198444786306,0.7752974034347946,0.18092053820945214,0.18012442948080687,11.26493179288647,71.61207857948625,2.164454217500963,1.5387518230549595,2.3565755730752533,2.8243900485164897,2.9838953097436067,3.016934085052309,150,1,1,1,1,1,0
185,0.6541623843782117,56.25189915122602,0.27308024287870464,1.4535941334238642,0.873488374636165,0.163369327445005,0.14678757583265278,10.222937724076637,58.63477765424685,3.876788828709544,2.2759901590444054,1.7859032530706753,2.8202792523749602,2.6896522686707662,3.0029217219777404,130,0,1,1,1,1,1
186,0.7197943444730077,17.44707221273716,0.19650448698285922,1.406403405503996,0.5152534071025707,0.11044148099537068,0.21144163018841283,11.590607375336914,128.62485188049828,2.734934396660755,2.4391143119223004,3.3704012598616124,2.265644967440733,2.815797866506011,2.935978281456146,170,1,1,1,1,1,0
187,0.6536685479733196,53.31812394540806,0.23385016955173582,1.362747505828842,0.8853083260211352,0.11728872791543217,0.18528657665134268,7.47328779953428,58.59661081083531,4.097358501428037,1.4920232313138364,1.389571056631464,3.399835199526319,2.4221772319283796,2.8755661121265854,180,1,1,0,1,1,0
188,0.6893353941267388,46.6036492604975,0.20553185903640186,1.409695004001516,0.7237784228459161,0.23191023549662115,0.19313663255652314,9.780620119328105,100.23993882787522,1.5324419432690812,2.267753683314568,2.3402762380371698,1.9227638800801854,2.773048276223539,3.2004060963072893,140,1,1,1,1,1,1
189,0.7066392177045805,17.691015994988902,0.1634050945796367,1.4135976980537197,0.6594305817565439,0.10480231164343329,0.24573819133511815,8.165419398670902,137.06094233310313,2.8269816512746035,1.8459240045554846,1.6663542080203915,2.4767278009314486,1.62170004464983,2.94682364886335,170,1,1,1,1,1,1
190,0.7211934156378601,25.856584035797805,0.1612883201630662,1.3967905714423612,0.487315332672222,0.14048600264460898,0.18343782398272612,9.949768855247914,99.30566093469528,3.2666619027488264,1.514790608580276,1.9794100066889646,2.8346211026711825,3.3197518289775076,3.418578212175789,150,1,1,1,1,1,0
191,0.7161190965092402,27.21919888943316,0.2020420715750859,1.3443966712469355,0.5899173256828908,0.16766801002316276,0.17728337694243645,10.154293256598296,93.41118712238597,2.9015154483823933,1.5169289812491988,2.0784359020762144,2.625303991993214,3.219769590616204,2.9629632725935533,160,0,1,1,1,1,0
192,0.7529532614278377,89.66454369540925,0.21541552517730084,1.550285527536384,0.7578494726923898,0.1417921942935535,0.15478946955113715,9.620235649480628,38.20035251593887,4.889397173597034,1.2717129257873108,1.413308591052308,2.3163124627729537,2.9498203022366045,3.468175587952617,140,1,1,1,1,1,0
193,0.7263374485596708,70.71267426732676,0.19776261497287212,1.5105200062990911,0.623463585712899,0.16641182445256308,0.17720493583736457,11.968344826145266,25.65269850411557,4.757332890929034,2.2180475741151096,1.9332787145200876,2.6769072881617,4.379133048963727,3.7897861338638297,130,1,1,1,1,1,0
194,0.694558521560575,32.397014799356086,0.19694573687367967,1.3912159838176843,0.835670632812058,0.19655246288552303,0.1981497132118349,12.900134232787662,27.76175870818417,3.2115707020230473,1.962863961514969,2.4751469518491063,1.3524560508625472,3.5636843438471892,2.4079743765820645,150,0,0,1,1,1,0
195,0.7079691516709512,45.12698442877374,0.1481016495148901,1.4048715020760558,0.8359065902347759,0.14685835938014083,0.21969256539402998,12.827116310393826,69.33690397102919,3.4738971627025284,2.666491905726264,2.6843928152877417,2.48213657437438,2.862225249816984,2.7595486962696802,150,1,1,1,1,1,0
196,0.7273193234238852,40.524124060156986,0.2120765782421407,1.6340616632485094,0.6108233808714146,0.1371051633081919,0.1640487606293008,13.522131545216489,180.5038496019654,2.1548386221798523,1.6238888116876027,2.085642749068014,2.1728986889398687,2.727099342136346,3.136697537419131,140,0,1,1,1,1,0
197,0.7041602465331279,19.07951211513742,0.27184096427030296,1.3100274949505901,0.7971286390329834,0.17526290062854144,0.200380406214472,7.81419514687336,154.35865125832885,4.266462898129918,1.4274628420971425,2.25283217635404,1.159419022985026,2.853268753238016,2.885292341900807,140,1,1,1,1,1,1
198,0.7253992787223081,38.97054079201943,0.19301331916801823,1.5259263339391556,0.6860833544987646,0.13584370500393772,0.1875179720655456,12.573110151082746,85.82374178657678,3.52689193536868,1.935247836002987,2.108505775147291,2.0468179595803786,4.208448117486066,3.8258211869265035,120,0,1,1,1,1,0
199,0.7362750128270908,31.82304969743322,0.2732346806111044,1.6374692248814946,0.7780714989183064,0.07269819770415727,0.23328733568164428,11.410699488914995,62.18426634933137,2.975983268376661,1.39616729907133,2.190331267683662,2.43645826476598,3.415033317780989,3.513299329488171,150,1,1,1,1,1,0
200,0.7130390143737166,36.29747808883462,0.2183250047739404,1.431987220091461,0.808503332683457,0.13322133692568644,0.19000083898945236,12.284427446721583,195.5580055039341,4.083392951453451,1.478144754580215,1.474547668293031,1.9490168068642653,3.201760284602851,3.3390283718463687,180,1,1,1,1,1,1
201,0.7347357619291944,23.258232633354094,0.18253770797308677,1.4193950626709286,0.6875918117301545,0.20767034282846514,0.14270177466552375,12.684193787313648,142.36134456922,4.936737534342057,2.5417805641573654,2.0072376314032736,3.000813416542771,2.9513613062220387,2.5343887513496295,160,1,1,1,1,1,0
202,0.7324088341037494,85.50105538018924,0.2093422245686295,1.5267206363774708,0.5118514154446111,0.16389605957574244,0.13384385772943486,12.929703881208,108.81231522165933,6.01737446519186,1.638542644270408,1.4850487622597295,2.2876720021208183,3.038878306758867,3.1975018336425647,170,1,1,1,1,1,0
203,0.7302158273381295,85.47972207026113,0.24974424309701687,1.739505994794859,0.550827137116786,0.19791008593864973,0.18217763813447646,9.876048199548821,67.954003975289,3.451186479696029,0.8667011291906255,1.653108474018304,2.1484390794735977,2.4674811250185593,3.1577107412750394,140,1,1,1,1,1,0
204,0.7095115681233933,122.37962762325546,0.2654948156187982,1.6267849616695202,0.48805453997644116,0.11478816932431417,0.22217307089173438,11.119627956048298,79.83468839248992,3.5074435215928093,1.4837873311214846,1.5902962311039606,2.5742128396568864,3.8614009517271937,3.1491730044677944,130,0,1,1,1,1,0
205,0.7252182845403184,43.30205924783966,0.1732489313296066,1.790305958552664,0.664827790634086,0.17597551432317826,0.15834874250594647,11.743314732544857,93.7284967622309,5.018931806938443,1.7766403004244626,1.327421868585465,3.0737056485529313,2.667457586211883,3.732525290661052,150,1,1,1,1,1,0
206,0.7296049256028733,37.35888517656727,0.15677683628174965,1.5056308305976551,0.5522248879255061,0.1145620483682606,0.17282085436584832,10.804825168346568,78.88789727240386,4.2100303089884825,1.9228900791708037,1.1366953292476394,2.2634763798695072,2.8254100452264215,3.458465795107279,150,1,1,1,1,1,0
207,0.742299794661191,13.068915519988376,0.12477484146864237,1.696559962638452,0.6519633809900689,0.15260139139417558,0.15343950166001832,11.818710455895234,116.2424293159151,2.7763388680598915,0.7273970864534556,2.1403157419818934,2.5870869149745666,2.956394783712094,3.1713024760809665,160,1,1,1,1,1,0
208,0.7379239465570401,143.0622488261964,0.24363368885015102,1.445641742186793,0.5469029051052968,0.11676300561191343,0.1778440964190573,12.16728260357497,58.55342959138468,4.721720675721233,2.255737223847256,1.9265560586626418,1.9536410581073156,3.0139627725863547,2.6331385888269434,140,1,1,1,1,1,0
209,0.7403598971722365,169.64922085887167,0.19836274702603207,1.5021008033907655,0.603495647162237,0.1570323475277126,0.1819280153215458,11.292422411065955,100.7781187176832,1.8435163411330162,1.5572834449831015,1.4994833513963068,2.4790950791644146,3.7608072890057143,3.536176467874217,140,1,1,1,1,1,0
210,0.7286742034943474,24.97918175280189,0.2874317802090471,1.5709795703317129,0.6072342935297754,0.17309006699101093,0.18166061970379171,8.094570218734756,177.72637559188476,3.771042491642073,1.059773137850776,2.11987286828626,2.1085975255902,2.558788073501502,2.500948376439932,130,1,1,0,1,1,0
211,0.7429451000513083,29.819223533835135,0.2002624011444405,1.6380315197945658,0.6220935858249151,0.17801472426201564,0.17234372151372732,12.61030071444851,41.02097739552386,2.950197794347848,1.0699679330218383,1.7760542780654114,2.305023452661592,3.632918751888468,3.2046503489587983,140,1,1,1,1,1,0
212,0.74884437596302,94.8494901938123,0.18106425386739633,1.3120752423946531,0.7434053661118449,0.14276637127829295,0.15853488313351777,12.257199301314943,151.03357626440436,3.7032639370421654,1.8365727192414991,1.855175247287403,2.993695843386066,3.519254762018548,3.1317168955941384,130,1,1,1,1,1,0
213,0.7284394250513347,47.536116146542305,0.11602821856068044,1.7452080251348134,0.5484499518900324,0.06182035950162913,0.18524722842518843,11.796715228886507,40.07509355382574,2.6343030206299938,1.2569978037831633,1.987108627833373,2.870039352259911,4.298680350301996,2.0069020201582823,140,1,1,1,1,1,0
214,0.7269922879177377,97.1655537316024,0.11209967405219226,1.7037321355812853,0.7932009847776929,0.1415108461058338,0.13501223913515736,9.600767073297357,83.01884277458655,4.807149145491561,1.830312231157251,2.632934820699412,1.8654660279213646,3.085566249913418,3.323313346313817,160,0,1,1,1,1,0
215,0.7099589322381931,54.845383409111435,0.18043535365575764,1.4437786224278213,0.6726868419637962,0.14514260097528475,0.17628792094116408,12.763909252109503,90.85385915855827,3.332751312529792,1.3771282645108673,1.4614572245470394,2.3930554099823835,3.1166222932265497,2.9085103418336065,160,1,1,1,1,1,1
216,0.7097272259392692,41.823897582384106,0.18118157099599547,1.6091597443263654,0.7579789688461231,0.1272160776524225,0.1974301737796879,10.123057605294491,171.46130613348993,3.1515032220919403,1.4154803925818387,1.472430482556362,2.6319970289064054,3.5062823782592636,2.7976222643299518,160,0,1,1,1,1,0
217,0.7294238683127572,52.441300044425944,0.2364411316680115,1.4088304914657614,0.5700599779431491,0.14009312504511895,0.21137311646526336,11.173394775238222,73.13464835350685,2.5795147723417524,1.84577084533432,1.7494661822334807,1.8084982160651173,2.5733816778568905,2.8385616075342743,150,1,1,1,1,1,0
218,0.7378142637249872,15.732700482172024,0.17783124169982234,1.7429698287383593,0.6095285338038248,0.11911958286249648,0.18699077042373397,10.796112001589693,134.43432428138058,4.568892498011175,0.9319850851288708,1.3197893860570271,1.4601664350923307,3.156959007649304,3.1341682876775074,170,1,1,1,1,1,0
219,0.7317574511819116,83.8339762101055,0.17338135295140578,1.9797432885273634,0.6489835976228917,0.18775064883772696,0.19739002474787187,13.246840521000026,108.40349771734354,3.608513565392305,1.6658510253133865,2.0794365955205376,2.6825477352519655,3.070094966099895,3.013540852848557,140,1,1,1,1,1,0
220,0.7342945417095778,61.055239220186046,0.2614041594168379,1.6302230375817932,0.7584252726158536,0.14156607155660583,0.1521733447343923,13.65437015513439,77.12543047453161,3.710941997468556,1.6358875563172688,2.554593727593988,2.3539318956483317,3.5181843489806015,3.9167971821119303,150,1,1,1,1,1,0
221,0.723305954825462,89.83362229645509,0.1633094231878645,1.6297640086265694,0.40854160161585207,0.11363662634956849,0.1802378133481498,11.362793503711645,21.655079942280807,0.7170304456953259,1.811964310510606,2.176872756845614,1.654188186144663,3.0743053713365907,2.4666715221351136,150,1,1,1,1,1,0
222,0.7267591165896251,50.84512069083479,0.20136751730432406,1.796982655289654,0.743794835670288,0.14923355505798114,0.20061412656211763,11.247490305984194,95.06570818979664,3.022533123915198,0.9433339575027572,2.026986464778499,3.0093868969038198,3.0792432650843775,2.262271387511556,150,1,1,1,1,1,0
223,0.7330595482546202,148.27851732712344,0.19722334447696355,1.7306672339561073,0.40830930860154707,0.10799550452156136,0.15639605726915068,14.121711124587604,49.716975682721326,3.1482545752644437,0.9692413407681942,1.9156597632312322,3.092575644483812,3.2957633084687328,2.290249123106884,150,1,1,1,1,1,0
224,0.7139188495120699,70.02690182640963,0.18759764043129867,1.3332903158741214,0.57293947004623,0.11060675654770866,0.16091117897688995,13.08654787316883,116.28417400173615,1.2581902415679105,1.0410421221774817,2.459439839966361,1.8782113722085185,4.101283026633775,3.1090066038801627,140,1,1,1,1,1,0
225,0.7226502311248074,164.7588342390852,0.24928653989000932,1.5354693361432044,0.8054266193009896,0.18509173111135702,0.14320517914340347,14.418101223863419,94.56638175851946,3.9324473090927006,1.270656591418882,1.8459294339250463,2.2756045056847247,3.9605791444777703,2.4276863191375186,140,1,1,1,1,1,0
226,0.6849948612538541,184.4734129050465,0.1947872796793904,1.6800212506664918,0.8772724029656895,0.15846912819924153,0.16094106835796457,10.909808745793196,97.57396321289112,4.10493143078531,1.1757045187632276,1.7269244600467593,2.371525547310337,4.006716370944465,2.7227079155975837,160,1,1,1,1,1,0
227,0.7259640102827764,92.36027997820254,0.15595235919080377,1.4602809419587157,0.7322658939245813,0.15202988303855103,0.14604297748602502,9.24825601953544,141.0271102288959,3.2901945090347944,1.3289141349555993,1.5947210527726394,2.4003511803275357,3.4102026984788942,2.4617891920194506,120,1,1,1,1,1,0
228,0.7343589743589743,81.6314097286468,0.2314332613936087,1.4766833349355402,0.7024087427847071,0.10374823340449332,0.1788744098419346,11.612805370144633,104.03997181856683,2.559123740339468,1.6605860397470047,2.2389640759229112,3.097253568778111,3.2343210025652382,3.07373313314196,150,1,1,1,1,1,0
229,0.7412551440329218,57.574821933866886,0.11675627479582855,1.5987367683078917,0.6111747684192296,0.16090635038932077,0.16368900715797208,13.834414834692772,66.77531254736988,3.3006097937249637,0.8234936172316106,2.0203628231747466,2.14305362634816,4.016964789131127,3.5259787576331902,140,1,1,1,1,1,0
230,0.7439588688946015,22.49938855849565,0.19814920709251044,1.683917534800716,0.6987503979074661,0.1037205222408959,0.15651540691860671,11.912251837151212,141.73347907762374,2.1950924580944196,1.1284814880695233,2.0004430949354326,2.9980749632399037,3.7987618493125566,2.6885954584775185,140,1,1,1,1,1,0
231,0.7390633041688112,56.59124633647322,0.19262763936758082,1.5363817884204805,0.7165475865016288,0.11407707438377075,0.19033534769767907,12.44716075062703,160.72925541254423,4.064360788599828,1.7697972036564393,1.9216815768925413,1.526983640338008,3.499981433917804,2.880226364163645,140,1,1,1,1,1,0
232,0.7277406073082862,82.98770311828929,0.1352258283927684,1.239493319341013,0.5193397498957362,0.18893343127610185,0.16433391840681222,12.991196725016405,52.8291500089582,3.611946343361145,1.061935550098859,2.1844072353601875,2.7635441916110812,3.623660185149347,2.8176267805648663,130,0,1,1,1,1,0
233,0.6890713186249359,38.542486236122066,0.1615680023532211,1.650016482229578,0.9022805730864409,0.19523169119470185,0.21314870390443952,12.85735632548741,210.03600992752342,4.1963158829075535,0.5535723456091106,1.9014523215528378,2.64631639636922,3.442580734180197,2.37633949029574,160,1,1,1,1,1,0
234,0.7548918640576725,76.03318244062905,0.20508289561084336,1.737312175169508,0.8044653705429192,0.18885183681370393,0.15422327186836965,13.358990468790786,70.49543157099473,2.1530423164190093,1.5525293047301743,1.4693886759319184,2.601628594449642,3.753110439142258,3.3021966273222887,150,1,1,1,1,1,0
235,0.7510288065843621,68.30519230471417,0.2002499461381,1.4521079920678124,0.6651541669417629,0.1182565540505975,0.19183677230728213,13.528021349463023,58.66402323986898,3.3872228512444913,1.108311700978951,1.9736392384448564,2.6103965076105733,3.7231928117061406,2.363464293759438,140,1,1,1,1,1,0
236,0.734945959855893,35.08951178977971,0.22364250102806116,1.534489979787578,0.7423767977539565,0.1796664573302596,0.15594780021270693,11.459662898121458,150.1707929891662,4.085707161771616,2.4636984887102487,1.8501741082368628,3.247451855118537,3.3334712884536377,2.9080800243544975,140,1,1,1,1,1,0
237,0.7402464065708418,135.7985828297413,0.17991344791567676,1.6565022940213745,0.5308940365284438,0.14211042111101874,0.24951684565869076,12.558265083324658,65.98150213423784,2.145167479512935,1.1888514458141466,2.233034720957005,2.832171528461377,3.9195769479722022,2.4683664937318444,160,1,1,1,1,1,0
238,0.7566735112936345,26.810059180903387,0.15555570615320785,1.7349685492653966,0.7228026423728904,0.10068978391762806,0.18810501693523246,13.75200700869164,75.07304746684746,2.3315933219723908,0.8098097016712442,1.9476758028270629,2.699622497298693,3.624235149402346,2.3967353654244725,130,1,1,1,1,1,0
239,0.713477366255144,24.112901824642258,0.26883370795687844,1.68222663301241,0.7706904489754849,0.16730231916510235,0.1951038356816987,12.773267444536039,117.44038478254365,0.7954462648341514,1.109439861811823,1.875693950626749,2.6320413815079573,1.807946081285372,2.5986633053100463,150,1,1,1,1,1,0
240,0.7410256410256411,58.46947252809844,0.15064558642783005,1.6712962096147117,0.7540061470134823,0.1068443680582845,0.11790704187584548,14.972138770586094,78.6609355765309,3.093552766487433,1.536782757597579,1.3928723752507943,2.733034522967247,3.35684458530893,2.67172271398678,160,1,1,1,1,1,0
241,0.7299794661190965,14.695622484430118,0.12540409246460388,1.792735827004341,0.6774901285731212,0.15062521524017886,0.11266709881569138,12.880961979770502,61.05321549667627,2.858152965271018,1.6065285978654091,1.4456883563702927,2.7511992963449012,4.05057016800067,3.4212377518303407,140,1,1,0,1,1,0
242,0.746276322547509,55.68216833348506,0.24072844905469865,1.4306429690661897,0.594089305905897,0.17107168168416234,0.2091549682016804,13.46278142554618,67.46773296522363,2.248547057019101,1.6954997498856084,2.560997400851025,2.620322754636145,3.5152963905796697,3.5283535001585213,130,1,1,1,1,1,0
243,0.7511568123393316,50.117507859407304,0.14564192725699732,1.6533819334317206,0.6494191336503077,0.14005415164698742,0.17032742508157717,14.106724756640926,112.87505244144825,4.302308484864973,1.502192795398282,1.2891566115910695,2.8349578606802774,4.532266396498491,2.756300943850524,160,1,1,1,1,1,0
244,0.7170005136106831,44.025700376024425,0.11410148439315418,1.964030815749094,0.40253116909315423,0.15222778435116024,0.16407167018607227,13.611736304272231,159.79351104017098,2.5930030854242867,1.1812290219434016,2.0087138489771705,2.471436707395185,3.75700652445091,2.774824500579209,160,1,1,1,1,1,0
245,0.7284394250513347,48.29500328186585,0.23820227338183791,1.6373591063272324,0.7425294975548397,0.11906685816987277,0.1877656838265111,12.940536288165115,103.09327821179438,1.062272431316989,1.879922497222224,2.022575770430796,2.452930846090111,3.5771388775800963,3.144615032928421,140,1,1,1,1,1,0
246,0.7417864476386037,160.15276901263528,0.11987264222613665,1.7891635792925864,0.7924225377001487,0.17518432694532693,0.20655666513091347,11.637618196521412,117.50158128851098,3.334286197833996,1.2390134702282019,1.6331122555429773,2.280352741462841,3.7749839154167084,2.9725329530361106,110,1,1,1,1,1,0
247,0.7313432835820896,92.79409370670831,0.22263571584064212,1.5997665001619592,0.6778497784837461,0.16501251395944755,0.1255268786770628,9.685853917320253,79.04342707826541,4.249630867133509,1.5376045260415645,1.8886322759234178,2.147248373829652,4.154186426119083,3.1004368749643967,160,1,1,1,1,1,0
248,0.7317574511819116,109.5391958579101,0.1690227882577324,1.6320503505458586,0.6557890696834177,0.13458329505224614,0.2326523852739094,14.08811690613605,91.04357612714959,2.9945093328651984,1.056583262756094,1.8358621032180948,2.7235472729185894,3.165361381770916,2.8989714479589237,140,1,1,1,1,1,0
249,0.7336760925449871,51.57934903313032,0.19653111534306428,1.5945851597275542,0.6990328568596796,0.14499264132608108,0.1494387875892335,10.415527060076704,117.90053518471787,2.3708758571663964,0.778167790154831,2.3274206849638066,2.150840950495662,2.7703058962370997,3.244722164281018,150,1,1,1,1,1,0
250,0.7366529774127311,49.634121325127225,0.10017552667218065,1.79678521604108,0.6223664068352411,0.14884247504075887,0.17522361725513924,14.38489488706342,54.40723348000031,3.6541690705055063,0.8653150313425235,2.0177577363515633,3.512623882139402,4.269180733957826,3.0592679395889,170,1,1,1,1,1,0
251,0.7435765673175745,44.84737412354574,0.21462424364976362,1.4824727868251926,0.685293486916563,0.12167806425095372,0.14844703705594392,12.93397997322537,122.58723744970678,2.082219686263341,1.528812025120525,1.7288655947715912,3.2393389138396866,3.1524253967896443,2.5545111263165237,150,1,1,1,1,1,0
252,0.7252182845403184,32.81059248900002,0.11870146915881284,1.7806321524863313,0.8024929996849713,0.10247390800555085,0.20609891487911025,10.6473979943846,73.21675287299885,3.967182107063661,1.6053871635163977,1.9934411236229936,1.4124389556852162,2.921636828087921,2.783018452580992,130,1,1,1,1,1,0
253,0.7219086711133915,6.93138411942575,0.17573088877134235,1.590356506654554,0.5004226872398676,0.09832064493632942,0.21651051224633833,8.555953023327008,51.53541720010206,3.3963362284552594,1.6666732436361285,1.9309075477436046,2.638512314364987,4.676870923616476,2.569196819985156,130,1,1,0,1,1,0
254,0.7274127310061602,12.267349091979884,0.21857153293012466,1.4699831612531702,0.5777404127670795,0.12863607734477644,0.14409897037166247,14.251241186133514,64.40612176790282,1.0011044670586537,1.3005072324116476,2.055855653048183,1.6611149429304968,4.336661078435702,2.794513050780091,150,1,1,1,1,1,0
255,0.7385721623009759,133.21054078208988,0.19767390988775996,1.641526007306188,0.6448494411290686,0.11873516951630414,0.14104487352063527,12.848491035814781,119.73965038513862,2.0739785404417734,1.7293699529452258,2.012287275292722,2.2975228511842234,3.7507348925396116,3.116510535674598,140,1,1,1,1,1,0
256,0.7312435765673175,51.9552228459721,0.19676850046623945,1.7540725876076002,0.7171044163253248,0.11551733449828372,0.15879475224707001,13.876103451339732,115.55282529872852,1.8485450252019473,1.2163432679985924,2.065926110893222,1.6858374621186831,3.8562304261304794,2.5167879091948357,130,1,1,1,1,1,0
257,0.7293271700051361,24.147522815977936,0.17886083154674165,1.7368410409454436,0.7542297693894068,0.15019473623607899,0.1798297279179359,14.287188502686313,79.80502671021287,0.819722669660865,1.0637300942870969,1.5052501524726996,2.8520191474493135,3.7915400659427547,2.774360884420412,140,1,1,1,1,1,0
258,0.654835390946502,29.316570050207826,0.16847969968811488,1.557225984519457,0.9155931346586507,0.1081361227505611,0.13214594747697989,12.777583648381768,62.89649208109754,3.390375085199781,1.156726320705555,1.2948697239131035,2.751240443719173,4.223566311144779,2.3358713448896546,160,1,1,1,1,1,0
259,0.736517719568567,30.15226578172725,0.13685899960842313,1.626961264892898,0.7155451900146137,0.13781702211525731,0.24266832331085486,11.702216574516612,127.72875307087607,3.357775564258822,1.5632707126483794,1.0844871123851472,2.780436691996116,3.4428442797549774,1.7726262887954731,160,1,1,1,1,1,0
260,0.7215645908389089,13.062436811867903,0.12128421850022626,1.7566850722454683,0.7074261393982308,0.09783080599103043,0.2300551256050728,14.186483096619186,139.62524064512337,2.6807800170482556,0.6522261025902687,1.6755794861872608,2.1459654001758257,3.444845519726365,2.7790209343206715,150,1,1,0,1,1,0
261,0.72853470437018,38.136356199593685,0.154224736092138,1.5752601453720623,0.7297866311952795,0.13811564285938766,0.16837677298397963,12.831197639535528,76.91917569837494,2.0957334584141503,1.435251476520703,1.8720383188889902,2.6210713441332283,3.835107296246651,2.9933504035241443,160,1,1,1,1,1,0
262,0.7311053984575836,32.737737925767696,0.17786950382212435,1.419556683332702,0.5932702304977719,0.16471719821408434,0.16526122733385504,12.803261178603124,16.6464686550268,3.090610315910774,1.4888122276724616,1.9850332766494576,1.9486152592667927,3.259390670601013,2.9628326315624505,150,1,1,1,1,1,0
263,0.733264675592173,49.025274748769235,0.17380312464460707,1.550842145923792,0.4909009841438511,0.17605751059598107,0.15371638394381956,12.1762446195413,77.38750687046098,2.7797069445185123,1.3181213809146226,0.9631810685504372,2.3265089023207723,2.868117320046504,2.6295019151234453,140,1,1,1,1,1,0
264,0.732683427398666,54.499750093876635,0.12439651906435177,1.724353759620947,0.7711766803904812,0.12335852332538186,0.18165520830092063,10.788635136789328,152.2337419965587,3.0865210622863994,1.0702560937371801,1.1517669041194345,3.021479136180156,2.8945418538444847,2.746611604398576,150,1,1,1,1,1,0
265,0.7448559670781894,98.32115343802508,0.13735398086989026,1.7185792137065419,0.6353596011747296,0.11954077148113512,0.20639582031118187,13.69923618505308,99.06570830317656,3.4376769839741605,1.2123534945510361,1.7277311778075668,2.584773541887127,2.965232520363313,3.4274638456825945,140,1,1,1,1,1,0
266,0.7050952135872363,76.81011822698038,0.16237344689448413,1.4199497390707068,0.8718819106868383,0.09352637467108815,0.17595191165426022,14.530133269860734,25.164263169335346,1.2546167242983302,1.5616872141128149,2.1874897983572117,2.6747191856956745,3.8789517828139584,2.527017720039119,140,1,1,1,1,1,0
267,0.7570621468926554,54.72655618099052,0.1702008809782951,1.65086428795466,0.6356241565930258,0.17045020398000604,0.15540317438578632,10.205165447285431,89.66763552829539,2.4540821625039815,1.8750343638460376,1.0594758953509045,3.151297195687179,2.314296198994432,2.243856749075702,140,1,1,1,1,1,0
268,0.7307692307692307,106.32077886629217,0.24478871687331066,1.69304334802813,0.5186472605298503,0.13060299197286934,0.16408003362013454,13.759316989924631,150.76732094591375,2.7016732711009483,1.1161565249599124,1.5831135087156134,3.3159708711880587,3.10662053728306,3.0406041964104373,170,1,1,1,1,1,0
269,0.7261048304213772,64.93426529294634,0.14761588783290364,1.6025445794255675,0.4906650404053253,0.1263482860279865,0.14590393820970726,10.576656018092235,108.64611705569482,1.9174741122317966,1.9176679179305365,1.6825772002647408,3.705226991621521,2.883308300874481,1.484844988668274,170,1,1,1,1,1,0
270,0.7298407806882383,126.41719887026409,0.1594009141084282,1.732734761872814,0.6348194673999953,0.12009657778393476,0.1601867776829987,13.18057763319949,59.5049394788956,2.0064430573004906,1.492517056139043,2.5369707641162176,3.2100544226710093,3.3734783784876727,1.3933573718729662,140,1,1,1,1,1,0
271,0.7354904982023626,56.060872449707134,0.24060919626425958,1.3378831504086208,0.6105361470869198,0.11163147521224989,0.13625828374750382,13.253408164649997,65.81452723676928,2.5459351935561845,1.6103274069230977,1.4904193231546947,2.93903737615252,3.591902820087456,3.001970710117789,140,1,1,1,1,1,0
272,0.7370313302516692,28.64517207434061,0.14035404991239805,1.666708555806538,0.5203109906119472,0.1117053297279976,0.14458996489238962,10.913240470438499,106.89106770979878,2.3243926215469313,1.1575913465532144,2.7455976272530234,3.297175587351128,3.9544213338037593,3.3286328095786395,150,1,1,1,1,1,0
273,0.7391975308641975,123.9110153191916,0.2064940351144109,1.6369077632443885,0.7024348019853572,0.08431324364403028,0.16975823198153245,13.113313185591329,179.0178288502188,2.9376068991825854,1.3646282682315198,2.594608719944033,2.0456600953969017,4.3288456771462425,3.1973438767108173,150,1,1,1,1,1,0
274,0.7282051282051282,42.68714385879419,0.17776665141185,1.6146353778282667,0.6788608140983438,0.0804439801435338,0.13489688148726703,13.503544841256671,72.51673878525523,2.8829515828454517,1.4815495298845978,1.8812380514533398,3.1497074130121456,2.9325619931495384,2.982283931406356,150,1,1,1,1,1,0
275,0.7276464542651593,28.037653847553127,0.27387942443423857,1.6353797362079243,0.6040388929744008,0.16883224153426613,0.18023821403364482,12.9009871880221,85.71733361602735,2.679556465134096,1.7254666811562562,2.418178253115852,3.015308908985343,3.822070472127486,2.214067028263246,140,1,1,1,1,1,0
276,0.7502564102564102,67.66373662915983,0.13720293922427257,1.5143391189826758,0.621440509330175,0.10599386158827791,0.1672180539347753,12.789440363535032,107.37904307553306,3.6311807310125555,1.9800350328418086,1.7378902714509494,2.584430601983588,2.1581285285344434,2.1984154111036975,150,1,1,1,1,1,0
277,0.7208226221079691,31.357639183905974,0.11618795625807497,1.949900860590754,0.7765632738239643,0.11941484330556586,0.144936904794157,13.087596315381854,112.41550995560492,1.8981675008082077,0.555200642083122,1.3106725424005763,2.7260501986497694,2.517256976891085,3.5384821695021804,140,1,1,1,1,1,0
278,0.7258230452674898,141.13508163688064,0.19202929014491255,1.6731628219322467,0.5532173779790659,0.1446392235183753,0.16731045444191034,12.419885976470038,58.06186218483826,2.3389749892136864,1.3127295345981675,2.1665760831268104,3.1102644878501335,2.453578235059861,2.0173975587736366,130,1,1,1,1,1,0
279,0.7318952234206472,83.01498214018358,0.22204675795964435,1.506837730833689,0.5107247229277038,0.14248603381984642,0.1701306810673127,12.686523146687142,94.57650319075863,2.8891408225366413,1.4226254272814862,2.2837033682660706,2.595970644801864,3.1468149065191886,2.9446012341829024,140,1,1,1,1,1,0
280,0.7344632768361582,138.24945867531295,0.23051518711261415,1.680697116797718,0.6724025707403596,0.13622820607454716,0.16740954708789904,10.523646992957639,134.36453968782317,2.422739811158154,2.0639815842645035,1.5703833419640087,3.2000539079777917,3.173932831551857,2.6443518915113877,140,1,1,1,1,1,0
281,0.7159732922444787,33.7996946477434,0.21596710044196837,1.8072320073775288,0.6274597286099943,0.14016111724401836,0.18179312815725118,9.30699075185357,114.388134537233,2.5373219066512354,1.538366438561813,1.4246796679213851,2.98012095578072,3.0050620326897803,2.5776528894853925,130,1,1,1,1,1,0
282,0.7602669404517454,23.974602952038392,0.07629802546425762,1.6227144198615209,0.7547682873477692,0.1363555235605936,0.17012955489876908,12.142711211642451,175.49620667076383,3.8064525617616427,1.2478698070156153,1.6766784307796383,2.8252972445504887,3.0345796198351116,3.515345146311371,150,1,1,1,1,1,0
283,0.7412731006160165,28.18796411644829,0.14744160031952616,1.580870809843351,0.6414546434454937,0.15192718907955577,0.1903462007693485,9.357884650975196,165.97367622130204,3.739142622489758,1.2277590683551112,2.2600083759778316,2.5059535982796346,4.117042243845776,3.562150376219992,130,1,1,1,1,1,0
284,0.7284394250513347,154.36711285099852,0.1215368645545951,1.5217171477820068,0.6220254493290527,0.12613238199917431,0.10992347738950575,12.43049090676187,25.02759861139343,3.311463181399887,1.663467521154156,1.4298802720189872,2.668743451520206,2.6783607394854387,1.8189381801401479,140,1,1,1,1,1,0
285,0.7407407407407407,11.750832394804574,0.15883660886817572,1.604156220761707,0.6326696089645492,0.16845169306243965,0.19859470433169057,10.658834878256364,122.83341403119833,1.1789829048747498,1.4507717740707768,2.1399429953319373,1.8834683555239569,3.190403794979182,2.6770147739044794,130,1,1,1,1,1,0
286,0.7463991769547325,30.695592589666788,0.2261773508127335,1.779805827449827,0.5787964174327688,0.1301347056932526,0.15819131951285098,10.682452308299485,164.46459991279917,3.486624921699115,1.8290316771993498,2.0193750600286213,2.3111804504161153,3.5111210510998574,4.145214237502231,140,1,1,1,1,1,0
287,0.7296049256028733,56.25327785585245,0.14345170131722101,1.6458308587344277,0.5278935535547175,0.1541094253101769,0.14710508985663162,11.866507771093033,112.90223201602639,1.6230478066235485,1.783003361243617,2.014106208661877,2.7400710210358805,2.906982456878306,3.4328210557775027,170,1,1,1,1,1,0
288,0.7361396303901437,78.15483483389458,0.1514117969124761,1.6080050813436157,0.6233856106494708,0.10371914226029527,0.14532492555899368,12.446295953359659,79.1014037699815,4.051152772735934,1.3220999762365313,2.369587308228365,3.5623258110289053,2.773780697296679,1.9972271181007735,140,1,1,1,1,1,0
289,0.7291880781089414,28.43624206384895,0.09932774704629202,1.6570022600013683,0.7222411894413929,0.08659381729992575,0.2058285623218808,11.624931979647023,167.17198930445926,3.5543654681775574,1.151230476830414,1.713707235728028,2.5614976765979964,3.2358861146430185,2.7212060046620823,130,1,1,1,1,1,0
290,0.7370313302516692,20.678737754419863,0.13585787854090065,1.7806537224341188,0.5978419415569325,0.13989652577993367,0.1655317647161736,11.492322819201009,79.71400154363151,3.6124434602605833,1.2333175981923208,1.7405012868639755,2.4622459232926577,2.2250282453074126,2.724605390360848,130,1,1,1,1,1,0
291,0.7429451000513083,13.47620768429275,0.10992052195895682,1.459347325670429,0.6114228790698807,0.08358205237322205,0.16853762478209428,9.56843410927059,218.55008886594908,5.068216999973012,1.7691670047384433,1.9582620373446489,2.366909761192314,3.378236353950145,3.012376477775993,140,1,1,1,1,1,0
292,0.7381930184804928,30.629002764534928,0.1654299241608154,1.768044487020341,0.703224130406315,0.15939873574505825,0.15143131842736068,14.12628502880767,133.40667033252885,4.148316286490093,1.6815606953306423,1.7816365980053759,2.738762303440268,2.809608231566736,3.033905747356692,160,1,1,1,1,1,0
293,0.7435897435897436,18.689879467078924,0.14731660047822748,1.8694473269462015,0.7838690829669567,0.11665285121721493,0.15210765008945093,12.144900316204186,171.79314790276058,3.6531814207590236,1.1154704472209922,2.602753580334127,3.169612762994673,2.524629611944498,3.7983172607066393,150,1,1,1,1,1,0
294,0.7464065708418891,43.5809417190915,0.1510301518433882,1.5534949061699033,0.6264522278506305,0.13555598943940664,0.17199931446063502,10.82631631870586,120.24413823625697,3.5842790351008196,1.688926726033673,2.158958007643789,3.214033782310044,3.278377831473773,3.3014915988763405,150,1,1,1,1,1,0
295,0.7316195372750642,51.137765152778776,0.13434017464719722,1.6926044360057966,0.6498134815912027,0.12902603442661487,0.15093838951415411,11.62908230072721,146.24664126181372,2.8915603376736825,1.079036556551798,1.8115091599321245,2.708727399746453,1.9060657707151845,3.1103412557048014,100,1,1,1,1,1,0
296,0.655012853470437,34.99611833632159,0.13480284031768647,1.6077338558144831,0.9160638326702345,0.1470673083714663,0.16276766782571073,11.462522770208809,174.4396171128911,3.6311154313608074,1.7000569097894784,1.8542409667499733,2.8361172662110055,3.6443674827099275,3.1304411187750603,160,1,1,1,1,1,0
297,0.736896197327852,27.77866925812112,0.10366492986070805,1.655198416596782,0.6087821571149395,0.10475794029469374,0.1640242143784915,9.43985526332011,134.50178843738072,2.408647677274911,1.6755421301547448,1.9618067373746242,2.4604648387743895,3.539944180047047,3.055749136611788,140,1,1,1,1,1,0
298,0.7362467866323907,46.583919914141376,0.10825425602304328,1.5661294771797158,0.7185930796195052,0.13649415043834678,0.18409323986757598,13.567493615198082,187.4410515902518,3.682194625125447,1.487903860331357,1.4665020375653728,1.323788418110632,2.9803384724637776,3.6039281865594237,150,1,1,1,1,1,0
299,0.7429305912596401,26.68804449487558,0.10218440679588746,1.7478086471580587,0.6118840986786365,0.13959572155147743,0.1894052786815863,11.40703309833017,136.4164475472706,4.740623457355113,1.2988155300463593,1.7967192332945316,1.985011334780534,3.6910406167436705,3.698547076944972,140,1,1,1,1,1,0
300,0.7280205655526992,29.866337953789927,0.18947585909596742,1.6678626067739464,0.7142861990097895,0.08464829937394622,0.13978425193527302,11.408397208119911,124.76876548657235,4.171887142247602,1.8126426169808973,2.0260721888494584,3.2846238336600804,3.5380319479719424,3.4974688636940714,140,1,1,0,1,1,0
301,0.7574511819116135,16.035533283790308,0.08038304649188836,1.5826170108707451,0.7247875324821168,0.060856057505200414,0.16700263304542395,12.095161863592853,156.43080291223922,4.515878022856986,1.895755673089098,1.8825399587142884,3.3187597423817454,4.045650247886057,3.498110798642071,130,1,1,1,1,1,0
302,0.7473035439137135,14.31590734808592,0.08509222851133257,1.5903501334599968,0.6924022566994523,0.07764730806993073,0.15816603601343338,11.407777944577456,187.33006185684022,4.541850520317337,2.2373968060470624,2.514568064243009,3.0857596002463366,3.6176030278541003,3.041765634001669,120,1,1,1,1,1,0
303,0.7508988186954288,18.887973450575327,0.15031162684295646,1.6880248694792863,0.7215943518191112,0.08561324434334067,0.15286551522914982,12.578159302401442,148.55562140380616,5.296887556040552,1.6211378773904301,1.8759577615080878,2.994772509103131,3.5759255947604958,4.054934085621863,140,1,1,1,1,1,0
304,0.7315195071868583,12.556381106978057,0.09633139652185876,1.6006990087691353,0.6014146182017498,0.10700956075960857,0.1594023391783569,13.765313263790237,149.8487249720103,2.879621449770733,1.3183418623925316,2.3180447665903743,3.0094442964195496,3.953681830032929,4.3822124291166045,140,1,1,1,1,1,0
305,0.7453608247422681,5.758195714881975,0.1015587286107969,1.542359759718622,0.7350338138425722,0.12711644527581245,0.16705004943920124,10.092705649315825,158.167708121807,4.4296835672790955,1.1761915698254024,2.538906084630338,2.7222473725360383,3.4966873798325118,4.3077254985426325,140,1,1,1,1,1,0
306,0.6946015424164524,38.06867795169182,0.11894398300436021,1.4871724831293265,0.9001872722403816,0.10804032305075999,0.18736965689774387,11.210334251700807,170.96294111860914,4.341678384827301,1.5058202106372534,1.8854075368425185,2.450562643893473,3.438105531303741,4.583438968981595,120,1,1,1,1,1,0
307,0.7401129943502824,35.42353486305046,0.12401830648042247,1.5946890195286783,0.532430172166558,0.08854456958571529,0.1776536703983967,10.46616406069677,149.05162109370315,4.80689472916147,1.3100192320554442,1.3552832345537298,2.8833792286243423,3.3881307199715027,3.505179218229614,140,1,1,1,1,1,0
308,0.7037037037037037,15.875543805137896,0.09795212436417045,1.5034071868962833,0.8725701414750939,0.07831583094730066,0.16770884260709873,12.241259063480108,152.4891004572829,3.4490821667967766,1.9406503078558779,2.2295905329998433,2.8743297362156355,3.4267110611088807,3.6375368083291786,110,1,1,1,1,1,0
309,0.7378142637249872,62.377934317559166,0.16377416612531034,1.3259988230367363,0.6757985112217237,0.1254222165562231,0.16022458073967996,10.119852713168914,175.65456891067325,4.005716134735982,1.551746961459109,2.855837959121161,2.67208350362623,3.738966335452208,3.2937786453651925,140,1,1,1,1,1,0
310,0.7433264887063655,13.153533404482014,0.07505918353477886,1.7369363472959982,0.6813147398613687,0.08448155953717668,0.15879249627362818,12.019405307814521,140.02295430623525,3.4890777640116366,1.386698997103142,1.8052570824512406,2.7850173824470805,3.3768338807236846,3.277459438621959,140,1,1,1,1,1,0
311,0.7284394250513347,21.530782399088086,0.16387768639773587,1.523191702654913,0.535137329847058,0.09868958180070399,0.15442047312069512,10.65257194540914,130.102360428629,4.319234573134437,2.102852926463922,1.9678707765847214,2.920597426074693,3.3992946961572805,3.514463293447279,160,1,1,1,1,1,0
312,0.7260133401744484,20.6333043880051,0.16302407653190937,1.5855723242581519,0.852417923446849,0.12953828073534357,0.15781531188193093,13.534700239549412,192.7403330812547,3.983562583784454,1.8170962325293711,2.1045433099965596,3.5959239425003844,3.387813460950497,4.026869900991878,140,1,1,1,1,1,0
313,0.7311441765007696,21.839016116454726,0.07263084878338548,1.6337196461489971,0.6419710481383213,0.10534437730352575,0.18359542758344738,10.383329126718397,154.47624659682592,4.4357419557642785,1.994188030052249,2.330001030277418,2.048691101966938,3.0213553568146256,3.545735383671159,130,1,1,1,1,1,0
314,0.7360041088854649,16.800508526390253,0.1536211063177734,1.7661522212757694,0.6149056342187267,0.10236817425861114,0.1585714116793984,10.372299841274451,113.19538926261718,6.1408336016062846,1.9135914312044215,1.3329911391573441,2.34392536455643,3.926586477406984,3.2374597324481886,150,1,1,1,1,1,0
315,0.7248459958932238,15.053365049258627,0.11193988665554372,1.4863553072711633,0.5458215245182277,0.08926644469736508,0.16994491330399902,9.757874815062046,122.24963937261703,5.056966202658958,1.451905332498683,1.611286825515332,2.652620772009511,3.165713257429715,3.454124889634935,160,1,1,1,1,1,0
316,0.7345679012345679,21.768899067600316,0.1394920955444479,1.7098482828273818,0.735306805026326,0.08411268614194406,0.12362663614329486,11.665532435254676,157.99721154258253,5.451985028709345,1.1927624326773985,2.011031105698371,3.153919768175606,3.044020751913644,3.003648421970695,140,1,1,1,1,1,0
317,0.728578758337609,27.993549938945716,0.11102421930966798,1.612625448988152,0.7211858875878753,0.10966610898574547,0.16887262611205933,13.74200805150609,131.89381233131564,4.31429184923332,1.3909603047125487,2.087178835342673,3.1047018536975175,3.8659254478642824,3.6925154727378824,140,1,1,1,1,1,0
318,0.736896197327852,16.227523639401177,0.059874683863588976,1.8174316880112116,0.5832990494396935,0.07571693506590219,0.14567841477310356,13.979833112740472,187.4066189399153,4.990166832087059,1.6068136660647647,2.067034071942827,3.2163037823686276,2.8370087645369653,3.292773118487672,140,1,1,1,1,1,0
319,0.7361396303901437,10.610629593454782,0.16962412045499536,1.6852811209998526,0.5513876134608344,0.08126045413633307,0.1461864731673395,13.53498904747423,173.852641804246,6.186533765610668,1.7829145386268075,1.4577955544596533,2.625866876981891,3.694376680945834,3.643748797458842,140,1,1,1,1,1,0
320,0.7348406988694759,11.960954853534572,0.16041960939565308,1.7589014946421468,0.5783936066134694,0.1424856991162138,0.19331663095043233,11.576628905691305,157.8831056932582,4.465561023773657,1.8786288423730653,1.6343054327671043,2.805343454378723,4.112493551238016,4.706110616192962,140,1,1,1,1,1,0
321,0.7281603288797533,18.52059140754917,0.13696000990932705,1.5853959665935542,0.7603214118970705,0.07457254517282574,0.13375259135276385,9.309253813513294,208.0986365157221,3.9970131808329854,0.9134975674197378,1.82326907331249,2.245517496381662,4.0811170914755905,3.3229329594608767,140,1,1,0,1,1,0
322,0.7341902313624679,11.34848403708084,0.11203312375318022,1.6031868298876537,0.6590337225125048,0.09264998584075418,0.15801801488811779,11.527617454272223,116.34143519309366,5.311667763564553,2.3850835238821793,2.6739135562260357,3.3353112783375507,2.980561302172533,4.585220476509734,120,1,1,1,1,1,0
323,0.7421674370826913,15.868839212499928,0.07894588544931126,1.7746558498686453,0.5996016972454324,0.08746824650271609,0.13538049120187579,13.19081714486306,193.3719564933279,4.921298808031194,2.476746695520173,2.0882076495042696,3.789443087489604,4.823227816460307,3.325860430055636,150,0,1,1,1,1,0
324,0.7307297019527236,17.704445093050925,0.11464017057813092,1.5393686905902877,0.6025973053503559,0.08043086903063204,0.1493902041168144,11.465696243196726,77.34082930909008,3.806412106694308,1.1446638993289269,1.8568563563312397,2.5876226741383377,3.820087844412542,2.9373861333052798,110,1,1,1,1,1,0
325,0.7284394250513347,13.75078811900929,0.14734479999553346,1.65926003321797,0.7685095181083521,0.07114675242438906,0.14158697321996905,11.541994253543827,209.72957281292915,3.949600497930491,1.470927193031279,1.4895003618168885,2.5948374514622268,3.5423590636270643,2.6998951566267353,130,1,1,1,1,1,0
326,0.7345995893223819,29.029036687180366,0.16478933957452818,1.6736110726141733,0.788075107779555,0.1013943787949898,0.13019719710304817,11.669846452954816,167.5433755706571,4.893063325243856,2.042202080960765,1.5572160586256398,2.50079620436269,3.7252031107771457,3.4663582748833988,130,1,1,1,1,1,0
327,0.7347357619291944,23.835186228047096,0.16137404790457385,1.5178015292044102,0.7026096027123115,0.07413781505436787,0.12475383749297461,12.539500521434897,188.89419668749193,4.913804394882691,1.0862392494856,2.226768936142927,3.2021905691360035,3.3970602947825776,3.576225972529234,120,1,1,1,1,1,0
328,0.7060637204522097,8.153388593900099,0.0622321522351783,1.6223993929777483,0.6152931270621268,0.10272549264927607,0.18509270009209744,10.69233547215487,184.9698092747726,5.672941404226608,2.102713761735574,2.3792650838067284,3.63681974578502,3.5261702677051128,3.391054286949995,150,1,1,0,1,1,0
329,0.6475115443817342,9.514619646650573,0.10665684663495445,1.7642550104912162,0.6213622042554761,0.07827374277197507,0.10848837307273104,14.152569683023462,176.90298593732547,4.959538963618371,2.252562807305247,1.8700890133935806,3.904933162578375,4.360520018032096,3.2229024806292856,140,0,1,1,0,1,0
330,0.7236774524910118,29.266643347646678,0.08741041306694522,1.7792375794123414,0.5459737570293498,0.11950600302851694,0.13784641421208801,11.431541169495963,202.39406670792,3.585892487612074,1.8153891565338025,1.894794182869811,2.991701491114722,3.3599760783434864,2.771324375737562,160,0,1,1,1,1,0
331,0.7404933196300103,19.67883257853539,0.09473912936447887,1.9237836879238235,0.5057073003710928,0.10036109950140903,0.16738313030179974,13.866377568397494,176.48067009207952,3.9130064410831547,1.3121859513340153,2.1222618558645845,3.4451894897733757,3.952572131891805,2.8155905524128504,150,1,1,1,1,1,0
332,0.685479733196511,27.942761946629854,0.14812063704232503,1.7208691563290885,0.7525026531376914,0.10075948038140925,0.13149365275321878,14.800562492973336,141.2478139304417,4.702789434265868,1.5387710552090024,2.689552123481292,3.9785173934071363,4.025400293715362,4.204322877295154,150,1,1,1,0,1,0
333,0.7407597535934292,11.877274992269536,0.1452391451212064,1.6415156081428524,0.6066793638129772,0.0911576842296472,0.18055562022781474,13.40255074604337,200.67824987105652,4.814946654009924,2.0090720005439664,2.888116268302873,3.2150506644775536,3.3707937491345943,3.5017490037713292,140,1,1,1,1,1,0
334,0.7294661190965093,7.200941809065456,0.11765265439258439,1.5603702951485952,0.6135648403794329,0.10513011684751022,0.18447347972894668,13.51925633056615,114.32622268027161,4.745819673205682,2.3051127806734297,1.9029568550260454,3.0185154817472952,3.5738259088486246,3.408871799589449,160,1,1,1,1,1,0
335,0.7076053442959918,17.366941411002603,0.09349627206672928,1.722352235791695,0.6517564712064723,0.0987186739758538,0.18113870771653107,14.939236978693557,144.6735871814417,4.590493523488521,1.5199430307925104,2.007596094116961,2.823840246259244,4.221157910050579,4.676206229493139,140,1,1,0,1,1,0
336,0.6149100257069409,9.984712509661406,0.08029801087689421,1.776285862277601,0.5263893476262902,0.05881701360792563,0.18153834189529527,14.102467911979796,171.7432492569344,5.998439226539115,2.664175457436449,1.9647733875135194,3.2353612311019906,4.332607967150663,3.184247481987629,160,0,1,1,0,1,0
337,0.732683427398666,25.280485769065503,0.13424257137530854,1.5332639683461888,0.7180573729308304,0.09481274171764326,0.1361560856979182,8.692720287416464,124.01027450383975,3.413767848754524,1.5465529599452235,1.8912431983606768,2.97513591904399,2.932109746423608,3.2789493894096955,140,0,1,1,1,1,0
338,0.7221366204417052,11.662995884109595,0.06304750387357203,1.827696807433012,0.5999745952038222,0.07072402510970688,0.12931744681259416,12.25888331430658,159.9003082701431,6.010243876996003,2.081401574449143,1.1157830934503903,3.6085300893515835,4.214735586962817,4.38308451209668,160,0,1,1,1,1,0
339,0.7425488180883865,14.703041986601917,0.12238801540315566,1.841023004079611,0.5308372002570219,0.1247409634344789,0.17213168651335647,14.925286583619197,269.047967533317,5.400413859214221,2.125857569299729,1.3454131961454647,2.8707876664813075,4.176325278676902,3.3772694810474926,150,1,1,1,1,1,0
340,0.7168550873586845,19.36824543587165,0.11110647710653004,1.7048004960969423,0.48327334421554863,0.08894821617372556,0.10299419361535186,13.386643845711088,148.44927867367207,4.861609604867616,1.9983122618084113,2.1064195208651313,2.7824281288821178,3.3747739541865327,3.590079739861997,130,1,1,0,1,1,0
341,0.7351129363449692,9.112380071318935,0.18591172967811387,1.6286196611893726,0.5331796582200864,0.09130621810226776,0.18042921175411064,13.562092260162194,245.39083425287515,3.2599268424173564,2.224525491900587,2.2706150508575913,3.252395234436731,3.47237331773667,3.0418458878163155,140,1,1,1,1,1,0
342,0.7157516675218061,7.0951692541606475,0.1691160431937893,1.8182606757740272,0.5092441625546666,0.13894915785343132,0.15204744337174345,14.134490608291893,200.015878499941,4.720541837973631,1.37863416199711,1.6577870694961059,2.9137911466938027,4.014835634340981,2.95539735331011,130,0,1,1,1,1,0
343,0.7425641025641025,8.456648506313995,0.10951068088088303,1.783810096818348,0.6568469491497819,0.1431030288295968,0.17216238706693893,14.557964789712985,214.36165348961802,5.59192606036924,1.9544784722643183,1.8252862885593995,2.180903971777874,3.7223483917622255,3.210316813908947,160,1,1,1,1,1,0
344,0.7517985611510791,31.461747751473247,0.17306973466150816,1.8403780147958486,0.5960319586383874,0.11601791143905217,0.17798104876915205,11.669278407888317,149.5118195034032,4.3228954455842565,1.7603661585917785,2.519390424557227,2.3477686958994184,2.949936858799347,2.854673166168778,160,1,1,1,1,1,0
345,0.7358684480986639,20.53820543789596,0.09336043624248888,1.8725549054220756,0.594370658509184,0.09692739777766815,0.15191491713849975,14.2841959610209,267.1082179713832,3.5333386055667537,2.3467051049339,2.38614520416317,3.2245532126745955,4.403634867087402,3.2561361798600195,140,1,1,1,1,1,0
346,0.6947584789311408,10.637283687754174,0.09035938280359056,1.8927785360572686,0.5485225751920494,0.13018279757526968,0.17497711088012477,14.792196612208134,195.20243377573368,5.391938714582506,1.854868096776308,1.489318604524967,3.7049921999433972,4.037592904394277,3.3071763385992208,160,0,1,1,1,1,1
347,0.7403598971722365,37.76012285809648,0.14995153003608497,1.7391216943547079,0.47848685761814946,0.1596436071629428,0.14169792442207413,11.939078955336276,244.88267739759138,5.2328683438989945,1.4535427769798517,1.4336205211500874,3.208607287188683,4.249155739961913,3.041737274656049,140,1,1,1,1,1,0
348,0.7293271700051361,18.781218862252846,0.09587834757490382,1.5893524015863219,0.636578646913343,0.11867667304818705,0.1824986843341614,12.527108620295076,171.94598581667216,4.638450016936381,2.050535698650559,2.2951527913906533,2.2859190241902434,3.5707429660144063,3.402747135610485,160,1,1,1,1,1,0
349,0.7257318952234206,12.571770470083392,0.11970192988810371,1.5935829719128831,0.5543500841701476,0.10932108502209308,0.1305284063332311,14.432640119375677,200.73637703550787,3.9967878086187776,1.8183918597243969,2.042423811235252,3.02936455645049,4.591211679474297,3.1495604513003865,150,1,1,1,1,1,0
350,0.6310380267214799,17.89435069958163,0.1366289975656313,1.878621188454887,0.4853854679772928,0.08951914814680392,0.14026643089719687,10.475336591603353,255.473730907328,4.149159216686376,2.6224885051614715,1.6423527232208044,3.7418710788427134,4.1769542385974745,3.1283413314702093,170,1,1,1,0,1,0
351,0.7343589743589743,9.288617106465036,0.1428103433770105,1.7582354449269109,0.5486740229172536,0.11577561497099559,0.20348415415829696,13.282752520324456,185.55861776727497,4.3267506808560885,1.3222529466558992,1.6893295291661183,3.4555872746870038,4.224967740664352,3.1810215913566497,160,1,1,1,1,1,0
352,0.7274127310061602,35.56978247246561,0.07821486605484526,1.6402913512032007,0.5658238092589291,0.1037249851423295,0.1982668959353331,14.608395809165417,210.52547913643616,5.470258102091942,2.3479306647870386,2.3319946368997835,3.1962797087611716,3.925025992782507,3.6874311578235557,150,1,1,1,1,1,0
353,0.742299794661191,7.444981289884079,0.10381526455113382,1.838505693544558,0.5471891215654702,0.11352524499663212,0.21895024240351996,13.905740592222557,220.45609734139612,5.751610148205749,1.6803692476744594,1.6479772965221344,2.7026968283449024,2.711658881383621,3.3139429879541904,150,1,1,1,1,1,0
354,0.7253593429158111,37.24239569367928,0.1042214053108503,1.7124749742574825,0.6248891101843818,0.16451726680393952,0.16442161178577874,11.88202714636805,219.35335956022945,3.6768920258365956,1.9755858286938073,2.0519207392750083,3.0714445044576073,3.4921673545902747,3.1610806298127687,160,0,1,1,1,1,0
355,0.7263374485596708,23.24653914818579,0.1926083601632333,1.726083009506221,0.6300397540122324,0.13190675820197648,0.1595560228067186,14.31174434391076,189.48522588729594,3.7892178140706814,2.475698425843789,2.2946788579191293,2.709193228728618,2.4794392430024415,3.473417449004899,150,1,1,1,1,1,0
356,0.7279260780287474,11.160130524903085,0.17857081075791226,1.7643934998326607,0.6011604767096104,0.11076801456778346,0.21048628439849032,13.736106975336902,174.94252192426814,4.115669877925683,1.3893045142522755,2.06142473829141,1.665694202734537,3.3187446102751905,1.8048183396732504,160,1,1,1,1,1,0
357,0.7348717948717949,20.332367658991494,0.12891678283939534,1.8453323968695252,0.7202187422186619,0.16389905181305814,0.20901534407351224,14.158706343814774,245.6587066258393,3.311789637474341,1.1166017795319214,2.8123897844342376,3.2482422049898934,3.3715014892288475,3.1593170136563242,150,1,1,1,1,1,0
358,0.7474332648870636,10.336837811783134,0.12273433735105263,1.6918242351341788,0.6772405803057432,0.11534782979654006,0.1732437995443759,10.100675989301825,161.32676046123015,6.102289573658414,2.033500377512497,2.1733279797441356,1.8963678760794136,2.333532883709925,3.0941801585699067,140,1,1,1,1,1,0
359,0.733949666153056,8.30562541134277,0.0945452987329348,1.8377338627592783,0.7034978432673683,0.16840940643017305,0.17044140499669944,11.720943231943439,209.3266952197923,4.8308508775066255,1.5939820359817198,1.8138012460749315,2.312143091400629,3.3397105731541816,3.2629260705732195,150,1,1,1,1,1,0
360,0.7271794871794872,9.182066910459996,0.12945086591588145,1.8555304286938004,0.7081265282881899,0.1403234243879649,0.17090449530125423,12.106814377657711,218.8746724674956,5.421462665590794,1.9927734515939082,1.7754490139225831,2.3374033973665203,3.2146240798241696,3.964377904875808,140,1,1,1,1,1,0
361,0.7319958847736625,12.783690649894885,0.21410576829441746,1.4441392404002666,0.6987789342131192,0.16559229008548537,0.21066350044343118,10.956627735354022,202.90715620895466,4.687936410384482,1.6945378493146135,2.555485766872985,2.0279394810172096,3.6012756996685944,2.8396992214980377,150,1,1,1,1,1,0
362,0.7263860369609856,7.958305783079328,0.22431121520375885,1.5438884682168785,0.6681023774105597,0.1378573501561084,0.2131474081863607,11.80758616941064,235.6937708202383,3.7506358738989674,2.2891800607693873,2.6504024781239957,3.169189141289111,2.464517393736352,2.9833154218782862,140,1,1,1,1,1,0
363,0.7163412127440905,27.86726482069106,0.181728348829643,1.76458042739538,0.5629096581060863,0.09569059776623315,0.11925416694447445,11.327377271177316,115.37517374196216,4.90954050232511,1.0472807936346347,0.951117482130128,3.9347232801567937,3.52473322241189,2.858281882858058,150,0,1,1,1,1,0
364,0.744987146529563,30.65414177595735,0.16190654769267818,1.5924776258380584,0.6837898439158847,0.10209223719677055,0.21445911057756106,12.938944104890044,171.09847616744298,5.260979681414495,2.2548565061839243,2.2739909862715293,3.150867750992832,3.46502562782649,3.0521731737264495,130,1,1,1,1,1,0
365,0.719856336582863,7.899787235997527,0.18897981458871438,1.9836549367216332,0.5824432202526137,0.12965537512313355,0.1431810879870396,12.73733018723085,261.3235165790255,2.6872610691960843,2.124067176873937,1.562227427646749,2.5294861669822684,3.1378238245380903,3.2133870656758923,170,1,1,1,1,1,0
366,0.7117948717948718,13.119458208820351,0.1395998255887806,1.7179305965019698,0.5307807522398764,0.09835661807904324,0.15238221105458036,11.493183389833339,193.51366686974035,4.75102437669215,1.905362710261988,2.597159474362448,2.696302201268634,3.010694677929521,2.8998966844240037,170,0,1,1,1,1,0
367,0.7435765673175745,20.129612890917592,0.12885185905601454,1.968924472587657,0.6575207364916885,0.1713523953797007,0.19996798631895407,8.777183621252078,166.8580536623597,5.945336764004068,1.4790075452241507,2.08627495319834,2.3890875523163224,2.670832780928693,2.9936805820828103,160,1,1,1,1,1,0
368,0.7361396303901437,24.142991817591152,0.0967205035338136,1.6774439300679047,0.7787530628358731,0.15434497131301983,0.21274658241064048,10.659825203964065,286.95128140860265,6.126476176587585,1.4860803118970085,2.7251279949512988,1.8183503443998568,3.206748213567976,3.5397983342146477,160,1,1,1,1,1,0
369,0.7316572601334017,14.277572026765887,0.10336326358908973,1.7562789222499142,0.7382302286826083,0.10756677925374954,0.2004762791463343,14.183670802354523,201.01132034052472,5.4473433132131985,1.9623553935541889,2.241024380835482,1.9142707379375732,3.7521202938077263,3.2061980858717254,160,1,1,1,1,1,0
370,0.744987146529563,15.312539283939145,0.08860908926811706,1.6331534871754014,0.6736117638041463,0.10622095904663402,0.18692638051801613,12.855458648676775,144.42682666822006,4.849256563123867,1.601252057691181,2.863689821066835,2.757347440034019,2.7189410366884124,2.84215811209132,150,1,1,1,1,1,0
371,0.7258726899383984,8.900438236599898,0.056451321451012275,1.7580778547369031,0.659021667526517,0.10324337302001999,0.15805105474871206,12.79903841882877,239.4485069994351,6.364512699706425,1.8790480626061976,1.7926711982411558,2.5079149344241305,2.57559098492013,3.951342111929044,140,0,1,1,1,1,0
372,0.7195685670261941,26.73705190215864,0.1345824995766819,1.972710339661532,0.6367890856162856,0.11238032801514411,0.22115675412762797,12.033168952936787,194.5295021154962,5.990338778305463,2.144968573528896,2.219549284497902,3.009364845097212,2.870371502242423,3.7487539900797584,140,0,1,1,1,1,0
373,0.7274127310061602,7.6306608778710805,0.11910330980568232,1.8532019903832837,0.703713647722618,0.15764208125398263,0.19642422613495486,10.545380517690013,151.2972232392827,5.193880838391007,1.5340847837499978,2.3299459645286866,2.6859394419220113,2.635516583494858,3.437434821461552,150,1,0,1,1,1,0
374,0.7275525910723448,9.525282580189877,0.08640318222497044,1.6940053643771003,0.7031241098984574,0.08341468283765067,0.1912361549024404,9.6285020285993,152.57351085200534,5.185968982113918,1.947453649905277,1.970648789761175,2.5543893243278077,3.4832379291786,2.7674025597666128,150,1,1,1,1,1,0
375,0.7510266940451745,16.859632491031615,0.09526667513107037,1.5613399052238721,0.6381966200027962,0.12427943445286438,0.19781284936344878,12.782711356592248,142.34274818334055,5.130495872603418,1.4496297054368945,2.571889643766742,2.7480466611535914,2.664663329713726,2.9839943641307176,150,1,1,1,1,1,0
376,0.7407597535934292,7.376863337747077,0.13893494060242675,1.7738804324818398,0.6681909832734918,0.11699769887146619,0.17385769884678207,11.24482679583374,192.06566386409995,3.3927719115415274,1.5552992231518203,2.3770861416447016,2.007402781856855,2.5095558935705484,2.771286016009567,130,1,1,1,1,1,0
377,0.7487153134635149,13.24557769444044,0.164788831221641,1.664581834174212,0.6401802727277501,0.10616409660022583,0.2136771482160712,12.577412793503385,229.29728196200526,6.288494404711811,2.1553732920143784,2.115018174560334,2.1247508145537513,4.00966404139611,3.4072756086299534,140,1,1,1,1,1,0
378,0.7389516957862282,41.96102417857795,0.18697620572452717,1.8366111202249638,0.7129920522809949,0.13387369981642833,0.16145054984563645,12.056114546397835,165.38673846322857,5.046103588647095,2.005350113038073,1.9293514104989415,2.0450473708589763,3.201679385570905,3.405997598254078,140,1,1,1,1,1,0
379,0.7345995893223819,15.064460398874138,0.09183716525511518,1.4883680502304824,0.7301074295152046,0.1300104343120413,0.20939082936773157,11.148054049381534,181.46956232598774,4.6469592489473825,1.9345874602391369,2.5453572554508304,2.307229043920719,3.4432154701370297,3.701677447692159,140,0,1,1,1,1,0
380,0.7231085949562532,18.926519190668003,0.0559097701894818,1.7303386058777686,0.8291690382659033,0.10768816782088661,0.18982846777874263,13.010570530466126,172.83843944599838,5.463870395118891,1.5504194414740902,2.8840505207763116,2.1458470116309702,3.75435217084604,3.418387330197642,140,1,1,1,1,1,0
382,0.7353545734840699,36.19433954367339,0.08810604817083537,1.7002323879419985,0.6928226499368366,0.09123767015376252,0.1924364659364327,11.987832163990415,155.23302601565027,7.102579546561315,2.056979556125066,2.0347629249413837,2.4054063748676286,3.347769898284858,3.0382640670329617,160,1,1,1,1,1,0
383,0.7166409067490984,1.3603546136118079,0.3061978796339918,0.9871934244034433,0.37704931647041523,0.08900466011060913,0.19966462104925914,14.310000289738827,224.1485131528328,2.6842185514853143,2.1465500833657276,1.7845855727042514,0.9986820982818257,1.5907869905017349,1.318212352431953,120,1,1,1,1,1,0
384,0.5700359158542843,15.249965725213555,0.1782266451527921,1.0396085385900318,0.14670398343900098,0.2462939903482534,0.16401749605425897,5.090025079493055,183.31191853894455,1.415286761335841,2.768508803397412,1.816594725584445,1.5926074689495164,0.578593358631281,4.137788066524075,220,1,0,1,1,0,0
385,0.49974345818368393,18.113265448033378,0.14057299356000594,1.424081625413373,0.04370075069291403,0.12792776902235276,0.21563057108849548,13.73048562910295,300.0581282031753,2.535117738304219,1.368788289976731,1.6158414297889798,1.0603160258538116,0.32161371566163655,0.8982162592336378,210,1,1,1,0,1,1
386,0.5726013340174448,186.57628587792436,0.239943629105387,0.8894607724157251,0.3596182601597175,0.2505492451885099,0.08523105624369066,4.933083135623331,32.24542260010827,2.981735186394869,3.466103360914815,2.530862694627476,1.856482069866936,0.6677583916731357,0.8332009328034067,200,1,1,0,1,0,1
387,0.6497435897435897,1.8844731205676566,0.3053621624183224,1.3666579101943392,0.31476267528134894,0.2718031856440816,0.2093893678388033,5.552566508374459,327.64826587413256,4.314280183735271,2.5820006039287433,1.325988326197674,0.6286679922671918,0.25400300986499785,0.6143860703484283,150,1,0,1,1,1,1
388,0.6403283735248846,2.3494976659006936,0.31444289849006707,1.1477017434965218,0.25430638456589744,0.06924497745719825,0.10719954137290562,6.745360922498817,159.48772601918972,2.209513719064563,1.3402135523902692,0.5292025056579394,4.056456760303907,4.490847369625117,2.927040088620428,210,0,1,1,1,1,1
389,0.5094823167606356,1.8871820873117502,0.05243324568591675,1.0665293725648763,0.8116544706040433,0.15435275078719474,0.17768682564439142,13.050228165588809,223.34751689296388,0.776652105158996,1.2734254082854017,1.2108779280721236,1.3337332495442844,2.536517678872689,4.8310128272395,220,0,1,0,0,1,1
390,0.6582604220277921,13.373512342721174,0.147526262482814,0.9738738465094677,0.5026254427642842,0.10989047266674311,0.2770664714916634,1.720702517499851,75.28147863994899,2.905850487288019,0.4521301032121924,3.357679732798028,3.2042955827283843,2.725295951966317,3.3453762376711076,140,1,0,1,1,0,1
391,0.5523613963039015,30.518412800890275,0.28714752664479887,1.0717949302375256,0.04995963872366864,0.17802326457482026,0.05414695723196404,9.272501204635386,195.37770242460226,4.664006086995967,2.6739377795332984,3.2871665807847417,4.3989628315668075,1.3639139758042627,4.661121282253532,110,0,0,0,0,1,1
392,0.6779835390946503,6.361238898446569,0.3640255152836644,1.206835749258441,0.24701524508244266,0.208275364318317,0.2751045142908326,2.3034387492825887,66.28281799612454,0.5379618788466402,0.4957390171775252,2.6876568995214174,3.071502392331991,0.1450655529214853,4.543493848371857,120,0,1,1,1,1,1
393,0.7044638276038995,5.607308700117542,0.2781864408259102,1.0846989049961602,0.5477591135792544,0.22804480533688398,0.10606732736513995,10.686532767697706,288.18395623957696,5.233539694979472,1.6330811262003655,3.578981565190742,1.2955492525575096,4.867751718286984,1.6934106545677645,140,0,1,1,1,1,1
394,0.6635706914344686,1.1375009502510647,0.22238119283660238,1.136926834929027,0.5025843512430883,0.23061302881537632,0.09881074694951113,9.076654384769027,144.78420501067384,2.708366690521893,3.858117910648086,3.426736876322704,2.1981023267548405,4.836608613313981,4.677433531644764,100,0,1,1,1,0,1
395,0.6587993842996408,20.498772319126136,0.10932246134013238,1.6352357560099675,0.8441139380865198,0.28403869354019523,0.18920031561458756,5.4369080721878875,313.47531150303627,6.575850460093855,1.2450081926315242,3.256508506366203,3.542172011536836,1.8615066409768004,3.636570834478706,190,1,1,1,0,1,0
396,0.5603492552645095,67.78643631927991,0.22553070314051987,1.642360252709244,0.9049757415053419,0.21249098269444128,0.24957379474169378,8.158793584053129,136.06672449394202,6.669504204947437,0.21895097476229278,0.24565793612193623,1.5040521354285936,2.995082976788153,2.9419008561840947,160,0,1,0,1,0,0
397,0.6798561151079137,1.3149861862224201,0.3194977435845138,0.9024169579925216,0.13451930239884707,0.20572261895475008,0.1039552568742108,8.311405640767262,302.59304217927206,7.719863110084438,0.40597988723483724,0.19886789932028429,1.4270780311841638,2.250959961457617,4.078337876459167,140,1,1,1,1,1,1
398,0.6639302206259621,44.08660466885441,0.11065301202479604,1.4590719976473445,0.692054721971824,0.11256072454114883,0.08910926066777151,6.725341221799779,24.255080811639548,0.8450198151631456,0.1561346056560479,0.5526832979769734,1.8442661253911818,3.813445941275409,1.6147894527552085,150,1,1,1,1,0,1
399,0.5133470225872689,2.5034717668752746,0.21596084018056383,1.3681661249366788,0.8483513723307871,0.1729039687792081,0.07445854016275037,10.851210031320331,19.278958689567634,5.318144586547367,0.7354442656175758,0.3752181148616764,4.29680022182278,3.3275987949328307,2.7641131636103946,180,0,0,1,0,0,1
400,0.5914696813977389,18.00862681011283,0.25141596225655766,1.34990346858982,0.5840600696479941,0.21082205461058828,0.14704248155163047,14.163223379949406,18.145177507539053,6.836564832270909,0.37763572899489306,1.344004958145669,0.5627705077040491,3.446733189740149,0.5819982154319738,110,0,0,1,1,0,1
401,0.646755921730175,49.13834449832336,0.09135768966757969,1.8529664162324635,0.808179112937157,0.20723571169497101,0.22418429134103768,4.945966846827599,272.8048737270241,3.7174552053126377,3.7299535698539024,3.447809732187746,3.904423507635785,1.7699373472397875,2.1740813860675243,150,1,1,0,1,0,1
402,0.5123076923076924,114.98092829402292,0.36589351733784836,1.1840595212367342,0.7494520166029887,0.2566143665269354,0.1763130931119643,2.4437341637030565,273.331085303188,5.5438884205777885,1.2435220096224517,1.3817917269426723,3.1960023396320167,2.297383057693767,3.0804704965547876,220,1,0,1,0,0,0
403,0.6503856041131105,10.374685197919572,0.08192213606704163,1.4594346587884826,0.7857474628513316,0.06438969000416107,0.17360507617564536,12.054653999123754,39.69319992981717,1.1101158548142482,3.3052542312323894,2.854344685910335,3.534748744149688,0.4565387311845483,0.8784806275174885,110,1,1,0,1,0,0
404,0.46937725167267114,54.143434661198356,0.17972475147341183,1.9832012765874452,0.976906786931152,0.2868121443459647,0.25319989181437563,6.239791140585685,237.22360574062225,1.3814468508282867,0.31958277515916567,0.5633898734454805,0.15563285936035345,2.396437145771219,2.716812969308866,110,1,0,1,0,0,1
405,0.58,3.2696459743243107,0.3867603919660897,1.8423189538273523,0.7411239816801148,0.12142802157046519,0.14371764488092603,9.167162711360234,169.08937266872064,5.718115167384629,2.1400815922635803,2.5546546887275237,2.813885993566472,4.849582424533585,0.8320845413092949,220,1,1,1,1,0,0
406,0.5259373394966615,111.8210769882797,0.36540530367184615,1.9404937808918705,0.6250069184823822,0.12024079739805758,0.06136159508536447,9.180400366923404,294.828256897432,2.821457122147458,2.822830684677006,2.1907758287420696,4.874534557564216,4.932432647950055,0.8498058663424317,170,0,0,0,0,1,0
407,0.5797845048742946,25.792103663591245,0.3688245145728449,1.670863410066032,0.6810365491028016,0.287449978322981,0.25563431073079224,3.276637150828478,303.4150466488982,6.815891923517815,1.585474340860984,3.8826661514769523,0.8370427664072881,3.0112405052254623,4.94274258191725,200,0,0,1,0,1,0
408,0.6868272680676576,199.70105234092048,0.14569247517574718,1.7754812109560931,0.46931929659907085,0.2661805940637633,0.06409387416273178,6.807473032727312,135.35695131149419,5.135961803434219,0.9917069414635046,2.7196326691828414,4.77485003356774,3.0702557088093125,1.0812173681817274,150,0,1,1,1,1,1
409,0.6264131551901336,18.618907349881443,0.2321076953163277,1.8226178003822482,0.12128644035563643,0.18004087527799834,0.24307959793390982,10.402024738299195,147.28541578490632,4.924382651409748,0.15672419610473953,1.4672914793457281,1.1435243913936626,0.7682202303751718,3.668358956446506,180,1,0,0,1,1,0
410,0.5900461775269369,27.00474975314419,0.17188941345815514,1.2758513387855241,0.43872542358325445,0.24591325318528579,0.17849737228995272,13.658221722912478,55.10790266872723,1.0689749608149794,2.5702633318352306,1.036567913234953,2.513828660565061,1.7108828904087903,4.910146588784647,150,0,0,0,1,1,1
411,0.544427324088341,115.75427280001243,0.09858951042729355,1.2148007399886358,0.135484922178617,0.09547002109978621,0.21021868620080364,3.1266377091721207,186.1960447991999,3.232023957860566,1.8970371953276304,0.9047015017825908,0.5346424154095726,0.691115768392944,1.2965471792453607,130,0,0,0,0,1,0
412,0.4537987679671458,131.50886083356886,0.32979363961816494,1.8482943489281327,0.686586932056778,0.07043975798721798,0.20697509737272696,1.550369957775385,98.35293052040727,0.7751240216794842,1.9038853929192767,3.0151366587216506,3.1294483804984505,1.907676833891885,2.680353433359596,140,0,0,1,0,0,1
413,0.6177526936890713,16.810022948379938,0.22908710474048316,1.3368948401881455,0.7090825941668614,0.07679300283494402,0.18302837131632893,13.53289572762079,40.42210083059829,4.23831649196793,2.7484990446635096,3.1777678305686194,4.463583675625485,3.008603022414839,1.0389295931866305,140,0,0,0,0,0,0
414,0.6483290488431876,6.846415540076414,0.3109038159645155,1.1405310869584695,0.5363644109821768,0.08189507569889094,0.15791488655741986,9.215775652292308,323.8678986192488,1.8003019647106613,0.8276113938000925,1.2118711579060037,1.30519286908409,0.8873387289718229,1.187866126329494,110,0,1,0,1,1,1
415,0.6810477657935285,170.12986088198096,0.19363888944638155,1.27742671885489,0.08862907074840937,0.07800972554201309,0.2955946542271516,8.343159453983565,187.66363253955925,3.690773289623126,0.8294706193743412,1.3623490219765504,1.4718975589353926,3.870515372640491,3.0722571026145493,170,1,1,0,1,1,0
416,0.6639260020554985,12.797283955074517,0.26371701485457144,0.9852352583290428,0.24756153776677864,0.19530955535565309,0.12215763831006395,2.6077155463488495,154.144319951544,4.036821414126187,3.0648886535697777,2.4229910883705927,1.3477392083424429,3.4393633388972535,4.144435006345857,140,1,0,0,1,0,0
417,0.3569594247560349,144.26119895474656,0.3407167927257052,1.6770409702443732,0.3518909012121354,0.08107430587138618,0.29125672766662813,14.013408019469562,135.59066944322586,4.422990685768395,3.2768414089023903,2.6942691607151805,0.9019141200419521,0.9049024098618654,1.4073229402148504,200,0,1,1,0,0,1
418,0.5978428351309707,4.937186450809118,0.335809803815052,1.3552157428035279,0.8696565299968461,0.14423610735622688,0.15978372714255462,6.494231503916895,287.9088162446036,1.5445405449754044,2.5480614069785297,1.4061318971626358,0.672800399470984,4.705177405706029,3.3090709816129644,210,1,0,0,1,1,1
419,0.5954825462012321,3.7306195717087602,0.3628624040678352,1.174066481354658,0.6176713008099433,0.0879187199331878,0.24714930280613268,8.468455287668501,90.23798833142452,1.6243807051158035,1.6494204331854323,3.2094519265402592,4.2476162294991395,0.7246944454267139,0.9978428162984325,200,0,1,1,1,0,1
420,0.6536082474226804,6.243913104571927,0.27440167150985406,1.1021588706883434,0.717807517025205,0.18568111083689903,0.223487111116775,11.08051151164504,207.79661425622314,7.490887118627093,0.17062971690127798,3.501283244882191,2.5788545265338834,3.0961257536297744,3.1380342440755875,110,1,0,1,0,1,0
421,0.6536685479733196,9.461007717575496,0.2975335220096895,1.528058055659427,0.6927178073993544,0.19407209004170328,0.08813476072856534,13.914991336482139,29.166573587710968,3.492520279025977,2.123468422791681,2.405974199405224,4.6121252248251245,4.362492174104429,1.0609820654147009,200,1,0,1,1,1,0
422,0.35843218153687467,130.80229531598522,0.051621208051611,1.4448747235255075,0.3384932968129829,0.14954217339773584,0.13337479292278603,12.239948280372161,231.29250077183562,4.854412627085326,3.6678990141655903,1.513336206554869,2.5420020864234507,2.152734702572285,1.293741439278005,110,0,0,1,0,0,0
423,0.587782340862423,1.571781404396085,0.11231258840441301,1.2975489484724285,0.022832567456566963,0.08716568193827824,0.2902675793673638,10.289523208233948,281.4346658432537,0.9928147957126428,1.941061085928997,2.302880419724204,1.0343698312519662,0.27909337245566496,1.4231283821690321,210,0,1,1,1,1,0
424,0.6868894601542417,2.621935992321169,0.20426696142837986,0.986288295116855,0.45422305805306706,0.18991008282705446,0.1501907652188315,8.34146377058612,245.16246025955493,2.2330609744105354,0.2056743707635856,0.9656914315385028,3.6082639213522483,3.328727315359742,1.2026866881478566,100,0,1,0,1,1,0
425,0.5761316872427984,1.6936264497878317,0.3299706298806163,1.0858193372560718,0.02931632699927687,0.2131865269629687,0.0946361655135834,2.4575201477840336,73.50240228142906,0.6989915290536479,0.4334832703324255,0.9107563950695066,4.492045510753488,0.1637094252026066,1.8191647861745597,120,1,0,1,0,1,1
426,0.6760780287474333,7.476246641388492,0.36243509887694125,1.111308120117551,0.5813807297502983,0.13545433792446898,0.25436089043461024,6.8999437082949715,289.9493395815603,7.209141701705685,3.4870251060018598,2.0009816731731034,3.8416683913828282,0.7865545612556175,4.768039881329705,130,0,1,1,1,0,0
427,0.5315546434068753,2.0924857375947736,0.14403707578473113,1.1094652225198427,0.42670923437984876,0.2083695549565368,0.18540855366521675,1.3145703164816436,82.24744511621113,6.723063527804012,2.2612942098115942,2.6405395145722705,2.9249307300198426,1.4428705813673095,1.029879873005635,210,0,0,1,1,1,0
428,0.5925925925925926,33.90543622467097,0.3650065246468368,1.5206202325203841,0.020775912085310867,0.1993532755425771,0.2684725193906288,2.916398820963302,134.4854507627322,2.665203025780249,1.0568615277571518,1.6182528947637085,0.5057134728331197,3.0554453363853025,3.821151273918667,120,0,1,0,0,1,0
429,0.4165382639958911,48.49203050212004,0.24824162410391404,1.9241956871897097,0.7146649870805606,0.21591779134066202,0.1690126005497749,5.15970401872445,250.9408387497076,4.2161848715464885,0.3930373487696542,2.939936149194053,3.877469798354528,0.6223314403554818,2.0040975086763235,170,0,0,0,0,0,1
430,0.4162802679031427,22.81069243646777,0.3366858111859699,1.1265741646759553,0.4361307918316713,0.22367411771360668,0.24985396974224483,4.449628465347495,307.21847804786177,5.692074233883893,3.2455884766596537,2.6692551301717975,4.3774345957944005,3.68790194340685,2.9385542632026116,120,0,1,1,0,0,0
431,0.656731757451182,42.02905605580283,0.1274233046368608,0.8473121736422071,0.25467464868200224,0.2860148349216533,0.29691700199916177,7.851949491003967,121.68516563513947,6.834120489013028,1.9494354449641087,3.461966338858322,4.858185401310302,4.726905796655826,4.6597828791943865,130,1,0,1,1,0,1
432,0.6466358500256806,40.011179932242406,0.2586944574687186,0.892343841955051,0.8223371646676638,0.0801417214443197,0.10750220932192577,1.5181068860168967,17.4442937976355,7.0257415542569746,1.0085419515391716,0.19516304807049828,4.441290966357317,3.1177296220932926,3.316511193966541,140,1,1,0,0,1,0
433,0.47788065843621397,58.25366649913476,0.3786736944795137,1.2208541785420521,0.8672076392305154,0.29948352763333436,0.24969580894341636,8.405119876380969,113.70784215959652,2.654292437405613,0.5308490412124391,1.4830264147990284,3.7141532777855684,1.2700080142646815,2.396106510246816,150,1,1,1,0,0,1
434,0.5061601642710473,36.63437477073544,0.05625587715669483,1.261191976591618,0.23893559602891173,0.15694328343396557,0.2969305974340079,1.5893046549090664,237.37632714732896,7.570488306013442,3.9655576419342085,1.0035196353954292,3.105715807132468,0.9184663358511687,2.6033068006244138,220,1,0,1,0,1,0
435,0.4415851775604735,62.20814594959259,0.13073443410121555,1.0237259145731055,0.6055820589812819,0.10512155226754384,0.09413200800137707,8.17763915423112,88.33616518791808,2.1833042887749547,0.7001940347254347,3.2817491874634093,3.815368530950048,3.5105010284635823,2.2830890850619645,120,1,1,1,0,0,1
436,0.7070914696813977,1.986175949592753,0.2530301727432339,1.1187200511064472,0.5362349344355453,0.2693652156575951,0.07287170934943872,9.301159087783844,87.06412068243397,1.1078466193073595,2.921338443385481,2.0339153668072063,1.9261737333603386,1.3727935404255984,2.338039458818144,110,1,1,1,1,1,1
437,0.661025641025641,78.99791688877339,0.34792241991706907,1.510889341591421,0.679593588386404,0.170146644331662,0.17378663175349357,2.0658320328642024,226.5139823753145,5.601055788202253,3.364351980618321,2.8201387005102063,4.349741584703032,3.5709785859036707,4.327617780924088,180,1,1,1,0,1,0
438,0.5941508465879939,1.9793993831771817,0.358304765719625,1.7909801006777153,0.7476623067664884,0.05731182075863979,0.267960881936308,3.220471474103032,198.9948829005494,5.2550427732470855,2.5640727553650065,1.113233966150223,3.122941900041137,4.907812272334375,1.7916715992871075,100,1,1,0,0,1,1
439,0.5761148129164531,28.554986028991863,0.31635976587570985,1.2102465992464233,0.7742484872481207,0.2907480009647487,0.18531664466902759,2.4977289435774175,350.72113921208893,7.036526046142822,2.5215705192931606,0.2783939318688001,2.9526352548637393,1.7948269790694882,0.8030777066094726,190,0,0,1,1,0,1
440,0.5464340687532068,5.554395765635343,0.0955301840457212,0.8265482618347968,0.9595002981799776,0.05614672911470038,0.23956579898225566,11.495125644400947,248.17475572614958,1.1178578421188203,2.8053606805478055,0.9610014898761655,0.901756723839179,3.9945667888746543,2.5312416094835397,150,1,0,1,0,1,0
441,0.6306584362139918,9.242833851189136,0.3828022467876437,1.9323391042011187,0.6514209899955126,0.1580837002606505,0.08776447294522506,4.82563337797493,348.8676997701526,4.049074300186678,1.5372527405226684,3.470997174374584,0.2525570061341057,3.293167444341837,1.4589711681128748,120,1,0,0,1,0,1
442,0.368502316006176,27.60271135463862,0.32180889847710964,1.7132287891315987,0.1918150053890587,0.2611958070292219,0.242730461161013,13.160724351378551,213.68999067003958,0.9815670280635056,0.8820464341313132,2.017218732291604,3.4592699074219597,2.2084988850073675,1.063336064911477,110,0,1,1,0,0,1
443,0.5881443298969072,8.000911127783903,0.15862668562325083,0.8869362653534707,0.27361353634639574,0.05290513497702516,0.16380503727045032,12.165827408920634,226.3545070113417,4.241661150885171,3.947984113741871,0.6557326173159016,0.6141578742490569,1.2860205777263847,2.66228126266023,100,1,1,0,0,1,1
444,0.44131214761660686,6.409189108557398,0.05341979659671428,0.9054397989738001,0.6984156711332219,0.17942791084617787,0.131615327060998,8.835081568816797,337.6742861852914,0.7368960861923153,2.582077973220183,2.8552553332989143,0.9206646530694419,0.6123824176385613,1.4006760991016454,200,1,1,0,0,0,0
445,0.6253854059609455,6.040669500319085,0.29817118180782076,1.7620736996837503,0.060931857978442965,0.22852173303310697,0.2677422809365214,8.578148694214986,315.1242483072706,1.6965851008489126,0.3353731275631988,1.0637026126395712,3.6847886566011265,0.499986911949889,2.8688119742125093,180,0,1,1,1,0,1
446,0.6466049382716049,14.007585669658592,0.1679135271198874,1.5904493306010514,0.22482970761088342,0.24742462678561977,0.09552947892217482,14.662113581467839,264.5091744182078,7.012043790562854,1.1049632651937333,1.9042295312833335,0.45377220399796164,0.25019726080844973,3.561027090940811,120,1,1,0,1,1,1
447,0.6887519260400616,98.87021527390482,0.17107724739143704,0.848131029694979,0.7378523907759814,0.29691239093401445,0.1427596907461507,6.956906682273055,266.58955784534834,5.236701650693904,0.9215825371220996,2.5295696758975827,3.002516610107475,4.570580393521786,1.7457250875577321,150,1,1,1,1,0,0
448,0.6438497169325785,2.6087556142352426,0.3681613822329744,1.9656741128499675,0.1389363314247146,0.10938583123096941,0.0949207772175605,11.02154950554924,123.81652247864321,5.425524984059692,3.880708057107621,1.1067203875343974,0.9012669756666116,2.0162995295936277,3.1682788314571733,140,1,0,0,1,0,1
449,0.6480246280143663,2.458204625932101,0.38943736577749066,0.8881960967960152,0.7680036631728686,0.10901261583661599,0.1634473853459098,2.8322312500568976,305.459657139219,4.059731568123604,2.971967858755998,2.6888376577250397,0.9213341598127566,0.27968999197436056,1.2516885855542743,190,1,0,1,1,0,0
450,0.6938461538461539,1.353189341014444,0.35389494817964057,1.1236995338203877,0.7995567498910521,0.07797990484943197,0.10146030250919207,9.19496110155453,343.1341248981336,0.5370498570080722,3.9478574795395027,3.8639629161005775,0.3037070093469213,0.8268816847142355,2.782556639097766,140,1,0,0,1,1,0
451,0.5328879753340185,2.09576086397652,0.2091589494718507,1.6002371090553251,0.6363375390591903,0.17221164506423003,0.17889900714481255,13.15085612328031,340.6149768159081,6.785864672360827,0.790884178844805,2.8012412136820415,2.2743760745923987,4.353897046449776,3.526709532013068,110,1,1,1,0,0,0
452,0.6776519052523172,138.72057260094562,0.26624653407042487,0.8364644716362043,0.6795830677238529,0.19265243665970744,0.26722624611967954,7.960446696117982,283.8349194203957,7.030650877529443,3.9109793184631374,1.6869410468191954,4.997127256276267,0.33623899041672456,3.460303870713662,110,1,0,0,1,1,1
453,0.6628807434176561,72.25663695068542,0.3574804464554718,1.6011120626763016,0.5656759357669344,0.13175829039080966,0.15103508041275826,11.338288929518571,93.14044580601461,3.86520216966898,2.8123221060904626,1.6153765949543484,1.8956615208698497,2.0412461888853515,1.9606362345512163,100,1,0,0,1,1,1
454,0.5481214616572311,11.65503810110143,0.07561857331895527,1.5433884152115374,0.37578675579675325,0.21705319963875408,0.2008621483453445,4.181774781684121,261.34307667927305,6.597393040370701,2.4708298618944338,3.0830447200143003,2.942844609213928,2.7146524789617046,2.294702514036052,140,0,0,1,0,1,0
455,0.5881748071979435,3.632955413039131,0.11852229498924115,1.8776366587399842,0.946413222035836,0.21186867853865077,0.05189071874453553,1.2552561574690628,260.65273597811773,5.077503374831887,2.2027289790334925,1.3141000267084142,1.6057208281388042,4.034826899380051,1.7819280588286528,130,0,0,1,1,0,0
456,0.5856410256410256,16.159082507550842,0.09266013266793165,1.0177260172347524,0.2771715207188631,0.22027946349124572,0.09528733738367008,6.789687421354921,319.4722621719427,6.643916445700927,3.810473034605962,2.446286098570692,0.31272141098861395,3.20244174041071,2.976019439703178,200,0,1,1,1,0,0
457,0.583547557840617,6.504788719108917,0.26384334609784715,1.8800277480776133,0.23351817650995382,0.2599653257166801,0.1527571174516762,3.968627758715173,85.85893003177148,6.970978081574214,0.7552554102049673,2.9738076052823104,2.313661625812423,2.974381469559823,3.3073669610445786,110,1,0,0,0,1,1
458,0.6262210796915167,7.933894515805347,0.2746900251551431,1.0783365153391706,0.1038002644097585,0.1866743531785175,0.2017735090221952,1.3309402046487095,212.4354209522432,5.932541128465559,0.6007377288710884,0.5060276325982487,3.4929371414894117,4.957154369140723,3.729189945461793,150,0,1,1,1,0,0
459,0.4260780287474333,3.3230982385902745,0.0799803873587507,1.1880458745386249,0.27867745322860976,0.09796683117968573,0.27354771866602956,2.1118711658458125,357.94877642740863,5.521152163986426,1.3649016371499647,1.3987074609269718,3.2892991083312517,2.711493154101543,4.460355894026562,170,0,1,1,0,0,0
460,0.5192604006163328,159.7807679822529,0.3057276785837362,1.4747561790534918,0.6586024060523911,0.0650355856501963,0.16630140307092955,8.808967843180348,63.3456046656461,3.494869368569811,3.7159934959698653,1.0151041192362689,3.3580674499873684,3.997704807869673,2.0640718590754195,190,0,0,0,0,1,1
461,0.430919363122753,1.6035333311992301,0.2389849955981959,1.5483028256033116,0.9826338321152077,0.18023949431801056,0.2605083235941053,13.978013550940135,148.9435309759992,2.7914323299351764,3.7541355098211446,2.2598287387782676,1.8646683966104436,0.5294494591428089,1.684006564598793,130,0,1,1,1,0,1
462,0.521047227926078,91.02367522011856,0.23048779969377425,1.9905896177879752,0.4482584896947389,0.17424087072645755,0.2798479933036043,9.408320667048642,253.2328811158616,1.801433862398815,0.4155852038998835,1.6716226971841297,3.971149137904601,1.5929277815804,4.126664300529296,210,1,0,0,0,1,1
463,0.5747303543913713,132.82871586683976,0.27434022707086625,1.8344173787271472,0.34917773200702984,0.08313116818546211,0.25562014090859025,14.658542812038808,348.037756403627,4.621471519212627,0.6271485277038088,3.856148935197778,0.4340443159889185,0.22647834405248624,2.1539049003118915,110,0,1,1,0,1,0
464,0.7239074550128535,3.141306682333439,0.22714965199408546,1.5689915776282475,0.43384792076352935,0.07641617106543598,0.15987792215822755,5.365425863193634,52.48472879785011,1.5668702651539714,3.936347808527313,1.03280240644211,0.38312474888219655,3.505672621406911,4.9768984272639525,100,0,1,0,1,1,0
465,0.5736275012827091,74.6397207154394,0.2922564695929462,1.996036224623572,0.3072096446162436,0.17735553203744742,0.06557294953251568,2.4146413541490537,279.25671277446895,6.002107854210515,1.7151060348628153,3.32739779271081,1.053650307921749,1.9020208192987194,2.524030919695951,210,0,0,1,1,0,1
466,0.5892307692307692,2.0677286514110476,0.2184704530723633,1.712347787746562,0.02081063914007427,0.11495330218625856,0.054798069205764174,6.826155974516661,180.88439795762235,1.2356193558818345,1.8720716047838475,3.392992622684502,0.6377073735197673,2.7850014959710956,2.695343197668631,220,1,1,0,1,0,0
467,0.6889460154241646,11.407771025232726,0.3080749770857299,1.2733715342840424,0.15704769140010458,0.14397207128644235,0.16900453234219165,5.54546297646084,240.77387277202394,5.279011076062103,3.6168717693281516,1.8997621120364632,4.220270739187021,0.2882891099153925,1.6460177992072302,150,1,0,1,1,1,1
468,0.5815748841996912,49.757347617132105,0.2648767546660216,0.98020280098045,0.8872153858924057,0.179602005486301,0.0666630101401725,9.913375550340902,281.12873591341366,3.1227742230938715,1.4776804931580503,1.2564887670218554,4.786856851667453,3.7137909613491344,0.5544881385569935,100,0,1,0,1,1,0
469,0.5277492291880781,4.072675254204673,0.11093826736692954,1.7172471946660832,0.6581431988490061,0.21507567992533455,0.07459891242834933,3.592737950144551,24.68292820107269,4.477265999368687,3.1210717444873732,2.6112265888104096,0.6947934489810915,3.1135635433904465,1.425592679879998,140,1,1,1,0,0,0
470,0.5041067761806981,52.642781097473645,0.15248771284533766,1.4989071898486959,0.9591190020424961,0.20047039740908051,0.29499258233971265,12.181998683164045,79.11467145097807,1.4112603222568856,3.7779957672043594,1.0387015761467693,2.2530844495028157,3.1034039542231753,2.444345973248882,140,0,1,0,1,1,0
471,0.5651282051282052,130.1599933427661,0.15006737623370606,1.8158172064283336,0.8791864022050841,0.265342499090859,0.25398673474215433,10.041351377172884,56.105070709096665,1.7361111179707784,3.7558134593387638,0.2683775696083455,2.770631902594998,4.92488172367009,1.298429462613681,180,1,1,0,0,1,1
472,0.6810477657935285,17.68903228571924,0.12472897820873519,1.6793618537195008,0.7214603117855896,0.2601757570028,0.17646317323795724,12.448994617997231,357.1334829722772,5.948462863347537,0.13639331732566387,1.0620475716343298,0.8843510112774078,2.3616316246569706,3.925046916694211,180,1,1,0,1,1,1
473,0.4675925925925926,26.145743600893837,0.33002483904470586,1.6796855552356098,0.10719453759547158,0.18877123732557155,0.10100890865722471,6.6209204220580355,116.9614754215752,1.616660377493335,1.5349689300781295,1.3750333037185085,1.0921547448096633,4.794560052584964,3.8558020222905447,100,1,0,1,0,0,1
474,0.4681724845995893,23.15329481332533,0.17890833567739695,1.8634349365580893,0.8691177465916365,0.23051773455068425,0.16215265773863563,14.948680726781463,206.5196057858333,4.849878405710984,2.605069551030387,0.35292901848357655,2.9821911080471137,2.4567671604420065,0.9184578792040947,200,0,1,1,0,0,0
475,0.45477903391572455,14.012036837350601,0.2867637780292268,1.7900592922160745,0.5594468925278475,0.11745518003205359,0.25124724992019243,9.448827332350367,219.3788529223086,2.1545896453340845,1.7926755280781135,0.4455416757505072,0.8225173808607914,1.7081444926856266,2.4808954907997074,160,1,1,0,0,0,1
476,0.5469471523858389,64.24035605070823,0.37658966597024524,1.5634128376498793,0.730949851954406,0.15531201332351802,0.21064129988379787,14.976865159501294,191.3275681835854,2.5480310747960933,0.19434787917628546,3.3436184703355165,1.7391053148354676,0.2283638718071175,2.1300594874352976,120,1,1,1,0,0,0
477,0.6502564102564102,2.680556371048534,0.14075386560302083,1.8103202801501703,0.3027510621169976,0.2681825626211505,0.15741420318473376,14.169509431614767,272.981280110166,1.5151556170826415,0.7197418539104788,2.479878082962801,3.674590320396744,3.851013205056438,2.465828161768308,160,1,0,0,1,0,0
478,0.6488431876606684,3.700885296271253,0.07413530572474741,1.1140468204830871,0.6538160531417967,0.12054676867330004,0.06426368028781358,14.392604695168412,153.8834609102473,4.493155117064128,3.6351060680432026,0.6430569473586212,0.26470664089808493,0.4070006969312372,2.694070371530229,100,1,0,0,1,0,1
479,0.35523613963039014,143.1055857885287,0.05763818887142133,1.4722018201542104,0.35039645973366584,0.2908486085533876,0.2159474215438973,13.597666839621814,49.93352471077668,3.1212977906511408,3.8908207855629944,2.4732563635162195,2.870118247400889,2.3732691847728478,1.3914393474188307,180,0,1,0,0,0,1
480,0.6584488957370314,1.8369046635164712,0.13783833146910432,1.4280690936492397,0.15822189216023586,0.19030569707063122,0.26265401446028447,4.1544370193172915,154.117939554578,3.967216707504554,3.4149039487745814,2.7091871155835223,0.9122952468000513,4.733920920301384,2.6811332920852116,150,0,1,0,1,1,1
481,0.6685479733196511,1.3169025645706185,0.07179558705865997,1.3510878531163497,0.6479539978079351,0.25160090430820986,0.1781256621925829,8.636046171696677,354.7463796493063,3.884295081357411,3.495255857679427,1.0313052243880032,4.401367382945001,4.409951089262493,1.4219657336782066,160,1,0,0,1,0,0
482,0.6791581108829569,13.979174083163455,0.07282160694117222,1.4464421575432571,0.7665722267837906,0.27730505146539003,0.16598284420308318,1.3803438971578375,148.5896654318592,6.484356197119205,2.352614126936514,2.5748714284461847,1.5069759946144203,3.984986653265813,2.854983340376336,120,1,1,1,0,1,0
483,0.5872689938398358,93.8415520566194,0.10528418799237181,1.180114012481032,0.9067882670389024,0.2483153376095636,0.22397477954220063,8.46240414144596,291.2612374045373,7.11812276305504,2.499662297772228,0.42550993145859484,0.8453109877891372,2.25758475000491,3.4443164854623283,210,0,0,1,1,0,0
484,0.6439199589533093,2.409168588144237,0.1962163427462849,1.5616055279047298,0.5051026381051055,0.21697999970090676,0.29602757975912447,14.539772613628386,199.27781424494054,6.642976353962421,0.8309065819805707,3.4468905073129394,0.48909226475084466,3.6843328026677757,4.50616123858011,190,1,1,0,1,0,0
485,0.610683102208526,13.715058530819872,0.21490876462648514,1.22935791839053,0.7060379426508453,0.1648162992933035,0.25540922442761793,5.400901584572478,133.33123131337905,5.156964256088234,3.0204227141568953,2.639475581038529,1.8049129167526166,2.3067197966365223,1.1388739539244725,130,0,1,0,1,0,1
486,0.655207798871216,5.598531050364517,0.3926867283053041,1.6114130744905208,0.8346186020230647,0.08156618539112569,0.2085355345739342,7.598020343574304,116.38124043425333,0.7489201592181967,1.290711639117252,0.9293130678472749,3.501337810198172,2.6120082904107598,3.3929685952641844,130,1,0,0,1,0,1
487,0.60431654676259,3.971255842207786,0.35492156879206826,1.5979818841711944,0.6500995347206573,0.2471118358133247,0.24151619413382563,14.136267458278757,268.9664422684256,0.8151850637855397,0.5318103139726311,1.747938870416584,1.9639626899550073,4.8863216097022315,2.959916990845048,210,0,0,1,1,1,0
488,0.5331278890600925,71.14012717502081,0.3504195868796923,1.7047542843161407,0.9097150211551676,0.2776925404109788,0.12305455761547444,4.9205226137068525,174.06878791257705,0.5930302720798609,0.47648443376221916,1.0433859302094721,3.5480612895578996,2.7494225355600608,1.0066117568537165,210,0,1,1,0,1,0
489,0.6911613566289825,119.56070490144805,0.15403323269801603,0.8577714031740242,0.3052399555448004,0.23579829968290084,0.12497977787674618,9.377004780168622,32.27431825032482,4.410842667826921,3.9822063131461087,3.4372147659664036,0.2698843069597683,2.9557534919090993,4.075602254150856,130,0,0,1,1,1,1
490,0.6343589743589744,80.94943096764669,0.09022654897084839,1.603040315525694,0.8247460440979956,0.2774067048591481,0.07346432120583905,9.385699114480948,255.9218205799307,4.937728717297442,2.4676493570031406,2.562099457058756,4.473364120778746,2.27256207045802,3.208655439568092,200,0,0,1,1,1,0
491,0.6743708269131998,153.88647932714156,0.08647868098292169,1.582669111454567,0.24268479900731016,0.17191676715531612,0.14612783191120315,8.173092885641069,178.71437033922888,2.9851025532728808,1.1795758003860926,3.8889774945140974,0.3236788529616803,0.7861180780112567,2.626220097529311,140,0,0,1,1,1,1
492,0.4427911749615187,1.041442193734477,0.148239125430591,0.806606958992505,0.20217575848362507,0.17914315711149476,0.1017481446096067,9.550920995060755,130.82809998059224,1.3537879510745106,0.43966179050350884,2.506559412859425,4.6655932252208006,2.045373702062239,1.8206997044365474,160,1,1,0,0,0,0
493,0.45151359671626473,4.287118430793057,0.22274130311904156,0.957786943877578,0.5072636999434527,0.2982042097497676,0.22556469150791608,13.239115345592461,100.16252711680265,0.8835153608157554,0.10610391024674433,2.581965343715287,4.779796506276446,4.1238715844961105,4.207056728995826,140,1,1,0,0,0,1
494,0.34291581108829566,7.066462735241405,0.2903064697224124,1.3474838107466505,0.06833420634081624,0.14595972076124486,0.07862190951647628,9.453136341291428,329.6504316516829,5.270720348071567,2.4152770857132997,0.13951161770819917,3.4254827876955676,1.8734079551055385,3.5085769102531135,220,0,0,1,0,0,0
495,0.5906522855675398,16.930710005360815,0.30339056941313286,0.8797326132269299,0.6103219989779228,0.27561332682146045,0.08013960410092257,13.23178030852883,252.37248933422885,6.842032722424301,2.9437766014428473,2.6439374295085645,2.8373477426070846,1.7815200305460255,1.0535148280568554,100,1,0,0,0,0,0
496,0.7164869029275809,68.72220908133873,0.1463834109893965,1.3357034196818987,0.43133245584234514,0.24724628998019832,0.1265783746945532,10.421532713522053,59.90795042866806,3.7289700384665565,1.5607562593784732,0.750754786625136,3.557370726954741,3.473184590611471,3.2048337506010482,140,1,0,1,1,1,0
497,0.4590838908903757,6.077716020725266,0.10406091152816334,1.5642827809456918,0.8822950944801321,0.21145559657162105,0.05636193997643772,5.842284450330004,186.90929126865748,0.7065253990209912,0.6481565735556071,1.9937998286716514,2.324607943860963,3.4725437553231617,4.946161847700163,120,0,1,0,0,0,1
498,0.5616649537512847,1.1317066663337605,0.06364860440121906,0.9920299237558329,0.9547370589753483,0.1469966899867174,0.057738947729835885,6.378893981801204,146.31866321584712,7.708516140556947,3.9376513365208106,1.2247812074931084,3.0544200947493616,4.1508660627332885,4.497816525389066,140,1,0,0,1,0,1
499,0.5991778006166495,56.64465350378499,0.23949266257165483,1.4500457748920048,0.38780166664218385,0.18842787133950278,0.08853626079462178,5.76541945956308,165.41531222077103,1.5439752600927164,1.4543804522189794,2.3638236438754143,4.835445190745396,2.8327732486252155,1.7161146145885247,140,0,0,0,1,0,0
500,0.6517719568567026,20.424638891751762,0.19062258022901352,1.5480871497913282,0.6237096349926425,0.27007869053723177,0.29846209722492456,7.844569645094319,286.67842799620973,1.4798925786759718,2.180207852184914,3.4928797226259714,4.556327593592486,3.638501853733939,4.838129812244812,120,1,0,0,1,0,0
501,0.6428937916880452,11.604607219983924,0.14651864888797494,0.9785551632861388,0.13232439768751134,0.2860105234563495,0.26927264525454725,12.118949275691676,353.2587702542003,6.991828592184142,2.0200693720046097,2.3513882140092117,1.9940484834328367,2.605249764783681,3.9280918611996376,120,0,0,1,1,0,1
502,0.6584362139917695,1.784104240145454,0.31758472812915123,1.0405694186340835,0.40943252440234057,0.28901178590298326,0.1933822378638933,12.585264909488243,262.94743519438,5.657915318229205,0.1745527682760797,1.9596895264394867,3.1703033043567306,4.6392747729774255,2.796946200519045,150,1,0,1,1,0,1
503,0.6676954732510288,3.0537848913869303,0.15478845593008844,1.1345118468974638,0.6886817829063658,0.25110930191987624,0.13967888135425338,2.882091811713706,240.4891804845192,6.2669208658073075,0.6571161204732705,3.0383688968021794,4.187308525303312,3.728333046572244,3.820412833526885,100,0,1,1,1,0,1
504,0.5125964010282776,8.66500342932333,0.26476143998311047,0.8931792016059261,0.7607936141396745,0.1719069524168027,0.07215117849241977,12.84290015548825,257.4802670433443,6.458866583680615,0.3997620935770377,2.0524346454746296,2.6606253367500514,1.5678718219739822,4.798018432812657,100,1,1,0,0,0,0
505,0.5838891739353514,70.60539602528473,0.191005648921423,1.1372053986904564,0.059221491234694286,0.10809608076401196,0.12382262351198582,2.020625695150649,186.07938277294272,7.16494310199049,2.6264880393630605,0.5793906460150116,3.0571161706125554,1.8532890121563896,4.90541501828664,180,0,0,1,1,0,0
506,0.7139917695473251,43.93659762666787,0.26867435197629086,1.0903180163786355,0.4503627471988492,0.22065430530585062,0.06794395155662826,9.202107038349268,121.15537834139083,6.1148392559464995,2.5552750178777726,0.3118949358093249,1.492943055344832,0.7557589786984964,2.7351294026807595,130,1,0,1,1,1,1
507,0.4117948717948718,85.37742405016995,0.0663981679846611,0.8752275459462391,0.010131999144395614,0.22674412186392906,0.11904238945522487,8.155807949321217,142.0613188871175,7.32457357890794,3.5783013647618653,1.7918879363484652,1.6354047961672014,3.9657691117024356,4.2922035597224975,130,0,0,1,0,0,0
508,0.39034411915767847,41.64820423904256,0.29045674327613497,1.559254254498321,0.954796848160306,0.14691220136391175,0.17345351011423216,2.250053343358021,136.01766306534242,0.8613950929497217,3.1491130670452487,2.612181963756072,1.5604558223332716,0.6162881190291968,3.6614322569066315,220,1,1,1,0,0,1
509,0.49177800616649536,7.094983581937311,0.20145519760689665,1.2424486050377543,0.9476638191746004,0.10222068100129093,0.1644249012898235,8.005616039942817,57.81031627791042,2.7147610817887458,2.7434714812091725,2.470233276785618,4.412768015815277,1.1571293279646253,2.625268118733418,180,0,1,0,0,1,1
