status,image_id,error,image_path,expected,classification_results,parameters,profiling,predicted,correct
error,1f7716f6-105f-4b7d-bb74-6e4a3c1599f3,DLQ,/opt/nuclio/shared_storage/mnist_all/1/mnist_test_1_00609.png,1,[],,,,
success,8fcfc97a-b58c-4f5a-a616-d2af5599398f,,/opt/nuclio/shared_storage/mnist_all/0/mnist_test_0_00651.png,0,"[{""concept_id"": ""6_1"", ""is_minor"": true, ""message"": ""Similarity between image and concept 6_1: 0.5826"", ""similarity"": 0.5826, ""concept_complexity"": 20, ""image_complexity"": 32}, {""concept_id"": ""0_1"", ""is_minor"": true, ""message"": ""Similarity between image and concept 0_1: 0.5666"", ""similarity"": 0.5666, ""concept_complexity"": 20, ""image_complexity"": 32}, {""concept_id"": ""4_1"", ""is_minor"": true, ""message"": ""Similarity between image and concept 4_1: 0.4835"", ""similarity"": 0.4835, ""concept_complexity"": 16, ""image_complexity"": 32}, {""concept_id"": ""9_2"", ""is_minor"": true, ""message"": ""Similarity between image and concept 9_2: 0.478"", ""similarity"": 0.478, ""concept_complexity"": 16, ""image_complexity"": 32}, {""concept_id"": ""8_1"", ""is_minor"": true, ""message"": ""Similarity between image and concept 8_1: 0.3464"", ""similarity"": 0.3464, ""concept_complexity"": 27, ""image_complexity"": 32}, {""concept_id"": ""1_1"", ""is_minor"": false, ""message"": ""Preprocessing failed: Concept has endpoints but image does not."", ""similarity"": 0.0, ""concept_complexity"": 0, ""image_complexity"": 0}, {""concept_id"": ""1_3"", ""is_minor"": false, ""message"": ""Preprocessing failed: Concept has endpoints but image does not."", ""similarity"": 0.0, ""concept_complexity"": 0, ""image_complexity"": 0}, {""concept_id"": ""2_1"", ""is_minor"": false, ""message"": ""Preprocessing failed: Concept has endpoints but image does not."", ""similarity"": 0.0, ""concept_complexity"": 0, ""image_complexity"": 0}, {""concept_id"": ""2_2"", ""is_minor"": false, ""message"": ""Preprocessing failed: Concept has corner points but image does not."", ""similarity"": 0.0, ""concept_complexity"": 0, ""image_complexity"": 0}, {""concept_id"": ""3_1"", ""is_minor"": false, ""message"": ""Preprocessing failed: Concept has endpoints but image does not."", ""similarity"": 0.0, ""concept_complexity"": 0, ""image_complexity"": 0}, {""concept_id"": ""4_2"", ""is_minor"": false, ""message"": ""Preprocessing failed: Concept has endpoints but image does not."", ""similarity"": 0.0, ""concept_complexity"": 0, ""image_complexity"": 0}, {""concept_id"": ""5_1"", ""is_minor"": false, ""message"": ""Preprocessing failed: Concept has endpoints but image does not."", ""similarity"": 0.0, ""concept_complexity"": 0, ""image_complexity"": 0}, {""concept_id"": ""7_1"", ""is_minor"": false, ""message"": ""Preprocessing failed: Concept has endpoints but image does not."", ""similarity"": 0.0, ""concept_complexity"": 0, ""image_complexity"": 0}, {""concept_id"": ""8_2"", ""is_minor"": false, ""message"": ""Preprocessing failed: Concept has endpoints but image does not."", ""similarity"": 0.0, ""concept_complexity"": 0, ""image_complexity"": 0}]","{'ged_timeout': 5, 'skeletonization_threshold': 110, 'simplification_epsilon': 4.55, 'comparison_method': 'ged', 'fgw_alpha': 0.5, 'image_path': '/opt/nuclio/shared_storage/mnist_all/0/mnist_test_0_00651.png', 'image_id': '8fcfc97a-b58c-4f5a-a616-d2af5599398f', 'diagnostic_weight_epsilon': 1.0, 'range_penalty_factor': 0.5, 'node_costs': {'NO_COST': 0.0, 'MINOR': 0.65, 'GENERAL': 0.75, 'SEVERE': 1.0, 'NO_MATCH': 1.5, 'IMPOSSIBLE': 10.0}, 'features': ['normalized_x', 'normalized_y', 'distance_to_centroid', 'horizontal_direction', 'vertical_direction', 'angle_with_ox', 'junction_angle_min', 'is_endpoint', 'is_corner', 'length_ratio_to_max', 'eccentricity', 'avg_neighbor_vector_length', 'neighbor_endpoint_count', 'neighbor_junction_count'], 'mlflow_experiment_id': '4', 'mlflow_run_id': 'b586b24a868744d3aff0659ed46c898f', 'session_id': '53762c64-0b30-48c2-8dbe-4c99f40e4d3e', 'image_width': 100, 'image_height': 100}","{'skeletonization_time_ms': 52.502667, 'contour_analysis_time_ms': 1382.585876, 'classification_time_ms': 6109.89392}",6,False
error,41e85bc6-70a9-4d1b-84d4-92d0b57ec9df,DLQ,/opt/nuclio/shared_storage/mnist_all/1/mnist_test_1_00905.png,1,[],,,,
success,8a44a1ec-0fd8-45b5-92c0-5bcf0aa3d348,,/opt/nuclio/shared_storage/mnist_all/0/mnist_test_0_00424.png,0,"[{""concept_id"": ""6_1"", ""is_minor"": true, ""message"": ""Similarity between image and concept 6_1: 0.5511"", ""similarity"": 0.5511, ""concept_complexity"": 20, ""image_complexity"": 28}, {""concept_id"": ""0_1"", ""is_minor"": true, ""message"": ""Similarity between image and concept 0_1: 0.5296"", ""similarity"": 0.5296, ""concept_complexity"": 20, ""image_complexity"": 28}, {""concept_id"": ""8_1"", ""is_minor"": true, ""message"": ""Similarity between image and concept 8_1: 0.4598"", ""similarity"": 0.4598, ""concept_complexity"": 27, ""image_complexity"": 28}, {""concept_id"": ""4_1"", ""is_minor"": true, ""message"": ""Similarity between image and concept 4_1: 0.4607"", ""similarity"": 0.4607, ""concept_complexity"": 16, ""image_complexity"": 28}, {""concept_id"": ""9_2"", ""is_minor"": true, ""message"": ""Similarity between image and concept 9_2: 0.4379"", ""similarity"": 0.4379, ""concept_complexity"": 16, ""image_complexity"": 28}, {""concept_id"": ""1_1"", ""is_minor"": false, ""message"": ""Preprocessing failed: Concept has endpoints but image does not."", ""similarity"": 0.0, ""concept_complexity"": 0, ""image_complexity"": 0}, {""concept_id"": ""1_3"", ""is_minor"": false, ""message"": ""Preprocessing failed: Concept has endpoints but image does not."", ""similarity"": 0.0, ""concept_complexity"": 0, ""image_complexity"": 0}, {""concept_id"": ""2_1"", ""is_minor"": false, ""message"": ""Preprocessing failed: Concept has endpoints but image does not."", ""similarity"": 0.0, ""concept_complexity"": 0, ""image_complexity"": 0}, {""concept_id"": ""2_2"", ""is_minor"": false, ""message"": ""Preprocessing failed: Concept has corner points but image does not."", ""similarity"": 0.0, ""concept_complexity"": 0, ""image_complexity"": 0}, {""concept_id"": ""3_1"", ""is_minor"": false, ""message"": ""Preprocessing failed: Concept has endpoints but image does not."", ""similarity"": 0.0, ""concept_complexity"": 0, ""image_complexity"": 0}, {""concept_id"": ""4_2"", ""is_minor"": false, ""message"": ""Preprocessing failed: Concept has endpoints but image does not."", ""similarity"": 0.0, ""concept_complexity"": 0, ""image_complexity"": 0}, {""concept_id"": ""5_1"", ""is_minor"": false, ""message"": ""Preprocessing failed: Concept has endpoints but image does not."", ""similarity"": 0.0, ""concept_complexity"": 0, ""image_complexity"": 0}, {""concept_id"": ""7_1"", ""is_minor"": false, ""message"": ""Preprocessing failed: Concept has endpoints but image does not."", ""similarity"": 0.0, ""concept_complexity"": 0, ""image_complexity"": 0}, {""concept_id"": ""8_2"", ""is_minor"": false, ""message"": ""Preprocessing failed: Concept has endpoints but image does not."", ""similarity"": 0.0, ""concept_complexity"": 0, ""image_complexity"": 0}]","{'ged_timeout': 5, 'skeletonization_threshold': 110, 'simplification_epsilon': 4.55, 'comparison_method': 'ged', 'fgw_alpha': 0.5, 'image_path': '/opt/nuclio/shared_storage/mnist_all/0/mnist_test_0_00424.png', 'image_id': '8a44a1ec-0fd8-45b5-92c0-5bcf0aa3d348', 'diagnostic_weight_epsilon': 1.0, 'range_penalty_factor': 0.5, 'node_costs': {'NO_COST': 0.0, 'MINOR': 0.65, 'GENERAL': 0.75, 'SEVERE': 1.0, 'NO_MATCH': 1.5, 'IMPOSSIBLE': 10.0}, 'features': ['normalized_x', 'normalized_y', 'distance_to_centroid', 'horizontal_direction', 'vertical_direction', 'angle_with_ox', 'junction_angle_min', 'is_endpoint', 'is_corner', 'length_ratio_to_max', 'eccentricity', 'avg_neighbor_vector_length', 'neighbor_endpoint_count', 'neighbor_junction_count'], 'mlflow_experiment_id': '4', 'mlflow_run_id': 'b586b24a868744d3aff0659ed46c898f', 'session_id': '4d78b858-a598-4aea-9f74-d096686a23b9', 'image_width': 100, 'image_height': 100}","{'skeletonization_time_ms': 67.522125, 'contour_analysis_time_ms': 1565.114361, 'classification_time_ms': 790.287209}",6,False
success,095b3d8f-630e-4297-bc1e-bb60eb0a8920,,/opt/nuclio/shared_storage/mnist_all/0/mnist_test_0_00531.png,0,"[{""concept_id"": ""8_1"", ""is_minor"": true, ""message"": ""Similarity between image and concept 8_1: 0.5306"", ""similarity"": 0.5306, ""concept_complexity"": 27, ""image_complexity"": 36}, {""concept_id"": ""0_1"", ""is_minor"": true, ""message"": ""Similarity between image and concept 0_1: 0.5272"", ""similarity"": 0.5272, ""concept_complexity"": 20, ""image_complexity"": 36}, {""concept_id"": ""6_1"", ""is_minor"": true, ""message"": ""Similarity between image and concept 6_1: 0.4918"", ""similarity"": 0.4918, ""concept_complexity"": 20, ""image_complexity"": 36}, {""concept_id"": ""9_2"", ""is_minor"": true, ""message"": ""Similarity between image and concept 9_2: 0.472"", ""similarity"": 0.472, ""concept_complexity"": 16, ""image_complexity"": 36}, {""concept_id"": ""4_1"", ""is_minor"": true, ""message"": ""Similarity between image and concept 4_1: 0.4563"", ""similarity"": 0.4563, ""concept_complexity"": 16, ""image_complexity"": 36}, {""concept_id"": ""1_1"", ""is_minor"": false, ""message"": ""Preprocessing failed: Concept has endpoints but image does not."", ""similarity"": 0.0, ""concept_complexity"": 0, ""image_complexity"": 0}, {""concept_id"": ""1_3"", ""is_minor"": false, ""message"": ""Preprocessing failed: Concept has endpoints but image does not."", ""similarity"": 0.0, ""concept_complexity"": 0, ""image_complexity"": 0}, {""concept_id"": ""2_1"", ""is_minor"": false, ""message"": ""Preprocessing failed: Concept has endpoints but image does not."", ""similarity"": 0.0, ""concept_complexity"": 0, ""image_complexity"": 0}, {""concept_id"": ""2_2"", ""is_minor"": false, ""message"": ""Preprocessing failed: Concept has corner points but image does not."", ""similarity"": 0.0, ""concept_complexity"": 0, ""image_complexity"": 0}, {""concept_id"": ""3_1"", ""is_minor"": false, ""message"": ""Preprocessing failed: Concept has endpoints but image does not."", ""similarity"": 0.0, ""concept_complexity"": 0, ""image_complexity"": 0}, {""concept_id"": ""4_2"", ""is_minor"": false, ""message"": ""Preprocessing failed: Concept has endpoints but image does not."", ""similarity"": 0.0, ""concept_complexity"": 0, ""image_complexity"": 0}, {""concept_id"": ""5_1"", ""is_minor"": false, ""message"": ""Preprocessing failed: Concept has endpoints but image does not."", ""similarity"": 0.0, ""concept_complexity"": 0, ""image_complexity"": 0}, {""concept_id"": ""7_1"", ""is_minor"": false, ""message"": ""Preprocessing failed: Concept has endpoints but image does not."", ""similarity"": 0.0, ""concept_complexity"": 0, ""image_complexity"": 0}, {""concept_id"": ""8_2"", ""is_minor"": false, ""message"": ""Preprocessing failed: Concept has endpoints but image does not."", ""similarity"": 0.0, ""concept_complexity"": 0, ""image_complexity"": 0}]","{'ged_timeout': 5, 'skeletonization_threshold': 110, 'simplification_epsilon': 4.55, 'comparison_method': 'ged', 'fgw_alpha': 0.5, 'image_path': '/opt/nuclio/shared_storage/mnist_all/0/mnist_test_0_00531.png', 'image_id': '095b3d8f-630e-4297-bc1e-bb60eb0a8920', 'diagnostic_weight_epsilon': 1.0, 'range_penalty_factor': 0.5, 'node_costs': {'NO_COST': 0.0, 'MINOR': 0.65, 'GENERAL': 0.75, 'SEVERE': 1.0, 'NO_MATCH': 1.5, 'IMPOSSIBLE': 10.0}, 'features': ['normalized_x', 'normalized_y', 'distance_to_centroid', 'horizontal_direction', 'vertical_direction', 'angle_with_ox', 'junction_angle_min', 'is_endpoint', 'is_corner', 'length_ratio_to_max', 'eccentricity', 'avg_neighbor_vector_length', 'neighbor_endpoint_count', 'neighbor_junction_count'], 'mlflow_experiment_id': '4', 'mlflow_run_id': 'b586b24a868744d3aff0659ed46c898f', 'session_id': 'c2deabcc-cf32-4fd3-8d4f-0880ba3c92af', 'image_width': 100, 'image_height': 100}","{'skeletonization_time_ms': 94.5495, 'contour_analysis_time_ms': 2150.04271, 'classification_time_ms': 9611.494879}",8,False
error,650c671f-97bb-4fb1-b4ff-f046336bb02c,DLQ,/opt/nuclio/shared_storage/mnist_all/4/mnist_test_4_00650.png,4,[],,,,
success,87c6a371-4154-453d-890b-2c88fa99dc5c,,/opt/nuclio/shared_storage/mnist_all/0/mnist_test_0_00705.png,0,"[{""concept_id"": ""6_1"", ""is_minor"": true, ""message"": ""Similarity between image and concept 6_1: 0.6124"", ""similarity"": 0.6124, ""concept_complexity"": 20, ""image_complexity"": 28}, {""concept_id"": ""0_1"", ""is_minor"": true, ""message"": ""Similarity between image and concept 0_1: 0.5889"", ""similarity"": 0.5889, ""concept_complexity"": 20, ""image_complexity"": 28}, {""concept_id"": ""8_1"", ""is_minor"": true, ""message"": ""Similarity between image and concept 8_1: 0.5008"", ""similarity"": 0.5008, ""concept_complexity"": 27, ""image_complexity"": 28}, {""concept_id"": ""9_2"", ""is_minor"": true, ""message"": ""Similarity between image and concept 9_2: 0.5204"", ""similarity"": 0.5204, ""concept_complexity"": 16, ""image_complexity"": 28}, {""concept_id"": ""4_1"", ""is_minor"": true, ""message"": ""Similarity between image and concept 4_1: 0.4867"", ""similarity"": 0.4867, ""concept_complexity"": 16, ""image_complexity"": 28}, {""concept_id"": ""1_1"", ""is_minor"": false, ""message"": ""Preprocessing failed: Concept has endpoints but image does not."", ""similarity"": 0.0, ""concept_complexity"": 0, ""image_complexity"": 0}, {""concept_id"": ""1_3"", ""is_minor"": false, ""message"": ""Preprocessing failed: Concept has endpoints but image does not."", ""similarity"": 0.0, ""concept_complexity"": 0, ""image_complexity"": 0}, {""concept_id"": ""2_1"", ""is_minor"": false, ""message"": ""Preprocessing failed: Concept has endpoints but image does not."", ""similarity"": 0.0, ""concept_complexity"": 0, ""image_complexity"": 0}, {""concept_id"": ""2_2"", ""is_minor"": false, ""message"": ""Preprocessing failed: Concept has corner points but image does not."", ""similarity"": 0.0, ""concept_complexity"": 0, ""image_complexity"": 0}, {""concept_id"": ""3_1"", ""is_minor"": false, ""message"": ""Preprocessing failed: Concept has endpoints but image does not."", ""similarity"": 0.0, ""concept_complexity"": 0, ""image_complexity"": 0}, {""concept_id"": ""4_2"", ""is_minor"": false, ""message"": ""Preprocessing failed: Concept has endpoints but image does not."", ""similarity"": 0.0, ""concept_complexity"": 0, ""image_complexity"": 0}, {""concept_id"": ""5_1"", ""is_minor"": false, ""message"": ""Preprocessing failed: Concept has endpoints but image does not."", ""similarity"": 0.0, ""concept_complexity"": 0, ""image_complexity"": 0}, {""concept_id"": ""7_1"", ""is_minor"": false, ""message"": ""Preprocessing failed: Concept has endpoints but image does not."", ""similarity"": 0.0, ""concept_complexity"": 0, ""image_complexity"": 0}, {""concept_id"": ""8_2"", ""is_minor"": false, ""message"": ""Preprocessing failed: Concept has endpoints but image does not."", ""similarity"": 0.0, ""concept_complexity"": 0, ""image_complexity"": 0}]","{'ged_timeout': 5, 'skeletonization_threshold': 110, 'simplification_epsilon': 4.55, 'comparison_method': 'ged', 'fgw_alpha': 0.5, 'image_path': '/opt/nuclio/shared_storage/mnist_all/0/mnist_test_0_00705.png', 'image_id': '87c6a371-4154-453d-890b-2c88fa99dc5c', 'diagnostic_weight_epsilon': 1.0, 'range_penalty_factor': 0.5, 'node_costs': {'NO_COST': 0.0, 'MINOR': 0.65, 'GENERAL': 0.75, 'SEVERE': 1.0, 'NO_MATCH': 1.5, 'IMPOSSIBLE': 10.0}, 'features': ['normalized_x', 'normalized_y', 'distance_to_centroid', 'horizontal_direction', 'vertical_direction', 'angle_with_ox', 'junction_angle_min', 'is_endpoint', 'is_corner', 'length_ratio_to_max', 'eccentricity', 'avg_neighbor_vector_length', 'neighbor_endpoint_count', 'neighbor_junction_count'], 'mlflow_experiment_id': '4', 'mlflow_run_id': 'b586b24a868744d3aff0659ed46c898f', 'session_id': 'c7241201-05ba-4b7d-a935-57430aea9642', 'image_width': 100, 'image_height': 100}","{'skeletonization_time_ms': 68.644292, 'contour_analysis_time_ms': 1278.678126, 'classification_time_ms': 520.280709}",6,False
success,21de06a9-2216-4b1e-80e0-85e6379eff9a,,/opt/nuclio/shared_storage/mnist_all/0/mnist_test_0_00045.png,0,"[{""concept_id"": ""6_1"", ""is_minor"": true, ""message"": ""Similarity between image and concept 6_1: 0.5702"", ""similarity"": 0.5702, ""concept_complexity"": 20, ""image_complexity"": 28}, {""concept_id"": ""0_1"", ""is_minor"": true, ""message"": ""Similarity between image and concept 0_1: 0.5685"", ""similarity"": 0.5685, ""concept_complexity"": 20, ""image_complexity"": 28}, {""concept_id"": ""4_1"", ""is_minor"": true, ""message"": ""Similarity between image and concept 4_1: 0.5212"", ""similarity"": 0.5212, ""concept_complexity"": 16, ""image_complexity"": 28}, {""concept_id"": ""9_2"", ""is_minor"": true, ""message"": ""Similarity between image and concept 9_2: 0.5142"", ""similarity"": 0.5142, ""concept_complexity"": 16, ""image_complexity"": 28}, {""concept_id"": ""8_1"", ""is_minor"": true, ""message"": ""Similarity between image and concept 8_1: 0.453"", ""similarity"": 0.453, ""concept_complexity"": 27, ""image_complexity"": 28}, {""concept_id"": ""1_1"", ""is_minor"": false, ""message"": ""Preprocessing failed: Concept has endpoints but image does not."", ""similarity"": 0.0, ""concept_complexity"": 0, ""image_complexity"": 0}, {""concept_id"": ""1_3"", ""is_minor"": false, ""message"": ""Preprocessing failed: Concept has endpoints but image does not."", ""similarity"": 0.0, ""concept_complexity"": 0, ""image_complexity"": 0}, {""concept_id"": ""2_1"", ""is_minor"": false, ""message"": ""Preprocessing failed: Concept has endpoints but image does not."", ""similarity"": 0.0, ""concept_complexity"": 0, ""image_complexity"": 0}, {""concept_id"": ""2_2"", ""is_minor"": false, ""message"": ""Preprocessing failed: Concept has corner points but image does not."", ""similarity"": 0.0, ""concept_complexity"": 0, ""image_complexity"": 0}, {""concept_id"": ""3_1"", ""is_minor"": false, ""message"": ""Preprocessing failed: Concept has endpoints but image does not."", ""similarity"": 0.0, ""concept_complexity"": 0, ""image_complexity"": 0}, {""concept_id"": ""4_2"", ""is_minor"": false, ""message"": ""Preprocessing failed: Concept has endpoints but image does not."", ""similarity"": 0.0, ""concept_complexity"": 0, ""image_complexity"": 0}, {""concept_id"": ""5_1"", ""is_minor"": false, ""message"": ""Preprocessing failed: Concept has endpoints but image does not."", ""similarity"": 0.0, ""concept_complexity"": 0, ""image_complexity"": 0}, {""concept_id"": ""7_1"", ""is_minor"": false, ""message"": ""Preprocessing failed: Concept has endpoints but image does not."", ""similarity"": 0.0, ""concept_complexity"": 0, ""image_complexity"": 0}, {""concept_id"": ""8_2"", ""is_minor"": false, ""message"": ""Preprocessing failed: Concept has endpoints but image does not."", ""similarity"": 0.0, ""concept_complexity"": 0, ""image_complexity"": 0}]","{'ged_timeout': 5, 'skeletonization_threshold': 110, 'simplification_epsilon': 4.55, 'comparison_method': 'ged', 'fgw_alpha': 0.5, 'image_path': '/opt/nuclio/shared_storage/mnist_all/0/mnist_test_0_00045.png', 'image_id': '21de06a9-2216-4b1e-80e0-85e6379eff9a', 'diagnostic_weight_epsilon': 1.0, 'range_penalty_factor': 0.5, 'node_costs': {'NO_COST': 0.0, 'MINOR': 0.65, 'GENERAL': 0.75, 'SEVERE': 1.0, 'NO_MATCH': 1.5, 'IMPOSSIBLE': 10.0}, 'features': ['normalized_x', 'normalized_y', 'distance_to_centroid', 'horizontal_direction', 'vertical_direction', 'angle_with_ox', 'junction_angle_min', 'is_endpoint', 'is_corner', 'length_ratio_to_max', 'eccentricity', 'avg_neighbor_vector_length', 'neighbor_endpoint_count', 'neighbor_junction_count'], 'mlflow_experiment_id': '4', 'mlflow_run_id': 'b586b24a868744d3aff0659ed46c898f', 'session_id': '49f0a7e4-e381-44bb-8c5d-88b5e19c0589', 'image_width': 100, 'image_height': 100}","{'skeletonization_time_ms': 84.642959, 'contour_analysis_time_ms': 1693.362876, 'classification_time_ms': 2425.33746}",6,False
success,00efe7b3-cc8c-40f9-a11f-b5f653ae63bf,,/opt/nuclio/shared_storage/mnist_all/0/mnist_test_0_00658.png,0,"[{""concept_id"": ""6_1"", ""is_minor"": true, ""message"": ""Similarity between image and concept 6_1: 0.5843"", ""similarity"": 0.5843, ""concept_complexity"": 20, ""image_complexity"": 32}, {""concept_id"": ""8_1"", ""is_minor"": true, ""message"": ""Similarity between image and concept 8_1: 0.5301"", ""similarity"": 0.5301, ""concept_complexity"": 27, ""image_complexity"": 32}, {""concept_id"": ""0_1"", ""is_minor"": true, ""message"": ""Similarity between image and concept 0_1: 0.5549"", ""similarity"": 0.5549, ""concept_complexity"": 20, ""image_complexity"": 32}, {""concept_id"": ""9_2"", ""is_minor"": true, ""message"": ""Similarity between image and concept 9_2: 0.5041"", ""similarity"": 0.5041, ""concept_complexity"": 16, ""image_complexity"": 32}, {""concept_id"": ""4_1"", ""is_minor"": true, ""message"": ""Similarity between image and concept 4_1: 0.4681"", ""similarity"": 0.4681, ""concept_complexity"": 16, ""image_complexity"": 32}, {""concept_id"": ""1_1"", ""is_minor"": false, ""message"": ""Preprocessing failed: Concept has endpoints but image does not."", ""similarity"": 0.0, ""concept_complexity"": 0, ""image_complexity"": 0}, {""concept_id"": ""1_3"", ""is_minor"": false, ""message"": ""Preprocessing failed: Concept has endpoints but image does not."", ""similarity"": 0.0, ""concept_complexity"": 0, ""image_complexity"": 0}, {""concept_id"": ""2_1"", ""is_minor"": false, ""message"": ""Preprocessing failed: Concept has endpoints but image does not."", ""similarity"": 0.0, ""concept_complexity"": 0, ""image_complexity"": 0}, {""concept_id"": ""2_2"", ""is_minor"": false, ""message"": ""Preprocessing failed: Concept has corner points but image does not."", ""similarity"": 0.0, ""concept_complexity"": 0, ""image_complexity"": 0}, {""concept_id"": ""3_1"", ""is_minor"": false, ""message"": ""Preprocessing failed: Concept has endpoints but image does not."", ""similarity"": 0.0, ""concept_complexity"": 0, ""image_complexity"": 0}, {""concept_id"": ""4_2"", ""is_minor"": false, ""message"": ""Preprocessing failed: Concept has endpoints but image does not."", ""similarity"": 0.0, ""concept_complexity"": 0, ""image_complexity"": 0}, {""concept_id"": ""5_1"", ""is_minor"": false, ""message"": ""Preprocessing failed: Concept has endpoints but image does not."", ""similarity"": 0.0, ""concept_complexity"": 0, ""image_complexity"": 0}, {""concept_id"": ""7_1"", ""is_minor"": false, ""message"": ""Preprocessing failed: Concept has endpoints but image does not."", ""similarity"": 0.0, ""concept_complexity"": 0, ""image_complexity"": 0}, {""concept_id"": ""8_2"", ""is_minor"": false, ""message"": ""Preprocessing failed: Concept has endpoints but image does not."", ""similarity"": 0.0, ""concept_complexity"": 0, ""image_complexity"": 0}]","{'ged_timeout': 5, 'skeletonization_threshold': 110, 'simplification_epsilon': 4.55, 'comparison_method': 'ged', 'fgw_alpha': 0.5, 'image_path': '/opt/nuclio/shared_storage/mnist_all/0/mnist_test_0_00658.png', 'image_id': '00efe7b3-cc8c-40f9-a11f-b5f653ae63bf', 'diagnostic_weight_epsilon': 1.0, 'range_penalty_factor': 0.5, 'node_costs': {'NO_COST': 0.0, 'MINOR': 0.65, 'GENERAL': 0.75, 'SEVERE': 1.0, 'NO_MATCH': 1.5, 'IMPOSSIBLE': 10.0}, 'features': ['normalized_x', 'normalized_y', 'distance_to_centroid', 'horizontal_direction', 'vertical_direction', 'angle_with_ox', 'junction_angle_min', 'is_endpoint', 'is_corner', 'length_ratio_to_max', 'eccentricity', 'avg_neighbor_vector_length', 'neighbor_endpoint_count', 'neighbor_junction_count'], 'mlflow_experiment_id': '4', 'mlflow_run_id': 'b586b24a868744d3aff0659ed46c898f', 'session_id': '2e302bb1-6cee-40b2-a85e-c72c59068e8c', 'image_width': 100, 'image_height': 100}","{'skeletonization_time_ms': 48.069166, 'contour_analysis_time_ms': 1241.840209, 'classification_time_ms': 6411.356212}",6,False
error,c64dfa77-9b99-463e-86e6-4e2173b8c11c,DLQ,/opt/nuclio/shared_storage/mnist_all/7/mnist_test_7_00788.png,7,[],,,,
success,2e665dcb-85e2-4c3c-b953-1e4a8addf424,,/opt/nuclio/shared_storage/mnist_all/1/mnist_test_1_00133.png,1,"[{""concept_id"": ""7_1"", ""is_minor"": true, ""message"": ""Similarity between image and concept 7_1: 0.4203"", ""similarity"": 0.4203, ""concept_complexity"": 9, ""image_complexity"": 9}, {""concept_id"": ""1_3"", ""is_minor"": true, ""message"": ""Similarity between image and concept 1_3: 0.3637"", ""similarity"": 0.3637, ""concept_complexity"": 5, ""image_complexity"": 9}]","{'ged_timeout': 5, 'skeletonization_threshold': 110, 'simplification_epsilon': 4.55, 'comparison_method': 'ged', 'fgw_alpha': 0.5, 'image_path': '/opt/nuclio/shared_storage/mnist_all/1/mnist_test_1_00133.png', 'image_id': '2e665dcb-85e2-4c3c-b953-1e4a8addf424', 'diagnostic_weight_epsilon': 1.0, 'range_penalty_factor': 0.5, 'node_costs': {'NO_COST': 0.0, 'MINOR': 0.65, 'GENERAL': 0.75, 'SEVERE': 1.0, 'NO_MATCH': 1.5, 'IMPOSSIBLE': 10.0}, 'features': ['normalized_x', 'normalized_y', 'distance_to_centroid', 'horizontal_direction', 'vertical_direction', 'angle_with_ox', 'junction_angle_min', 'is_endpoint', 'is_corner', 'length_ratio_to_max', 'eccentricity', 'avg_neighbor_vector_length', 'neighbor_endpoint_count', 'neighbor_junction_count'], 'mlflow_experiment_id': '4', 'mlflow_run_id': 'b586b24a868744d3aff0659ed46c898f', 'session_id': '84da8340-88e6-4df2-a79a-31aabbcb20a9', 'image_width': 100, 'image_height': 100}","{'skeletonization_time_ms': 234.5195, 'contour_analysis_time_ms': 2110.012126, 'classification_time_ms': 182.637375}",7,False
error,a0f126a5-b9b8-4836-9bbb-7bdfb17e5746,DLQ,/opt/nuclio/shared_storage/mnist_all/8/mnist_test_8_00578.png,8,[],,,,
success,5dc5ebbb-d7b0-433f-9c24-7123ea2a1bdf,,/opt/nuclio/shared_storage/mnist_all/1/mnist_test_1_00562.png,1,"[{""concept_id"": ""7_1"", ""is_minor"": true, ""message"": ""Similarity between image and concept 7_1: 0.3938"", ""similarity"": 0.3938, ""concept_complexity"": 9, ""image_complexity"": 13}, {""concept_id"": ""1_3"", ""is_minor"": true, ""message"": ""Similarity between image and concept 1_3: 0.4112"", ""similarity"": 0.4112, ""concept_complexity"": 5, ""image_complexity"": 13}, {""concept_id"": ""2_1"", ""is_minor"": true, ""message"": ""Similarity between image and concept 2_1: 0.3209"", ""similarity"": 0.3209, ""concept_complexity"": 13, ""image_complexity"": 13}, {""concept_id"": ""1_1"", ""is_minor"": false, ""message"": ""Preprocessing failed: Concept has more endpoints than image."", ""similarity"": 0.0, ""concept_complexity"": 0, ""image_complexity"": 0}, {""concept_id"": ""4_2"", ""is_minor"": false, ""message"": ""Preprocessing failed: Concept has more endpoints than image."", ""similarity"": 0.0, ""concept_complexity"": 0, ""image_complexity"": 0}]","{'ged_timeout': 5, 'skeletonization_threshold': 110, 'simplification_epsilon': 4.55, 'comparison_method': 'ged', 'fgw_alpha': 0.5, 'image_path': '/opt/nuclio/shared_storage/mnist_all/1/mnist_test_1_00562.png', 'image_id': '5dc5ebbb-d7b0-433f-9c24-7123ea2a1bdf', 'diagnostic_weight_epsilon': 1.0, 'range_penalty_factor': 0.5, 'node_costs': {'NO_COST': 0.0, 'MINOR': 0.65, 'GENERAL': 0.75, 'SEVERE': 1.0, 'NO_MATCH': 1.5, 'IMPOSSIBLE': 10.0}, 'features': ['normalized_x', 'normalized_y', 'distance_to_centroid', 'horizontal_direction', 'vertical_direction', 'angle_with_ox', 'junction_angle_min', 'is_endpoint', 'is_corner', 'length_ratio_to_max', 'eccentricity', 'avg_neighbor_vector_length', 'neighbor_endpoint_count', 'neighbor_junction_count'], 'mlflow_experiment_id': '4', 'mlflow_run_id': 'b586b24a868744d3aff0659ed46c898f', 'session_id': 'f364f56c-c469-4509-8e3a-c8cb604181db', 'image_width': 100, 'image_height': 100}","{'skeletonization_time_ms': 42.1645, 'contour_analysis_time_ms': 1102.564792, 'classification_time_ms': 192.299917}",7,False
error,30d028d2-b8fe-4478-937a-6e59cb4c5fa1,DLQ,/opt/nuclio/shared_storage/mnist_all/9/mnist_test_9_00725.png,9,[],,,,
success,c07f647a-c1d5-40fa-b7b3-baa070c3fd4e,,/opt/nuclio/shared_storage/mnist_all/1/mnist_test_1_00556.png,1,"[{""concept_id"": ""4_2"", ""is_minor"": true, ""message"": ""Similarity between image and concept 4_2: 0.5393"", ""similarity"": 0.5393, ""concept_complexity"": 13, ""image_complexity"": 17}, {""concept_id"": ""1_1"", ""is_minor"": true, ""message"": ""Similarity between image and concept 1_1: 0.4443"", ""similarity"": 0.4443, ""concept_complexity"": 13, ""image_complexity"": 17}, {""concept_id"": ""7_1"", ""is_minor"": true, ""message"": ""Similarity between image and concept 7_1: 0.4009"", ""similarity"": 0.4009, ""concept_complexity"": 9, ""image_complexity"": 17}, {""concept_id"": ""2_1"", ""is_minor"": true, ""message"": ""Similarity between image and concept 2_1: 0.2648"", ""similarity"": 0.2648, ""concept_complexity"": 13, ""image_complexity"": 17}, {""concept_id"": ""1_3"", ""is_minor"": true, ""message"": ""Similarity between image and concept 1_3: 0.2933"", ""similarity"": 0.2933, ""concept_complexity"": 5, ""image_complexity"": 17}, {""concept_id"": ""4_1"", ""is_minor"": false, ""message"": ""Preprocessing failed: Concept has intersection points but image does not."", ""similarity"": 0.0, ""concept_complexity"": 0, ""image_complexity"": 0}, {""concept_id"": ""5_1"", ""is_minor"": false, ""message"": ""Preprocessing failed: Concept has more corner points than image."", ""similarity"": 0.0, ""concept_complexity"": 0, ""image_complexity"": 0}, {""concept_id"": ""9_2"", ""is_minor"": false, ""message"": ""Preprocessing failed: Concept has intersection points but image does not."", ""similarity"": 0.0, ""concept_complexity"": 0, ""image_complexity"": 0}]","{'ged_timeout': 5, 'skeletonization_threshold': 110, 'simplification_epsilon': 4.55, 'comparison_method': 'ged', 'fgw_alpha': 0.5, 'image_path': '/opt/nuclio/shared_storage/mnist_all/1/mnist_test_1_00556.png', 'image_id': 'c07f647a-c1d5-40fa-b7b3-baa070c3fd4e', 'diagnostic_weight_epsilon': 1.0, 'range_penalty_factor': 0.5, 'node_costs': {'NO_COST': 0.0, 'MINOR': 0.65, 'GENERAL': 0.75, 'SEVERE': 1.0, 'NO_MATCH': 1.5, 'IMPOSSIBLE': 10.0}, 'features': ['normalized_x', 'normalized_y', 'distance_to_centroid', 'horizontal_direction', 'vertical_direction', 'angle_with_ox', 'junction_angle_min', 'is_endpoint', 'is_corner', 'length_ratio_to_max', 'eccentricity', 'avg_neighbor_vector_length', 'neighbor_endpoint_count', 'neighbor_junction_count'], 'mlflow_experiment_id': '4', 'mlflow_run_id': 'b586b24a868744d3aff0659ed46c898f', 'session_id': '145e168c-1711-4394-bcea-e4f9d3e4263a', 'image_width': 100, 'image_height': 100}","{'skeletonization_time_ms': 42.339625, 'contour_analysis_time_ms': 1480.973876, 'classification_time_ms': 223.341417}",4,False
success,08f997db-ea36-4f42-9ec5-d42982b1af88,,/opt/nuclio/shared_storage/mnist_all/0/mnist_test_0_00334.png,0,"[{""concept_id"": ""6_1"", ""is_minor"": true, ""message"": ""Similarity between image and concept 6_1: 0.5066"", ""similarity"": 0.5066, ""concept_complexity"": 20, ""image_complexity"": 24}, {""concept_id"": ""0_1"", ""is_minor"": true, ""message"": ""Similarity between image and concept 0_1: 0.4975"", ""similarity"": 0.4975, ""concept_complexity"": 20, ""image_complexity"": 24}, {""concept_id"": ""4_1"", ""is_minor"": true, ""message"": ""Similarity between image and concept 4_1: 0.4605"", ""similarity"": 0.4605, ""concept_complexity"": 16, ""image_complexity"": 24}, {""concept_id"": ""9_2"", ""is_minor"": true, ""message"": ""Similarity between image and concept 9_2: 0.446"", ""similarity"": 0.446, ""concept_complexity"": 16, ""image_complexity"": 24}, {""concept_id"": ""1_1"", ""is_minor"": false, ""message"": ""Preprocessing failed: Concept has endpoints but image does not."", ""similarity"": 0.0, ""concept_complexity"": 0, ""image_complexity"": 0}, {""concept_id"": ""1_3"", ""is_minor"": false, ""message"": ""Preprocessing failed: Concept has endpoints but image does not."", ""similarity"": 0.0, ""concept_complexity"": 0, ""image_complexity"": 0}, {""concept_id"": ""2_1"", ""is_minor"": false, ""message"": ""Preprocessing failed: Concept has endpoints but image does not."", ""similarity"": 0.0, ""concept_complexity"": 0, ""image_complexity"": 0}, {""concept_id"": ""2_2"", ""is_minor"": false, ""message"": ""Preprocessing failed: Concept has corner points but image does not."", ""similarity"": 0.0, ""concept_complexity"": 0, ""image_complexity"": 0}, {""concept_id"": ""3_1"", ""is_minor"": false, ""message"": ""Preprocessing failed: Concept has endpoints but image does not."", ""similarity"": 0.0, ""concept_complexity"": 0, ""image_complexity"": 0}, {""concept_id"": ""4_2"", ""is_minor"": false, ""message"": ""Preprocessing failed: Concept has endpoints but image does not."", ""similarity"": 0.0, ""concept_complexity"": 0, ""image_complexity"": 0}, {""concept_id"": ""5_1"", ""is_minor"": false, ""message"": ""Preprocessing failed: Concept has endpoints but image does not."", ""similarity"": 0.0, ""concept_complexity"": 0, ""image_complexity"": 0}, {""concept_id"": ""7_1"", ""is_minor"": false, ""message"": ""Preprocessing failed: Concept has endpoints but image does not."", ""similarity"": 0.0, ""concept_complexity"": 0, ""image_complexity"": 0}, {""concept_id"": ""8_2"", ""is_minor"": false, ""message"": ""Preprocessing failed: Concept has endpoints but image does not."", ""similarity"": 0.0, ""concept_complexity"": 0, ""image_complexity"": 0}]","{'ged_timeout': 5, 'skeletonization_threshold': 110, 'simplification_epsilon': 4.55, 'comparison_method': 'ged', 'fgw_alpha': 0.5, 'image_path': '/opt/nuclio/shared_storage/mnist_all/0/mnist_test_0_00334.png', 'image_id': '08f997db-ea36-4f42-9ec5-d42982b1af88', 'diagnostic_weight_epsilon': 1.0, 'range_penalty_factor': 0.5, 'node_costs': {'NO_COST': 0.0, 'MINOR': 0.65, 'GENERAL': 0.75, 'SEVERE': 1.0, 'NO_MATCH': 1.5, 'IMPOSSIBLE': 10.0}, 'features': ['normalized_x', 'normalized_y', 'distance_to_centroid', 'horizontal_direction', 'vertical_direction', 'angle_with_ox', 'junction_angle_min', 'is_endpoint', 'is_corner', 'length_ratio_to_max', 'eccentricity', 'avg_neighbor_vector_length', 'neighbor_endpoint_count', 'neighbor_junction_count'], 'mlflow_experiment_id': '4', 'mlflow_run_id': 'b586b24a868744d3aff0659ed46c898f', 'session_id': 'a411169f-2b41-4b05-8cab-ad616dcde223', 'image_width': 100, 'image_height': 100}","{'skeletonization_time_ms': 534.621292, 'contour_analysis_time_ms': 2913.95946, 'classification_time_ms': 405.5655}",6,False
success,b64072a3-bcd1-48ed-9145-38aa2e274449,,/opt/nuclio/shared_storage/mnist_all/1/mnist_test_1_00487.png,1,"[{""concept_id"": ""7_1"", ""is_minor"": true, ""message"": ""Similarity between image and concept 7_1: 0.3908"", ""similarity"": 0.3908, ""concept_complexity"": 9, ""image_complexity"": 9}, {""concept_id"": ""1_3"", ""is_minor"": true, ""message"": ""Similarity between image and concept 1_3: 0.3638"", ""similarity"": 0.3638, ""concept_complexity"": 5, ""image_complexity"": 9}]","{'ged_timeout': 5, 'skeletonization_threshold': 110, 'simplification_epsilon': 4.55, 'comparison_method': 'ged', 'fgw_alpha': 0.5, 'image_path': '/opt/nuclio/shared_storage/mnist_all/1/mnist_test_1_00487.png', 'image_id': 'b64072a3-bcd1-48ed-9145-38aa2e274449', 'diagnostic_weight_epsilon': 1.0, 'range_penalty_factor': 0.5, 'node_costs': {'NO_COST': 0.0, 'MINOR': 0.65, 'GENERAL': 0.75, 'SEVERE': 1.0, 'NO_MATCH': 1.5, 'IMPOSSIBLE': 10.0}, 'features': ['normalized_x', 'normalized_y', 'distance_to_centroid', 'horizontal_direction', 'vertical_direction', 'angle_with_ox', 'junction_angle_min', 'is_endpoint', 'is_corner', 'length_ratio_to_max', 'eccentricity', 'avg_neighbor_vector_length', 'neighbor_endpoint_count', 'neighbor_junction_count'], 'mlflow_experiment_id': '4', 'mlflow_run_id': 'b586b24a868744d3aff0659ed46c898f', 'session_id': '9e980aef-1fca-44c8-8ebe-3ba4acf96f7b', 'image_width': 100, 'image_height': 100}","{'skeletonization_time_ms': 81.441375, 'contour_analysis_time_ms': 409.053791, 'classification_time_ms': 77.190834}",7,False
success,56f89842-57e5-43a2-b095-cfab9404ed2c,,/opt/nuclio/shared_storage/mnist_all/0/mnist_test_0_00449.png,0,"[{""concept_id"": ""6_1"", ""is_minor"": true, ""message"": ""Similarity between image and concept 6_1: 0.5186"", ""similarity"": 0.5186, ""concept_complexity"": 20, ""image_complexity"": 40}, {""concept_id"": ""0_1"", ""is_minor"": true, ""message"": ""Similarity between image and concept 0_1: 0.4975"", ""similarity"": 0.4975, ""concept_complexity"": 20, ""image_complexity"": 40}, {""concept_id"": ""9_2"", ""is_minor"": true, ""message"": ""Similarity between image and concept 9_2: 0.4662"", ""similarity"": 0.4662, ""concept_complexity"": 16, ""image_complexity"": 40}, {""concept_id"": ""4_1"", ""is_minor"": true, ""message"": ""Similarity between image and concept 4_1: 0.4638"", ""similarity"": 0.4638, ""concept_complexity"": 16, ""image_complexity"": 40}, {""concept_id"": ""8_1"", ""is_minor"": true, ""message"": ""Similarity between image and concept 8_1: 0.3727"", ""similarity"": 0.3727, ""concept_complexity"": 27, ""image_complexity"": 40}, {""concept_id"": ""1_1"", ""is_minor"": false, ""message"": ""Preprocessing failed: Concept has endpoints but image does not."", ""similarity"": 0.0, ""concept_complexity"": 0, ""image_complexity"": 0}, {""concept_id"": ""1_3"", ""is_minor"": false, ""message"": ""Preprocessing failed: Concept has endpoints but image does not."", ""similarity"": 0.0, ""concept_complexity"": 0, ""image_complexity"": 0}, {""concept_id"": ""2_1"", ""is_minor"": false, ""message"": ""Preprocessing failed: Concept has endpoints but image does not."", ""similarity"": 0.0, ""concept_complexity"": 0, ""image_complexity"": 0}, {""concept_id"": ""2_2"", ""is_minor"": false, ""message"": ""Preprocessing failed: Concept has corner points but image does not."", ""similarity"": 0.0, ""concept_complexity"": 0, ""image_complexity"": 0}, {""concept_id"": ""3_1"", ""is_minor"": false, ""message"": ""Preprocessing failed: Concept has endpoints but image does not."", ""similarity"": 0.0, ""concept_complexity"": 0, ""image_complexity"": 0}, {""concept_id"": ""4_2"", ""is_minor"": false, ""message"": ""Preprocessing failed: Concept has endpoints but image does not."", ""similarity"": 0.0, ""concept_complexity"": 0, ""image_complexity"": 0}, {""concept_id"": ""5_1"", ""is_minor"": false, ""message"": ""Preprocessing failed: Concept has endpoints but image does not."", ""similarity"": 0.0, ""concept_complexity"": 0, ""image_complexity"": 0}, {""concept_id"": ""7_1"", ""is_minor"": false, ""message"": ""Preprocessing failed: Concept has endpoints but image does not."", ""similarity"": 0.0, ""concept_complexity"": 0, ""image_complexity"": 0}, {""concept_id"": ""8_2"", ""is_minor"": false, ""message"": ""Preprocessing failed: Concept has endpoints but image does not."", ""similarity"": 0.0, ""concept_complexity"": 0, ""image_complexity"": 0}]","{'ged_timeout': 5, 'skeletonization_threshold': 110, 'simplification_epsilon': 4.55, 'comparison_method': 'ged', 'fgw_alpha': 0.5, 'image_path': '/opt/nuclio/shared_storage/mnist_all/0/mnist_test_0_00449.png', 'image_id': '56f89842-57e5-43a2-b095-cfab9404ed2c', 'diagnostic_weight_epsilon': 1.0, 'range_penalty_factor': 0.5, 'node_costs': {'NO_COST': 0.0, 'MINOR': 0.65, 'GENERAL': 0.75, 'SEVERE': 1.0, 'NO_MATCH': 1.5, 'IMPOSSIBLE': 10.0}, 'features': ['normalized_x', 'normalized_y', 'distance_to_centroid', 'horizontal_direction', 'vertical_direction', 'angle_with_ox', 'junction_angle_min', 'is_endpoint', 'is_corner', 'length_ratio_to_max', 'eccentricity', 'avg_neighbor_vector_length', 'neighbor_endpoint_count', 'neighbor_junction_count'], 'mlflow_experiment_id': '4', 'mlflow_run_id': 'b586b24a868744d3aff0659ed46c898f', 'session_id': '95bafe02-9b0e-468c-a8f2-a3fa46da67f9', 'image_width': 100, 'image_height': 100}","{'skeletonization_time_ms': 178.525542, 'contour_analysis_time_ms': 1600.907834, 'classification_time_ms': 53935.792122}",6,False
success,a7eb21ac-dfd1-4ff9-b862-89006c3502fd,,/opt/nuclio/shared_storage/mnist_all/1/mnist_test_1_00886.png,1,"[{""concept_id"": ""7_1"", ""is_minor"": true, ""message"": ""Similarity between image and concept 7_1: 0.4167"", ""similarity"": 0.4167, ""concept_complexity"": 9, ""image_complexity"": 9}, {""concept_id"": ""1_3"", ""is_minor"": true, ""message"": ""Similarity between image and concept 1_3: 0.3614"", ""similarity"": 0.3614, ""concept_complexity"": 5, ""image_complexity"": 9}]","{'ged_timeout': 5, 'skeletonization_threshold': 110, 'simplification_epsilon': 4.55, 'comparison_method': 'ged', 'fgw_alpha': 0.5, 'image_path': '/opt/nuclio/shared_storage/mnist_all/1/mnist_test_1_00886.png', 'image_id': 'a7eb21ac-dfd1-4ff9-b862-89006c3502fd', 'diagnostic_weight_epsilon': 1.0, 'range_penalty_factor': 0.5, 'node_costs': {'NO_COST': 0.0, 'MINOR': 0.65, 'GENERAL': 0.75, 'SEVERE': 1.0, 'NO_MATCH': 1.5, 'IMPOSSIBLE': 10.0}, 'features': ['normalized_x', 'normalized_y', 'distance_to_centroid', 'horizontal_direction', 'vertical_direction', 'angle_with_ox', 'junction_angle_min', 'is_endpoint', 'is_corner', 'length_ratio_to_max', 'eccentricity', 'avg_neighbor_vector_length', 'neighbor_endpoint_count', 'neighbor_junction_count'], 'mlflow_experiment_id': '4', 'mlflow_run_id': 'b586b24a868744d3aff0659ed46c898f', 'session_id': 'afec1e38-355e-4b2f-abe6-0e5506287396', 'image_width': 100, 'image_height': 100}","{'skeletonization_time_ms': 32.842125, 'contour_analysis_time_ms': 1581.750751, 'classification_time_ms': 48.401875}",7,False
success,79946064-977d-47e0-8929-4b48beec3c5d,,/opt/nuclio/shared_storage/mnist_all/1/mnist_test_1_00531.png,1,"[{""concept_id"": ""7_1"", ""is_minor"": true, ""message"": ""Similarity between image and concept 7_1: 0.4142"", ""similarity"": 0.4142, ""concept_complexity"": 9, ""image_complexity"": 13}, {""concept_id"": ""1_3"", ""is_minor"": true, ""message"": ""Similarity between image and concept 1_3: 0.4134"", ""similarity"": 0.4134, ""concept_complexity"": 5, ""image_complexity"": 13}, {""concept_id"": ""1_1"", ""is_minor"": false, ""message"": ""Preprocessing failed: Concept has more endpoints than image."", ""similarity"": 0.0, ""concept_complexity"": 0, ""image_complexity"": 0}, {""concept_id"": ""2_1"", ""is_minor"": false, ""message"": ""Preprocessing failed: Concept has more corner points than image."", ""similarity"": 0.0, ""concept_complexity"": 0, ""image_complexity"": 0}, {""concept_id"": ""4_2"", ""is_minor"": false, ""message"": ""Preprocessing failed: Concept has more endpoints than image."", ""similarity"": 0.0, ""concept_complexity"": 0, ""image_complexity"": 0}]","{'ged_timeout': 5, 'skeletonization_threshold': 110, 'simplification_epsilon': 4.55, 'comparison_method': 'ged', 'fgw_alpha': 0.5, 'image_path': '/opt/nuclio/shared_storage/mnist_all/1/mnist_test_1_00531.png', 'image_id': '79946064-977d-47e0-8929-4b48beec3c5d', 'diagnostic_weight_epsilon': 1.0, 'range_penalty_factor': 0.5, 'node_costs': {'NO_COST': 0.0, 'MINOR': 0.65, 'GENERAL': 0.75, 'SEVERE': 1.0, 'NO_MATCH': 1.5, 'IMPOSSIBLE': 10.0}, 'features': ['normalized_x', 'normalized_y', 'distance_to_centroid', 'horizontal_direction', 'vertical_direction', 'angle_with_ox', 'junction_angle_min', 'is_endpoint', 'is_corner', 'length_ratio_to_max', 'eccentricity', 'avg_neighbor_vector_length', 'neighbor_endpoint_count', 'neighbor_junction_count'], 'mlflow_experiment_id': '4', 'mlflow_run_id': 'b586b24a868744d3aff0659ed46c898f', 'session_id': 'b5b68ae3-0b46-4472-8563-2209cd9febb1', 'image_width': 100, 'image_height': 100}","{'skeletonization_time_ms': 100.069375, 'contour_analysis_time_ms': 1609.117667, 'classification_time_ms': 59.886458}",7,False
success,6a21ae64-323a-447a-a105-7cd15f2cd1d8,,/opt/nuclio/shared_storage/mnist_all/1/mnist_test_1_00533.png,1,"[{""concept_id"": ""7_1"", ""is_minor"": true, ""message"": ""Similarity between image and concept 7_1: 0.4151"", ""similarity"": 0.4151, ""concept_complexity"": 9, ""image_complexity"": 9}, {""concept_id"": ""1_3"", ""is_minor"": true, ""message"": ""Similarity between image and concept 1_3: 0.3859"", ""similarity"": 0.3859, ""concept_complexity"": 5, ""image_complexity"": 9}]","{'ged_timeout': 5, 'skeletonization_threshold': 110, 'simplification_epsilon': 4.55, 'comparison_method': 'ged', 'fgw_alpha': 0.5, 'image_path': '/opt/nuclio/shared_storage/mnist_all/1/mnist_test_1_00533.png', 'image_id': '6a21ae64-323a-447a-a105-7cd15f2cd1d8', 'diagnostic_weight_epsilon': 1.0, 'range_penalty_factor': 0.5, 'node_costs': {'NO_COST': 0.0, 'MINOR': 0.65, 'GENERAL': 0.75, 'SEVERE': 1.0, 'NO_MATCH': 1.5, 'IMPOSSIBLE': 10.0}, 'features': ['normalized_x', 'normalized_y', 'distance_to_centroid', 'horizontal_direction', 'vertical_direction', 'angle_with_ox', 'junction_angle_min', 'is_endpoint', 'is_corner', 'length_ratio_to_max', 'eccentricity', 'avg_neighbor_vector_length', 'neighbor_endpoint_count', 'neighbor_junction_count'], 'mlflow_experiment_id': '4', 'mlflow_run_id': 'b586b24a868744d3aff0659ed46c898f', 'session_id': '086e77f3-fbca-482d-b577-0de40aad8120', 'image_width': 100, 'image_height': 100}","{'skeletonization_time_ms': 64.200875, 'contour_analysis_time_ms': 917.66875, 'classification_time_ms': 39.561125}",7,False
success,7a0fc63a-952e-411a-a782-df2165a9aa6f,,/opt/nuclio/shared_storage/mnist_all/1/mnist_test_1_00117.png,1,"[{""concept_id"": ""7_1"", ""is_minor"": true, ""message"": ""Similarity between image and concept 7_1: 0.4325"", ""similarity"": 0.4325, ""concept_complexity"": 9, ""image_complexity"": 13}, {""concept_id"": ""1_3"", ""is_minor"": true, ""message"": ""Similarity between image and concept 1_3: 0.4125"", ""similarity"": 0.4125, ""concept_complexity"": 5, ""image_complexity"": 13}, {""concept_id"": ""1_1"", ""is_minor"": false, ""message"": ""Preprocessing failed: Concept has more endpoints than image."", ""similarity"": 0.0, ""concept_complexity"": 0, ""image_complexity"": 0}, {""concept_id"": ""2_1"", ""is_minor"": false, ""message"": ""Preprocessing failed: Concept has more corner points than image."", ""similarity"": 0.0, ""concept_complexity"": 0, ""image_complexity"": 0}, {""concept_id"": ""4_2"", ""is_minor"": false, ""message"": ""Preprocessing failed: Concept has more endpoints than image."", ""similarity"": 0.0, ""concept_complexity"": 0, ""image_complexity"": 0}]","{'ged_timeout': 5, 'skeletonization_threshold': 110, 'simplification_epsilon': 4.55, 'comparison_method': 'ged', 'fgw_alpha': 0.5, 'image_path': '/opt/nuclio/shared_storage/mnist_all/1/mnist_test_1_00117.png', 'image_id': '7a0fc63a-952e-411a-a782-df2165a9aa6f', 'diagnostic_weight_epsilon': 1.0, 'range_penalty_factor': 0.5, 'node_costs': {'NO_COST': 0.0, 'MINOR': 0.65, 'GENERAL': 0.75, 'SEVERE': 1.0, 'NO_MATCH': 1.5, 'IMPOSSIBLE': 10.0}, 'features': ['normalized_x', 'normalized_y', 'distance_to_centroid', 'horizontal_direction', 'vertical_direction', 'angle_with_ox', 'junction_angle_min', 'is_endpoint', 'is_corner', 'length_ratio_to_max', 'eccentricity', 'avg_neighbor_vector_length', 'neighbor_endpoint_count', 'neighbor_junction_count'], 'mlflow_experiment_id': '4', 'mlflow_run_id': 'b586b24a868744d3aff0659ed46c898f', 'session_id': '42e08203-c676-409f-99a8-07826c897585', 'image_width': 100, 'image_height': 100}","{'skeletonization_time_ms': 168.092958, 'contour_analysis_time_ms': 634.134375, 'classification_time_ms': 109.674333}",7,False
success,78e1092d-9e14-4c9b-ab44-8d2325eebf43,,/opt/nuclio/shared_storage/mnist_all/1/mnist_test_1_00593.png,1,"[{""concept_id"": ""7_1"", ""is_minor"": true, ""message"": ""Similarity between image and concept 7_1: 0.4483"", ""similarity"": 0.4483, ""concept_complexity"": 9, ""image_complexity"": 9}, {""concept_id"": ""1_3"", ""is_minor"": true, ""message"": ""Similarity between image and concept 1_3: 0.3873"", ""similarity"": 0.3873, ""concept_complexity"": 5, ""image_complexity"": 9}]","{'ged_timeout': 5, 'skeletonization_threshold': 110, 'simplification_epsilon': 4.55, 'comparison_method': 'ged', 'fgw_alpha': 0.5, 'image_path': '/opt/nuclio/shared_storage/mnist_all/1/mnist_test_1_00593.png', 'image_id': '78e1092d-9e14-4c9b-ab44-8d2325eebf43', 'diagnostic_weight_epsilon': 1.0, 'range_penalty_factor': 0.5, 'node_costs': {'NO_COST': 0.0, 'MINOR': 0.65, 'GENERAL': 0.75, 'SEVERE': 1.0, 'NO_MATCH': 1.5, 'IMPOSSIBLE': 10.0}, 'features': ['normalized_x', 'normalized_y', 'distance_to_centroid', 'horizontal_direction', 'vertical_direction', 'angle_with_ox', 'junction_angle_min', 'is_endpoint', 'is_corner', 'length_ratio_to_max', 'eccentricity', 'avg_neighbor_vector_length', 'neighbor_endpoint_count', 'neighbor_junction_count'], 'mlflow_experiment_id': '4', 'mlflow_run_id': 'b586b24a868744d3aff0659ed46c898f', 'session_id': '9a9c2cbc-75a2-4c1e-8ceb-0b16a18e2e76', 'image_width': 100, 'image_height': 100}","{'skeletonization_time_ms': 33.2385, 'contour_analysis_time_ms': 1193.907417, 'classification_time_ms': 85.390125}",7,False
success,713e0cf5-b3b0-4394-8c66-e32e9a86f8c7,,/opt/nuclio/shared_storage/mnist_all/1/mnist_test_1_01107.png,1,"[{""concept_id"": ""7_1"", ""is_minor"": true, ""message"": ""Similarity between image and concept 7_1: 0.4166"", ""similarity"": 0.4166, ""concept_complexity"": 9, ""image_complexity"": 9}, {""concept_id"": ""1_3"", ""is_minor"": true, ""message"": ""Similarity between image and concept 1_3: 0.3612"", ""similarity"": 0.3612, ""concept_complexity"": 5, ""image_complexity"": 9}]","{'ged_timeout': 5, 'skeletonization_threshold': 110, 'simplification_epsilon': 4.55, 'comparison_method': 'ged', 'fgw_alpha': 0.5, 'image_path': '/opt/nuclio/shared_storage/mnist_all/1/mnist_test_1_01107.png', 'image_id': '713e0cf5-b3b0-4394-8c66-e32e9a86f8c7', 'diagnostic_weight_epsilon': 1.0, 'range_penalty_factor': 0.5, 'node_costs': {'NO_COST': 0.0, 'MINOR': 0.65, 'GENERAL': 0.75, 'SEVERE': 1.0, 'NO_MATCH': 1.5, 'IMPOSSIBLE': 10.0}, 'features': ['normalized_x', 'normalized_y', 'distance_to_centroid', 'horizontal_direction', 'vertical_direction', 'angle_with_ox', 'junction_angle_min', 'is_endpoint', 'is_corner', 'length_ratio_to_max', 'eccentricity', 'avg_neighbor_vector_length', 'neighbor_endpoint_count', 'neighbor_junction_count'], 'mlflow_experiment_id': '4', 'mlflow_run_id': 'b586b24a868744d3aff0659ed46c898f', 'session_id': '91b69432-ce53-4ca1-bdcc-41af024fdf96', 'image_width': 100, 'image_height': 100}","{'skeletonization_time_ms': 36.080375, 'contour_analysis_time_ms': 2124.477501, 'classification_time_ms': 93.449958}",7,False
success,1931c4f8-f625-48b1-833c-90a45b2ed618,,/opt/nuclio/shared_storage/mnist_all/1/mnist_test_1_00481.png,1,"[{""concept_id"": ""7_1"", ""is_minor"": true, ""message"": ""Similarity between image and concept 7_1: 0.3637"", ""similarity"": 0.3637, ""concept_complexity"": 9, ""image_complexity"": 13}, {""concept_id"": ""2_1"", ""is_minor"": true, ""message"": ""Similarity between image and concept 2_1: 0.3106"", ""similarity"": 0.3106, ""concept_complexity"": 13, ""image_complexity"": 13}, {""concept_id"": ""1_3"", ""is_minor"": true, ""message"": ""Similarity between image and concept 1_3: 0.3923"", ""similarity"": 0.3923, ""concept_complexity"": 5, ""image_complexity"": 13}, {""concept_id"": ""1_1"", ""is_minor"": false, ""message"": ""Preprocessing failed: Concept has more endpoints than image."", ""similarity"": 0.0, ""concept_complexity"": 0, ""image_complexity"": 0}, {""concept_id"": ""4_2"", ""is_minor"": false, ""message"": ""Preprocessing failed: Concept has more endpoints than image."", ""similarity"": 0.0, ""concept_complexity"": 0, ""image_complexity"": 0}]","{'ged_timeout': 5, 'skeletonization_threshold': 110, 'simplification_epsilon': 4.55, 'comparison_method': 'ged', 'fgw_alpha': 0.5, 'image_path': '/opt/nuclio/shared_storage/mnist_all/1/mnist_test_1_00481.png', 'image_id': '1931c4f8-f625-48b1-833c-90a45b2ed618', 'diagnostic_weight_epsilon': 1.0, 'range_penalty_factor': 0.5, 'node_costs': {'NO_COST': 0.0, 'MINOR': 0.65, 'GENERAL': 0.75, 'SEVERE': 1.0, 'NO_MATCH': 1.5, 'IMPOSSIBLE': 10.0}, 'features': ['normalized_x', 'normalized_y', 'distance_to_centroid', 'horizontal_direction', 'vertical_direction', 'angle_with_ox', 'junction_angle_min', 'is_endpoint', 'is_corner', 'length_ratio_to_max', 'eccentricity', 'avg_neighbor_vector_length', 'neighbor_endpoint_count', 'neighbor_junction_count'], 'mlflow_experiment_id': '4', 'mlflow_run_id': 'b586b24a868744d3aff0659ed46c898f', 'session_id': 'fbc6dac1-1826-4aa4-914d-306d32be98ac', 'image_width': 100, 'image_height': 100}","{'skeletonization_time_ms': 154.080292, 'contour_analysis_time_ms': 569.752917, 'classification_time_ms': 66.861083}",7,False
success,30b8adb5-e975-44bf-9f3e-94b50b3c9f3f,,/opt/nuclio/shared_storage/mnist_all/1/mnist_test_1_00641.png,1,"[{""concept_id"": ""7_1"", ""is_minor"": true, ""message"": ""Similarity between image and concept 7_1: 0.3139"", ""similarity"": 0.3139, ""concept_complexity"": 9, ""image_complexity"": 9}, {""concept_id"": ""1_3"", ""is_minor"": true, ""message"": ""Similarity between image and concept 1_3: 0.3633"", ""similarity"": 0.3633, ""concept_complexity"": 5, ""image_complexity"": 9}]","{'ged_timeout': 5, 'skeletonization_threshold': 110, 'simplification_epsilon': 4.55, 'comparison_method': 'ged', 'fgw_alpha': 0.5, 'image_path': '/opt/nuclio/shared_storage/mnist_all/1/mnist_test_1_00641.png', 'image_id': '30b8adb5-e975-44bf-9f3e-94b50b3c9f3f', 'diagnostic_weight_epsilon': 1.0, 'range_penalty_factor': 0.5, 'node_costs': {'NO_COST': 0.0, 'MINOR': 0.65, 'GENERAL': 0.75, 'SEVERE': 1.0, 'NO_MATCH': 1.5, 'IMPOSSIBLE': 10.0}, 'features': ['normalized_x', 'normalized_y', 'distance_to_centroid', 'horizontal_direction', 'vertical_direction', 'angle_with_ox', 'junction_angle_min', 'is_endpoint', 'is_corner', 'length_ratio_to_max', 'eccentricity', 'avg_neighbor_vector_length', 'neighbor_endpoint_count', 'neighbor_junction_count'], 'mlflow_experiment_id': '4', 'mlflow_run_id': 'b586b24a868744d3aff0659ed46c898f', 'session_id': '16f6757e-f717-43fd-9bb7-69ca19979b49', 'image_width': 100, 'image_height': 100}","{'skeletonization_time_ms': 20.202041, 'contour_analysis_time_ms': 1204.90575, 'classification_time_ms': 32.196875}",7,False
success,ba4ffb40-57aa-444c-9c4e-4ce28d21cbfc,,/opt/nuclio/shared_storage/mnist_all/1/mnist_test_1_00503.png,1,"[{""concept_id"": ""7_1"", ""is_minor"": true, ""message"": ""Similarity between image and concept 7_1: 0.3659"", ""similarity"": 0.3659, ""concept_complexity"": 9, ""image_complexity"": 9}, {""concept_id"": ""1_3"", ""is_minor"": true, ""message"": ""Similarity between image and concept 1_3: 0.3627"", ""similarity"": 0.3627, ""concept_complexity"": 5, ""image_complexity"": 9}]","{'ged_timeout': 5, 'skeletonization_threshold': 110, 'simplification_epsilon': 4.55, 'comparison_method': 'ged', 'fgw_alpha': 0.5, 'image_path': '/opt/nuclio/shared_storage/mnist_all/1/mnist_test_1_00503.png', 'image_id': 'ba4ffb40-57aa-444c-9c4e-4ce28d21cbfc', 'diagnostic_weight_epsilon': 1.0, 'range_penalty_factor': 0.5, 'node_costs': {'NO_COST': 0.0, 'MINOR': 0.65, 'GENERAL': 0.75, 'SEVERE': 1.0, 'NO_MATCH': 1.5, 'IMPOSSIBLE': 10.0}, 'features': ['normalized_x', 'normalized_y', 'distance_to_centroid', 'horizontal_direction', 'vertical_direction', 'angle_with_ox', 'junction_angle_min', 'is_endpoint', 'is_corner', 'length_ratio_to_max', 'eccentricity', 'avg_neighbor_vector_length', 'neighbor_endpoint_count', 'neighbor_junction_count'], 'mlflow_experiment_id': '4', 'mlflow_run_id': 'b586b24a868744d3aff0659ed46c898f', 'session_id': '7383a6fc-136c-41cc-8001-f656632eafd2', 'image_width': 100, 'image_height': 100}","{'skeletonization_time_ms': 57.676583, 'contour_analysis_time_ms': 516.031834, 'classification_time_ms': 56.468958}",7,False
success,ac356f86-97d1-482c-8348-2dc0cb7aced1,,/opt/nuclio/shared_storage/mnist_all/1/mnist_test_1_00394.png,1,"[{""concept_id"": ""2_1"", ""is_minor"": true, ""message"": ""Similarity between image and concept 2_1: 0.4523"", ""similarity"": 0.4523, ""concept_complexity"": 13, ""image_complexity"": 17}, {""concept_id"": ""7_1"", ""is_minor"": true, ""message"": ""Similarity between image and concept 7_1: 0.4353"", ""similarity"": 0.4353, ""concept_complexity"": 9, ""image_complexity"": 17}, {""concept_id"": ""1_3"", ""is_minor"": true, ""message"": ""Similarity between image and concept 1_3: 0.4373"", ""similarity"": 0.4373, ""concept_complexity"": 5, ""image_complexity"": 17}, {""concept_id"": ""1_1"", ""is_minor"": false, ""message"": ""Preprocessing failed: Concept has more endpoints than image."", ""similarity"": 0.0, ""concept_complexity"": 0, ""image_complexity"": 0}, {""concept_id"": ""4_1"", ""is_minor"": false, ""message"": ""Preprocessing failed: Concept has intersection points but image does not."", ""similarity"": 0.0, ""concept_complexity"": 0, ""image_complexity"": 0}, {""concept_id"": ""4_2"", ""is_minor"": false, ""message"": ""Preprocessing failed: Concept has more endpoints than image."", ""similarity"": 0.0, ""concept_complexity"": 0, ""image_complexity"": 0}, {""concept_id"": ""5_1"", ""is_minor"": false, ""message"": ""Preprocessing failed: Concept has more corner points than image."", ""similarity"": 0.0, ""concept_complexity"": 0, ""image_complexity"": 0}, {""concept_id"": ""9_2"", ""is_minor"": false, ""message"": ""Preprocessing failed: Concept has intersection points but image does not."", ""similarity"": 0.0, ""concept_complexity"": 0, ""image_complexity"": 0}]","{'ged_timeout': 5, 'skeletonization_threshold': 110, 'simplification_epsilon': 4.55, 'comparison_method': 'ged', 'fgw_alpha': 0.5, 'image_path': '/opt/nuclio/shared_storage/mnist_all/1/mnist_test_1_00394.png', 'image_id': 'ac356f86-97d1-482c-8348-2dc0cb7aced1', 'diagnostic_weight_epsilon': 1.0, 'range_penalty_factor': 0.5, 'node_costs': {'NO_COST': 0.0, 'MINOR': 0.65, 'GENERAL': 0.75, 'SEVERE': 1.0, 'NO_MATCH': 1.5, 'IMPOSSIBLE': 10.0}, 'features': ['normalized_x', 'normalized_y', 'distance_to_centroid', 'horizontal_direction', 'vertical_direction', 'angle_with_ox', 'junction_angle_min', 'is_endpoint', 'is_corner', 'length_ratio_to_max', 'eccentricity', 'avg_neighbor_vector_length', 'neighbor_endpoint_count', 'neighbor_junction_count'], 'mlflow_experiment_id': '4', 'mlflow_run_id': 'b586b24a868744d3aff0659ed46c898f', 'session_id': '7b2d53a1-9510-4cf8-ac71-3ff39e0c9672', 'image_width': 100, 'image_height': 100}","{'skeletonization_time_ms': 103.111917, 'contour_analysis_time_ms': 920.012458, 'classification_time_ms': 100.559}",2,False
success,3466c220-a0c9-4a00-93ef-9ca90667259d,,/opt/nuclio/shared_storage/mnist_all/1/mnist_test_1_01020.png,1,"[{""concept_id"": ""7_1"", ""is_minor"": true, ""message"": ""Similarity between image and concept 7_1: 0.3764"", ""similarity"": 0.3764, ""concept_complexity"": 9, ""image_complexity"": 13}, {""concept_id"": ""2_1"", ""is_minor"": true, ""message"": ""Similarity between image and concept 2_1: 0.3121"", ""similarity"": 0.3121, ""concept_complexity"": 13, ""image_complexity"": 13}, {""concept_id"": ""1_3"", ""is_minor"": true, ""message"": ""Similarity between image and concept 1_3: 0.3868"", ""similarity"": 0.3868, ""concept_complexity"": 5, ""image_complexity"": 13}, {""concept_id"": ""1_1"", ""is_minor"": false, ""message"": ""Preprocessing failed: Concept has more endpoints than image."", ""similarity"": 0.0, ""concept_complexity"": 0, ""image_complexity"": 0}, {""concept_id"": ""4_2"", ""is_minor"": false, ""message"": ""Preprocessing failed: Concept has more endpoints than image."", ""similarity"": 0.0, ""concept_complexity"": 0, ""image_complexity"": 0}]","{'ged_timeout': 5, 'skeletonization_threshold': 110, 'simplification_epsilon': 4.55, 'comparison_method': 'ged', 'fgw_alpha': 0.5, 'image_path': '/opt/nuclio/shared_storage/mnist_all/1/mnist_test_1_01020.png', 'image_id': '3466c220-a0c9-4a00-93ef-9ca90667259d', 'diagnostic_weight_epsilon': 1.0, 'range_penalty_factor': 0.5, 'node_costs': {'NO_COST': 0.0, 'MINOR': 0.65, 'GENERAL': 0.75, 'SEVERE': 1.0, 'NO_MATCH': 1.5, 'IMPOSSIBLE': 10.0}, 'features': ['normalized_x', 'normalized_y', 'distance_to_centroid', 'horizontal_direction', 'vertical_direction', 'angle_with_ox', 'junction_angle_min', 'is_endpoint', 'is_corner', 'length_ratio_to_max', 'eccentricity', 'avg_neighbor_vector_length', 'neighbor_endpoint_count', 'neighbor_junction_count'], 'mlflow_experiment_id': '4', 'mlflow_run_id': 'b586b24a868744d3aff0659ed46c898f', 'session_id': '89a01830-9a25-449a-8649-1b793ef8ee5b', 'image_width': 100, 'image_height': 100}","{'skeletonization_time_ms': 49.853, 'contour_analysis_time_ms': 809.600542, 'classification_time_ms': 139.365916}",7,False
success,5df4027e-f188-429e-a767-88d6a5c750d0,,/opt/nuclio/shared_storage/mnist_all/1/mnist_test_1_00846.png,1,"[{""concept_id"": ""7_1"", ""is_minor"": true, ""message"": ""Similarity between image and concept 7_1: 0.4847"", ""similarity"": 0.4847, ""concept_complexity"": 9, ""image_complexity"": 9}, {""concept_id"": ""1_3"", ""is_minor"": true, ""message"": ""Similarity between image and concept 1_3: 0.3838"", ""similarity"": 0.3838, ""concept_complexity"": 5, ""image_complexity"": 9}]","{'ged_timeout': 5, 'skeletonization_threshold': 100, 'simplification_epsilon': 4.55, 'comparison_method': 'ged', 'fgw_alpha': 0.5, 'image_path': '/opt/nuclio/shared_storage/mnist_all/1/mnist_test_1_00846.png', 'image_id': '5df4027e-f188-429e-a767-88d6a5c750d0', 'diagnostic_weight_epsilon': 1.0, 'range_penalty_factor': 0.5, 'node_costs': {'NO_COST': 0.0, 'MINOR': 0.65, 'GENERAL': 0.75, 'SEVERE': 1.0, 'NO_MATCH': 1.5, 'IMPOSSIBLE': 10.0}, 'features': ['normalized_x', 'normalized_y', 'distance_to_centroid', 'horizontal_direction', 'vertical_direction', 'angle_with_ox', 'junction_angle_min', 'is_endpoint', 'is_corner', 'length_ratio_to_max', 'eccentricity', 'avg_neighbor_vector_length', 'neighbor_endpoint_count', 'neighbor_junction_count'], 'mlflow_experiment_id': '4', 'mlflow_run_id': 'b586b24a868744d3aff0659ed46c898f', 'session_id': '7762af4b-9307-4269-9288-1a6714b95a04', 'image_width': 100, 'image_height': 100}","{'skeletonization_time_ms': 653.905708, 'contour_analysis_time_ms': 327.020459, 'classification_time_ms': 36.024083}",7,False
success,35154e8b-cd6a-4344-9063-8ee5cc644ea2,,/opt/nuclio/shared_storage/mnist_all/1/mnist_test_1_00915.png,1,"[{""concept_id"": ""7_1"", ""is_minor"": true, ""message"": ""Similarity between image and concept 7_1: 0.4488"", ""similarity"": 0.4488, ""concept_complexity"": 9, ""image_complexity"": 13}, {""concept_id"": ""4_2"", ""is_minor"": true, ""message"": ""Similarity between image and concept 4_2: 0.3434"", ""similarity"": 0.3434, ""concept_complexity"": 13, ""image_complexity"": 13}, {""concept_id"": ""1_1"", ""is_minor"": true, ""message"": ""Similarity between image and concept 1_1: 0.311"", ""similarity"": 0.311, ""concept_complexity"": 13, ""image_complexity"": 13}, {""concept_id"": ""1_3"", ""is_minor"": true, ""message"": ""Similarity between image and concept 1_3: 0.3245"", ""similarity"": 0.3245, ""concept_complexity"": 5, ""image_complexity"": 13}, {""concept_id"": ""2_1"", ""is_minor"": false, ""message"": ""Preprocessing failed: Concept has more corner points than image."", ""similarity"": 0.0, ""concept_complexity"": 0, ""image_complexity"": 0}]","{'ged_timeout': 5, 'skeletonization_threshold': 110, 'simplification_epsilon': 4.55, 'comparison_method': 'ged', 'fgw_alpha': 0.5, 'image_path': '/opt/nuclio/shared_storage/mnist_all/1/mnist_test_1_00915.png', 'image_id': '35154e8b-cd6a-4344-9063-8ee5cc644ea2', 'diagnostic_weight_epsilon': 1.0, 'range_penalty_factor': 0.5, 'node_costs': {'NO_COST': 0.0, 'MINOR': 0.65, 'GENERAL': 0.75, 'SEVERE': 1.0, 'NO_MATCH': 1.5, 'IMPOSSIBLE': 10.0}, 'features': ['normalized_x', 'normalized_y', 'distance_to_centroid', 'horizontal_direction', 'vertical_direction', 'angle_with_ox', 'junction_angle_min', 'is_endpoint', 'is_corner', 'length_ratio_to_max', 'eccentricity', 'avg_neighbor_vector_length', 'neighbor_endpoint_count', 'neighbor_junction_count'], 'mlflow_experiment_id': '4', 'mlflow_run_id': 'b586b24a868744d3aff0659ed46c898f', 'session_id': '2d5b9090-823c-4f33-8adb-6ecdaa014174', 'image_width': 100, 'image_height': 100}","{'skeletonization_time_ms': 118.677083, 'contour_analysis_time_ms': 574.267667, 'classification_time_ms': 162.293334}",7,False
success,fa96e7e1-2c0b-4226-b95d-384b1d59ecbd,,/opt/nuclio/shared_storage/mnist_all/1/mnist_test_1_00453.png,1,"[{""concept_id"": ""4_2"", ""is_minor"": true, ""message"": ""Similarity between image and concept 4_2: 0.5145"", ""similarity"": 0.5145, ""concept_complexity"": 13, ""image_complexity"": 21}, {""concept_id"": ""7_1"", ""is_minor"": true, ""message"": ""Similarity between image and concept 7_1: 0.5291"", ""similarity"": 0.5291, ""concept_complexity"": 9, ""image_complexity"": 21}, {""concept_id"": ""1_1"", ""is_minor"": true, ""message"": ""Similarity between image and concept 1_1: 0.3966"", ""similarity"": 0.3966, ""concept_complexity"": 13, ""image_complexity"": 21}, {""concept_id"": ""2_1"", ""is_minor"": true, ""message"": ""Similarity between image and concept 2_1: 0.3445"", ""similarity"": 0.3445, ""concept_complexity"": 13, ""image_complexity"": 21}, {""concept_id"": ""1_3"", ""is_minor"": true, ""message"": ""Similarity between image and concept 1_3: 0.324"", ""similarity"": 0.324, ""concept_complexity"": 5, ""image_complexity"": 21}, {""concept_id"": ""0_1"", ""is_minor"": false, ""message"": ""Preprocessing failed: Concept has corner points but image does not."", ""similarity"": 0.0, ""concept_complexity"": 0, ""image_complexity"": 0}, {""concept_id"": ""2_2"", ""is_minor"": false, ""message"": ""Preprocessing failed: Concept has intersection points but image does not."", ""similarity"": 0.0, ""concept_complexity"": 0, ""image_complexity"": 0}, {""concept_id"": ""3_1"", ""is_minor"": false, ""message"": ""Preprocessing failed: Concept has more corner points than image."", ""similarity"": 0.0, ""concept_complexity"": 0, ""image_complexity"": 0}, {""concept_id"": ""4_1"", ""is_minor"": false, ""message"": ""Preprocessing failed: Concept has intersection points but image does not."", ""similarity"": 0.0, ""concept_complexity"": 0, ""image_complexity"": 0}, {""concept_id"": ""5_1"", ""is_minor"": false, ""message"": ""Preprocessing failed: Concept has more corner points than image."", ""similarity"": 0.0, ""concept_complexity"": 0, ""image_complexity"": 0}, {""concept_id"": ""6_1"", ""is_minor"": false, ""message"": ""Preprocessing failed: Concept has intersection points but image does not."", ""similarity"": 0.0, ""concept_complexity"": 0, ""image_complexity"": 0}, {""concept_id"": ""8_2"", ""is_minor"": false, ""message"": ""Preprocessing failed: Concept has intersection points but image does not."", ""similarity"": 0.0, ""concept_complexity"": 0, ""image_complexity"": 0}, {""concept_id"": ""9_2"", ""is_minor"": false, ""message"": ""Preprocessing failed: Concept has intersection points but image does not."", ""similarity"": 0.0, ""concept_complexity"": 0, ""image_complexity"": 0}]","{'ged_timeout': 5, 'skeletonization_threshold': 110, 'simplification_epsilon': 4.55, 'comparison_method': 'ged', 'fgw_alpha': 0.5, 'image_path': '/opt/nuclio/shared_storage/mnist_all/1/mnist_test_1_00453.png', 'image_id': 'fa96e7e1-2c0b-4226-b95d-384b1d59ecbd', 'diagnostic_weight_epsilon': 1.0, 'range_penalty_factor': 0.5, 'node_costs': {'NO_COST': 0.0, 'MINOR': 0.65, 'GENERAL': 0.75, 'SEVERE': 1.0, 'NO_MATCH': 1.5, 'IMPOSSIBLE': 10.0}, 'features': ['normalized_x', 'normalized_y', 'distance_to_centroid', 'horizontal_direction', 'vertical_direction', 'angle_with_ox', 'junction_angle_min', 'is_endpoint', 'is_corner', 'length_ratio_to_max', 'eccentricity', 'avg_neighbor_vector_length', 'neighbor_endpoint_count', 'neighbor_junction_count'], 'mlflow_experiment_id': '4', 'mlflow_run_id': 'b586b24a868744d3aff0659ed46c898f', 'session_id': '9dd69bd0-f8e5-498e-bb52-fd8b4cc7bf6e', 'image_width': 100, 'image_height': 100}","{'skeletonization_time_ms': 90.447125, 'contour_analysis_time_ms': 816.736708, 'classification_time_ms': 301.668667}",4,False
success,be8d1240-8fb1-4d07-841e-7dcfe47de38c,,/opt/nuclio/shared_storage/mnist_all/2/mnist_test_2_00339.png,2,"[{""concept_id"": ""4_2"", ""is_minor"": true, ""message"": ""Similarity between image and concept 4_2: 0.3333"", ""similarity"": 0.3333, ""concept_complexity"": 13, ""image_complexity"": 13}, {""concept_id"": ""1_1"", ""is_minor"": true, ""message"": ""Similarity between image and concept 1_1: 0.329"", ""similarity"": 0.329, ""concept_complexity"": 13, ""image_complexity"": 13}, {""concept_id"": ""7_1"", ""is_minor"": true, ""message"": ""Similarity between image and concept 7_1: 0.3312"", ""similarity"": 0.3312, ""concept_complexity"": 9, ""image_complexity"": 13}, {""concept_id"": ""1_3"", ""is_minor"": true, ""message"": ""Similarity between image and concept 1_3: 0.3237"", ""similarity"": 0.3237, ""concept_complexity"": 5, ""image_complexity"": 13}, {""concept_id"": ""2_1"", ""is_minor"": false, ""message"": ""Preprocessing failed: Concept has more corner points than image."", ""similarity"": 0.0, ""concept_complexity"": 0, ""image_complexity"": 0}]","{'ged_timeout': 5, 'skeletonization_threshold': 110, 'simplification_epsilon': 4.55, 'comparison_method': 'ged', 'fgw_alpha': 0.5, 'image_path': '/opt/nuclio/shared_storage/mnist_all/2/mnist_test_2_00339.png', 'image_id': 'be8d1240-8fb1-4d07-841e-7dcfe47de38c', 'diagnostic_weight_epsilon': 1.0, 'range_penalty_factor': 0.5, 'node_costs': {'NO_COST': 0.0, 'MINOR': 0.65, 'GENERAL': 0.75, 'SEVERE': 1.0, 'NO_MATCH': 1.5, 'IMPOSSIBLE': 10.0}, 'features': ['normalized_x', 'normalized_y', 'distance_to_centroid', 'horizontal_direction', 'vertical_direction', 'angle_with_ox', 'junction_angle_min', 'is_endpoint', 'is_corner', 'length_ratio_to_max', 'eccentricity', 'avg_neighbor_vector_length', 'neighbor_endpoint_count', 'neighbor_junction_count'], 'mlflow_experiment_id': '4', 'mlflow_run_id': 'b586b24a868744d3aff0659ed46c898f', 'session_id': '6c273918-551c-4dc4-8c9f-9b943714b6fa', 'image_width': 100, 'image_height': 100}","{'skeletonization_time_ms': 117.115541, 'contour_analysis_time_ms': 1124.565709, 'classification_time_ms': 84.91775}",4,False
success,120e7310-e142-42b5-bc26-551a7ae0fa83,,/opt/nuclio/shared_storage/mnist_all/1/mnist_test_1_00936.png,1,"[{""concept_id"": ""7_1"", ""is_minor"": true, ""message"": ""Similarity between image and concept 7_1: 0.5713"", ""similarity"": 0.5713, ""concept_complexity"": 9, ""image_complexity"": 9}, {""concept_id"": ""1_3"", ""is_minor"": true, ""message"": ""Similarity between image and concept 1_3: 0.3852"", ""similarity"": 0.3852, ""concept_complexity"": 5, ""image_complexity"": 9}]","{'ged_timeout': 5, 'skeletonization_threshold': 110, 'simplification_epsilon': 4.55, 'comparison_method': 'ged', 'fgw_alpha': 0.5, 'image_path': '/opt/nuclio/shared_storage/mnist_all/1/mnist_test_1_00936.png', 'image_id': '120e7310-e142-42b5-bc26-551a7ae0fa83', 'diagnostic_weight_epsilon': 1.0, 'range_penalty_factor': 0.5, 'node_costs': {'NO_COST': 0.0, 'MINOR': 0.65, 'GENERAL': 0.75, 'SEVERE': 1.0, 'NO_MATCH': 1.5, 'IMPOSSIBLE': 10.0}, 'features': ['normalized_x', 'normalized_y', 'distance_to_centroid', 'horizontal_direction', 'vertical_direction', 'angle_with_ox', 'junction_angle_min', 'is_endpoint', 'is_corner', 'length_ratio_to_max', 'eccentricity', 'avg_neighbor_vector_length', 'neighbor_endpoint_count', 'neighbor_junction_count'], 'mlflow_experiment_id': '4', 'mlflow_run_id': 'b586b24a868744d3aff0659ed46c898f', 'session_id': '008eed9e-8787-4b2a-8e2f-877e555e01c1', 'image_width': 100, 'image_height': 100}","{'skeletonization_time_ms': 30.591875, 'contour_analysis_time_ms': 863.166403, 'classification_time_ms': 69.528417}",7,False
success,0978a14f-28b3-4a4f-bb75-8a732ab41c56,,/opt/nuclio/shared_storage/mnist_all/1/mnist_test_1_01025.png,1,"[{""concept_id"": ""4_2"", ""is_minor"": true, ""message"": ""Similarity between image and concept 4_2: 0.3177"", ""similarity"": 0.3177, ""concept_complexity"": 13, ""image_complexity"": 13}, {""concept_id"": ""7_1"", ""is_minor"": true, ""message"": ""Similarity between image and concept 7_1: 0.3282"", ""similarity"": 0.3282, ""concept_complexity"": 9, ""image_complexity"": 13}, {""concept_id"": ""1_1"", ""is_minor"": true, ""message"": ""Similarity between image and concept 1_1: 0.2939"", ""similarity"": 0.2939, ""concept_complexity"": 13, ""image_complexity"": 13}, {""concept_id"": ""1_3"", ""is_minor"": true, ""message"": ""Similarity between image and concept 1_3: 0.324"", ""similarity"": 0.324, ""concept_complexity"": 5, ""image_complexity"": 13}, {""concept_id"": ""2_1"", ""is_minor"": false, ""message"": ""Preprocessing failed: Concept has more corner points than image."", ""similarity"": 0.0, ""concept_complexity"": 0, ""image_complexity"": 0}]","{'ged_timeout': 5, 'skeletonization_threshold': 110, 'simplification_epsilon': 4.55, 'comparison_method': 'ged', 'fgw_alpha': 0.5, 'image_path': '/opt/nuclio/shared_storage/mnist_all/1/mnist_test_1_01025.png', 'image_id': '0978a14f-28b3-4a4f-bb75-8a732ab41c56', 'diagnostic_weight_epsilon': 1.0, 'range_penalty_factor': 0.5, 'node_costs': {'NO_COST': 0.0, 'MINOR': 0.65, 'GENERAL': 0.75, 'SEVERE': 1.0, 'NO_MATCH': 1.5, 'IMPOSSIBLE': 10.0}, 'features': ['normalized_x', 'normalized_y', 'distance_to_centroid', 'horizontal_direction', 'vertical_direction', 'angle_with_ox', 'junction_angle_min', 'is_endpoint', 'is_corner', 'length_ratio_to_max', 'eccentricity', 'avg_neighbor_vector_length', 'neighbor_endpoint_count', 'neighbor_junction_count'], 'mlflow_experiment_id': '4', 'mlflow_run_id': 'b586b24a868744d3aff0659ed46c898f', 'session_id': 'd2f5f15a-a44a-4c02-abe1-5e9d33aeb0eb', 'image_width': 100, 'image_height': 100}","{'skeletonization_time_ms': 108.455833, 'contour_analysis_time_ms': 812.136459, 'classification_time_ms': 81.718584}",4,False
success,91c0b562-0943-4ff5-92ba-3c887e7ea96f,,/opt/nuclio/shared_storage/mnist_all/2/mnist_test_2_00809.png,2,"[{""concept_id"": ""7_1"", ""is_minor"": true, ""message"": ""Similarity between image and concept 7_1: 0.5785"", ""similarity"": 0.5785, ""concept_complexity"": 9, ""image_complexity"": 21}, {""concept_id"": ""4_2"", ""is_minor"": true, ""message"": ""Similarity between image and concept 4_2: 0.4965"", ""similarity"": 0.4965, ""concept_complexity"": 13, ""image_complexity"": 21}, {""concept_id"": ""5_1"", ""is_minor"": true, ""message"": ""Similarity between image and concept 5_1: 0.3842"", ""similarity"": 0.3842, ""concept_complexity"": 17, ""image_complexity"": 21}, {""concept_id"": ""2_1"", ""is_minor"": true, ""message"": ""Similarity between image and concept 2_1: 0.374"", ""similarity"": 0.374, ""concept_complexity"": 13, ""image_complexity"": 21}, {""concept_id"": ""1_1"", ""is_minor"": true, ""message"": ""Similarity between image and concept 1_1: 0.3251"", ""similarity"": 0.3251, ""concept_complexity"": 13, ""image_complexity"": 21}, {""concept_id"": ""1_3"", ""is_minor"": true, ""message"": ""Similarity between image and concept 1_3: 0.3902"", ""similarity"": 0.3902, ""concept_complexity"": 5, ""image_complexity"": 21}, {""concept_id"": ""0_1"", ""is_minor"": false, ""message"": ""Preprocessing failed: Concept has corner points but image does not."", ""similarity"": 0.0, ""concept_complexity"": 0, ""image_complexity"": 0}, {""concept_id"": ""2_2"", ""is_minor"": false, ""message"": ""Preprocessing failed: Concept has intersection points but image does not."", ""similarity"": 0.0, ""concept_complexity"": 0, ""image_complexity"": 0}, {""concept_id"": ""3_1"", ""is_minor"": false, ""message"": ""Preprocessing failed: Concept has more corner points than image."", ""similarity"": 0.0, ""concept_complexity"": 0, ""image_complexity"": 0}, {""concept_id"": ""4_1"", ""is_minor"": false, ""message"": ""Preprocessing failed: Concept has intersection points but image does not."", ""similarity"": 0.0, ""concept_complexity"": 0, ""image_complexity"": 0}, {""concept_id"": ""6_1"", ""is_minor"": false, ""message"": ""Preprocessing failed: Concept has intersection points but image does not."", ""similarity"": 0.0, ""concept_complexity"": 0, ""image_complexity"": 0}, {""concept_id"": ""8_2"", ""is_minor"": false, ""message"": ""Preprocessing failed: Concept has intersection points but image does not."", ""similarity"": 0.0, ""concept_complexity"": 0, ""image_complexity"": 0}, {""concept_id"": ""9_2"", ""is_minor"": false, ""message"": ""Preprocessing failed: Concept has intersection points but image does not."", ""similarity"": 0.0, ""concept_complexity"": 0, ""image_complexity"": 0}]","{'ged_timeout': 5, 'skeletonization_threshold': 110, 'simplification_epsilon': 4.55, 'comparison_method': 'ged', 'fgw_alpha': 0.5, 'image_path': '/opt/nuclio/shared_storage/mnist_all/2/mnist_test_2_00809.png', 'image_id': '91c0b562-0943-4ff5-92ba-3c887e7ea96f', 'diagnostic_weight_epsilon': 1.0, 'range_penalty_factor': 0.5, 'node_costs': {'NO_COST': 0.0, 'MINOR': 0.65, 'GENERAL': 0.75, 'SEVERE': 1.0, 'NO_MATCH': 1.5, 'IMPOSSIBLE': 10.0}, 'features': ['normalized_x', 'normalized_y', 'distance_to_centroid', 'horizontal_direction', 'vertical_direction', 'angle_with_ox', 'junction_angle_min', 'is_endpoint', 'is_corner', 'length_ratio_to_max', 'eccentricity', 'avg_neighbor_vector_length', 'neighbor_endpoint_count', 'neighbor_junction_count'], 'mlflow_experiment_id': '4', 'mlflow_run_id': 'b586b24a868744d3aff0659ed46c898f', 'session_id': '5aa5059e-269a-4f80-a214-34070e00da30', 'image_width': 100, 'image_height': 100}","{'skeletonization_time_ms': 357.211167, 'contour_analysis_time_ms': 704.962, 'classification_time_ms': 215.879584}",7,False
success,ac8f621f-8c25-4b93-a265-eeced7113560,,/opt/nuclio/shared_storage/mnist_all/1/mnist_test_1_00565.png,1,"[{""concept_id"": ""7_1"", ""is_minor"": true, ""message"": ""Similarity between image and concept 7_1: 0.3863"", ""similarity"": 0.3863, ""concept_complexity"": 9, ""image_complexity"": 9}, {""concept_id"": ""1_3"", ""is_minor"": true, ""message"": ""Similarity between image and concept 1_3: 0.3859"", ""similarity"": 0.3859, ""concept_complexity"": 5, ""image_complexity"": 9}]","{'ged_timeout': 5, 'skeletonization_threshold': 110, 'simplification_epsilon': 4.55, 'comparison_method': 'ged', 'fgw_alpha': 0.5, 'image_path': '/opt/nuclio/shared_storage/mnist_all/1/mnist_test_1_00565.png', 'image_id': 'ac8f621f-8c25-4b93-a265-eeced7113560', 'diagnostic_weight_epsilon': 1.0, 'range_penalty_factor': 0.5, 'node_costs': {'NO_COST': 0.0, 'MINOR': 0.65, 'GENERAL': 0.75, 'SEVERE': 1.0, 'NO_MATCH': 1.5, 'IMPOSSIBLE': 10.0}, 'features': ['normalized_x', 'normalized_y', 'distance_to_centroid', 'horizontal_direction', 'vertical_direction', 'angle_with_ox', 'junction_angle_min', 'is_endpoint', 'is_corner', 'length_ratio_to_max', 'eccentricity', 'avg_neighbor_vector_length', 'neighbor_endpoint_count', 'neighbor_junction_count'], 'mlflow_experiment_id': '4', 'mlflow_run_id': 'b586b24a868744d3aff0659ed46c898f', 'session_id': '3e4991ca-d072-4311-ae63-0dd5f5b1936b', 'image_width': 100, 'image_height': 100}","{'skeletonization_time_ms': 40.114458, 'contour_analysis_time_ms': 2156.972626, 'classification_time_ms': 40.107958}",7,False
success,f7954e47-f87d-42bb-a03f-fa2053aa63ba,,/opt/nuclio/shared_storage/mnist_all/2/mnist_test_2_00150.png,2,"[{""concept_id"": ""3_1"", ""is_minor"": true, ""message"": ""Similarity between image and concept 3_1: 0.5071"", ""similarity"": 0.5071, ""concept_complexity"": 21, ""image_complexity"": 29}, {""concept_id"": ""5_1"", ""is_minor"": true, ""message"": ""Similarity between image and concept 5_1: 0.4869"", ""similarity"": 0.4869, ""concept_complexity"": 17, ""image_complexity"": 29}, {""concept_id"": ""2_1"", ""is_minor"": true, ""message"": ""Similarity between image and concept 2_1: 0.5094"", ""similarity"": 0.5094, ""concept_complexity"": 13, ""image_complexity"": 29}, {""concept_id"": ""4_2"", ""is_minor"": true, ""message"": ""Similarity between image and concept 4_2: 0.4886"", ""similarity"": 0.4886, ""concept_complexity"": 13, ""image_complexity"": 29}, {""concept_id"": ""7_1"", ""is_minor"": true, ""message"": ""Similarity between image and concept 7_1: 0.4883"", ""similarity"": 0.4883, ""concept_complexity"": 9, ""image_complexity"": 29}, {""concept_id"": ""1_3"", ""is_minor"": true, ""message"": ""Similarity between image and concept 1_3: 0.4507"", ""similarity"": 0.4507, ""concept_complexity"": 5, ""image_complexity"": 29}, {""concept_id"": ""1_1"", ""is_minor"": true, ""message"": ""Similarity between image and concept 1_1: 0.3651"", ""similarity"": 0.3651, ""concept_complexity"": 13, ""image_complexity"": 29}, {""concept_id"": ""0_1"", ""is_minor"": false, ""message"": ""Preprocessing failed: Concept has corner points but image does not."", ""similarity"": 0.0, ""concept_complexity"": 0, ""image_complexity"": 0}, {""concept_id"": ""2_2"", ""is_minor"": false, ""message"": ""Preprocessing failed: Concept has intersection points but image does not."", ""similarity"": 0.0, ""concept_complexity"": 0, ""image_complexity"": 0}, {""concept_id"": ""4_1"", ""is_minor"": false, ""message"": ""Preprocessing failed: Concept has intersection points but image does not."", ""similarity"": 0.0, ""concept_complexity"": 0, ""image_complexity"": 0}, {""concept_id"": ""6_1"", ""is_minor"": false, ""message"": ""Preprocessing failed: Concept has intersection points but image does not."", ""similarity"": 0.0, ""concept_complexity"": 0, ""image_complexity"": 0}, {""concept_id"": ""8_1"", ""is_minor"": false, ""message"": ""Preprocessing failed: Concept has corner points but image does not."", ""similarity"": 0.0, ""concept_complexity"": 0, ""image_complexity"": 0}, {""concept_id"": ""8_2"", ""is_minor"": false, ""message"": ""Preprocessing failed: Concept has intersection points but image does not."", ""similarity"": 0.0, ""concept_complexity"": 0, ""image_complexity"": 0}, {""concept_id"": ""9_2"", ""is_minor"": false, ""message"": ""Preprocessing failed: Concept has intersection points but image does not."", ""similarity"": 0.0, ""concept_complexity"": 0, ""image_complexity"": 0}]","{'ged_timeout': 5, 'skeletonization_threshold': 110, 'simplification_epsilon': 4.55, 'comparison_method': 'ged', 'fgw_alpha': 0.5, 'image_path': '/opt/nuclio/shared_storage/mnist_all/2/mnist_test_2_00150.png', 'image_id': 'f7954e47-f87d-42bb-a03f-fa2053aa63ba', 'diagnostic_weight_epsilon': 1.0, 'range_penalty_factor': 0.5, 'node_costs': {'NO_COST': 0.0, 'MINOR': 0.65, 'GENERAL': 0.75, 'SEVERE': 1.0, 'NO_MATCH': 1.5, 'IMPOSSIBLE': 10.0}, 'features': ['normalized_x', 'normalized_y', 'distance_to_centroid', 'horizontal_direction', 'vertical_direction', 'angle_with_ox', 'junction_angle_min', 'is_endpoint', 'is_corner', 'length_ratio_to_max', 'eccentricity', 'avg_neighbor_vector_length', 'neighbor_endpoint_count', 'neighbor_junction_count'], 'mlflow_experiment_id': '4', 'mlflow_run_id': 'b586b24a868744d3aff0659ed46c898f', 'session_id': '49670ecf-4a87-4e12-b3b3-f0c54743980d', 'image_width': 100, 'image_height': 100}","{'skeletonization_time_ms': 175.735208, 'contour_analysis_time_ms': 706.012542, 'classification_time_ms': 187.708375}",3,False
success,b1ff1010-d01d-4507-a560-7aab95189686,,/opt/nuclio/shared_storage/mnist_all/2/mnist_test_2_00754.png,2,"[{""concept_id"": ""4_2"", ""is_minor"": true, ""message"": ""Similarity between image and concept 4_2: 0.503"", ""similarity"": 0.503, ""concept_complexity"": 13, ""image_complexity"": 21}, {""concept_id"": ""2_1"", ""is_minor"": true, ""message"": ""Similarity between image and concept 2_1: 0.4598"", ""similarity"": 0.4598, ""concept_complexity"": 13, ""image_complexity"": 21}, {""concept_id"": ""7_1"", ""is_minor"": true, ""message"": ""Similarity between image and concept 7_1: 0.465"", ""similarity"": 0.465, ""concept_complexity"": 9, ""image_complexity"": 21}, {""concept_id"": ""5_1"", ""is_minor"": true, ""message"": ""Similarity between image and concept 5_1: 0.3468"", ""similarity"": 0.3468, ""concept_complexity"": 17, ""image_complexity"": 21}, {""concept_id"": ""1_3"", ""is_minor"": true, ""message"": ""Similarity between image and concept 1_3: 0.3553"", ""similarity"": 0.3553, ""concept_complexity"": 5, ""image_complexity"": 21}, {""concept_id"": ""1_1"", ""is_minor"": true, ""message"": ""Similarity between image and concept 1_1: 0.2613"", ""similarity"": 0.2613, ""concept_complexity"": 13, ""image_complexity"": 21}, {""concept_id"": ""0_1"", ""is_minor"": false, ""message"": ""Preprocessing failed: Concept has corner points but image does not."", ""similarity"": 0.0, ""concept_complexity"": 0, ""image_complexity"": 0}, {""concept_id"": ""2_2"", ""is_minor"": false, ""message"": ""Preprocessing failed: Concept has intersection points but image does not."", ""similarity"": 0.0, ""concept_complexity"": 0, ""image_complexity"": 0}, {""concept_id"": ""3_1"", ""is_minor"": false, ""message"": ""Preprocessing failed: Concept has more corner points than image."", ""similarity"": 0.0, ""concept_complexity"": 0, ""image_complexity"": 0}, {""concept_id"": ""4_1"", ""is_minor"": false, ""message"": ""Preprocessing failed: Concept has intersection points but image does not."", ""similarity"": 0.0, ""concept_complexity"": 0, ""image_complexity"": 0}, {""concept_id"": ""6_1"", ""is_minor"": false, ""message"": ""Preprocessing failed: Concept has intersection points but image does not."", ""similarity"": 0.0, ""concept_complexity"": 0, ""image_complexity"": 0}, {""concept_id"": ""8_2"", ""is_minor"": false, ""message"": ""Preprocessing failed: Concept has intersection points but image does not."", ""similarity"": 0.0, ""concept_complexity"": 0, ""image_complexity"": 0}, {""concept_id"": ""9_2"", ""is_minor"": false, ""message"": ""Preprocessing failed: Concept has intersection points but image does not."", ""similarity"": 0.0, ""concept_complexity"": 0, ""image_complexity"": 0}]","{'ged_timeout': 5, 'skeletonization_threshold': 110, 'simplification_epsilon': 4.55, 'comparison_method': 'ged', 'fgw_alpha': 0.5, 'image_path': '/opt/nuclio/shared_storage/mnist_all/2/mnist_test_2_00754.png', 'image_id': 'b1ff1010-d01d-4507-a560-7aab95189686', 'diagnostic_weight_epsilon': 1.0, 'range_penalty_factor': 0.5, 'node_costs': {'NO_COST': 0.0, 'MINOR': 0.65, 'GENERAL': 0.75, 'SEVERE': 1.0, 'NO_MATCH': 1.5, 'IMPOSSIBLE': 10.0}, 'features': ['normalized_x', 'normalized_y', 'distance_to_centroid', 'horizontal_direction', 'vertical_direction', 'angle_with_ox', 'junction_angle_min', 'is_endpoint', 'is_corner', 'length_ratio_to_max', 'eccentricity', 'avg_neighbor_vector_length', 'neighbor_endpoint_count', 'neighbor_junction_count'], 'mlflow_experiment_id': '4', 'mlflow_run_id': 'b586b24a868744d3aff0659ed46c898f', 'session_id': 'a3f0e1d6-50c7-4ee2-91aa-c12b384d9160', 'image_width': 100, 'image_height': 100}","{'skeletonization_time_ms': 110.151292, 'contour_analysis_time_ms': 792.90975, 'classification_time_ms': 241.858208}",4,False
success,306878f1-ebd2-46d6-9f17-e97250f2bd50,,/opt/nuclio/shared_storage/mnist_all/2/mnist_test_2_00976.png,2,"[{""concept_id"": ""4_2"", ""is_minor"": true, ""message"": ""Similarity between image and concept 4_2: 0.4728"", ""similarity"": 0.4728, ""concept_complexity"": 13, ""image_complexity"": 21}, {""concept_id"": ""2_1"", ""is_minor"": true, ""message"": ""Similarity between image and concept 2_1: 0.4405"", ""similarity"": 0.4405, ""concept_complexity"": 13, ""image_complexity"": 21}, {""concept_id"": ""5_1"", ""is_minor"": true, ""message"": ""Similarity between image and concept 5_1: 0.3933"", ""similarity"": 0.3933, ""concept_complexity"": 17, ""image_complexity"": 21}, {""concept_id"": ""7_1"", ""is_minor"": true, ""message"": ""Similarity between image and concept 7_1: 0.4022"", ""similarity"": 0.4022, ""concept_complexity"": 9, ""image_complexity"": 21}, {""concept_id"": ""1_1"", ""is_minor"": true, ""message"": ""Similarity between image and concept 1_1: 0.337"", ""similarity"": 0.337, ""concept_complexity"": 13, ""image_complexity"": 21}, {""concept_id"": ""1_3"", ""is_minor"": true, ""message"": ""Similarity between image and concept 1_3: 0.3561"", ""similarity"": 0.3561, ""concept_complexity"": 5, ""image_complexity"": 21}, {""concept_id"": ""0_1"", ""is_minor"": false, ""message"": ""Preprocessing failed: Concept has corner points but image does not."", ""similarity"": 0.0, ""concept_complexity"": 0, ""image_complexity"": 0}, {""concept_id"": ""2_2"", ""is_minor"": false, ""message"": ""Preprocessing failed: Concept has intersection points but image does not."", ""similarity"": 0.0, ""concept_complexity"": 0, ""image_complexity"": 0}, {""concept_id"": ""3_1"", ""is_minor"": false, ""message"": ""Preprocessing failed: Concept has more corner points than image."", ""similarity"": 0.0, ""concept_complexity"": 0, ""image_complexity"": 0}, {""concept_id"": ""4_1"", ""is_minor"": false, ""message"": ""Preprocessing failed: Concept has intersection points but image does not."", ""similarity"": 0.0, ""concept_complexity"": 0, ""image_complexity"": 0}, {""concept_id"": ""6_1"", ""is_minor"": false, ""message"": ""Preprocessing failed: Concept has intersection points but image does not."", ""similarity"": 0.0, ""concept_complexity"": 0, ""image_complexity"": 0}, {""concept_id"": ""8_2"", ""is_minor"": false, ""message"": ""Preprocessing failed: Concept has intersection points but image does not."", ""similarity"": 0.0, ""concept_complexity"": 0, ""image_complexity"": 0}, {""concept_id"": ""9_2"", ""is_minor"": false, ""message"": ""Preprocessing failed: Concept has intersection points but image does not."", ""similarity"": 0.0, ""concept_complexity"": 0, ""image_complexity"": 0}]","{'ged_timeout': 5, 'skeletonization_threshold': 110, 'simplification_epsilon': 4.55, 'comparison_method': 'ged', 'fgw_alpha': 0.5, 'image_path': '/opt/nuclio/shared_storage/mnist_all/2/mnist_test_2_00976.png', 'image_id': '306878f1-ebd2-46d6-9f17-e97250f2bd50', 'diagnostic_weight_epsilon': 1.0, 'range_penalty_factor': 0.5, 'node_costs': {'NO_COST': 0.0, 'MINOR': 0.65, 'GENERAL': 0.75, 'SEVERE': 1.0, 'NO_MATCH': 1.5, 'IMPOSSIBLE': 10.0}, 'features': ['normalized_x', 'normalized_y', 'distance_to_centroid', 'horizontal_direction', 'vertical_direction', 'angle_with_ox', 'junction_angle_min', 'is_endpoint', 'is_corner', 'length_ratio_to_max', 'eccentricity', 'avg_neighbor_vector_length', 'neighbor_endpoint_count', 'neighbor_junction_count'], 'mlflow_experiment_id': '4', 'mlflow_run_id': 'b586b24a868744d3aff0659ed46c898f', 'session_id': 'b72891cf-23a5-4320-a431-1ac7eb3ec0f2', 'image_width': 100, 'image_height': 100}","{'skeletonization_time_ms': 77.068833, 'contour_analysis_time_ms': 863.754167, 'classification_time_ms': 342.72575}",4,False
success,59ae0250-308c-44e5-b886-909624eb46cc,,/opt/nuclio/shared_storage/mnist_all/2/mnist_test_2_00689.png,2,"[{""concept_id"": ""6_1"", ""is_minor"": true, ""message"": ""Similarity between image and concept 6_1: 0.5669"", ""similarity"": 0.5669, ""concept_complexity"": 20, ""image_complexity"": 28}, {""concept_id"": ""8_2"", ""is_minor"": true, ""message"": ""Similarity between image and concept 8_2: 0.5511"", ""similarity"": 0.5511, ""concept_complexity"": 20, ""image_complexity"": 28}, {""concept_id"": ""2_2"", ""is_minor"": true, ""message"": ""Similarity between image and concept 2_2: 0.5492"", ""similarity"": 0.5492, ""concept_complexity"": 20, ""image_complexity"": 28}, {""concept_id"": ""0_1"", ""is_minor"": true, ""message"": ""Similarity between image and concept 0_1: 0.5259"", ""similarity"": 0.5259, ""concept_complexity"": 20, ""image_complexity"": 28}, {""concept_id"": ""2_1"", ""is_minor"": true, ""message"": ""Similarity between image and concept 2_1: 0.4994"", ""similarity"": 0.4994, ""concept_complexity"": 13, ""image_complexity"": 28}, {""concept_id"": ""7_1"", ""is_minor"": true, ""message"": ""Similarity between image and concept 7_1: 0.487"", ""similarity"": 0.487, ""concept_complexity"": 9, ""image_complexity"": 28}, {""concept_id"": ""4_1"", ""is_minor"": true, ""message"": ""Similarity between image and concept 4_1: 0.4342"", ""similarity"": 0.4342, ""concept_complexity"": 16, ""image_complexity"": 28}, {""concept_id"": ""8_1"", ""is_minor"": true, ""message"": ""Similarity between image and concept 8_1: 0.3643"", ""similarity"": 0.3643, ""concept_complexity"": 27, ""image_complexity"": 28}, {""concept_id"": ""9_2"", ""is_minor"": true, ""message"": ""Similarity between image and concept 9_2: 0.4052"", ""similarity"": 0.4052, ""concept_complexity"": 16, ""image_complexity"": 28}, {""concept_id"": ""1_3"", ""is_minor"": true, ""message"": ""Similarity between image and concept 1_3: 0.4464"", ""similarity"": 0.4464, ""concept_complexity"": 5, ""image_complexity"": 28}, {""concept_id"": ""1_1"", ""is_minor"": false, ""message"": ""Preprocessing failed: Concept has more endpoints than image."", ""similarity"": 0.0, ""concept_complexity"": 0, ""image_complexity"": 0}, {""concept_id"": ""3_1"", ""is_minor"": false, ""message"": ""Preprocessing failed: Concept has more corner points than image."", ""similarity"": 0.0, ""concept_complexity"": 0, ""image_complexity"": 0}, {""concept_id"": ""4_2"", ""is_minor"": false, ""message"": ""Preprocessing failed: Concept has more endpoints than image."", ""similarity"": 0.0, ""concept_complexity"": 0, ""image_complexity"": 0}, {""concept_id"": ""5_1"", ""is_minor"": false, ""message"": ""Preprocessing failed: Concept has more corner points than image."", ""similarity"": 0.0, ""concept_complexity"": 0, ""image_complexity"": 0}]","{'ged_timeout': 5, 'skeletonization_threshold': 110, 'simplification_epsilon': 4.55, 'comparison_method': 'ged', 'fgw_alpha': 0.5, 'image_path': '/opt/nuclio/shared_storage/mnist_all/2/mnist_test_2_00689.png', 'image_id': '59ae0250-308c-44e5-b886-909624eb46cc', 'diagnostic_weight_epsilon': 1.0, 'range_penalty_factor': 0.5, 'node_costs': {'NO_COST': 0.0, 'MINOR': 0.65, 'GENERAL': 0.75, 'SEVERE': 1.0, 'NO_MATCH': 1.5, 'IMPOSSIBLE': 10.0}, 'features': ['normalized_x', 'normalized_y', 'distance_to_centroid', 'horizontal_direction', 'vertical_direction', 'angle_with_ox', 'junction_angle_min', 'is_endpoint', 'is_corner', 'length_ratio_to_max', 'eccentricity', 'avg_neighbor_vector_length', 'neighbor_endpoint_count', 'neighbor_junction_count'], 'mlflow_experiment_id': '4', 'mlflow_run_id': 'b586b24a868744d3aff0659ed46c898f', 'session_id': '4da44b84-6be1-4f89-a7d8-049540576585', 'image_width': 100, 'image_height': 100}","{'skeletonization_time_ms': 129.705542, 'contour_analysis_time_ms': 782.494251, 'classification_time_ms': 968.997167}",6,False
success,11f46cbf-5a7c-434d-9199-eeb35b6d340b,,/opt/nuclio/shared_storage/mnist_all/2/mnist_test_2_00015.png,2,"[{""concept_id"": ""7_1"", ""is_minor"": true, ""message"": ""Similarity between image and concept 7_1: 0.6502"", ""similarity"": 0.6502, ""concept_complexity"": 9, ""image_complexity"": 17}, {""concept_id"": ""2_1"", ""is_minor"": true, ""message"": ""Similarity between image and concept 2_1: 0.5569"", ""similarity"": 0.5569, ""concept_complexity"": 13, ""image_complexity"": 17}, {""concept_id"": ""5_1"", ""is_minor"": true, ""message"": ""Similarity between image and concept 5_1: 0.4594"", ""similarity"": 0.4594, ""concept_complexity"": 17, ""image_complexity"": 17}, {""concept_id"": ""1_3"", ""is_minor"": true, ""message"": ""Similarity between image and concept 1_3: 0.4525"", ""similarity"": 0.4525, ""concept_complexity"": 5, ""image_complexity"": 17}, {""concept_id"": ""1_1"", ""is_minor"": false, ""message"": ""Preprocessing failed: Concept has more endpoints than image."", ""similarity"": 0.0, ""concept_complexity"": 0, ""image_complexity"": 0}, {""concept_id"": ""4_1"", ""is_minor"": false, ""message"": ""Preprocessing failed: Concept has intersection points but image does not."", ""similarity"": 0.0, ""concept_complexity"": 0, ""image_complexity"": 0}, {""concept_id"": ""4_2"", ""is_minor"": false, ""message"": ""Preprocessing failed: Concept has more endpoints than image."", ""similarity"": 0.0, ""concept_complexity"": 0, ""image_complexity"": 0}, {""concept_id"": ""9_2"", ""is_minor"": false, ""message"": ""Preprocessing failed: Concept has intersection points but image does not."", ""similarity"": 0.0, ""concept_complexity"": 0, ""image_complexity"": 0}]","{'ged_timeout': 5, 'skeletonization_threshold': 110, 'simplification_epsilon': 4.55, 'comparison_method': 'ged', 'fgw_alpha': 0.5, 'image_path': '/opt/nuclio/shared_storage/mnist_all/2/mnist_test_2_00015.png', 'image_id': '11f46cbf-5a7c-434d-9199-eeb35b6d340b', 'diagnostic_weight_epsilon': 1.0, 'range_penalty_factor': 0.5, 'node_costs': {'NO_COST': 0.0, 'MINOR': 0.65, 'GENERAL': 0.75, 'SEVERE': 1.0, 'NO_MATCH': 1.5, 'IMPOSSIBLE': 10.0}, 'features': ['normalized_x', 'normalized_y', 'distance_to_centroid', 'horizontal_direction', 'vertical_direction', 'angle_with_ox', 'junction_angle_min', 'is_endpoint', 'is_corner', 'length_ratio_to_max', 'eccentricity', 'avg_neighbor_vector_length', 'neighbor_endpoint_count', 'neighbor_junction_count'], 'mlflow_experiment_id': '4', 'mlflow_run_id': 'b586b24a868744d3aff0659ed46c898f', 'session_id': '9d6f1a4f-6722-4eb7-88ab-c4f01425e1ed', 'image_width': 100, 'image_height': 100}","{'skeletonization_time_ms': 151.685583, 'contour_analysis_time_ms': 403.121542, 'classification_time_ms': 436.702416}",7,False
success,521ff573-42c3-4fed-994e-3c5186d51eea,,/opt/nuclio/shared_storage/mnist_all/2/mnist_test_2_00142.png,2,"[{""concept_id"": ""4_2"", ""is_minor"": true, ""message"": ""Similarity between image and concept 4_2: 0.5144"", ""similarity"": 0.5144, ""concept_complexity"": 13, ""image_complexity"": 21}, {""concept_id"": ""5_1"", ""is_minor"": true, ""message"": ""Similarity between image and concept 5_1: 0.4521"", ""similarity"": 0.4521, ""concept_complexity"": 17, ""image_complexity"": 21}, {""concept_id"": ""7_1"", ""is_minor"": true, ""message"": ""Similarity between image and concept 7_1: 0.5028"", ""similarity"": 0.5028, ""concept_complexity"": 9, ""image_complexity"": 21}, {""concept_id"": ""2_1"", ""is_minor"": true, ""message"": ""Similarity between image and concept 2_1: 0.4102"", ""similarity"": 0.4102, ""concept_complexity"": 13, ""image_complexity"": 21}, {""concept_id"": ""1_1"", ""is_minor"": true, ""message"": ""Similarity between image and concept 1_1: 0.3902"", ""similarity"": 0.3902, ""concept_complexity"": 13, ""image_complexity"": 21}, {""concept_id"": ""1_3"", ""is_minor"": true, ""message"": ""Similarity between image and concept 1_3: 0.3924"", ""similarity"": 0.3924, ""concept_complexity"": 5, ""image_complexity"": 21}, {""concept_id"": ""0_1"", ""is_minor"": false, ""message"": ""Preprocessing failed: Concept has corner points but image does not."", ""similarity"": 0.0, ""concept_complexity"": 0, ""image_complexity"": 0}, {""concept_id"": ""2_2"", ""is_minor"": false, ""message"": ""Preprocessing failed: Concept has intersection points but image does not."", ""similarity"": 0.0, ""concept_complexity"": 0, ""image_complexity"": 0}, {""concept_id"": ""3_1"", ""is_minor"": false, ""message"": ""Preprocessing failed: Concept has more corner points than image."", ""similarity"": 0.0, ""concept_complexity"": 0, ""image_complexity"": 0}, {""concept_id"": ""4_1"", ""is_minor"": false, ""message"": ""Preprocessing failed: Concept has intersection points but image does not."", ""similarity"": 0.0, ""concept_complexity"": 0, ""image_complexity"": 0}, {""concept_id"": ""6_1"", ""is_minor"": false, ""message"": ""Preprocessing failed: Concept has intersection points but image does not."", ""similarity"": 0.0, ""concept_complexity"": 0, ""image_complexity"": 0}, {""concept_id"": ""8_2"", ""is_minor"": false, ""message"": ""Preprocessing failed: Concept has intersection points but image does not."", ""similarity"": 0.0, ""concept_complexity"": 0, ""image_complexity"": 0}, {""concept_id"": ""9_2"", ""is_minor"": false, ""message"": ""Preprocessing failed: Concept has intersection points but image does not."", ""similarity"": 0.0, ""concept_complexity"": 0, ""image_complexity"": 0}]","{'ged_timeout': 5, 'skeletonization_threshold': 110, 'simplification_epsilon': 4.55, 'comparison_method': 'ged', 'fgw_alpha': 0.5, 'image_path': '/opt/nuclio/shared_storage/mnist_all/2/mnist_test_2_00142.png', 'image_id': '521ff573-42c3-4fed-994e-3c5186d51eea', 'diagnostic_weight_epsilon': 1.0, 'range_penalty_factor': 0.5, 'node_costs': {'NO_COST': 0.0, 'MINOR': 0.65, 'GENERAL': 0.75, 'SEVERE': 1.0, 'NO_MATCH': 1.5, 'IMPOSSIBLE': 10.0}, 'features': ['normalized_x', 'normalized_y', 'distance_to_centroid', 'horizontal_direction', 'vertical_direction', 'angle_with_ox', 'junction_angle_min', 'is_endpoint', 'is_corner', 'length_ratio_to_max', 'eccentricity', 'avg_neighbor_vector_length', 'neighbor_endpoint_count', 'neighbor_junction_count'], 'mlflow_experiment_id': '4', 'mlflow_run_id': 'b586b24a868744d3aff0659ed46c898f', 'session_id': 'ec8f5c1e-38a0-4238-bd43-97ce8901f267', 'image_width': 100, 'image_height': 100}","{'skeletonization_time_ms': 149.780291, 'contour_analysis_time_ms': 659.316959, 'classification_time_ms': 261.476125}",4,False
success,af6ea9e3-c92c-4fb3-86c7-354ecbb1dec7,,/opt/nuclio/shared_storage/mnist_all/2/mnist_test_2_00684.png,2,"[{""concept_id"": ""7_1"", ""is_minor"": true, ""message"": ""Similarity between image and concept 7_1: 0.6081"", ""similarity"": 0.6081, ""concept_complexity"": 9, ""image_complexity"": 21}, {""concept_id"": ""4_2"", ""is_minor"": true, ""message"": ""Similarity between image and concept 4_2: 0.5035"", ""similarity"": 0.5035, ""concept_complexity"": 13, ""image_complexity"": 21}, {""concept_id"": ""2_1"", ""is_minor"": true, ""message"": ""Similarity between image and concept 2_1: 0.4902"", ""similarity"": 0.4902, ""concept_complexity"": 13, ""image_complexity"": 21}, {""concept_id"": ""5_1"", ""is_minor"": true, ""message"": ""Similarity between image and concept 5_1: 0.3833"", ""similarity"": 0.3833, ""concept_complexity"": 17, ""image_complexity"": 21}, {""concept_id"": ""1_1"", ""is_minor"": true, ""message"": ""Similarity between image and concept 1_1: 0.3405"", ""similarity"": 0.3405, ""concept_complexity"": 13, ""image_complexity"": 21}, {""concept_id"": ""1_3"", ""is_minor"": true, ""message"": ""Similarity between image and concept 1_3: 0.3781"", ""similarity"": 0.3781, ""concept_complexity"": 5, ""image_complexity"": 21}, {""concept_id"": ""0_1"", ""is_minor"": false, ""message"": ""Preprocessing failed: Concept has corner points but image does not."", ""similarity"": 0.0, ""concept_complexity"": 0, ""image_complexity"": 0}, {""concept_id"": ""2_2"", ""is_minor"": false, ""message"": ""Preprocessing failed: Concept has intersection points but image does not."", ""similarity"": 0.0, ""concept_complexity"": 0, ""image_complexity"": 0}, {""concept_id"": ""3_1"", ""is_minor"": false, ""message"": ""Preprocessing failed: Concept has more corner points than image."", ""similarity"": 0.0, ""concept_complexity"": 0, ""image_complexity"": 0}, {""concept_id"": ""4_1"", ""is_minor"": false, ""message"": ""Preprocessing failed: Concept has intersection points but image does not."", ""similarity"": 0.0, ""concept_complexity"": 0, ""image_complexity"": 0}, {""concept_id"": ""6_1"", ""is_minor"": false, ""message"": ""Preprocessing failed: Concept has intersection points but image does not."", ""similarity"": 0.0, ""concept_complexity"": 0, ""image_complexity"": 0}, {""concept_id"": ""8_2"", ""is_minor"": false, ""message"": ""Preprocessing failed: Concept has intersection points but image does not."", ""similarity"": 0.0, ""concept_complexity"": 0, ""image_complexity"": 0}, {""concept_id"": ""9_2"", ""is_minor"": false, ""message"": ""Preprocessing failed: Concept has intersection points but image does not."", ""similarity"": 0.0, ""concept_complexity"": 0, ""image_complexity"": 0}]","{'ged_timeout': 5, 'skeletonization_threshold': 110, 'simplification_epsilon': 4.55, 'comparison_method': 'ged', 'fgw_alpha': 0.5, 'image_path': '/opt/nuclio/shared_storage/mnist_all/2/mnist_test_2_00684.png', 'image_id': 'af6ea9e3-c92c-4fb3-86c7-354ecbb1dec7', 'diagnostic_weight_epsilon': 1.0, 'range_penalty_factor': 0.5, 'node_costs': {'NO_COST': 0.0, 'MINOR': 0.65, 'GENERAL': 0.75, 'SEVERE': 1.0, 'NO_MATCH': 1.5, 'IMPOSSIBLE': 10.0}, 'features': ['normalized_x', 'normalized_y', 'distance_to_centroid', 'horizontal_direction', 'vertical_direction', 'angle_with_ox', 'junction_angle_min', 'is_endpoint', 'is_corner', 'length_ratio_to_max', 'eccentricity', 'avg_neighbor_vector_length', 'neighbor_endpoint_count', 'neighbor_junction_count'], 'mlflow_experiment_id': '4', 'mlflow_run_id': 'b586b24a868744d3aff0659ed46c898f', 'session_id': '73ce6c7e-9a92-4a67-b28f-de29d24c992f', 'image_width': 100, 'image_height': 100}","{'skeletonization_time_ms': 278.77575, 'contour_analysis_time_ms': 1169.357626, 'classification_time_ms': 181.609625}",7,False
success,4bc2c73e-8f57-48ae-a7eb-44e8ae6e11f3,,/opt/nuclio/shared_storage/mnist_all/0/mnist_test_0_00236.png,0,"[{""concept_id"": ""5_1"", ""is_minor"": true, ""message"": ""Similarity between image and concept 5_1: 0.487"", ""similarity"": 0.487, ""concept_complexity"": 17, ""image_complexity"": 29}, {""concept_id"": ""3_1"", ""is_minor"": true, ""message"": ""Similarity between image and concept 3_1: 0.4469"", ""similarity"": 0.4469, ""concept_complexity"": 21, ""image_complexity"": 29}, {""concept_id"": ""2_1"", ""is_minor"": true, ""message"": ""Similarity between image and concept 2_1: 0.4408"", ""similarity"": 0.4408, ""concept_complexity"": 13, ""image_complexity"": 29}, {""concept_id"": ""7_1"", ""is_minor"": true, ""message"": ""Similarity between image and concept 7_1: 0.4429"", ""similarity"": 0.4429, ""concept_complexity"": 9, ""image_complexity"": 29}, {""concept_id"": ""1_3"", ""is_minor"": true, ""message"": ""Similarity between image and concept 1_3: 0.4649"", ""similarity"": 0.4649, ""concept_complexity"": 5, ""image_complexity"": 29}, {""concept_id"": ""0_1"", ""is_minor"": false, ""message"": ""Preprocessing failed: Concept has corner points but image does not."", ""similarity"": 0.0, ""concept_complexity"": 0, ""image_complexity"": 0}, {""concept_id"": ""1_1"", ""is_minor"": false, ""message"": ""Preprocessing failed: Concept has more endpoints than image."", ""similarity"": 0.0, ""concept_complexity"": 0, ""image_complexity"": 0}, {""concept_id"": ""2_2"", ""is_minor"": false, ""message"": ""Preprocessing failed: Concept has intersection points but image does not."", ""similarity"": 0.0, ""concept_complexity"": 0, ""image_complexity"": 0}, {""concept_id"": ""4_1"", ""is_minor"": false, ""message"": ""Preprocessing failed: Concept has intersection points but image does not."", ""similarity"": 0.0, ""concept_complexity"": 0, ""image_complexity"": 0}, {""concept_id"": ""4_2"", ""is_minor"": false, ""message"": ""Preprocessing failed: Concept has more endpoints than image."", ""similarity"": 0.0, ""concept_complexity"": 0, ""image_complexity"": 0}, {""concept_id"": ""6_1"", ""is_minor"": false, ""message"": ""Preprocessing failed: Concept has intersection points but image does not."", ""similarity"": 0.0, ""concept_complexity"": 0, ""image_complexity"": 0}, {""concept_id"": ""8_1"", ""is_minor"": false, ""message"": ""Preprocessing failed: Concept has corner points but image does not."", ""similarity"": 0.0, ""concept_complexity"": 0, ""image_complexity"": 0}, {""concept_id"": ""8_2"", ""is_minor"": false, ""message"": ""Preprocessing failed: Concept has intersection points but image does not."", ""similarity"": 0.0, ""concept_complexity"": 0, ""image_complexity"": 0}, {""concept_id"": ""9_2"", ""is_minor"": false, ""message"": ""Preprocessing failed: Concept has intersection points but image does not."", ""similarity"": 0.0, ""concept_complexity"": 0, ""image_complexity"": 0}]","{'ged_timeout': 5, 'skeletonization_threshold': 110, 'simplification_epsilon': 4.55, 'comparison_method': 'ged', 'fgw_alpha': 0.5, 'image_path': '/opt/nuclio/shared_storage/mnist_all/0/mnist_test_0_00236.png', 'image_id': '4bc2c73e-8f57-48ae-a7eb-44e8ae6e11f3', 'diagnostic_weight_epsilon': 1.0, 'range_penalty_factor': 0.5, 'node_costs': {'NO_COST': 0.0, 'MINOR': 0.65, 'GENERAL': 0.75, 'SEVERE': 1.0, 'NO_MATCH': 1.5, 'IMPOSSIBLE': 10.0}, 'features': ['normalized_x', 'normalized_y', 'distance_to_centroid', 'horizontal_direction', 'vertical_direction', 'angle_with_ox', 'junction_angle_min', 'is_endpoint', 'is_corner', 'length_ratio_to_max', 'eccentricity', 'avg_neighbor_vector_length', 'neighbor_endpoint_count', 'neighbor_junction_count'], 'mlflow_experiment_id': '4', 'mlflow_run_id': 'b586b24a868744d3aff0659ed46c898f', 'session_id': 'bc4856d7-24ae-4ab3-b233-17dc7cf7c371', 'image_width': 100, 'image_height': 100}","{'skeletonization_time_ms': 69.339292, 'contour_analysis_time_ms': 949.458917, 'classification_time_ms': 272.438333}",5,False
success,f5c8b0a8-9129-47ff-a922-d552dde48c70,,/opt/nuclio/shared_storage/mnist_all/2/mnist_test_2_00870.png,2,"[{""concept_id"": ""8_2"", ""is_minor"": true, ""message"": ""Similarity between image and concept 8_2: 0.553"", ""similarity"": 0.553, ""concept_complexity"": 20, ""image_complexity"": 28}, {""concept_id"": ""6_1"", ""is_minor"": true, ""message"": ""Similarity between image and concept 6_1: 0.5151"", ""similarity"": 0.5151, ""concept_complexity"": 20, ""image_complexity"": 28}, {""concept_id"": ""9_2"", ""is_minor"": true, ""message"": ""Similarity between image and concept 9_2: 0.3986"", ""similarity"": 0.3986, ""concept_complexity"": 16, ""image_complexity"": 28}, {""concept_id"": ""4_1"", ""is_minor"": true, ""message"": ""Similarity between image and concept 4_1: 0.3776"", ""similarity"": 0.3776, ""concept_complexity"": 16, ""image_complexity"": 28}, {""concept_id"": ""8_1"", ""is_minor"": true, ""message"": ""Similarity between image and concept 8_1: 0.2683"", ""similarity"": 0.2683, ""concept_complexity"": 27, ""image_complexity"": 28}, {""concept_id"": ""1_3"", ""is_minor"": true, ""message"": ""Similarity between image and concept 1_3: 0.3911"", ""similarity"": 0.3911, ""concept_complexity"": 5, ""image_complexity"": 28}, {""concept_id"": ""0_1"", ""is_minor"": false, ""message"": ""Preprocessing failed: Concept has more corner points than image."", ""similarity"": 0.0, ""concept_complexity"": 0, ""image_complexity"": 0}, {""concept_id"": ""1_1"", ""is_minor"": false, ""message"": ""Preprocessing failed: Concept has more endpoints than image."", ""similarity"": 0.0, ""concept_complexity"": 0, ""image_complexity"": 0}, {""concept_id"": ""2_1"", ""is_minor"": false, ""message"": ""Preprocessing failed: Concept has more corner points than image."", ""similarity"": 0.0, ""concept_complexity"": 0, ""image_complexity"": 0}, {""concept_id"": ""2_2"", ""is_minor"": false, ""message"": ""Preprocessing failed: Concept has corner points but image does not."", ""similarity"": 0.0, ""concept_complexity"": 0, ""image_complexity"": 0}, {""concept_id"": ""3_1"", ""is_minor"": false, ""message"": ""Preprocessing failed: Concept has more corner points than image."", ""similarity"": 0.0, ""concept_complexity"": 0, ""image_complexity"": 0}, {""concept_id"": ""4_2"", ""is_minor"": false, ""message"": ""Preprocessing failed: Concept has more endpoints than image."", ""similarity"": 0.0, ""concept_complexity"": 0, ""image_complexity"": 0}, {""concept_id"": ""5_1"", ""is_minor"": false, ""message"": ""Preprocessing failed: Concept has more corner points than image."", ""similarity"": 0.0, ""concept_complexity"": 0, ""image_complexity"": 0}, {""concept_id"": ""7_1"", ""is_minor"": false, ""message"": ""Preprocessing failed: Concept has endpoints but image does not."", ""similarity"": 0.0, ""concept_complexity"": 0, ""image_complexity"": 0}]","{'ged_timeout': 5, 'skeletonization_threshold': 110, 'simplification_epsilon': 4.55, 'comparison_method': 'ged', 'fgw_alpha': 0.5, 'image_path': '/opt/nuclio/shared_storage/mnist_all/2/mnist_test_2_00870.png', 'image_id': 'f5c8b0a8-9129-47ff-a922-d552dde48c70', 'diagnostic_weight_epsilon': 1.0, 'range_penalty_factor': 0.5, 'node_costs': {'NO_COST': 0.0, 'MINOR': 0.65, 'GENERAL': 0.75, 'SEVERE': 1.0, 'NO_MATCH': 1.5, 'IMPOSSIBLE': 10.0}, 'features': ['normalized_x', 'normalized_y', 'distance_to_centroid', 'horizontal_direction', 'vertical_direction', 'angle_with_ox', 'junction_angle_min', 'is_endpoint', 'is_corner', 'length_ratio_to_max', 'eccentricity', 'avg_neighbor_vector_length', 'neighbor_endpoint_count', 'neighbor_junction_count'], 'mlflow_experiment_id': '4', 'mlflow_run_id': 'b586b24a868744d3aff0659ed46c898f', 'session_id': 'ac638cc0-915e-45ab-b4e5-53221d86879d', 'image_width': 100, 'image_height': 100}","{'skeletonization_time_ms': 315.3755, 'contour_analysis_time_ms': 779.159417, 'classification_time_ms': 634.707334}",8,False
success,2e02566d-b06a-4324-a6f6-0521ac111dc1,,/opt/nuclio/shared_storage/mnist_all/2/mnist_test_2_00543.png,2,"[{""concept_id"": ""4_2"", ""is_minor"": true, ""message"": ""Similarity between image and concept 4_2: 0.5498"", ""similarity"": 0.5498, ""concept_complexity"": 13, ""image_complexity"": 25}, {""concept_id"": ""7_1"", ""is_minor"": true, ""message"": ""Similarity between image and concept 7_1: 0.518"", ""similarity"": 0.518, ""concept_complexity"": 9, ""image_complexity"": 25}, {""concept_id"": ""2_1"", ""is_minor"": true, ""message"": ""Similarity between image and concept 2_1: 0.4503"", ""similarity"": 0.4503, ""concept_complexity"": 13, ""image_complexity"": 25}, {""concept_id"": ""1_1"", ""is_minor"": true, ""message"": ""Similarity between image and concept 1_1: 0.3688"", ""similarity"": 0.3688, ""concept_complexity"": 13, ""image_complexity"": 25}, {""concept_id"": ""1_3"", ""is_minor"": true, ""message"": ""Similarity between image and concept 1_3: 0.3907"", ""similarity"": 0.3907, ""concept_complexity"": 5, ""image_complexity"": 25}, {""concept_id"": ""0_1"", ""is_minor"": false, ""message"": ""Preprocessing failed: Concept has corner points but image does not."", ""similarity"": 0.0, ""concept_complexity"": 0, ""image_complexity"": 0}, {""concept_id"": ""2_2"", ""is_minor"": false, ""message"": ""Preprocessing failed: Concept has intersection points but image does not."", ""similarity"": 0.0, ""concept_complexity"": 0, ""image_complexity"": 0}, {""concept_id"": ""3_1"", ""is_minor"": false, ""message"": ""Preprocessing failed: Concept has more corner points than image."", ""similarity"": 0.0, ""concept_complexity"": 0, ""image_complexity"": 0}, {""concept_id"": ""4_1"", ""is_minor"": false, ""message"": ""Preprocessing failed: Concept has intersection points but image does not."", ""similarity"": 0.0, ""concept_complexity"": 0, ""image_complexity"": 0}, {""concept_id"": ""5_1"", ""is_minor"": false, ""message"": ""Preprocessing failed: Concept has more corner points than image."", ""similarity"": 0.0, ""concept_complexity"": 0, ""image_complexity"": 0}, {""concept_id"": ""6_1"", ""is_minor"": false, ""message"": ""Preprocessing failed: Concept has intersection points but image does not."", ""similarity"": 0.0, ""concept_complexity"": 0, ""image_complexity"": 0}, {""concept_id"": ""8_2"", ""is_minor"": false, ""message"": ""Preprocessing failed: Concept has intersection points but image does not."", ""similarity"": 0.0, ""concept_complexity"": 0, ""image_complexity"": 0}, {""concept_id"": ""9_2"", ""is_minor"": false, ""message"": ""Preprocessing failed: Concept has intersection points but image does not."", ""similarity"": 0.0, ""concept_complexity"": 0, ""image_complexity"": 0}]","{'ged_timeout': 5, 'skeletonization_threshold': 110, 'simplification_epsilon': 4.55, 'comparison_method': 'ged', 'fgw_alpha': 0.5, 'image_path': '/opt/nuclio/shared_storage/mnist_all/2/mnist_test_2_00543.png', 'image_id': '2e02566d-b06a-4324-a6f6-0521ac111dc1', 'diagnostic_weight_epsilon': 1.0, 'range_penalty_factor': 0.5, 'node_costs': {'NO_COST': 0.0, 'MINOR': 0.65, 'GENERAL': 0.75, 'SEVERE': 1.0, 'NO_MATCH': 1.5, 'IMPOSSIBLE': 10.0}, 'features': ['normalized_x', 'normalized_y', 'distance_to_centroid', 'horizontal_direction', 'vertical_direction', 'angle_with_ox', 'junction_angle_min', 'is_endpoint', 'is_corner', 'length_ratio_to_max', 'eccentricity', 'avg_neighbor_vector_length', 'neighbor_endpoint_count', 'neighbor_junction_count'], 'mlflow_experiment_id': '4', 'mlflow_run_id': 'b586b24a868744d3aff0659ed46c898f', 'session_id': '9d51464d-09df-4ed7-8397-52ef6bbcf8f7', 'image_width': 100, 'image_height': 100}","{'skeletonization_time_ms': 78.374209, 'contour_analysis_time_ms': 525.273584, 'classification_time_ms': 112.641958}",4,False
success,06bbdfd4-0d17-439b-9e74-4391c95cd0a7,,/opt/nuclio/shared_storage/mnist_all/2/mnist_test_2_00057.png,2,"[{""concept_id"": ""6_1"", ""is_minor"": true, ""message"": ""Similarity between image and concept 6_1: 0.6332"", ""similarity"": 0.6332, ""concept_complexity"": 20, ""image_complexity"": 28}, {""concept_id"": ""8_2"", ""is_minor"": true, ""message"": ""Similarity between image and concept 8_2: 0.559"", ""similarity"": 0.559, ""concept_complexity"": 20, ""image_complexity"": 28}, {""concept_id"": ""2_1"", ""is_minor"": true, ""message"": ""Similarity between image and concept 2_1: 0.5925"", ""similarity"": 0.5925, ""concept_complexity"": 13, ""image_complexity"": 28}, {""concept_id"": ""2_2"", ""is_minor"": true, ""message"": ""Similarity between image and concept 2_2: 0.4972"", ""similarity"": 0.4972, ""concept_complexity"": 20, ""image_complexity"": 28}, {""concept_id"": ""0_1"", ""is_minor"": true, ""message"": ""Similarity between image and concept 0_1: 0.4799"", ""similarity"": 0.4799, ""concept_complexity"": 20, ""image_complexity"": 28}, {""concept_id"": ""7_1"", ""is_minor"": true, ""message"": ""Similarity between image and concept 7_1: 0.53"", ""similarity"": 0.53, ""concept_complexity"": 9, ""image_complexity"": 28}, {""concept_id"": ""9_2"", ""is_minor"": true, ""message"": ""Similarity between image and concept 9_2: 0.4608"", ""similarity"": 0.4608, ""concept_complexity"": 16, ""image_complexity"": 28}, {""concept_id"": ""4_1"", ""is_minor"": true, ""message"": ""Similarity between image and concept 4_1: 0.4162"", ""similarity"": 0.4162, ""concept_complexity"": 16, ""image_complexity"": 28}, {""concept_id"": ""8_1"", ""is_minor"": true, ""message"": ""Similarity between image and concept 8_1: 0.3496"", ""similarity"": 0.3496, ""concept_complexity"": 27, ""image_complexity"": 28}, {""concept_id"": ""1_3"", ""is_minor"": true, ""message"": ""Similarity between image and concept 1_3: 0.4341"", ""similarity"": 0.4341, ""concept_complexity"": 5, ""image_complexity"": 28}, {""concept_id"": ""1_1"", ""is_minor"": false, ""message"": ""Preprocessing failed: Concept has more endpoints than image."", ""similarity"": 0.0, ""concept_complexity"": 0, ""image_complexity"": 0}, {""concept_id"": ""3_1"", ""is_minor"": false, ""message"": ""Preprocessing failed: Concept has more corner points than image."", ""similarity"": 0.0, ""concept_complexity"": 0, ""image_complexity"": 0}, {""concept_id"": ""4_2"", ""is_minor"": false, ""message"": ""Preprocessing failed: Concept has more endpoints than image."", ""similarity"": 0.0, ""concept_complexity"": 0, ""image_complexity"": 0}, {""concept_id"": ""5_1"", ""is_minor"": false, ""message"": ""Preprocessing failed: Concept has more corner points than image."", ""similarity"": 0.0, ""concept_complexity"": 0, ""image_complexity"": 0}]","{'ged_timeout': 5, 'skeletonization_threshold': 110, 'simplification_epsilon': 4.55, 'comparison_method': 'ged', 'fgw_alpha': 0.5, 'image_path': '/opt/nuclio/shared_storage/mnist_all/2/mnist_test_2_00057.png', 'image_id': '06bbdfd4-0d17-439b-9e74-4391c95cd0a7', 'diagnostic_weight_epsilon': 1.0, 'range_penalty_factor': 0.5, 'node_costs': {'NO_COST': 0.0, 'MINOR': 0.65, 'GENERAL': 0.75, 'SEVERE': 1.0, 'NO_MATCH': 1.5, 'IMPOSSIBLE': 10.0}, 'features': ['normalized_x', 'normalized_y', 'distance_to_centroid', 'horizontal_direction', 'vertical_direction', 'angle_with_ox', 'junction_angle_min', 'is_endpoint', 'is_corner', 'length_ratio_to_max', 'eccentricity', 'avg_neighbor_vector_length', 'neighbor_endpoint_count', 'neighbor_junction_count'], 'mlflow_experiment_id': '4', 'mlflow_run_id': 'b586b24a868744d3aff0659ed46c898f', 'session_id': 'bf5a718f-5530-421b-afd6-2026bfc36d04', 'image_width': 100, 'image_height': 100}","{'skeletonization_time_ms': 55.227666, 'contour_analysis_time_ms': 1057.069917, 'classification_time_ms': 1534.233334}",6,False
success,148bc1b9-ecc0-4296-8d79-e1649efa3f0a,,/opt/nuclio/shared_storage/mnist_all/1/mnist_test_1_00743.png,1,"[{""concept_id"": ""7_1"", ""is_minor"": true, ""message"": ""Similarity between image and concept 7_1: 0.4515"", ""similarity"": 0.4515, ""concept_complexity"": 9, ""image_complexity"": 9}, {""concept_id"": ""1_3"", ""is_minor"": true, ""message"": ""Similarity between image and concept 1_3: 0.3867"", ""similarity"": 0.3867, ""concept_complexity"": 5, ""image_complexity"": 9}]","{'ged_timeout': 5, 'skeletonization_threshold': 110, 'simplification_epsilon': 4.55, 'comparison_method': 'ged', 'fgw_alpha': 0.5, 'image_path': '/opt/nuclio/shared_storage/mnist_all/1/mnist_test_1_00743.png', 'image_id': '148bc1b9-ecc0-4296-8d79-e1649efa3f0a', 'diagnostic_weight_epsilon': 1.0, 'range_penalty_factor': 0.5, 'node_costs': {'NO_COST': 0.0, 'MINOR': 0.65, 'GENERAL': 0.75, 'SEVERE': 1.0, 'NO_MATCH': 1.5, 'IMPOSSIBLE': 10.0}, 'features': ['normalized_x', 'normalized_y', 'distance_to_centroid', 'horizontal_direction', 'vertical_direction', 'angle_with_ox', 'junction_angle_min', 'is_endpoint', 'is_corner', 'length_ratio_to_max', 'eccentricity', 'avg_neighbor_vector_length', 'neighbor_endpoint_count', 'neighbor_junction_count'], 'mlflow_experiment_id': '4', 'mlflow_run_id': 'b586b24a868744d3aff0659ed46c898f', 'session_id': 'f49c685b-5de5-4795-9eb4-f1d172b4d75c', 'image_width': 100, 'image_height': 100}","{'skeletonization_time_ms': 92.996833, 'contour_analysis_time_ms': 644.590251, 'classification_time_ms': 20.033583}",7,False
success,80950e23-e0f4-4eb6-b560-658603efdd50,,/opt/nuclio/shared_storage/mnist_all/2/mnist_test_2_00003.png,2,"[{""concept_id"": ""4_2"", ""is_minor"": true, ""message"": ""Similarity between image and concept 4_2: 0.4602"", ""similarity"": 0.4602, ""concept_complexity"": 13, ""image_complexity"": 17}, {""concept_id"": ""2_1"", ""is_minor"": true, ""message"": ""Similarity between image and concept 2_1: 0.3638"", ""similarity"": 0.3638, ""concept_complexity"": 13, ""image_complexity"": 17}, {""concept_id"": ""7_1"", ""is_minor"": true, ""message"": ""Similarity between image and concept 7_1: 0.3956"", ""similarity"": 0.3956, ""concept_complexity"": 9, ""image_complexity"": 17}, {""concept_id"": ""1_1"", ""is_minor"": true, ""message"": ""Similarity between image and concept 1_1: 0.3628"", ""similarity"": 0.3628, ""concept_complexity"": 13, ""image_complexity"": 17}, {""concept_id"": ""1_3"", ""is_minor"": true, ""message"": ""Similarity between image and concept 1_3: 0.334"", ""similarity"": 0.334, ""concept_complexity"": 5, ""image_complexity"": 17}, {""concept_id"": ""4_1"", ""is_minor"": false, ""message"": ""Preprocessing failed: Concept has intersection points but image does not."", ""similarity"": 0.0, ""concept_complexity"": 0, ""image_complexity"": 0}, {""concept_id"": ""5_1"", ""is_minor"": false, ""message"": ""Preprocessing failed: Concept has more corner points than image."", ""similarity"": 0.0, ""concept_complexity"": 0, ""image_complexity"": 0}, {""concept_id"": ""9_2"", ""is_minor"": false, ""message"": ""Preprocessing failed: Concept has intersection points but image does not."", ""similarity"": 0.0, ""concept_complexity"": 0, ""image_complexity"": 0}]","{'ged_timeout': 5, 'skeletonization_threshold': 110, 'simplification_epsilon': 4.55, 'comparison_method': 'ged', 'fgw_alpha': 0.5, 'image_path': '/opt/nuclio/shared_storage/mnist_all/2/mnist_test_2_00003.png', 'image_id': '80950e23-e0f4-4eb6-b560-658603efdd50', 'diagnostic_weight_epsilon': 1.0, 'range_penalty_factor': 0.5, 'node_costs': {'NO_COST': 0.0, 'MINOR': 0.65, 'GENERAL': 0.75, 'SEVERE': 1.0, 'NO_MATCH': 1.5, 'IMPOSSIBLE': 10.0}, 'features': ['normalized_x', 'normalized_y', 'distance_to_centroid', 'horizontal_direction', 'vertical_direction', 'angle_with_ox', 'junction_angle_min', 'is_endpoint', 'is_corner', 'length_ratio_to_max', 'eccentricity', 'avg_neighbor_vector_length', 'neighbor_endpoint_count', 'neighbor_junction_count'], 'mlflow_experiment_id': '4', 'mlflow_run_id': 'b586b24a868744d3aff0659ed46c898f', 'session_id': 'df0e76f9-ee77-4676-9c7e-c3b4e2c97a7f', 'image_width': 100, 'image_height': 100}","{'skeletonization_time_ms': 243.900542, 'contour_analysis_time_ms': 389.422876, 'classification_time_ms': 160.18875}",4,False
success,17ff31ec-6f68-4452-b136-8fc7243cc5e4,,/opt/nuclio/shared_storage/mnist_all/1/mnist_test_1_00279.png,1,"[{""concept_id"": ""7_1"", ""is_minor"": true, ""message"": ""Similarity between image and concept 7_1: 0.4436"", ""similarity"": 0.4436, ""concept_complexity"": 9, ""image_complexity"": 9}, {""concept_id"": ""1_3"", ""is_minor"": true, ""message"": ""Similarity between image and concept 1_3: 0.3643"", ""similarity"": 0.3643, ""concept_complexity"": 5, ""image_complexity"": 9}]","{'ged_timeout': 5, 'skeletonization_threshold': 110, 'simplification_epsilon': 4.55, 'comparison_method': 'ged', 'fgw_alpha': 0.5, 'image_path': '/opt/nuclio/shared_storage/mnist_all/1/mnist_test_1_00279.png', 'image_id': '17ff31ec-6f68-4452-b136-8fc7243cc5e4', 'diagnostic_weight_epsilon': 1.0, 'range_penalty_factor': 0.5, 'node_costs': {'NO_COST': 0.0, 'MINOR': 0.65, 'GENERAL': 0.75, 'SEVERE': 1.0, 'NO_MATCH': 1.5, 'IMPOSSIBLE': 10.0}, 'features': ['normalized_x', 'normalized_y', 'distance_to_centroid', 'horizontal_direction', 'vertical_direction', 'angle_with_ox', 'junction_angle_min', 'is_endpoint', 'is_corner', 'length_ratio_to_max', 'eccentricity', 'avg_neighbor_vector_length', 'neighbor_endpoint_count', 'neighbor_junction_count'], 'mlflow_experiment_id': '4', 'mlflow_run_id': 'b586b24a868744d3aff0659ed46c898f', 'session_id': 'cdc3f61c-be4d-43b4-b645-8a33d018f896', 'image_width': 100, 'image_height': 100}","{'skeletonization_time_ms': 42.1555, 'contour_analysis_time_ms': 2128.459584, 'classification_time_ms': 78.119084}",7,False
success,946665be-5dae-4907-b4fb-06549bf8f97a,,/opt/nuclio/shared_storage/mnist_all/2/mnist_test_2_00069.png,2,"[{""concept_id"": ""6_1"", ""is_minor"": true, ""message"": ""Similarity between image and concept 6_1: 0.5909"", ""similarity"": 0.5909, ""concept_complexity"": 20, ""image_complexity"": 28}, {""concept_id"": ""2_2"", ""is_minor"": true, ""message"": ""Similarity between image and concept 2_2: 0.5061"", ""similarity"": 0.5061, ""concept_complexity"": 20, ""image_complexity"": 28}, {""concept_id"": ""8_1"", ""is_minor"": true, ""message"": ""Similarity between image and concept 8_1: 0.4165"", ""similarity"": 0.4165, ""concept_complexity"": 27, ""image_complexity"": 28}, {""concept_id"": ""4_1"", ""is_minor"": true, ""message"": ""Similarity between image and concept 4_1: 0.4579"", ""similarity"": 0.4579, ""concept_complexity"": 16, ""image_complexity"": 28}, {""concept_id"": ""9_2"", ""is_minor"": true, ""message"": ""Similarity between image and concept 9_2: 0.4535"", ""similarity"": 0.4535, ""concept_complexity"": 16, ""image_complexity"": 28}, {""concept_id"": ""0_1"", ""is_minor"": true, ""message"": ""Similarity between image and concept 0_1: 0.4317"", ""similarity"": 0.4317, ""concept_complexity"": 20, ""image_complexity"": 28}, {""concept_id"": ""1_1"", ""is_minor"": false, ""message"": ""Preprocessing failed: Concept has endpoints but image does not."", ""similarity"": 0.0, ""concept_complexity"": 0, ""image_complexity"": 0}, {""concept_id"": ""1_3"", ""is_minor"": false, ""message"": ""Preprocessing failed: Concept has endpoints but image does not."", ""similarity"": 0.0, ""concept_complexity"": 0, ""image_complexity"": 0}, {""concept_id"": ""2_1"", ""is_minor"": false, ""message"": ""Preprocessing failed: Concept has endpoints but image does not."", ""similarity"": 0.0, ""concept_complexity"": 0, ""image_complexity"": 0}, {""concept_id"": ""3_1"", ""is_minor"": false, ""message"": ""Preprocessing failed: Concept has endpoints but image does not."", ""similarity"": 0.0, ""concept_complexity"": 0, ""image_complexity"": 0}, {""concept_id"": ""4_2"", ""is_minor"": false, ""message"": ""Preprocessing failed: Concept has endpoints but image does not."", ""similarity"": 0.0, ""concept_complexity"": 0, ""image_complexity"": 0}, {""concept_id"": ""5_1"", ""is_minor"": false, ""message"": ""Preprocessing failed: Concept has endpoints but image does not."", ""similarity"": 0.0, ""concept_complexity"": 0, ""image_complexity"": 0}, {""concept_id"": ""7_1"", ""is_minor"": false, ""message"": ""Preprocessing failed: Concept has endpoints but image does not."", ""similarity"": 0.0, ""concept_complexity"": 0, ""image_complexity"": 0}, {""concept_id"": ""8_2"", ""is_minor"": false, ""message"": ""Preprocessing failed: Concept has endpoints but image does not."", ""similarity"": 0.0, ""concept_complexity"": 0, ""image_complexity"": 0}]","{'ged_timeout': 5, 'skeletonization_threshold': 110, 'simplification_epsilon': 4.55, 'comparison_method': 'ged', 'fgw_alpha': 0.5, 'image_path': '/opt/nuclio/shared_storage/mnist_all/2/mnist_test_2_00069.png', 'image_id': '946665be-5dae-4907-b4fb-06549bf8f97a', 'diagnostic_weight_epsilon': 1.0, 'range_penalty_factor': 0.5, 'node_costs': {'NO_COST': 0.0, 'MINOR': 0.65, 'GENERAL': 0.75, 'SEVERE': 1.0, 'NO_MATCH': 1.5, 'IMPOSSIBLE': 10.0}, 'features': ['normalized_x', 'normalized_y', 'distance_to_centroid', 'horizontal_direction', 'vertical_direction', 'angle_with_ox', 'junction_angle_min', 'is_endpoint', 'is_corner', 'length_ratio_to_max', 'eccentricity', 'avg_neighbor_vector_length', 'neighbor_endpoint_count', 'neighbor_junction_count'], 'mlflow_experiment_id': '4', 'mlflow_run_id': 'b586b24a868744d3aff0659ed46c898f', 'session_id': '5178e4e7-93e3-4b73-8503-d4d32ac10964', 'image_width': 100, 'image_height': 100}","{'skeletonization_time_ms': 281.040875, 'contour_analysis_time_ms': 353.612625, 'classification_time_ms': 708.876042}",6,False
success,103e1f27-0d03-49f2-a38a-a4e1d2b0db5a,,/opt/nuclio/shared_storage/mnist_all/1/mnist_test_1_01036.png,1,"[{""concept_id"": ""7_1"", ""is_minor"": true, ""message"": ""Similarity between image and concept 7_1: 0.37"", ""similarity"": 0.37, ""concept_complexity"": 9, ""image_complexity"": 9}, {""concept_id"": ""1_3"", ""is_minor"": true, ""message"": ""Similarity between image and concept 1_3: 0.3634"", ""similarity"": 0.3634, ""concept_complexity"": 5, ""image_complexity"": 9}]","{'ged_timeout': 5, 'skeletonization_threshold': 105, 'simplification_epsilon': 4.55, 'comparison_method': 'ged', 'fgw_alpha': 0.5, 'image_path': '/opt/nuclio/shared_storage/mnist_all/1/mnist_test_1_01036.png', 'image_id': '103e1f27-0d03-49f2-a38a-a4e1d2b0db5a', 'diagnostic_weight_epsilon': 1.0, 'range_penalty_factor': 0.5, 'node_costs': {'NO_COST': 0.0, 'MINOR': 0.65, 'GENERAL': 0.75, 'SEVERE': 1.0, 'NO_MATCH': 1.5, 'IMPOSSIBLE': 10.0}, 'features': ['normalized_x', 'normalized_y', 'distance_to_centroid', 'horizontal_direction', 'vertical_direction', 'angle_with_ox', 'junction_angle_min', 'is_endpoint', 'is_corner', 'length_ratio_to_max', 'eccentricity', 'avg_neighbor_vector_length', 'neighbor_endpoint_count', 'neighbor_junction_count'], 'mlflow_experiment_id': '4', 'mlflow_run_id': 'b586b24a868744d3aff0659ed46c898f', 'session_id': '1823935f-8305-4dd3-90ce-b43348ea1f17', 'image_width': 100, 'image_height': 100}","{'skeletonization_time_ms': 83.561625, 'contour_analysis_time_ms': 1455.693751, 'classification_time_ms': 27.533833}",7,False
success,2d6651b0-338e-4037-9a4d-e8cc228dac11,,/opt/nuclio/shared_storage/mnist_all/3/mnist_test_3_00940.png,3,"[{""concept_id"": ""5_1"", ""is_minor"": true, ""message"": ""Similarity between image and concept 5_1: 0.5364"", ""similarity"": 0.5364, ""concept_complexity"": 17, ""image_complexity"": 17}, {""concept_id"": ""2_1"", ""is_minor"": true, ""message"": ""Similarity between image and concept 2_1: 0.4515"", ""similarity"": 0.4515, ""concept_complexity"": 13, ""image_complexity"": 17}, {""concept_id"": ""7_1"", ""is_minor"": true, ""message"": ""Similarity between image and concept 7_1: 0.4794"", ""similarity"": 0.4794, ""concept_complexity"": 9, ""image_complexity"": 17}, {""concept_id"": ""1_3"", ""is_minor"": true, ""message"": ""Similarity between image and concept 1_3: 0.4058"", ""similarity"": 0.4058, ""concept_complexity"": 5, ""image_complexity"": 17}, {""concept_id"": ""1_1"", ""is_minor"": false, ""message"": ""Preprocessing failed: Concept has more endpoints than image."", ""similarity"": 0.0, ""concept_complexity"": 0, ""image_complexity"": 0}, {""concept_id"": ""4_1"", ""is_minor"": false, ""message"": ""Preprocessing failed: Concept has intersection points but image does not."", ""similarity"": 0.0, ""concept_complexity"": 0, ""image_complexity"": 0}, {""concept_id"": ""4_2"", ""is_minor"": false, ""message"": ""Preprocessing failed: Concept has more endpoints than image."", ""similarity"": 0.0, ""concept_complexity"": 0, ""image_complexity"": 0}, {""concept_id"": ""9_2"", ""is_minor"": false, ""message"": ""Preprocessing failed: Concept has intersection points but image does not."", ""similarity"": 0.0, ""concept_complexity"": 0, ""image_complexity"": 0}]","{'ged_timeout': 5, 'skeletonization_threshold': 110, 'simplification_epsilon': 4.55, 'comparison_method': 'ged', 'fgw_alpha': 0.5, 'image_path': '/opt/nuclio/shared_storage/mnist_all/3/mnist_test_3_00940.png', 'image_id': '2d6651b0-338e-4037-9a4d-e8cc228dac11', 'diagnostic_weight_epsilon': 1.0, 'range_penalty_factor': 0.5, 'node_costs': {'NO_COST': 0.0, 'MINOR': 0.65, 'GENERAL': 0.75, 'SEVERE': 1.0, 'NO_MATCH': 1.5, 'IMPOSSIBLE': 10.0}, 'features': ['normalized_x', 'normalized_y', 'distance_to_centroid', 'horizontal_direction', 'vertical_direction', 'angle_with_ox', 'junction_angle_min', 'is_endpoint', 'is_corner', 'length_ratio_to_max', 'eccentricity', 'avg_neighbor_vector_length', 'neighbor_endpoint_count', 'neighbor_junction_count'], 'mlflow_experiment_id': '4', 'mlflow_run_id': 'b586b24a868744d3aff0659ed46c898f', 'session_id': 'f51916af-f5b0-49bf-acc0-619a8ecdfc2d', 'image_width': 100, 'image_height': 100}","{'skeletonization_time_ms': 233.095208, 'contour_analysis_time_ms': 669.172208, 'classification_time_ms': 131.749708}",5,False
success,ec338c25-9a15-40b8-85b4-18a5b154d3b1,,/opt/nuclio/shared_storage/mnist_all/2/mnist_test_2_00884.png,2,"[{""concept_id"": ""4_2"", ""is_minor"": true, ""message"": ""Similarity between image and concept 4_2: 0.5099"", ""similarity"": 0.5099, ""concept_complexity"": 13, ""image_complexity"": 17}, {""concept_id"": ""7_1"", ""is_minor"": true, ""message"": ""Similarity between image and concept 7_1: 0.5006"", ""similarity"": 0.5006, ""concept_complexity"": 9, ""image_complexity"": 17}, {""concept_id"": ""2_1"", ""is_minor"": true, ""message"": ""Similarity between image and concept 2_1: 0.394"", ""similarity"": 0.394, ""concept_complexity"": 13, ""image_complexity"": 17}, {""concept_id"": ""1_1"", ""is_minor"": true, ""message"": ""Similarity between image and concept 1_1: 0.3568"", ""similarity"": 0.3568, ""concept_complexity"": 13, ""image_complexity"": 17}, {""concept_id"": ""1_3"", ""is_minor"": true, ""message"": ""Similarity between image and concept 1_3: 0.3856"", ""similarity"": 0.3856, ""concept_complexity"": 5, ""image_complexity"": 17}, {""concept_id"": ""4_1"", ""is_minor"": false, ""message"": ""Preprocessing failed: Concept has intersection points but image does not."", ""similarity"": 0.0, ""concept_complexity"": 0, ""image_complexity"": 0}, {""concept_id"": ""5_1"", ""is_minor"": false, ""message"": ""Preprocessing failed: Concept has more corner points than image."", ""similarity"": 0.0, ""concept_complexity"": 0, ""image_complexity"": 0}, {""concept_id"": ""9_2"", ""is_minor"": false, ""message"": ""Preprocessing failed: Concept has intersection points but image does not."", ""similarity"": 0.0, ""concept_complexity"": 0, ""image_complexity"": 0}]","{'ged_timeout': 5, 'skeletonization_threshold': 110, 'simplification_epsilon': 4.55, 'comparison_method': 'ged', 'fgw_alpha': 0.5, 'image_path': '/opt/nuclio/shared_storage/mnist_all/2/mnist_test_2_00884.png', 'image_id': 'ec338c25-9a15-40b8-85b4-18a5b154d3b1', 'diagnostic_weight_epsilon': 1.0, 'range_penalty_factor': 0.5, 'node_costs': {'NO_COST': 0.0, 'MINOR': 0.65, 'GENERAL': 0.75, 'SEVERE': 1.0, 'NO_MATCH': 1.5, 'IMPOSSIBLE': 10.0}, 'features': ['normalized_x', 'normalized_y', 'distance_to_centroid', 'horizontal_direction', 'vertical_direction', 'angle_with_ox', 'junction_angle_min', 'is_endpoint', 'is_corner', 'length_ratio_to_max', 'eccentricity', 'avg_neighbor_vector_length', 'neighbor_endpoint_count', 'neighbor_junction_count'], 'mlflow_experiment_id': '4', 'mlflow_run_id': 'b586b24a868744d3aff0659ed46c898f', 'session_id': '69cd08fb-a2b7-4b33-b8ef-6cafda4f4eba', 'image_width': 100, 'image_height': 100}","{'skeletonization_time_ms': 138.364375, 'contour_analysis_time_ms': 1309.751918, 'classification_time_ms': 121.677709}",4,False
success,0b61be2d-41d1-417f-81db-fc2734cc0a35,,/opt/nuclio/shared_storage/mnist_all/2/mnist_test_2_00358.png,2,"[{""concept_id"": ""3_1"", ""is_minor"": true, ""message"": ""Similarity between image and concept 3_1: 0.4881"", ""similarity"": 0.4881, ""concept_complexity"": 21, ""image_complexity"": 29}, {""concept_id"": ""4_2"", ""is_minor"": true, ""message"": ""Similarity between image and concept 4_2: 0.524"", ""similarity"": 0.524, ""concept_complexity"": 13, ""image_complexity"": 29}, {""concept_id"": ""5_1"", ""is_minor"": true, ""message"": ""Similarity between image and concept 5_1: 0.4668"", ""similarity"": 0.4668, ""concept_complexity"": 17, ""image_complexity"": 29}, {""concept_id"": ""2_1"", ""is_minor"": true, ""message"": ""Similarity between image and concept 2_1: 0.4866"", ""similarity"": 0.4866, ""concept_complexity"": 13, ""image_complexity"": 29}, {""concept_id"": ""7_1"", ""is_minor"": true, ""message"": ""Similarity between image and concept 7_1: 0.4948"", ""similarity"": 0.4948, ""concept_complexity"": 9, ""image_complexity"": 29}, {""concept_id"": ""1_1"", ""is_minor"": true, ""message"": ""Similarity between image and concept 1_1: 0.3394"", ""similarity"": 0.3394, ""concept_complexity"": 13, ""image_complexity"": 29}, {""concept_id"": ""1_3"", ""is_minor"": true, ""message"": ""Similarity between image and concept 1_3: 0.3844"", ""similarity"": 0.3844, ""concept_complexity"": 5, ""image_complexity"": 29}, {""concept_id"": ""0_1"", ""is_minor"": false, ""message"": ""Preprocessing failed: Concept has corner points but image does not."", ""similarity"": 0.0, ""concept_complexity"": 0, ""image_complexity"": 0}, {""concept_id"": ""2_2"", ""is_minor"": false, ""message"": ""Preprocessing failed: Concept has intersection points but image does not."", ""similarity"": 0.0, ""concept_complexity"": 0, ""image_complexity"": 0}, {""concept_id"": ""4_1"", ""is_minor"": false, ""message"": ""Preprocessing failed: Concept has intersection points but image does not."", ""similarity"": 0.0, ""concept_complexity"": 0, ""image_complexity"": 0}, {""concept_id"": ""6_1"", ""is_minor"": false, ""message"": ""Preprocessing failed: Concept has intersection points but image does not."", ""similarity"": 0.0, ""concept_complexity"": 0, ""image_complexity"": 0}, {""concept_id"": ""8_1"", ""is_minor"": false, ""message"": ""Preprocessing failed: Concept has corner points but image does not."", ""similarity"": 0.0, ""concept_complexity"": 0, ""image_complexity"": 0}, {""concept_id"": ""8_2"", ""is_minor"": false, ""message"": ""Preprocessing failed: Concept has intersection points but image does not."", ""similarity"": 0.0, ""concept_complexity"": 0, ""image_complexity"": 0}, {""concept_id"": ""9_2"", ""is_minor"": false, ""message"": ""Preprocessing failed: Concept has intersection points but image does not."", ""similarity"": 0.0, ""concept_complexity"": 0, ""image_complexity"": 0}]","{'ged_timeout': 5, 'skeletonization_threshold': 110, 'simplification_epsilon': 4.55, 'comparison_method': 'ged', 'fgw_alpha': 0.5, 'image_path': '/opt/nuclio/shared_storage/mnist_all/2/mnist_test_2_00358.png', 'image_id': '0b61be2d-41d1-417f-81db-fc2734cc0a35', 'diagnostic_weight_epsilon': 1.0, 'range_penalty_factor': 0.5, 'node_costs': {'NO_COST': 0.0, 'MINOR': 0.65, 'GENERAL': 0.75, 'SEVERE': 1.0, 'NO_MATCH': 1.5, 'IMPOSSIBLE': 10.0}, 'features': ['normalized_x', 'normalized_y', 'distance_to_centroid', 'horizontal_direction', 'vertical_direction', 'angle_with_ox', 'junction_angle_min', 'is_endpoint', 'is_corner', 'length_ratio_to_max', 'eccentricity', 'avg_neighbor_vector_length', 'neighbor_endpoint_count', 'neighbor_junction_count'], 'mlflow_experiment_id': '4', 'mlflow_run_id': 'b586b24a868744d3aff0659ed46c898f', 'session_id': '626fa8b3-7776-49a9-9ef7-b432bcdb4fe5', 'image_width': 100, 'image_height': 100}","{'skeletonization_time_ms': 429.405084, 'contour_analysis_time_ms': 1041.102042, 'classification_time_ms': 367.921542}",3,False
success,a700153f-27d3-437d-a7fe-91a73ace989c,,/opt/nuclio/shared_storage/mnist_all/2/mnist_test_2_00837.png,2,"[{""concept_id"": ""6_1"", ""is_minor"": true, ""message"": ""Similarity between image and concept 6_1: 0.5595"", ""similarity"": 0.5595, ""concept_complexity"": 20, ""image_complexity"": 28}, {""concept_id"": ""2_1"", ""is_minor"": true, ""message"": ""Similarity between image and concept 2_1: 0.5919"", ""similarity"": 0.5919, ""concept_complexity"": 13, ""image_complexity"": 28}, {""concept_id"": ""8_2"", ""is_minor"": true, ""message"": ""Similarity between image and concept 8_2: 0.5435"", ""similarity"": 0.5435, ""concept_complexity"": 20, ""image_complexity"": 28}, {""concept_id"": ""2_2"", ""is_minor"": true, ""message"": ""Similarity between image and concept 2_2: 0.5272"", ""similarity"": 0.5272, ""concept_complexity"": 20, ""image_complexity"": 28}, {""concept_id"": ""0_1"", ""is_minor"": true, ""message"": ""Similarity between image and concept 0_1: 0.4885"", ""similarity"": 0.4885, ""concept_complexity"": 20, ""image_complexity"": 28}, {""concept_id"": ""7_1"", ""is_minor"": true, ""message"": ""Similarity between image and concept 7_1: 0.514"", ""similarity"": 0.514, ""concept_complexity"": 9, ""image_complexity"": 28}, {""concept_id"": ""4_1"", ""is_minor"": true, ""message"": ""Similarity between image and concept 4_1: 0.4589"", ""similarity"": 0.4589, ""concept_complexity"": 16, ""image_complexity"": 28}, {""concept_id"": ""9_2"", ""is_minor"": true, ""message"": ""Similarity between image and concept 9_2: 0.407"", ""similarity"": 0.407, ""concept_complexity"": 16, ""image_complexity"": 28}, {""concept_id"": ""8_1"", ""is_minor"": true, ""message"": ""Similarity between image and concept 8_1: 0.3521"", ""similarity"": 0.3521, ""concept_complexity"": 27, ""image_complexity"": 28}, {""concept_id"": ""1_3"", ""is_minor"": true, ""message"": ""Similarity between image and concept 1_3: 0.4342"", ""similarity"": 0.4342, ""concept_complexity"": 5, ""image_complexity"": 28}, {""concept_id"": ""1_1"", ""is_minor"": false, ""message"": ""Preprocessing failed: Concept has more endpoints than image."", ""similarity"": 0.0, ""concept_complexity"": 0, ""image_complexity"": 0}, {""concept_id"": ""3_1"", ""is_minor"": false, ""message"": ""Preprocessing failed: Concept has more corner points than image."", ""similarity"": 0.0, ""concept_complexity"": 0, ""image_complexity"": 0}, {""concept_id"": ""4_2"", ""is_minor"": false, ""message"": ""Preprocessing failed: Concept has more endpoints than image."", ""similarity"": 0.0, ""concept_complexity"": 0, ""image_complexity"": 0}, {""concept_id"": ""5_1"", ""is_minor"": false, ""message"": ""Preprocessing failed: Concept has more corner points than image."", ""similarity"": 0.0, ""concept_complexity"": 0, ""image_complexity"": 0}]","{'ged_timeout': 5, 'skeletonization_threshold': 110, 'simplification_epsilon': 4.55, 'comparison_method': 'ged', 'fgw_alpha': 0.5, 'image_path': '/opt/nuclio/shared_storage/mnist_all/2/mnist_test_2_00837.png', 'image_id': 'a700153f-27d3-437d-a7fe-91a73ace989c', 'diagnostic_weight_epsilon': 1.0, 'range_penalty_factor': 0.5, 'node_costs': {'NO_COST': 0.0, 'MINOR': 0.65, 'GENERAL': 0.75, 'SEVERE': 1.0, 'NO_MATCH': 1.5, 'IMPOSSIBLE': 10.0}, 'features': ['normalized_x', 'normalized_y', 'distance_to_centroid', 'horizontal_direction', 'vertical_direction', 'angle_with_ox', 'junction_angle_min', 'is_endpoint', 'is_corner', 'length_ratio_to_max', 'eccentricity', 'avg_neighbor_vector_length', 'neighbor_endpoint_count', 'neighbor_junction_count'], 'mlflow_experiment_id': '4', 'mlflow_run_id': 'b586b24a868744d3aff0659ed46c898f', 'session_id': '0bb7ae9b-eec3-4607-b9a0-3e0c501b09af', 'image_width': 100, 'image_height': 100}","{'skeletonization_time_ms': 215.210001, 'contour_analysis_time_ms': 790.495334, 'classification_time_ms': 1258.105376}",6,False
success,d76efd8f-e87a-46db-ad2a-5a462da5a4c4,,/opt/nuclio/shared_storage/mnist_all/2/mnist_test_2_00601.png,2,"[{""concept_id"": ""3_1"", ""is_minor"": true, ""message"": ""Similarity between image and concept 3_1: 0.488"", ""similarity"": 0.488, ""concept_complexity"": 21, ""image_complexity"": 25}, {""concept_id"": ""4_2"", ""is_minor"": true, ""message"": ""Similarity between image and concept 4_2: 0.5194"", ""similarity"": 0.5194, ""concept_complexity"": 13, ""image_complexity"": 25}, {""concept_id"": ""7_1"", ""is_minor"": true, ""message"": ""Similarity between image and concept 7_1: 0.5066"", ""similarity"": 0.5066, ""concept_complexity"": 9, ""image_complexity"": 25}, {""concept_id"": ""2_1"", ""is_minor"": true, ""message"": ""Similarity between image and concept 2_1: 0.4659"", ""similarity"": 0.4659, ""concept_complexity"": 13, ""image_complexity"": 25}, {""concept_id"": ""5_1"", ""is_minor"": true, ""message"": ""Similarity between image and concept 5_1: 0.4187"", ""similarity"": 0.4187, ""concept_complexity"": 17, ""image_complexity"": 25}, {""concept_id"": ""1_1"", ""is_minor"": true, ""message"": ""Similarity between image and concept 1_1: 0.3342"", ""similarity"": 0.3342, ""concept_complexity"": 13, ""image_complexity"": 25}, {""concept_id"": ""1_3"", ""is_minor"": true, ""message"": ""Similarity between image and concept 1_3: 0.406"", ""similarity"": 0.406, ""concept_complexity"": 5, ""image_complexity"": 25}, {""concept_id"": ""0_1"", ""is_minor"": false, ""message"": ""Preprocessing failed: Concept has corner points but image does not."", ""similarity"": 0.0, ""concept_complexity"": 0, ""image_complexity"": 0}, {""concept_id"": ""2_2"", ""is_minor"": false, ""message"": ""Preprocessing failed: Concept has intersection points but image does not."", ""similarity"": 0.0, ""concept_complexity"": 0, ""image_complexity"": 0}, {""concept_id"": ""4_1"", ""is_minor"": false, ""message"": ""Preprocessing failed: Concept has intersection points but image does not."", ""similarity"": 0.0, ""concept_complexity"": 0, ""image_complexity"": 0}, {""concept_id"": ""6_1"", ""is_minor"": false, ""message"": ""Preprocessing failed: Concept has intersection points but image does not."", ""similarity"": 0.0, ""concept_complexity"": 0, ""image_complexity"": 0}, {""concept_id"": ""8_2"", ""is_minor"": false, ""message"": ""Preprocessing failed: Concept has intersection points but image does not."", ""similarity"": 0.0, ""concept_complexity"": 0, ""image_complexity"": 0}, {""concept_id"": ""9_2"", ""is_minor"": false, ""message"": ""Preprocessing failed: Concept has intersection points but image does not."", ""similarity"": 0.0, ""concept_complexity"": 0, ""image_complexity"": 0}]","{'ged_timeout': 5, 'skeletonization_threshold': 95, 'simplification_epsilon': 4.55, 'comparison_method': 'ged', 'fgw_alpha': 0.5, 'image_path': '/opt/nuclio/shared_storage/mnist_all/2/mnist_test_2_00601.png', 'image_id': 'd76efd8f-e87a-46db-ad2a-5a462da5a4c4', 'diagnostic_weight_epsilon': 1.0, 'range_penalty_factor': 0.5, 'node_costs': {'NO_COST': 0.0, 'MINOR': 0.65, 'GENERAL': 0.75, 'SEVERE': 1.0, 'NO_MATCH': 1.5, 'IMPOSSIBLE': 10.0}, 'features': ['normalized_x', 'normalized_y', 'distance_to_centroid', 'horizontal_direction', 'vertical_direction', 'angle_with_ox', 'junction_angle_min', 'is_endpoint', 'is_corner', 'length_ratio_to_max', 'eccentricity', 'avg_neighbor_vector_length', 'neighbor_endpoint_count', 'neighbor_junction_count'], 'mlflow_experiment_id': '4', 'mlflow_run_id': 'b586b24a868744d3aff0659ed46c898f', 'session_id': 'ed421c30-f768-41cb-a339-2a78f2d53b64', 'image_width': 100, 'image_height': 100}","{'skeletonization_time_ms': 462.926584, 'contour_analysis_time_ms': 1069.353875, 'classification_time_ms': 232.670542}",3,False
success,47ea0075-475e-4077-b41e-4f13a0ad911c,,/opt/nuclio/shared_storage/mnist_all/1/mnist_test_1_00866.png,1,"[{""concept_id"": ""7_1"", ""is_minor"": true, ""message"": ""Similarity between image and concept 7_1: 0.3706"", ""similarity"": 0.3706, ""concept_complexity"": 9, ""image_complexity"": 9}, {""concept_id"": ""1_3"", ""is_minor"": true, ""message"": ""Similarity between image and concept 1_3: 0.3638"", ""similarity"": 0.3638, ""concept_complexity"": 5, ""image_complexity"": 9}]","{'ged_timeout': 5, 'skeletonization_threshold': 110, 'simplification_epsilon': 4.55, 'comparison_method': 'ged', 'fgw_alpha': 0.5, 'image_path': '/opt/nuclio/shared_storage/mnist_all/1/mnist_test_1_00866.png', 'image_id': '47ea0075-475e-4077-b41e-4f13a0ad911c', 'diagnostic_weight_epsilon': 1.0, 'range_penalty_factor': 0.5, 'node_costs': {'NO_COST': 0.0, 'MINOR': 0.65, 'GENERAL': 0.75, 'SEVERE': 1.0, 'NO_MATCH': 1.5, 'IMPOSSIBLE': 10.0}, 'features': ['normalized_x', 'normalized_y', 'distance_to_centroid', 'horizontal_direction', 'vertical_direction', 'angle_with_ox', 'junction_angle_min', 'is_endpoint', 'is_corner', 'length_ratio_to_max', 'eccentricity', 'avg_neighbor_vector_length', 'neighbor_endpoint_count', 'neighbor_junction_count'], 'mlflow_experiment_id': '4', 'mlflow_run_id': 'b586b24a868744d3aff0659ed46c898f', 'session_id': 'ff1ba68e-7151-4463-8e28-a32af814bef9', 'image_width': 100, 'image_height': 100}","{'skeletonization_time_ms': 201.680208, 'contour_analysis_time_ms': 1656.576626, 'classification_time_ms': 43.901625}",7,False
success,497bb73f-eeb7-4c06-9640-60a43cc96aeb,,/opt/nuclio/shared_storage/mnist_all/2/mnist_test_2_00425.png,2,"[{""concept_id"": ""7_1"", ""is_minor"": true, ""message"": ""Similarity between image and concept 7_1: 0.5842"", ""similarity"": 0.5842, ""concept_complexity"": 9, ""image_complexity"": 21}, {""concept_id"": ""2_1"", ""is_minor"": true, ""message"": ""Similarity between image and concept 2_1: 0.5345"", ""similarity"": 0.5345, ""concept_complexity"": 13, ""image_complexity"": 21}, {""concept_id"": ""4_2"", ""is_minor"": true, ""message"": ""Similarity between image and concept 4_2: 0.5238"", ""similarity"": 0.5238, ""concept_complexity"": 13, ""image_complexity"": 21}, {""concept_id"": ""5_1"", ""is_minor"": true, ""message"": ""Similarity between image and concept 5_1: 0.3619"", ""similarity"": 0.3619, ""concept_complexity"": 17, ""image_complexity"": 21}, {""concept_id"": ""1_3"", ""is_minor"": true, ""message"": ""Similarity between image and concept 1_3: 0.4202"", ""similarity"": 0.4202, ""concept_complexity"": 5, ""image_complexity"": 21}, {""concept_id"": ""1_1"", ""is_minor"": true, ""message"": ""Similarity between image and concept 1_1: 0.3177"", ""similarity"": 0.3177, ""concept_complexity"": 13, ""image_complexity"": 21}, {""concept_id"": ""0_1"", ""is_minor"": false, ""message"": ""Preprocessing failed: Concept has corner points but image does not."", ""similarity"": 0.0, ""concept_complexity"": 0, ""image_complexity"": 0}, {""concept_id"": ""2_2"", ""is_minor"": false, ""message"": ""Preprocessing failed: Concept has intersection points but image does not."", ""similarity"": 0.0, ""concept_complexity"": 0, ""image_complexity"": 0}, {""concept_id"": ""3_1"", ""is_minor"": false, ""message"": ""Preprocessing failed: Concept has more corner points than image."", ""similarity"": 0.0, ""concept_complexity"": 0, ""image_complexity"": 0}, {""concept_id"": ""4_1"", ""is_minor"": false, ""message"": ""Preprocessing failed: Concept has intersection points but image does not."", ""similarity"": 0.0, ""concept_complexity"": 0, ""image_complexity"": 0}, {""concept_id"": ""6_1"", ""is_minor"": false, ""message"": ""Preprocessing failed: Concept has intersection points but image does not."", ""similarity"": 0.0, ""concept_complexity"": 0, ""image_complexity"": 0}, {""concept_id"": ""8_2"", ""is_minor"": false, ""message"": ""Preprocessing failed: Concept has intersection points but image does not."", ""similarity"": 0.0, ""concept_complexity"": 0, ""image_complexity"": 0}, {""concept_id"": ""9_2"", ""is_minor"": false, ""message"": ""Preprocessing failed: Concept has intersection points but image does not."", ""similarity"": 0.0, ""concept_complexity"": 0, ""image_complexity"": 0}]","{'ged_timeout': 5, 'skeletonization_threshold': 110, 'simplification_epsilon': 4.55, 'comparison_method': 'ged', 'fgw_alpha': 0.5, 'image_path': '/opt/nuclio/shared_storage/mnist_all/2/mnist_test_2_00425.png', 'image_id': '497bb73f-eeb7-4c06-9640-60a43cc96aeb', 'diagnostic_weight_epsilon': 1.0, 'range_penalty_factor': 0.5, 'node_costs': {'NO_COST': 0.0, 'MINOR': 0.65, 'GENERAL': 0.75, 'SEVERE': 1.0, 'NO_MATCH': 1.5, 'IMPOSSIBLE': 10.0}, 'features': ['normalized_x', 'normalized_y', 'distance_to_centroid', 'horizontal_direction', 'vertical_direction', 'angle_with_ox', 'junction_angle_min', 'is_endpoint', 'is_corner', 'length_ratio_to_max', 'eccentricity', 'avg_neighbor_vector_length', 'neighbor_endpoint_count', 'neighbor_junction_count'], 'mlflow_experiment_id': '4', 'mlflow_run_id': 'b586b24a868744d3aff0659ed46c898f', 'session_id': '6d668dd8-690a-4836-96d5-8360a19ddcc2', 'image_width': 100, 'image_height': 100}","{'skeletonization_time_ms': 241.056292, 'contour_analysis_time_ms': 643.323, 'classification_time_ms': 269.027626}",7,False
success,05bf7ff4-2940-4e33-aef1-ac5d577f3dd6,,/opt/nuclio/shared_storage/mnist_all/2/mnist_test_2_00076.png,2,"[{""concept_id"": ""3_1"", ""is_minor"": true, ""message"": ""Similarity between image and concept 3_1: 0.526"", ""similarity"": 0.526, ""concept_complexity"": 21, ""image_complexity"": 25}, {""concept_id"": ""2_1"", ""is_minor"": true, ""message"": ""Similarity between image and concept 2_1: 0.5193"", ""similarity"": 0.5193, ""concept_complexity"": 13, ""image_complexity"": 25}, {""concept_id"": ""4_2"", ""is_minor"": true, ""message"": ""Similarity between image and concept 4_2: 0.484"", ""similarity"": 0.484, ""concept_complexity"": 13, ""image_complexity"": 25}, {""concept_id"": ""5_1"", ""is_minor"": true, ""message"": ""Similarity between image and concept 5_1: 0.4144"", ""similarity"": 0.4144, ""concept_complexity"": 17, ""image_complexity"": 25}, {""concept_id"": ""7_1"", ""is_minor"": true, ""message"": ""Similarity between image and concept 7_1: 0.4683"", ""similarity"": 0.4683, ""concept_complexity"": 9, ""image_complexity"": 25}, {""concept_id"": ""1_1"", ""is_minor"": true, ""message"": ""Similarity between image and concept 1_1: 0.3303"", ""similarity"": 0.3303, ""concept_complexity"": 13, ""image_complexity"": 25}, {""concept_id"": ""1_3"", ""is_minor"": true, ""message"": ""Similarity between image and concept 1_3: 0.4064"", ""similarity"": 0.4064, ""concept_complexity"": 5, ""image_complexity"": 25}, {""concept_id"": ""0_1"", ""is_minor"": false, ""message"": ""Preprocessing failed: Concept has corner points but image does not."", ""similarity"": 0.0, ""concept_complexity"": 0, ""image_complexity"": 0}, {""concept_id"": ""2_2"", ""is_minor"": false, ""message"": ""Preprocessing failed: Concept has intersection points but image does not."", ""similarity"": 0.0, ""concept_complexity"": 0, ""image_complexity"": 0}, {""concept_id"": ""4_1"", ""is_minor"": false, ""message"": ""Preprocessing failed: Concept has intersection points but image does not."", ""similarity"": 0.0, ""concept_complexity"": 0, ""image_complexity"": 0}, {""concept_id"": ""6_1"", ""is_minor"": false, ""message"": ""Preprocessing failed: Concept has intersection points but image does not."", ""similarity"": 0.0, ""concept_complexity"": 0, ""image_complexity"": 0}, {""concept_id"": ""8_2"", ""is_minor"": false, ""message"": ""Preprocessing failed: Concept has intersection points but image does not."", ""similarity"": 0.0, ""concept_complexity"": 0, ""image_complexity"": 0}, {""concept_id"": ""9_2"", ""is_minor"": false, ""message"": ""Preprocessing failed: Concept has intersection points but image does not."", ""similarity"": 0.0, ""concept_complexity"": 0, ""image_complexity"": 0}]","{'ged_timeout': 5, 'skeletonization_threshold': 110, 'simplification_epsilon': 4.55, 'comparison_method': 'ged', 'fgw_alpha': 0.5, 'image_path': '/opt/nuclio/shared_storage/mnist_all/2/mnist_test_2_00076.png', 'image_id': '05bf7ff4-2940-4e33-aef1-ac5d577f3dd6', 'diagnostic_weight_epsilon': 1.0, 'range_penalty_factor': 0.5, 'node_costs': {'NO_COST': 0.0, 'MINOR': 0.65, 'GENERAL': 0.75, 'SEVERE': 1.0, 'NO_MATCH': 1.5, 'IMPOSSIBLE': 10.0}, 'features': ['normalized_x', 'normalized_y', 'distance_to_centroid', 'horizontal_direction', 'vertical_direction', 'angle_with_ox', 'junction_angle_min', 'is_endpoint', 'is_corner', 'length_ratio_to_max', 'eccentricity', 'avg_neighbor_vector_length', 'neighbor_endpoint_count', 'neighbor_junction_count'], 'mlflow_experiment_id': '4', 'mlflow_run_id': 'b586b24a868744d3aff0659ed46c898f', 'session_id': '54682d30-a080-4a6d-b91c-88644a9152b2', 'image_width': 100, 'image_height': 100}","{'skeletonization_time_ms': 313.843292, 'contour_analysis_time_ms': 1212.549875, 'classification_time_ms': 187.021042}",3,False
success,73d9d4fb-69de-4758-bb8f-6e98fd23f812,,/opt/nuclio/shared_storage/mnist_all/2/mnist_test_2_00451.png,2,"[{""concept_id"": ""6_1"", ""is_minor"": true, ""message"": ""Similarity between image and concept 6_1: 0.5795"", ""similarity"": 0.5795, ""concept_complexity"": 20, ""image_complexity"": 32}, {""concept_id"": ""2_2"", ""is_minor"": true, ""message"": ""Similarity between image and concept 2_2: 0.5515"", ""similarity"": 0.5515, ""concept_complexity"": 20, ""image_complexity"": 32}, {""concept_id"": ""8_2"", ""is_minor"": true, ""message"": ""Similarity between image and concept 8_2: 0.5427"", ""similarity"": 0.5427, ""concept_complexity"": 20, ""image_complexity"": 32}, {""concept_id"": ""0_1"", ""is_minor"": true, ""message"": ""Similarity between image and concept 0_1: 0.4517"", ""similarity"": 0.4517, ""concept_complexity"": 20, ""image_complexity"": 32}, {""concept_id"": ""8_1"", ""is_minor"": true, ""message"": ""Similarity between image and concept 8_1: 0.4118"", ""similarity"": 0.4118, ""concept_complexity"": 27, ""image_complexity"": 32}, {""concept_id"": ""4_1"", ""is_minor"": true, ""message"": ""Similarity between image and concept 4_1: 0.4247"", ""similarity"": 0.4247, ""concept_complexity"": 16, ""image_complexity"": 32}, {""concept_id"": ""9_2"", ""is_minor"": true, ""message"": ""Similarity between image and concept 9_2: 0.4187"", ""similarity"": 0.4187, ""concept_complexity"": 16, ""image_complexity"": 32}, {""concept_id"": ""1_3"", ""is_minor"": true, ""message"": ""Similarity between image and concept 1_3: 0.2768"", ""similarity"": 0.2768, ""concept_complexity"": 5, ""image_complexity"": 32}, {""concept_id"": ""1_1"", ""is_minor"": false, ""message"": ""Preprocessing failed: Concept has more endpoints than image."", ""similarity"": 0.0, ""concept_complexity"": 0, ""image_complexity"": 0}, {""concept_id"": ""2_1"", ""is_minor"": false, ""message"": ""Preprocessing failed: Concept has endpoints but image does not."", ""similarity"": 0.0, ""concept_complexity"": 0, ""image_complexity"": 0}, {""concept_id"": ""3_1"", ""is_minor"": false, ""message"": ""Preprocessing failed: Concept has endpoints but image does not."", ""similarity"": 0.0, ""concept_complexity"": 0, ""image_complexity"": 0}, {""concept_id"": ""4_2"", ""is_minor"": false, ""message"": ""Preprocessing failed: Concept has more endpoints than image."", ""similarity"": 0.0, ""concept_complexity"": 0, ""image_complexity"": 0}, {""concept_id"": ""5_1"", ""is_minor"": false, ""message"": ""Preprocessing failed: Concept has endpoints but image does not."", ""similarity"": 0.0, ""concept_complexity"": 0, ""image_complexity"": 0}, {""concept_id"": ""7_1"", ""is_minor"": false, ""message"": ""Preprocessing failed: Concept has endpoints but image does not."", ""similarity"": 0.0, ""concept_complexity"": 0, ""image_complexity"": 0}]","{'ged_timeout': 5, 'skeletonization_threshold': 110, 'simplification_epsilon': 4.55, 'comparison_method': 'ged', 'fgw_alpha': 0.5, 'image_path': '/opt/nuclio/shared_storage/mnist_all/2/mnist_test_2_00451.png', 'image_id': '73d9d4fb-69de-4758-bb8f-6e98fd23f812', 'diagnostic_weight_epsilon': 1.0, 'range_penalty_factor': 0.5, 'node_costs': {'NO_COST': 0.0, 'MINOR': 0.65, 'GENERAL': 0.75, 'SEVERE': 1.0, 'NO_MATCH': 1.5, 'IMPOSSIBLE': 10.0}, 'features': ['normalized_x', 'normalized_y', 'distance_to_centroid', 'horizontal_direction', 'vertical_direction', 'angle_with_ox', 'junction_angle_min', 'is_endpoint', 'is_corner', 'length_ratio_to_max', 'eccentricity', 'avg_neighbor_vector_length', 'neighbor_endpoint_count', 'neighbor_junction_count'], 'mlflow_experiment_id': '4', 'mlflow_run_id': 'b586b24a868744d3aff0659ed46c898f', 'session_id': 'e45e5396-98db-466d-8a11-e46adefb241b', 'image_width': 100, 'image_height': 100}","{'skeletonization_time_ms': 82.41775, 'contour_analysis_time_ms': 677.556292, 'classification_time_ms': 1085.59775}",6,False
success,e2698183-56e9-40be-9fa5-08e6694c1db6,,/opt/nuclio/shared_storage/mnist_all/2/mnist_test_2_00356.png,2,"[{""concept_id"": ""9_2"", ""is_minor"": true, ""message"": ""Similarity between image and concept 9_2: 0.5185"", ""similarity"": 0.5185, ""concept_complexity"": 16, ""image_complexity"": 32}, {""concept_id"": ""6_1"", ""is_minor"": true, ""message"": ""Similarity between image and concept 6_1: 0.471"", ""similarity"": 0.471, ""concept_complexity"": 20, ""image_complexity"": 32}, {""concept_id"": ""4_1"", ""is_minor"": true, ""message"": ""Similarity between image and concept 4_1: 0.4171"", ""similarity"": 0.4171, ""concept_complexity"": 16, ""image_complexity"": 32}, {""concept_id"": ""2_2"", ""is_minor"": true, ""message"": ""Similarity between image and concept 2_2: 0.3716"", ""similarity"": 0.3716, ""concept_complexity"": 20, ""image_complexity"": 32}, {""concept_id"": ""0_1"", ""is_minor"": true, ""message"": ""Similarity between image and concept 0_1: 0.3584"", ""similarity"": 0.3584, ""concept_complexity"": 20, ""image_complexity"": 32}, {""concept_id"": ""8_1"", ""is_minor"": true, ""message"": ""Similarity between image and concept 8_1: 0.3106"", ""similarity"": 0.3106, ""concept_complexity"": 27, ""image_complexity"": 32}, {""concept_id"": ""1_1"", ""is_minor"": false, ""message"": ""Preprocessing failed: Concept has more endpoints than image."", ""similarity"": 0.0, ""concept_complexity"": 0, ""image_complexity"": 0}, {""concept_id"": ""1_3"", ""is_minor"": false, ""message"": ""Preprocessing failed: Concept has more endpoints than image."", ""similarity"": 0.0, ""concept_complexity"": 0, ""image_complexity"": 0}, {""concept_id"": ""2_1"", ""is_minor"": false, ""message"": ""Preprocessing failed: Concept has endpoints but image does not."", ""similarity"": 0.0, ""concept_complexity"": 0, ""image_complexity"": 0}, {""concept_id"": ""3_1"", ""is_minor"": false, ""message"": ""Preprocessing failed: Concept has endpoints but image does not."", ""similarity"": 0.0, ""concept_complexity"": 0, ""image_complexity"": 0}, {""concept_id"": ""4_2"", ""is_minor"": false, ""message"": ""Preprocessing failed: Concept has more endpoints than image."", ""similarity"": 0.0, ""concept_complexity"": 0, ""image_complexity"": 0}, {""concept_id"": ""5_1"", ""is_minor"": false, ""message"": ""Preprocessing failed: Concept has corner points but image does not."", ""similarity"": 0.0, ""concept_complexity"": 0, ""image_complexity"": 0}, {""concept_id"": ""7_1"", ""is_minor"": false, ""message"": ""Preprocessing failed: Concept has endpoints but image does not."", ""similarity"": 0.0, ""concept_complexity"": 0, ""image_complexity"": 0}, {""concept_id"": ""8_2"", ""is_minor"": false, ""message"": ""Preprocessing failed: Concept has more endpoints than image."", ""similarity"": 0.0, ""concept_complexity"": 0, ""image_complexity"": 0}]","{'ged_timeout': 5, 'skeletonization_threshold': 110, 'simplification_epsilon': 4.55, 'comparison_method': 'ged', 'fgw_alpha': 0.5, 'image_path': '/opt/nuclio/shared_storage/mnist_all/2/mnist_test_2_00356.png', 'image_id': 'e2698183-56e9-40be-9fa5-08e6694c1db6', 'diagnostic_weight_epsilon': 1.0, 'range_penalty_factor': 0.5, 'node_costs': {'NO_COST': 0.0, 'MINOR': 0.65, 'GENERAL': 0.75, 'SEVERE': 1.0, 'NO_MATCH': 1.5, 'IMPOSSIBLE': 10.0}, 'features': ['normalized_x', 'normalized_y', 'distance_to_centroid', 'horizontal_direction', 'vertical_direction', 'angle_with_ox', 'junction_angle_min', 'is_endpoint', 'is_corner', 'length_ratio_to_max', 'eccentricity', 'avg_neighbor_vector_length', 'neighbor_endpoint_count', 'neighbor_junction_count'], 'mlflow_experiment_id': '4', 'mlflow_run_id': 'b586b24a868744d3aff0659ed46c898f', 'session_id': '9a74fc98-d8fd-40c3-a757-983ce18fcbb6', 'image_width': 100, 'image_height': 100}","{'skeletonization_time_ms': 154.402, 'contour_analysis_time_ms': 885.2695, 'classification_time_ms': 1188.650292}",9,False
success,3634b491-c289-4be9-a47a-30f25aed004d,,/opt/nuclio/shared_storage/mnist_all/2/mnist_test_2_00022.png,2,"[{""concept_id"": ""8_2"", ""is_minor"": true, ""message"": ""Similarity between image and concept 8_2: 0.521"", ""similarity"": 0.521, ""concept_complexity"": 20, ""image_complexity"": 32}, {""concept_id"": ""2_2"", ""is_minor"": true, ""message"": ""Similarity between image and concept 2_2: 0.4966"", ""similarity"": 0.4966, ""concept_complexity"": 20, ""image_complexity"": 32}, {""concept_id"": ""6_1"", ""is_minor"": true, ""message"": ""Similarity between image and concept 6_1: 0.4962"", ""similarity"": 0.4962, ""concept_complexity"": 20, ""image_complexity"": 32}, {""concept_id"": ""4_2"", ""is_minor"": true, ""message"": ""Similarity between image and concept 4_2: 0.5252"", ""similarity"": 0.5252, ""concept_complexity"": 13, ""image_complexity"": 32}, {""concept_id"": ""4_1"", ""is_minor"": true, ""message"": ""Similarity between image and concept 4_1: 0.4185"", ""similarity"": 0.4185, ""concept_complexity"": 16, ""image_complexity"": 32}, {""concept_id"": ""0_1"", ""is_minor"": true, ""message"": ""Similarity between image and concept 0_1: 0.3843"", ""similarity"": 0.3843, ""concept_complexity"": 20, ""image_complexity"": 32}, {""concept_id"": ""8_1"", ""is_minor"": true, ""message"": ""Similarity between image and concept 8_1: 0.3446"", ""similarity"": 0.3446, ""concept_complexity"": 27, ""image_complexity"": 32}, {""concept_id"": ""9_2"", ""is_minor"": true, ""message"": ""Similarity between image and concept 9_2: 0.361"", ""similarity"": 0.361, ""concept_complexity"": 16, ""image_complexity"": 32}, {""concept_id"": ""1_1"", ""is_minor"": true, ""message"": ""Similarity between image and concept 1_1: 0.3775"", ""similarity"": 0.3775, ""concept_complexity"": 13, ""image_complexity"": 32}, {""concept_id"": ""1_3"", ""is_minor"": true, ""message"": ""Similarity between image and concept 1_3: 0.2625"", ""similarity"": 0.2625, ""concept_complexity"": 5, ""image_complexity"": 32}, {""concept_id"": ""2_1"", ""is_minor"": false, ""message"": ""Preprocessing failed: Concept has more corner points than image."", ""similarity"": 0.0, ""concept_complexity"": 0, ""image_complexity"": 0}, {""concept_id"": ""3_1"", ""is_minor"": false, ""message"": ""Preprocessing failed: Concept has endpoints but image does not."", ""similarity"": 0.0, ""concept_complexity"": 0, ""image_complexity"": 0}, {""concept_id"": ""5_1"", ""is_minor"": false, ""message"": ""Preprocessing failed: Concept has more corner points than image."", ""similarity"": 0.0, ""concept_complexity"": 0, ""image_complexity"": 0}, {""concept_id"": ""7_1"", ""is_minor"": false, ""message"": ""Preprocessing failed: Concept has endpoints but image does not."", ""similarity"": 0.0, ""concept_complexity"": 0, ""image_complexity"": 0}]","{'ged_timeout': 5, 'skeletonization_threshold': 110, 'simplification_epsilon': 4.55, 'comparison_method': 'ged', 'fgw_alpha': 0.5, 'image_path': '/opt/nuclio/shared_storage/mnist_all/2/mnist_test_2_00022.png', 'image_id': '3634b491-c289-4be9-a47a-30f25aed004d', 'diagnostic_weight_epsilon': 1.0, 'range_penalty_factor': 0.5, 'node_costs': {'NO_COST': 0.0, 'MINOR': 0.65, 'GENERAL': 0.75, 'SEVERE': 1.0, 'NO_MATCH': 1.5, 'IMPOSSIBLE': 10.0}, 'features': ['normalized_x', 'normalized_y', 'distance_to_centroid', 'horizontal_direction', 'vertical_direction', 'angle_with_ox', 'junction_angle_min', 'is_endpoint', 'is_corner', 'length_ratio_to_max', 'eccentricity', 'avg_neighbor_vector_length', 'neighbor_endpoint_count', 'neighbor_junction_count'], 'mlflow_experiment_id': '4', 'mlflow_run_id': 'b586b24a868744d3aff0659ed46c898f', 'session_id': 'fa99772b-d519-48a8-9b81-85892a8f6fdf', 'image_width': 100, 'image_height': 100}","{'skeletonization_time_ms': 95.951583, 'contour_analysis_time_ms': 578.33575, 'classification_time_ms': 542.896875}",8,False
success,e84c98da-4ccb-439a-9f00-5a5e45d30886,,/opt/nuclio/shared_storage/mnist_all/2/mnist_test_2_00855.png,2,"[{""concept_id"": ""4_2"", ""is_minor"": true, ""message"": ""Similarity between image and concept 4_2: 0.4986"", ""similarity"": 0.4986, ""concept_complexity"": 13, ""image_complexity"": 17}, {""concept_id"": ""2_1"", ""is_minor"": true, ""message"": ""Similarity between image and concept 2_1: 0.488"", ""similarity"": 0.488, ""concept_complexity"": 13, ""image_complexity"": 17}, {""concept_id"": ""7_1"", ""is_minor"": true, ""message"": ""Similarity between image and concept 7_1: 0.4472"", ""similarity"": 0.4472, ""concept_complexity"": 9, ""image_complexity"": 17}, {""concept_id"": ""1_1"", ""is_minor"": true, ""message"": ""Similarity between image and concept 1_1: 0.3087"", ""similarity"": 0.3087, ""concept_complexity"": 13, ""image_complexity"": 17}, {""concept_id"": ""1_3"", ""is_minor"": true, ""message"": ""Similarity between image and concept 1_3: 0.3288"", ""similarity"": 0.3288, ""concept_complexity"": 5, ""image_complexity"": 17}, {""concept_id"": ""4_1"", ""is_minor"": false, ""message"": ""Preprocessing failed: Concept has intersection points but image does not."", ""similarity"": 0.0, ""concept_complexity"": 0, ""image_complexity"": 0}, {""concept_id"": ""5_1"", ""is_minor"": false, ""message"": ""Preprocessing failed: Concept has more corner points than image."", ""similarity"": 0.0, ""concept_complexity"": 0, ""image_complexity"": 0}, {""concept_id"": ""9_2"", ""is_minor"": false, ""message"": ""Preprocessing failed: Concept has intersection points but image does not."", ""similarity"": 0.0, ""concept_complexity"": 0, ""image_complexity"": 0}]","{'ged_timeout': 5, 'skeletonization_threshold': 110, 'simplification_epsilon': 4.55, 'comparison_method': 'ged', 'fgw_alpha': 0.5, 'image_path': '/opt/nuclio/shared_storage/mnist_all/2/mnist_test_2_00855.png', 'image_id': 'e84c98da-4ccb-439a-9f00-5a5e45d30886', 'diagnostic_weight_epsilon': 1.0, 'range_penalty_factor': 0.5, 'node_costs': {'NO_COST': 0.0, 'MINOR': 0.65, 'GENERAL': 0.75, 'SEVERE': 1.0, 'NO_MATCH': 1.5, 'IMPOSSIBLE': 10.0}, 'features': ['normalized_x', 'normalized_y', 'distance_to_centroid', 'horizontal_direction', 'vertical_direction', 'angle_with_ox', 'junction_angle_min', 'is_endpoint', 'is_corner', 'length_ratio_to_max', 'eccentricity', 'avg_neighbor_vector_length', 'neighbor_endpoint_count', 'neighbor_junction_count'], 'mlflow_experiment_id': '4', 'mlflow_run_id': 'b586b24a868744d3aff0659ed46c898f', 'session_id': 'bbd355e6-9574-4bc6-9fe7-77fa0fecd729', 'image_width': 100, 'image_height': 100}","{'skeletonization_time_ms': 180.119042, 'contour_analysis_time_ms': 712.206126, 'classification_time_ms': 134.236625}",4,False
success,f0112478-dfa8-4bd3-88ed-6b94077c45ec,,/opt/nuclio/shared_storage/mnist_all/1/mnist_test_1_00931.png,1,"[{""concept_id"": ""7_1"", ""is_minor"": true, ""message"": ""Similarity between image and concept 7_1: 0.4122"", ""similarity"": 0.4122, ""concept_complexity"": 9, ""image_complexity"": 13}, {""concept_id"": ""1_3"", ""is_minor"": true, ""message"": ""Similarity between image and concept 1_3: 0.4127"", ""similarity"": 0.4127, ""concept_complexity"": 5, ""image_complexity"": 13}, {""concept_id"": ""1_1"", ""is_minor"": false, ""message"": ""Preprocessing failed: Concept has more endpoints than image."", ""similarity"": 0.0, ""concept_complexity"": 0, ""image_complexity"": 0}, {""concept_id"": ""2_1"", ""is_minor"": false, ""message"": ""Preprocessing failed: Concept has more corner points than image."", ""similarity"": 0.0, ""concept_complexity"": 0, ""image_complexity"": 0}, {""concept_id"": ""4_2"", ""is_minor"": false, ""message"": ""Preprocessing failed: Concept has more endpoints than image."", ""similarity"": 0.0, ""concept_complexity"": 0, ""image_complexity"": 0}]","{'ged_timeout': 5, 'skeletonization_threshold': 110, 'simplification_epsilon': 4.55, 'comparison_method': 'ged', 'fgw_alpha': 0.5, 'image_path': '/opt/nuclio/shared_storage/mnist_all/1/mnist_test_1_00931.png', 'image_id': 'f0112478-dfa8-4bd3-88ed-6b94077c45ec', 'diagnostic_weight_epsilon': 1.0, 'range_penalty_factor': 0.5, 'node_costs': {'NO_COST': 0.0, 'MINOR': 0.65, 'GENERAL': 0.75, 'SEVERE': 1.0, 'NO_MATCH': 1.5, 'IMPOSSIBLE': 10.0}, 'features': ['normalized_x', 'normalized_y', 'distance_to_centroid', 'horizontal_direction', 'vertical_direction', 'angle_with_ox', 'junction_angle_min', 'is_endpoint', 'is_corner', 'length_ratio_to_max', 'eccentricity', 'avg_neighbor_vector_length', 'neighbor_endpoint_count', 'neighbor_junction_count'], 'mlflow_experiment_id': '4', 'mlflow_run_id': 'b586b24a868744d3aff0659ed46c898f', 'session_id': '7db20372-5d59-4b87-8ee7-90af41f2a6e8', 'image_width': 100, 'image_height': 100}","{'skeletonization_time_ms': 32.615958, 'contour_analysis_time_ms': 1147.840043, 'classification_time_ms': 92.052708}",7,False
success,0d86fcc7-7c98-4739-b739-02b8c3f6809a,,/opt/nuclio/shared_storage/mnist_all/1/mnist_test_1_00852.png,1,"[{""concept_id"": ""7_1"", ""is_minor"": true, ""message"": ""Similarity between image and concept 7_1: 0.6267"", ""similarity"": 0.6267, ""concept_complexity"": 9, ""image_complexity"": 9}, {""concept_id"": ""1_3"", ""is_minor"": true, ""message"": ""Similarity between image and concept 1_3: 0.3879"", ""similarity"": 0.3879, ""concept_complexity"": 5, ""image_complexity"": 9}]","{'ged_timeout': 5, 'skeletonization_threshold': 110, 'simplification_epsilon': 4.55, 'comparison_method': 'ged', 'fgw_alpha': 0.5, 'image_path': '/opt/nuclio/shared_storage/mnist_all/1/mnist_test_1_00852.png', 'image_id': '0d86fcc7-7c98-4739-b739-02b8c3f6809a', 'diagnostic_weight_epsilon': 1.0, 'range_penalty_factor': 0.5, 'node_costs': {'NO_COST': 0.0, 'MINOR': 0.65, 'GENERAL': 0.75, 'SEVERE': 1.0, 'NO_MATCH': 1.5, 'IMPOSSIBLE': 10.0}, 'features': ['normalized_x', 'normalized_y', 'distance_to_centroid', 'horizontal_direction', 'vertical_direction', 'angle_with_ox', 'junction_angle_min', 'is_endpoint', 'is_corner', 'length_ratio_to_max', 'eccentricity', 'avg_neighbor_vector_length', 'neighbor_endpoint_count', 'neighbor_junction_count'], 'mlflow_experiment_id': '4', 'mlflow_run_id': 'b586b24a868744d3aff0659ed46c898f', 'session_id': 'f30e0be2-3ce4-4b4d-b591-cfc47e1c564e', 'image_width': 100, 'image_height': 100}","{'skeletonization_time_ms': 49.239667, 'contour_analysis_time_ms': 1472.448459, 'classification_time_ms': 25.298875}",7,False
success,c7278b01-6bd9-4235-931e-061773aca6b3,,/opt/nuclio/shared_storage/mnist_all/1/mnist_test_1_01082.png,1,"[{""concept_id"": ""7_1"", ""is_minor"": true, ""message"": ""Similarity between image and concept 7_1: 0.4145"", ""similarity"": 0.4145, ""concept_complexity"": 9, ""image_complexity"": 13}, {""concept_id"": ""1_3"", ""is_minor"": true, ""message"": ""Similarity between image and concept 1_3: 0.4327"", ""similarity"": 0.4327, ""concept_complexity"": 5, ""image_complexity"": 13}, {""concept_id"": ""1_1"", ""is_minor"": false, ""message"": ""Preprocessing failed: Concept has more endpoints than image."", ""similarity"": 0.0, ""concept_complexity"": 0, ""image_complexity"": 0}, {""concept_id"": ""2_1"", ""is_minor"": false, ""message"": ""Preprocessing failed: Concept has more corner points than image."", ""similarity"": 0.0, ""concept_complexity"": 0, ""image_complexity"": 0}, {""concept_id"": ""4_2"", ""is_minor"": false, ""message"": ""Preprocessing failed: Concept has more endpoints than image."", ""similarity"": 0.0, ""concept_complexity"": 0, ""image_complexity"": 0}]","{'ged_timeout': 5, 'skeletonization_threshold': 110, 'simplification_epsilon': 4.55, 'comparison_method': 'ged', 'fgw_alpha': 0.5, 'image_path': '/opt/nuclio/shared_storage/mnist_all/1/mnist_test_1_01082.png', 'image_id': 'c7278b01-6bd9-4235-931e-061773aca6b3', 'diagnostic_weight_epsilon': 1.0, 'range_penalty_factor': 0.5, 'node_costs': {'NO_COST': 0.0, 'MINOR': 0.65, 'GENERAL': 0.75, 'SEVERE': 1.0, 'NO_MATCH': 1.5, 'IMPOSSIBLE': 10.0}, 'features': ['normalized_x', 'normalized_y', 'distance_to_centroid', 'horizontal_direction', 'vertical_direction', 'angle_with_ox', 'junction_angle_min', 'is_endpoint', 'is_corner', 'length_ratio_to_max', 'eccentricity', 'avg_neighbor_vector_length', 'neighbor_endpoint_count', 'neighbor_junction_count'], 'mlflow_experiment_id': '4', 'mlflow_run_id': 'b586b24a868744d3aff0659ed46c898f', 'session_id': '40e80379-1661-4ed0-b17e-c3175a872b61', 'image_width': 100, 'image_height': 100}","{'skeletonization_time_ms': 110.066125, 'contour_analysis_time_ms': 961.180667, 'classification_time_ms': 313.601417}",7,False
success,5fe5904c-eb06-4761-a384-ce74a860d071,,/opt/nuclio/shared_storage/mnist_all/2/mnist_test_2_00835.png,2,"[{""concept_id"": ""6_1"", ""is_minor"": true, ""message"": ""Similarity between image and concept 6_1: 0.5908"", ""similarity"": 0.5908, ""concept_complexity"": 20, ""image_complexity"": 28}, {""concept_id"": ""2_2"", ""is_minor"": true, ""message"": ""Similarity between image and concept 2_2: 0.5789"", ""similarity"": 0.5789, ""concept_complexity"": 20, ""image_complexity"": 28}, {""concept_id"": ""8_2"", ""is_minor"": true, ""message"": ""Similarity between image and concept 8_2: 0.516"", ""similarity"": 0.516, ""concept_complexity"": 20, ""image_complexity"": 28}, {""concept_id"": ""0_1"", ""is_minor"": true, ""message"": ""Similarity between image and concept 0_1: 0.4865"", ""similarity"": 0.4865, ""concept_complexity"": 20, ""image_complexity"": 28}, {""concept_id"": ""7_1"", ""is_minor"": true, ""message"": ""Similarity between image and concept 7_1: 0.5532"", ""similarity"": 0.5532, ""concept_complexity"": 9, ""image_complexity"": 28}, {""concept_id"": ""8_1"", ""is_minor"": true, ""message"": ""Similarity between image and concept 8_1: 0.3734"", ""similarity"": 0.3734, ""concept_complexity"": 27, ""image_complexity"": 28}, {""concept_id"": ""9_2"", ""is_minor"": true, ""message"": ""Similarity between image and concept 9_2: 0.403"", ""similarity"": 0.403, ""concept_complexity"": 16, ""image_complexity"": 28}, {""concept_id"": ""4_1"", ""is_minor"": true, ""message"": ""Similarity between image and concept 4_1: 0.3522"", ""similarity"": 0.3522, ""concept_complexity"": 16, ""image_complexity"": 28}, {""concept_id"": ""1_3"", ""is_minor"": true, ""message"": ""Similarity between image and concept 1_3: 0.4"", ""similarity"": 0.4, ""concept_complexity"": 5, ""image_complexity"": 28}, {""concept_id"": ""1_1"", ""is_minor"": false, ""message"": ""Preprocessing failed: Concept has more endpoints than image."", ""similarity"": 0.0, ""concept_complexity"": 0, ""image_complexity"": 0}, {""concept_id"": ""2_1"", ""is_minor"": false, ""message"": ""Preprocessing failed: Concept has more corner points than image."", ""similarity"": 0.0, ""concept_complexity"": 0, ""image_complexity"": 0}, {""concept_id"": ""3_1"", ""is_minor"": false, ""message"": ""Preprocessing failed: Concept has more corner points than image."", ""similarity"": 0.0, ""concept_complexity"": 0, ""image_complexity"": 0}, {""concept_id"": ""4_2"", ""is_minor"": false, ""message"": ""Preprocessing failed: Concept has more endpoints than image."", ""similarity"": 0.0, ""concept_complexity"": 0, ""image_complexity"": 0}, {""concept_id"": ""5_1"", ""is_minor"": false, ""message"": ""Preprocessing failed: Concept has more corner points than image."", ""similarity"": 0.0, ""concept_complexity"": 0, ""image_complexity"": 0}]","{'ged_timeout': 5, 'skeletonization_threshold': 110, 'simplification_epsilon': 4.55, 'comparison_method': 'ged', 'fgw_alpha': 0.5, 'image_path': '/opt/nuclio/shared_storage/mnist_all/2/mnist_test_2_00835.png', 'image_id': '5fe5904c-eb06-4761-a384-ce74a860d071', 'diagnostic_weight_epsilon': 1.0, 'range_penalty_factor': 0.5, 'node_costs': {'NO_COST': 0.0, 'MINOR': 0.65, 'GENERAL': 0.75, 'SEVERE': 1.0, 'NO_MATCH': 1.5, 'IMPOSSIBLE': 10.0}, 'features': ['normalized_x', 'normalized_y', 'distance_to_centroid', 'horizontal_direction', 'vertical_direction', 'angle_with_ox', 'junction_angle_min', 'is_endpoint', 'is_corner', 'length_ratio_to_max', 'eccentricity', 'avg_neighbor_vector_length', 'neighbor_endpoint_count', 'neighbor_junction_count'], 'mlflow_experiment_id': '4', 'mlflow_run_id': 'b586b24a868744d3aff0659ed46c898f', 'session_id': '5f87213b-ae32-4f82-9751-43c3cd53bc67', 'image_width': 100, 'image_height': 100}","{'skeletonization_time_ms': 104.126584, 'contour_analysis_time_ms': 1590.807834, 'classification_time_ms': 512.409792}",6,False
success,5e4faac8-e70a-41c1-be09-0467879f20f7,,/opt/nuclio/shared_storage/mnist_all/0/mnist_test_0_00251.png,0,"[{""concept_id"": ""1_3"", ""is_minor"": true, ""message"": ""Similarity between image and concept 1_3: 0.9242"", ""similarity"": 0.9242, ""concept_complexity"": 5, ""image_complexity"": 5}]","{'ged_timeout': 5, 'skeletonization_threshold': 110, 'simplification_epsilon': 4.55, 'comparison_method': 'ged', 'fgw_alpha': 0.5, 'image_path': '/opt/nuclio/shared_storage/mnist_all/0/mnist_test_0_00251.png', 'image_id': '5e4faac8-e70a-41c1-be09-0467879f20f7', 'diagnostic_weight_epsilon': 1.0, 'range_penalty_factor': 0.5, 'node_costs': {'NO_COST': 0.0, 'MINOR': 0.65, 'GENERAL': 0.75, 'SEVERE': 1.0, 'NO_MATCH': 1.5, 'IMPOSSIBLE': 10.0}, 'features': ['normalized_x', 'normalized_y', 'distance_to_centroid', 'horizontal_direction', 'vertical_direction', 'angle_with_ox', 'junction_angle_min', 'is_endpoint', 'is_corner', 'length_ratio_to_max', 'eccentricity', 'avg_neighbor_vector_length', 'neighbor_endpoint_count', 'neighbor_junction_count'], 'mlflow_experiment_id': '4', 'mlflow_run_id': 'b586b24a868744d3aff0659ed46c898f', 'session_id': '03e542d8-873f-4afd-9ca3-75d1023bdae7', 'image_width': 100, 'image_height': 100}","{'skeletonization_time_ms': 95.211833, 'contour_analysis_time_ms': 1471.070792, 'classification_time_ms': 36.66725}",1,False
success,f9295906-cc07-4f17-b8f6-7164946a697a,,/opt/nuclio/shared_storage/mnist_all/2/mnist_test_2_00304.png,2,"[{""concept_id"": ""4_2"", ""is_minor"": true, ""message"": ""Similarity between image and concept 4_2: 0.4862"", ""similarity"": 0.4862, ""concept_complexity"": 13, ""image_complexity"": 17}, {""concept_id"": ""7_1"", ""is_minor"": true, ""message"": ""Similarity between image and concept 7_1: 0.4544"", ""similarity"": 0.4544, ""concept_complexity"": 9, ""image_complexity"": 17}, {""concept_id"": ""1_1"", ""is_minor"": true, ""message"": ""Similarity between image and concept 1_1: 0.3841"", ""similarity"": 0.3841, ""concept_complexity"": 13, ""image_complexity"": 17}, {""concept_id"": ""2_1"", ""is_minor"": true, ""message"": ""Similarity between image and concept 2_1: 0.335"", ""similarity"": 0.335, ""concept_complexity"": 13, ""image_complexity"": 17}, {""concept_id"": ""1_3"", ""is_minor"": true, ""message"": ""Similarity between image and concept 1_3: 0.3849"", ""similarity"": 0.3849, ""concept_complexity"": 5, ""image_complexity"": 17}, {""concept_id"": ""4_1"", ""is_minor"": false, ""message"": ""Preprocessing failed: Concept has intersection points but image does not."", ""similarity"": 0.0, ""concept_complexity"": 0, ""image_complexity"": 0}, {""concept_id"": ""5_1"", ""is_minor"": false, ""message"": ""Preprocessing failed: Concept has more corner points than image."", ""similarity"": 0.0, ""concept_complexity"": 0, ""image_complexity"": 0}, {""concept_id"": ""9_2"", ""is_minor"": false, ""message"": ""Preprocessing failed: Concept has intersection points but image does not."", ""similarity"": 0.0, ""concept_complexity"": 0, ""image_complexity"": 0}]","{'ged_timeout': 5, 'skeletonization_threshold': 110, 'simplification_epsilon': 4.55, 'comparison_method': 'ged', 'fgw_alpha': 0.5, 'image_path': '/opt/nuclio/shared_storage/mnist_all/2/mnist_test_2_00304.png', 'image_id': 'f9295906-cc07-4f17-b8f6-7164946a697a', 'diagnostic_weight_epsilon': 1.0, 'range_penalty_factor': 0.5, 'node_costs': {'NO_COST': 0.0, 'MINOR': 0.65, 'GENERAL': 0.75, 'SEVERE': 1.0, 'NO_MATCH': 1.5, 'IMPOSSIBLE': 10.0}, 'features': ['normalized_x', 'normalized_y', 'distance_to_centroid', 'horizontal_direction', 'vertical_direction', 'angle_with_ox', 'junction_angle_min', 'is_endpoint', 'is_corner', 'length_ratio_to_max', 'eccentricity', 'avg_neighbor_vector_length', 'neighbor_endpoint_count', 'neighbor_junction_count'], 'mlflow_experiment_id': '4', 'mlflow_run_id': 'b586b24a868744d3aff0659ed46c898f', 'session_id': '768e06cf-4ccd-4443-b222-433883900007', 'image_width': 100, 'image_height': 100}","{'skeletonization_time_ms': 50.64975, 'contour_analysis_time_ms': 867.349793, 'classification_time_ms': 264.150959}",4,False
success,d066ae4c-ce3e-4222-83fb-c19cebac63d8,,/opt/nuclio/shared_storage/mnist_all/2/mnist_test_2_00343.png,2,"[{""concept_id"": ""8_2"", ""is_minor"": true, ""message"": ""Similarity between image and concept 8_2: 0.5612"", ""similarity"": 0.5612, ""concept_complexity"": 20, ""image_complexity"": 36}, {""concept_id"": ""2_1"", ""is_minor"": true, ""message"": ""Similarity between image and concept 2_1: 0.5664"", ""similarity"": 0.5664, ""concept_complexity"": 13, ""image_complexity"": 36}, {""concept_id"": ""6_1"", ""is_minor"": true, ""message"": ""Similarity between image and concept 6_1: 0.486"", ""similarity"": 0.486, ""concept_complexity"": 20, ""image_complexity"": 36}, {""concept_id"": ""5_1"", ""is_minor"": true, ""message"": ""Similarity between image and concept 5_1: 0.4974"", ""similarity"": 0.4974, ""concept_complexity"": 17, ""image_complexity"": 36}, {""concept_id"": ""8_1"", ""is_minor"": true, ""message"": ""Similarity between image and concept 8_1: 0.4512"", ""similarity"": 0.4512, ""concept_complexity"": 27, ""image_complexity"": 36}, {""concept_id"": ""3_1"", ""is_minor"": true, ""message"": ""Similarity between image and concept 3_1: 0.4599"", ""similarity"": 0.4599, ""concept_complexity"": 21, ""image_complexity"": 36}, {""concept_id"": ""2_2"", ""is_minor"": true, ""message"": ""Similarity between image and concept 2_2: 0.4605"", ""similarity"": 0.4605, ""concept_complexity"": 20, ""image_complexity"": 36}, {""concept_id"": ""0_1"", ""is_minor"": true, ""message"": ""Similarity between image and concept 0_1: 0.4478"", ""similarity"": 0.4478, ""concept_complexity"": 20, ""image_complexity"": 36}, {""concept_id"": ""7_1"", ""is_minor"": true, ""message"": ""Similarity between image and concept 7_1: 0.4721"", ""similarity"": 0.4721, ""concept_complexity"": 9, ""image_complexity"": 36}, {""concept_id"": ""4_1"", ""is_minor"": true, ""message"": ""Similarity between image and concept 4_1: 0.3844"", ""similarity"": 0.3844, ""concept_complexity"": 16, ""image_complexity"": 36}, {""concept_id"": ""9_2"", ""is_minor"": true, ""message"": ""Similarity between image and concept 9_2: 0.3748"", ""similarity"": 0.3748, ""concept_complexity"": 16, ""image_complexity"": 36}, {""concept_id"": ""1_3"", ""is_minor"": true, ""message"": ""Similarity between image and concept 1_3: 0.4374"", ""similarity"": 0.4374, ""concept_complexity"": 5, ""image_complexity"": 36}, {""concept_id"": ""1_1"", ""is_minor"": false, ""message"": ""Preprocessing failed: Concept has more endpoints than image."", ""similarity"": 0.0, ""concept_complexity"": 0, ""image_complexity"": 0}, {""concept_id"": ""4_2"", ""is_minor"": false, ""message"": ""Preprocessing failed: Concept has more endpoints than image."", ""similarity"": 0.0, ""concept_complexity"": 0, ""image_complexity"": 0}]","{'ged_timeout': 5, 'skeletonization_threshold': 110, 'simplification_epsilon': 4.55, 'comparison_method': 'ged', 'fgw_alpha': 0.5, 'image_path': '/opt/nuclio/shared_storage/mnist_all/2/mnist_test_2_00343.png', 'image_id': 'd066ae4c-ce3e-4222-83fb-c19cebac63d8', 'diagnostic_weight_epsilon': 1.0, 'range_penalty_factor': 0.5, 'node_costs': {'NO_COST': 0.0, 'MINOR': 0.65, 'GENERAL': 0.75, 'SEVERE': 1.0, 'NO_MATCH': 1.5, 'IMPOSSIBLE': 10.0}, 'features': ['normalized_x', 'normalized_y', 'distance_to_centroid', 'horizontal_direction', 'vertical_direction', 'angle_with_ox', 'junction_angle_min', 'is_endpoint', 'is_corner', 'length_ratio_to_max', 'eccentricity', 'avg_neighbor_vector_length', 'neighbor_endpoint_count', 'neighbor_junction_count'], 'mlflow_experiment_id': '4', 'mlflow_run_id': 'b586b24a868744d3aff0659ed46c898f', 'session_id': '049a1b89-39a8-4c73-b423-63583d09a461', 'image_width': 100, 'image_height': 100}","{'skeletonization_time_ms': 127.997083, 'contour_analysis_time_ms': 997.045667, 'classification_time_ms': 3665.154085}",8,False
success,68cfb710-4dc7-44a1-9e5a-535bc25bdd97,,/opt/nuclio/shared_storage/mnist_all/3/mnist_test_3_00641.png,3,"[{""concept_id"": ""4_2"", ""is_minor"": true, ""message"": ""Similarity between image and concept 4_2: 0.5419"", ""similarity"": 0.5419, ""concept_complexity"": 13, ""image_complexity"": 21}, {""concept_id"": ""7_1"", ""is_minor"": true, ""message"": ""Similarity between image and concept 7_1: 0.5257"", ""similarity"": 0.5257, ""concept_complexity"": 9, ""image_complexity"": 21}, {""concept_id"": ""2_1"", ""is_minor"": true, ""message"": ""Similarity between image and concept 2_1: 0.4355"", ""similarity"": 0.4355, ""concept_complexity"": 13, ""image_complexity"": 21}, {""concept_id"": ""5_1"", ""is_minor"": true, ""message"": ""Similarity between image and concept 5_1: 0.371"", ""similarity"": 0.371, ""concept_complexity"": 17, ""image_complexity"": 21}, {""concept_id"": ""1_1"", ""is_minor"": true, ""message"": ""Similarity between image and concept 1_1: 0.3644"", ""similarity"": 0.3644, ""concept_complexity"": 13, ""image_complexity"": 21}, {""concept_id"": ""1_3"", ""is_minor"": true, ""message"": ""Similarity between image and concept 1_3: 0.3097"", ""similarity"": 0.3097, ""concept_complexity"": 5, ""image_complexity"": 21}, {""concept_id"": ""0_1"", ""is_minor"": false, ""message"": ""Preprocessing failed: Concept has corner points but image does not."", ""similarity"": 0.0, ""concept_complexity"": 0, ""image_complexity"": 0}, {""concept_id"": ""2_2"", ""is_minor"": false, ""message"": ""Preprocessing failed: Concept has intersection points but image does not."", ""similarity"": 0.0, ""concept_complexity"": 0, ""image_complexity"": 0}, {""concept_id"": ""3_1"", ""is_minor"": false, ""message"": ""Preprocessing failed: Concept has more corner points than image."", ""similarity"": 0.0, ""concept_complexity"": 0, ""image_complexity"": 0}, {""concept_id"": ""4_1"", ""is_minor"": false, ""message"": ""Preprocessing failed: Concept has intersection points but image does not."", ""similarity"": 0.0, ""concept_complexity"": 0, ""image_complexity"": 0}, {""concept_id"": ""6_1"", ""is_minor"": false, ""message"": ""Preprocessing failed: Concept has intersection points but image does not."", ""similarity"": 0.0, ""concept_complexity"": 0, ""image_complexity"": 0}, {""concept_id"": ""8_2"", ""is_minor"": false, ""message"": ""Preprocessing failed: Concept has intersection points but image does not."", ""similarity"": 0.0, ""concept_complexity"": 0, ""image_complexity"": 0}, {""concept_id"": ""9_2"", ""is_minor"": false, ""message"": ""Preprocessing failed: Concept has intersection points but image does not."", ""similarity"": 0.0, ""concept_complexity"": 0, ""image_complexity"": 0}]","{'ged_timeout': 5, 'skeletonization_threshold': 110, 'simplification_epsilon': 4.55, 'comparison_method': 'ged', 'fgw_alpha': 0.5, 'image_path': '/opt/nuclio/shared_storage/mnist_all/3/mnist_test_3_00641.png', 'image_id': '68cfb710-4dc7-44a1-9e5a-535bc25bdd97', 'diagnostic_weight_epsilon': 1.0, 'range_penalty_factor': 0.5, 'node_costs': {'NO_COST': 0.0, 'MINOR': 0.65, 'GENERAL': 0.75, 'SEVERE': 1.0, 'NO_MATCH': 1.5, 'IMPOSSIBLE': 10.0}, 'features': ['normalized_x', 'normalized_y', 'distance_to_centroid', 'horizontal_direction', 'vertical_direction', 'angle_with_ox', 'junction_angle_min', 'is_endpoint', 'is_corner', 'length_ratio_to_max', 'eccentricity', 'avg_neighbor_vector_length', 'neighbor_endpoint_count', 'neighbor_junction_count'], 'mlflow_experiment_id': '4', 'mlflow_run_id': 'b586b24a868744d3aff0659ed46c898f', 'session_id': '8fd9585f-1253-45e7-ad67-2240ea5bde03', 'image_width': 100, 'image_height': 100}","{'skeletonization_time_ms': 272.588791, 'contour_analysis_time_ms': 913.087459, 'classification_time_ms': 263.119334}",4,False
success,7b56a6a1-9339-4d27-b95c-573e2cf37dd8,,/opt/nuclio/shared_storage/mnist_all/2/mnist_test_2_00429.png,2,"[{""concept_id"": ""6_1"", ""is_minor"": true, ""message"": ""Similarity between image and concept 6_1: 0.6126"", ""similarity"": 0.6126, ""concept_complexity"": 20, ""image_complexity"": 32}, {""concept_id"": ""8_2"", ""is_minor"": true, ""message"": ""Similarity between image and concept 8_2: 0.542"", ""similarity"": 0.542, ""concept_complexity"": 20, ""image_complexity"": 32}, {""concept_id"": ""2_2"", ""is_minor"": true, ""message"": ""Similarity between image and concept 2_2: 0.5312"", ""similarity"": 0.5312, ""concept_complexity"": 20, ""image_complexity"": 32}, {""concept_id"": ""2_1"", ""is_minor"": true, ""message"": ""Similarity between image and concept 2_1: 0.5546"", ""similarity"": 0.5546, ""concept_complexity"": 13, ""image_complexity"": 32}, {""concept_id"": ""0_1"", ""is_minor"": true, ""message"": ""Similarity between image and concept 0_1: 0.453"", ""similarity"": 0.453, ""concept_complexity"": 20, ""image_complexity"": 32}, {""concept_id"": ""9_2"", ""is_minor"": true, ""message"": ""Similarity between image and concept 9_2: 0.4653"", ""similarity"": 0.4653, ""concept_complexity"": 16, ""image_complexity"": 32}, {""concept_id"": ""8_1"", ""is_minor"": true, ""message"": ""Similarity between image and concept 8_1: 0.4181"", ""similarity"": 0.4181, ""concept_complexity"": 27, ""image_complexity"": 32}, {""concept_id"": ""4_1"", ""is_minor"": true, ""message"": ""Similarity between image and concept 4_1: 0.4431"", ""similarity"": 0.4431, ""concept_complexity"": 16, ""image_complexity"": 32}, {""concept_id"": ""7_1"", ""is_minor"": true, ""message"": ""Similarity between image and concept 7_1: 0.4811"", ""similarity"": 0.4811, ""concept_complexity"": 9, ""image_complexity"": 32}, {""concept_id"": ""1_3"", ""is_minor"": true, ""message"": ""Similarity between image and concept 1_3: 0.4509"", ""similarity"": 0.4509, ""concept_complexity"": 5, ""image_complexity"": 32}, {""concept_id"": ""1_1"", ""is_minor"": false, ""message"": ""Preprocessing failed: Concept has more endpoints than image."", ""similarity"": 0.0, ""concept_complexity"": 0, ""image_complexity"": 0}, {""concept_id"": ""3_1"", ""is_minor"": false, ""message"": ""Preprocessing failed: Concept has more corner points than image."", ""similarity"": 0.0, ""concept_complexity"": 0, ""image_complexity"": 0}, {""concept_id"": ""4_2"", ""is_minor"": false, ""message"": ""Preprocessing failed: Concept has more endpoints than image."", ""similarity"": 0.0, ""concept_complexity"": 0, ""image_complexity"": 0}, {""concept_id"": ""5_1"", ""is_minor"": false, ""message"": ""Preprocessing failed: Concept has more corner points than image."", ""similarity"": 0.0, ""concept_complexity"": 0, ""image_complexity"": 0}]","{'ged_timeout': 5, 'skeletonization_threshold': 110, 'simplification_epsilon': 4.55, 'comparison_method': 'ged', 'fgw_alpha': 0.5, 'image_path': '/opt/nuclio/shared_storage/mnist_all/2/mnist_test_2_00429.png', 'image_id': '7b56a6a1-9339-4d27-b95c-573e2cf37dd8', 'diagnostic_weight_epsilon': 1.0, 'range_penalty_factor': 0.5, 'node_costs': {'NO_COST': 0.0, 'MINOR': 0.65, 'GENERAL': 0.75, 'SEVERE': 1.0, 'NO_MATCH': 1.5, 'IMPOSSIBLE': 10.0}, 'features': ['normalized_x', 'normalized_y', 'distance_to_centroid', 'horizontal_direction', 'vertical_direction', 'angle_with_ox', 'junction_angle_min', 'is_endpoint', 'is_corner', 'length_ratio_to_max', 'eccentricity', 'avg_neighbor_vector_length', 'neighbor_endpoint_count', 'neighbor_junction_count'], 'mlflow_experiment_id': '4', 'mlflow_run_id': 'b586b24a868744d3aff0659ed46c898f', 'session_id': '37aabc57-e3e5-4e59-ad71-4b749968058c', 'image_width': 100, 'image_height': 100}","{'skeletonization_time_ms': 235.214375, 'contour_analysis_time_ms': 849.231708, 'classification_time_ms': 1242.227834}",6,False
success,a32b7cd0-7c36-4792-a7f4-454400756fd7,,/opt/nuclio/shared_storage/mnist_all/2/mnist_test_2_00834.png,2,"[{""concept_id"": ""8_2"", ""is_minor"": true, ""message"": ""Similarity between image and concept 8_2: 0.5641"", ""similarity"": 0.5641, ""concept_complexity"": 20, ""image_complexity"": 28}, {""concept_id"": ""2_1"", ""is_minor"": true, ""message"": ""Similarity between image and concept 2_1: 0.5958"", ""similarity"": 0.5958, ""concept_complexity"": 13, ""image_complexity"": 28}, {""concept_id"": ""6_1"", ""is_minor"": true, ""message"": ""Similarity between image and concept 6_1: 0.5509"", ""similarity"": 0.5509, ""concept_complexity"": 20, ""image_complexity"": 28}, {""concept_id"": ""9_2"", ""is_minor"": true, ""message"": ""Similarity between image and concept 9_2: 0.518"", ""similarity"": 0.518, ""concept_complexity"": 16, ""image_complexity"": 28}, {""concept_id"": ""2_2"", ""is_minor"": true, ""message"": ""Similarity between image and concept 2_2: 0.491"", ""similarity"": 0.491, ""concept_complexity"": 20, ""image_complexity"": 28}, {""concept_id"": ""4_1"", ""is_minor"": true, ""message"": ""Similarity between image and concept 4_1: 0.503"", ""similarity"": 0.503, ""concept_complexity"": 16, ""image_complexity"": 28}, {""concept_id"": ""0_1"", ""is_minor"": true, ""message"": ""Similarity between image and concept 0_1: 0.4683"", ""similarity"": 0.4683, ""concept_complexity"": 20, ""image_complexity"": 28}, {""concept_id"": ""7_1"", ""is_minor"": true, ""message"": ""Similarity between image and concept 7_1: 0.5299"", ""similarity"": 0.5299, ""concept_complexity"": 9, ""image_complexity"": 28}, {""concept_id"": ""8_1"", ""is_minor"": true, ""message"": ""Similarity between image and concept 8_1: 0.3548"", ""similarity"": 0.3548, ""concept_complexity"": 27, ""image_complexity"": 28}, {""concept_id"": ""1_3"", ""is_minor"": true, ""message"": ""Similarity between image and concept 1_3: 0.4232"", ""similarity"": 0.4232, ""concept_complexity"": 5, ""image_complexity"": 28}, {""concept_id"": ""1_1"", ""is_minor"": false, ""message"": ""Preprocessing failed: Concept has more endpoints than image."", ""similarity"": 0.0, ""concept_complexity"": 0, ""image_complexity"": 0}, {""concept_id"": ""3_1"", ""is_minor"": false, ""message"": ""Preprocessing failed: Concept has more corner points than image."", ""similarity"": 0.0, ""concept_complexity"": 0, ""image_complexity"": 0}, {""concept_id"": ""4_2"", ""is_minor"": false, ""message"": ""Preprocessing failed: Concept has more endpoints than image."", ""similarity"": 0.0, ""concept_complexity"": 0, ""image_complexity"": 0}, {""concept_id"": ""5_1"", ""is_minor"": false, ""message"": ""Preprocessing failed: Concept has more corner points than image."", ""similarity"": 0.0, ""concept_complexity"": 0, ""image_complexity"": 0}]","{'ged_timeout': 5, 'skeletonization_threshold': 110, 'simplification_epsilon': 4.55, 'comparison_method': 'ged', 'fgw_alpha': 0.5, 'image_path': '/opt/nuclio/shared_storage/mnist_all/2/mnist_test_2_00834.png', 'image_id': 'a32b7cd0-7c36-4792-a7f4-454400756fd7', 'diagnostic_weight_epsilon': 1.0, 'range_penalty_factor': 0.5, 'node_costs': {'NO_COST': 0.0, 'MINOR': 0.65, 'GENERAL': 0.75, 'SEVERE': 1.0, 'NO_MATCH': 1.5, 'IMPOSSIBLE': 10.0}, 'features': ['normalized_x', 'normalized_y', 'distance_to_centroid', 'horizontal_direction', 'vertical_direction', 'angle_with_ox', 'junction_angle_min', 'is_endpoint', 'is_corner', 'length_ratio_to_max', 'eccentricity', 'avg_neighbor_vector_length', 'neighbor_endpoint_count', 'neighbor_junction_count'], 'mlflow_experiment_id': '4', 'mlflow_run_id': 'b586b24a868744d3aff0659ed46c898f', 'session_id': '9dea0a30-b17d-4e9f-af9a-f51d20d621c1', 'image_width': 100, 'image_height': 100}","{'skeletonization_time_ms': 372.062583, 'contour_analysis_time_ms': 389.875376, 'classification_time_ms': 749.334209}",8,False
success,3b9f4478-701a-4e12-94ed-a74fbab53a53,,/opt/nuclio/shared_storage/mnist_all/2/mnist_test_2_00821.png,2,"[{""concept_id"": ""4_2"", ""is_minor"": true, ""message"": ""Similarity between image and concept 4_2: 0.479"", ""similarity"": 0.479, ""concept_complexity"": 13, ""image_complexity"": 17}, {""concept_id"": ""7_1"", ""is_minor"": true, ""message"": ""Similarity between image and concept 7_1: 0.4225"", ""similarity"": 0.4225, ""concept_complexity"": 9, ""image_complexity"": 17}, {""concept_id"": ""1_1"", ""is_minor"": true, ""message"": ""Similarity between image and concept 1_1: 0.3511"", ""similarity"": 0.3511, ""concept_complexity"": 13, ""image_complexity"": 17}, {""concept_id"": ""1_3"", ""is_minor"": true, ""message"": ""Similarity between image and concept 1_3: 0.3289"", ""similarity"": 0.3289, ""concept_complexity"": 5, ""image_complexity"": 17}, {""concept_id"": ""2_1"", ""is_minor"": false, ""message"": ""Preprocessing failed: Concept has more corner points than image."", ""similarity"": 0.0, ""concept_complexity"": 0, ""image_complexity"": 0}, {""concept_id"": ""4_1"", ""is_minor"": false, ""message"": ""Preprocessing failed: Concept has intersection points but image does not."", ""similarity"": 0.0, ""concept_complexity"": 0, ""image_complexity"": 0}, {""concept_id"": ""5_1"", ""is_minor"": false, ""message"": ""Preprocessing failed: Concept has more corner points than image."", ""similarity"": 0.0, ""concept_complexity"": 0, ""image_complexity"": 0}, {""concept_id"": ""9_2"", ""is_minor"": false, ""message"": ""Preprocessing failed: Concept has intersection points but image does not."", ""similarity"": 0.0, ""concept_complexity"": 0, ""image_complexity"": 0}]","{'ged_timeout': 5, 'skeletonization_threshold': 110, 'simplification_epsilon': 4.55, 'comparison_method': 'ged', 'fgw_alpha': 0.5, 'image_path': '/opt/nuclio/shared_storage/mnist_all/2/mnist_test_2_00821.png', 'image_id': '3b9f4478-701a-4e12-94ed-a74fbab53a53', 'diagnostic_weight_epsilon': 1.0, 'range_penalty_factor': 0.5, 'node_costs': {'NO_COST': 0.0, 'MINOR': 0.65, 'GENERAL': 0.75, 'SEVERE': 1.0, 'NO_MATCH': 1.5, 'IMPOSSIBLE': 10.0}, 'features': ['normalized_x', 'normalized_y', 'distance_to_centroid', 'horizontal_direction', 'vertical_direction', 'angle_with_ox', 'junction_angle_min', 'is_endpoint', 'is_corner', 'length_ratio_to_max', 'eccentricity', 'avg_neighbor_vector_length', 'neighbor_endpoint_count', 'neighbor_junction_count'], 'mlflow_experiment_id': '4', 'mlflow_run_id': 'b586b24a868744d3aff0659ed46c898f', 'session_id': 'aaf5bd86-af6d-491b-9fbc-f59047b6dc13', 'image_width': 100, 'image_height': 100}","{'skeletonization_time_ms': 89.817084, 'contour_analysis_time_ms': 740.126125, 'classification_time_ms': 215.278083}",4,False
success,f45bc797-c48e-4e34-bf33-4ed71a1caae6,,/opt/nuclio/shared_storage/mnist_all/2/mnist_test_2_00025.png,2,"[{""concept_id"": ""3_1"", ""is_minor"": true, ""message"": ""Similarity between image and concept 3_1: 0.5417"", ""similarity"": 0.5417, ""concept_complexity"": 21, ""image_complexity"": 29}, {""concept_id"": ""2_1"", ""is_minor"": true, ""message"": ""Similarity between image and concept 2_1: 0.51"", ""similarity"": 0.51, ""concept_complexity"": 13, ""image_complexity"": 29}, {""concept_id"": ""5_1"", ""is_minor"": true, ""message"": ""Similarity between image and concept 5_1: 0.4741"", ""similarity"": 0.4741, ""concept_complexity"": 17, ""image_complexity"": 29}, {""concept_id"": ""4_2"", ""is_minor"": true, ""message"": ""Similarity between image and concept 4_2: 0.4641"", ""similarity"": 0.4641, ""concept_complexity"": 13, ""image_complexity"": 29}, {""concept_id"": ""7_1"", ""is_minor"": true, ""message"": ""Similarity between image and concept 7_1: 0.4796"", ""similarity"": 0.4796, ""concept_complexity"": 9, ""image_complexity"": 29}, {""concept_id"": ""1_1"", ""is_minor"": true, ""message"": ""Similarity between image and concept 1_1: 0.3724"", ""similarity"": 0.3724, ""concept_complexity"": 13, ""image_complexity"": 29}, {""concept_id"": ""1_3"", ""is_minor"": true, ""message"": ""Similarity between image and concept 1_3: 0.4269"", ""similarity"": 0.4269, ""concept_complexity"": 5, ""image_complexity"": 29}, {""concept_id"": ""0_1"", ""is_minor"": false, ""message"": ""Preprocessing failed: Concept has corner points but image does not."", ""similarity"": 0.0, ""concept_complexity"": 0, ""image_complexity"": 0}, {""concept_id"": ""2_2"", ""is_minor"": false, ""message"": ""Preprocessing failed: Concept has intersection points but image does not."", ""similarity"": 0.0, ""concept_complexity"": 0, ""image_complexity"": 0}, {""concept_id"": ""4_1"", ""is_minor"": false, ""message"": ""Preprocessing failed: Concept has intersection points but image does not."", ""similarity"": 0.0, ""concept_complexity"": 0, ""image_complexity"": 0}, {""concept_id"": ""6_1"", ""is_minor"": false, ""message"": ""Preprocessing failed: Concept has intersection points but image does not."", ""similarity"": 0.0, ""concept_complexity"": 0, ""image_complexity"": 0}, {""concept_id"": ""8_1"", ""is_minor"": false, ""message"": ""Preprocessing failed: Concept has corner points but image does not."", ""similarity"": 0.0, ""concept_complexity"": 0, ""image_complexity"": 0}, {""concept_id"": ""8_2"", ""is_minor"": false, ""message"": ""Preprocessing failed: Concept has intersection points but image does not."", ""similarity"": 0.0, ""concept_complexity"": 0, ""image_complexity"": 0}, {""concept_id"": ""9_2"", ""is_minor"": false, ""message"": ""Preprocessing failed: Concept has intersection points but image does not."", ""similarity"": 0.0, ""concept_complexity"": 0, ""image_complexity"": 0}]","{'ged_timeout': 5, 'skeletonization_threshold': 110, 'simplification_epsilon': 4.55, 'comparison_method': 'ged', 'fgw_alpha': 0.5, 'image_path': '/opt/nuclio/shared_storage/mnist_all/2/mnist_test_2_00025.png', 'image_id': 'f45bc797-c48e-4e34-bf33-4ed71a1caae6', 'diagnostic_weight_epsilon': 1.0, 'range_penalty_factor': 0.5, 'node_costs': {'NO_COST': 0.0, 'MINOR': 0.65, 'GENERAL': 0.75, 'SEVERE': 1.0, 'NO_MATCH': 1.5, 'IMPOSSIBLE': 10.0}, 'features': ['normalized_x', 'normalized_y', 'distance_to_centroid', 'horizontal_direction', 'vertical_direction', 'angle_with_ox', 'junction_angle_min', 'is_endpoint', 'is_corner', 'length_ratio_to_max', 'eccentricity', 'avg_neighbor_vector_length', 'neighbor_endpoint_count', 'neighbor_junction_count'], 'mlflow_experiment_id': '4', 'mlflow_run_id': 'b586b24a868744d3aff0659ed46c898f', 'session_id': 'b7bdcec9-cf71-4963-913c-35278fd4e8d6', 'image_width': 100, 'image_height': 100}","{'skeletonization_time_ms': 55.233959, 'contour_analysis_time_ms': 682.891375, 'classification_time_ms': 294.491083}",3,False
success,97649725-6534-48fa-89de-12255563733c,,/opt/nuclio/shared_storage/mnist_all/3/mnist_test_3_00153.png,3,"[{""concept_id"": ""7_1"", ""is_minor"": true, ""message"": ""Similarity between image and concept 7_1: 0.6398"", ""similarity"": 0.6398, ""concept_complexity"": 9, ""image_complexity"": 13}, {""concept_id"": ""2_1"", ""is_minor"": true, ""message"": ""Similarity between image and concept 2_1: 0.4707"", ""similarity"": 0.4707, ""concept_complexity"": 13, ""image_complexity"": 13}, {""concept_id"": ""1_3"", ""is_minor"": true, ""message"": ""Similarity between image and concept 1_3: 0.4041"", ""similarity"": 0.4041, ""concept_complexity"": 5, ""image_complexity"": 13}, {""concept_id"": ""1_1"", ""is_minor"": false, ""message"": ""Preprocessing failed: Concept has more endpoints than image."", ""similarity"": 0.0, ""concept_complexity"": 0, ""image_complexity"": 0}, {""concept_id"": ""4_2"", ""is_minor"": false, ""message"": ""Preprocessing failed: Concept has more endpoints than image."", ""similarity"": 0.0, ""concept_complexity"": 0, ""image_complexity"": 0}]","{'ged_timeout': 5, 'skeletonization_threshold': 110, 'simplification_epsilon': 4.55, 'comparison_method': 'ged', 'fgw_alpha': 0.5, 'image_path': '/opt/nuclio/shared_storage/mnist_all/3/mnist_test_3_00153.png', 'image_id': '97649725-6534-48fa-89de-12255563733c', 'diagnostic_weight_epsilon': 1.0, 'range_penalty_factor': 0.5, 'node_costs': {'NO_COST': 0.0, 'MINOR': 0.65, 'GENERAL': 0.75, 'SEVERE': 1.0, 'NO_MATCH': 1.5, 'IMPOSSIBLE': 10.0}, 'features': ['normalized_x', 'normalized_y', 'distance_to_centroid', 'horizontal_direction', 'vertical_direction', 'angle_with_ox', 'junction_angle_min', 'is_endpoint', 'is_corner', 'length_ratio_to_max', 'eccentricity', 'avg_neighbor_vector_length', 'neighbor_endpoint_count', 'neighbor_junction_count'], 'mlflow_experiment_id': '4', 'mlflow_run_id': 'b586b24a868744d3aff0659ed46c898f', 'session_id': 'e9445c12-6797-46ae-8407-1b275c3eec93', 'image_width': 100, 'image_height': 100}","{'skeletonization_time_ms': 161.244959, 'contour_analysis_time_ms': 739.732042, 'classification_time_ms': 111.862291}",7,False
success,88b3f5a4-3edc-40e0-9037-b6e485465590,,/opt/nuclio/shared_storage/mnist_all/3/mnist_test_3_00413.png,3,"[{""concept_id"": ""5_1"", ""is_minor"": true, ""message"": ""Similarity between image and concept 5_1: 0.5179"", ""similarity"": 0.5179, ""concept_complexity"": 17, ""image_complexity"": 17}, {""concept_id"": ""7_1"", ""is_minor"": true, ""message"": ""Similarity between image and concept 7_1: 0.5592"", ""similarity"": 0.5592, ""concept_complexity"": 9, ""image_complexity"": 17}, {""concept_id"": ""2_1"", ""is_minor"": true, ""message"": ""Similarity between image and concept 2_1: 0.4383"", ""similarity"": 0.4383, ""concept_complexity"": 13, ""image_complexity"": 17}, {""concept_id"": ""1_3"", ""is_minor"": true, ""message"": ""Similarity between image and concept 1_3: 0.4059"", ""similarity"": 0.4059, ""concept_complexity"": 5, ""image_complexity"": 17}, {""concept_id"": ""1_1"", ""is_minor"": false, ""message"": ""Preprocessing failed: Concept has more endpoints than image."", ""similarity"": 0.0, ""concept_complexity"": 0, ""image_complexity"": 0}, {""concept_id"": ""4_1"", ""is_minor"": false, ""message"": ""Preprocessing failed: Concept has intersection points but image does not."", ""similarity"": 0.0, ""concept_complexity"": 0, ""image_complexity"": 0}, {""concept_id"": ""4_2"", ""is_minor"": false, ""message"": ""Preprocessing failed: Concept has more endpoints than image."", ""similarity"": 0.0, ""concept_complexity"": 0, ""image_complexity"": 0}, {""concept_id"": ""9_2"", ""is_minor"": false, ""message"": ""Preprocessing failed: Concept has intersection points but image does not."", ""similarity"": 0.0, ""concept_complexity"": 0, ""image_complexity"": 0}]","{'ged_timeout': 5, 'skeletonization_threshold': 110, 'simplification_epsilon': 4.55, 'comparison_method': 'ged', 'fgw_alpha': 0.5, 'image_path': '/opt/nuclio/shared_storage/mnist_all/3/mnist_test_3_00413.png', 'image_id': '88b3f5a4-3edc-40e0-9037-b6e485465590', 'diagnostic_weight_epsilon': 1.0, 'range_penalty_factor': 0.5, 'node_costs': {'NO_COST': 0.0, 'MINOR': 0.65, 'GENERAL': 0.75, 'SEVERE': 1.0, 'NO_MATCH': 1.5, 'IMPOSSIBLE': 10.0}, 'features': ['normalized_x', 'normalized_y', 'distance_to_centroid', 'horizontal_direction', 'vertical_direction', 'angle_with_ox', 'junction_angle_min', 'is_endpoint', 'is_corner', 'length_ratio_to_max', 'eccentricity', 'avg_neighbor_vector_length', 'neighbor_endpoint_count', 'neighbor_junction_count'], 'mlflow_experiment_id': '4', 'mlflow_run_id': 'b586b24a868744d3aff0659ed46c898f', 'session_id': '8e3b1fe3-7e19-42bf-8452-7ccf645ed4d0', 'image_width': 100, 'image_height': 100}","{'skeletonization_time_ms': 66.71425, 'contour_analysis_time_ms': 1267.763834, 'classification_time_ms': 153.816709}",5,False
success,b63cc028-a26d-4aaf-9dbc-a9c63d9afc58,,/opt/nuclio/shared_storage/mnist_all/3/mnist_test_3_00385.png,3,"[{""concept_id"": ""4_2"", ""is_minor"": true, ""message"": ""Similarity between image and concept 4_2: 0.5671"", ""similarity"": 0.5671, ""concept_complexity"": 13, ""image_complexity"": 25}, {""concept_id"": ""3_1"", ""is_minor"": true, ""message"": ""Similarity between image and concept 3_1: 0.4217"", ""similarity"": 0.4217, ""concept_complexity"": 21, ""image_complexity"": 25}, {""concept_id"": ""7_1"", ""is_minor"": true, ""message"": ""Similarity between image and concept 7_1: 0.4807"", ""similarity"": 0.4807, ""concept_complexity"": 9, ""image_complexity"": 25}, {""concept_id"": ""5_1"", ""is_minor"": true, ""message"": ""Similarity between image and concept 5_1: 0.4066"", ""similarity"": 0.4066, ""concept_complexity"": 17, ""image_complexity"": 25}, {""concept_id"": ""2_1"", ""is_minor"": true, ""message"": ""Similarity between image and concept 2_1: 0.4035"", ""similarity"": 0.4035, ""concept_complexity"": 13, ""image_complexity"": 25}, {""concept_id"": ""1_1"", ""is_minor"": true, ""message"": ""Similarity between image and concept 1_1: 0.3783"", ""similarity"": 0.3783, ""concept_complexity"": 13, ""image_complexity"": 25}, {""concept_id"": ""1_3"", ""is_minor"": true, ""message"": ""Similarity between image and concept 1_3: 0.4315"", ""similarity"": 0.4315, ""concept_complexity"": 5, ""image_complexity"": 25}, {""concept_id"": ""0_1"", ""is_minor"": false, ""message"": ""Preprocessing failed: Concept has corner points but image does not."", ""similarity"": 0.0, ""concept_complexity"": 0, ""image_complexity"": 0}, {""concept_id"": ""2_2"", ""is_minor"": false, ""message"": ""Preprocessing failed: Concept has intersection points but image does not."", ""similarity"": 0.0, ""concept_complexity"": 0, ""image_complexity"": 0}, {""concept_id"": ""4_1"", ""is_minor"": false, ""message"": ""Preprocessing failed: Concept has intersection points but image does not."", ""similarity"": 0.0, ""concept_complexity"": 0, ""image_complexity"": 0}, {""concept_id"": ""6_1"", ""is_minor"": false, ""message"": ""Preprocessing failed: Concept has intersection points but image does not."", ""similarity"": 0.0, ""concept_complexity"": 0, ""image_complexity"": 0}, {""concept_id"": ""8_2"", ""is_minor"": false, ""message"": ""Preprocessing failed: Concept has intersection points but image does not."", ""similarity"": 0.0, ""concept_complexity"": 0, ""image_complexity"": 0}, {""concept_id"": ""9_2"", ""is_minor"": false, ""message"": ""Preprocessing failed: Concept has intersection points but image does not."", ""similarity"": 0.0, ""concept_complexity"": 0, ""image_complexity"": 0}]","{'ged_timeout': 5, 'skeletonization_threshold': 110, 'simplification_epsilon': 4.55, 'comparison_method': 'ged', 'fgw_alpha': 0.5, 'image_path': '/opt/nuclio/shared_storage/mnist_all/3/mnist_test_3_00385.png', 'image_id': 'b63cc028-a26d-4aaf-9dbc-a9c63d9afc58', 'diagnostic_weight_epsilon': 1.0, 'range_penalty_factor': 0.5, 'node_costs': {'NO_COST': 0.0, 'MINOR': 0.65, 'GENERAL': 0.75, 'SEVERE': 1.0, 'NO_MATCH': 1.5, 'IMPOSSIBLE': 10.0}, 'features': ['normalized_x', 'normalized_y', 'distance_to_centroid', 'horizontal_direction', 'vertical_direction', 'angle_with_ox', 'junction_angle_min', 'is_endpoint', 'is_corner', 'length_ratio_to_max', 'eccentricity', 'avg_neighbor_vector_length', 'neighbor_endpoint_count', 'neighbor_junction_count'], 'mlflow_experiment_id': '4', 'mlflow_run_id': 'b586b24a868744d3aff0659ed46c898f', 'session_id': 'dc5b07df-02d7-4197-a677-b021be98b744', 'image_width': 100, 'image_height': 100}","{'skeletonization_time_ms': 204.989125, 'contour_analysis_time_ms': 664.723042, 'classification_time_ms': 298.033125}",4,False
success,0ae0d276-bc7e-4d43-a853-c77b79b9940c,,/opt/nuclio/shared_storage/mnist_all/2/mnist_test_2_00911.png,2,"[{""concept_id"": ""7_1"", ""is_minor"": true, ""message"": ""Similarity between image and concept 7_1: 0.6471"", ""similarity"": 0.6471, ""concept_complexity"": 9, ""image_complexity"": 17}, {""concept_id"": ""2_1"", ""is_minor"": true, ""message"": ""Similarity between image and concept 2_1: 0.4929"", ""similarity"": 0.4929, ""concept_complexity"": 13, ""image_complexity"": 17}, {""concept_id"": ""4_2"", ""is_minor"": true, ""message"": ""Similarity between image and concept 4_2: 0.4564"", ""similarity"": 0.4564, ""concept_complexity"": 13, ""image_complexity"": 17}, {""concept_id"": ""1_1"", ""is_minor"": true, ""message"": ""Similarity between image and concept 1_1: 0.3108"", ""similarity"": 0.3108, ""concept_complexity"": 13, ""image_complexity"": 17}, {""concept_id"": ""1_3"", ""is_minor"": true, ""message"": ""Similarity between image and concept 1_3: 0.3541"", ""similarity"": 0.3541, ""concept_complexity"": 5, ""image_complexity"": 17}, {""concept_id"": ""4_1"", ""is_minor"": false, ""message"": ""Preprocessing failed: Concept has intersection points but image does not."", ""similarity"": 0.0, ""concept_complexity"": 0, ""image_complexity"": 0}, {""concept_id"": ""5_1"", ""is_minor"": false, ""message"": ""Preprocessing failed: Concept has more corner points than image."", ""similarity"": 0.0, ""concept_complexity"": 0, ""image_complexity"": 0}, {""concept_id"": ""9_2"", ""is_minor"": false, ""message"": ""Preprocessing failed: Concept has intersection points but image does not."", ""similarity"": 0.0, ""concept_complexity"": 0, ""image_complexity"": 0}]","{'ged_timeout': 5, 'skeletonization_threshold': 110, 'simplification_epsilon': 4.55, 'comparison_method': 'ged', 'fgw_alpha': 0.5, 'image_path': '/opt/nuclio/shared_storage/mnist_all/2/mnist_test_2_00911.png', 'image_id': '0ae0d276-bc7e-4d43-a853-c77b79b9940c', 'diagnostic_weight_epsilon': 1.0, 'range_penalty_factor': 0.5, 'node_costs': {'NO_COST': 0.0, 'MINOR': 0.65, 'GENERAL': 0.75, 'SEVERE': 1.0, 'NO_MATCH': 1.5, 'IMPOSSIBLE': 10.0}, 'features': ['normalized_x', 'normalized_y', 'distance_to_centroid', 'horizontal_direction', 'vertical_direction', 'angle_with_ox', 'junction_angle_min', 'is_endpoint', 'is_corner', 'length_ratio_to_max', 'eccentricity', 'avg_neighbor_vector_length', 'neighbor_endpoint_count', 'neighbor_junction_count'], 'mlflow_experiment_id': '4', 'mlflow_run_id': 'b586b24a868744d3aff0659ed46c898f', 'session_id': '2940a760-84ee-4525-96bd-0af9931f22c4', 'image_width': 100, 'image_height': 100}","{'skeletonization_time_ms': 119.124708, 'contour_analysis_time_ms': 1016.988917, 'classification_time_ms': 110.749208}",7,False
success,736456e3-655a-4ce8-a01d-707c557c3397,,/opt/nuclio/shared_storage/mnist_all/2/mnist_test_2_00860.png,2,"[{""concept_id"": ""7_1"", ""is_minor"": true, ""message"": ""Similarity between image and concept 7_1: 0.51"", ""similarity"": 0.51, ""concept_complexity"": 9, ""image_complexity"": 17}, {""concept_id"": ""4_2"", ""is_minor"": true, ""message"": ""Similarity between image and concept 4_2: 0.46"", ""similarity"": 0.46, ""concept_complexity"": 13, ""image_complexity"": 17}, {""concept_id"": ""2_1"", ""is_minor"": true, ""message"": ""Similarity between image and concept 2_1: 0.3722"", ""similarity"": 0.3722, ""concept_complexity"": 13, ""image_complexity"": 17}, {""concept_id"": ""1_1"", ""is_minor"": true, ""message"": ""Similarity between image and concept 1_1: 0.3211"", ""similarity"": 0.3211, ""concept_complexity"": 13, ""image_complexity"": 17}, {""concept_id"": ""1_3"", ""is_minor"": true, ""message"": ""Similarity between image and concept 1_3: 0.3289"", ""similarity"": 0.3289, ""concept_complexity"": 5, ""image_complexity"": 17}, {""concept_id"": ""4_1"", ""is_minor"": false, ""message"": ""Preprocessing failed: Concept has intersection points but image does not."", ""similarity"": 0.0, ""concept_complexity"": 0, ""image_complexity"": 0}, {""concept_id"": ""5_1"", ""is_minor"": false, ""message"": ""Preprocessing failed: Concept has more corner points than image."", ""similarity"": 0.0, ""concept_complexity"": 0, ""image_complexity"": 0}, {""concept_id"": ""9_2"", ""is_minor"": false, ""message"": ""Preprocessing failed: Concept has intersection points but image does not."", ""similarity"": 0.0, ""concept_complexity"": 0, ""image_complexity"": 0}]","{'ged_timeout': 5, 'skeletonization_threshold': 110, 'simplification_epsilon': 4.55, 'comparison_method': 'ged', 'fgw_alpha': 0.5, 'image_path': '/opt/nuclio/shared_storage/mnist_all/2/mnist_test_2_00860.png', 'image_id': '736456e3-655a-4ce8-a01d-707c557c3397', 'diagnostic_weight_epsilon': 1.0, 'range_penalty_factor': 0.5, 'node_costs': {'NO_COST': 0.0, 'MINOR': 0.65, 'GENERAL': 0.75, 'SEVERE': 1.0, 'NO_MATCH': 1.5, 'IMPOSSIBLE': 10.0}, 'features': ['normalized_x', 'normalized_y', 'distance_to_centroid', 'horizontal_direction', 'vertical_direction', 'angle_with_ox', 'junction_angle_min', 'is_endpoint', 'is_corner', 'length_ratio_to_max', 'eccentricity', 'avg_neighbor_vector_length', 'neighbor_endpoint_count', 'neighbor_junction_count'], 'mlflow_experiment_id': '4', 'mlflow_run_id': 'b586b24a868744d3aff0659ed46c898f', 'session_id': '9a6ff523-46f0-4125-91e8-29ae74171566', 'image_width': 100, 'image_height': 100}","{'skeletonization_time_ms': 255.415792, 'contour_analysis_time_ms': 722.668819, 'classification_time_ms': 121.908583}",7,False
success,cb017520-f5e4-4944-a5f0-23180949dde9,,/opt/nuclio/shared_storage/mnist_all/1/mnist_test_1_01042.png,1,"[{""concept_id"": ""7_1"", ""is_minor"": true, ""message"": ""Similarity between image and concept 7_1: 0.3141"", ""similarity"": 0.3141, ""concept_complexity"": 9, ""image_complexity"": 9}, {""concept_id"": ""1_3"", ""is_minor"": true, ""message"": ""Similarity between image and concept 1_3: 0.2648"", ""similarity"": 0.2648, ""concept_complexity"": 5, ""image_complexity"": 9}]","{'ged_timeout': 5, 'skeletonization_threshold': 110, 'simplification_epsilon': 4.55, 'comparison_method': 'ged', 'fgw_alpha': 0.5, 'image_path': '/opt/nuclio/shared_storage/mnist_all/1/mnist_test_1_01042.png', 'image_id': 'cb017520-f5e4-4944-a5f0-23180949dde9', 'diagnostic_weight_epsilon': 1.0, 'range_penalty_factor': 0.5, 'node_costs': {'NO_COST': 0.0, 'MINOR': 0.65, 'GENERAL': 0.75, 'SEVERE': 1.0, 'NO_MATCH': 1.5, 'IMPOSSIBLE': 10.0}, 'features': ['normalized_x', 'normalized_y', 'distance_to_centroid', 'horizontal_direction', 'vertical_direction', 'angle_with_ox', 'junction_angle_min', 'is_endpoint', 'is_corner', 'length_ratio_to_max', 'eccentricity', 'avg_neighbor_vector_length', 'neighbor_endpoint_count', 'neighbor_junction_count'], 'mlflow_experiment_id': '4', 'mlflow_run_id': 'b586b24a868744d3aff0659ed46c898f', 'session_id': 'f94b6703-121f-43fe-b8ae-2df05dd5cd6d', 'image_width': 100, 'image_height': 100}","{'skeletonization_time_ms': 89.135666, 'contour_analysis_time_ms': 806.912, 'classification_time_ms': 48.215791}",7,False
success,be30312f-04f9-43e8-b026-14304e218247,,/opt/nuclio/shared_storage/mnist_all/3/mnist_test_3_00402.png,3,"[{""concept_id"": ""7_1"", ""is_minor"": true, ""message"": ""Similarity between image and concept 7_1: 0.5337"", ""similarity"": 0.5337, ""concept_complexity"": 9, ""image_complexity"": 17}, {""concept_id"": ""5_1"", ""is_minor"": true, ""message"": ""Similarity between image and concept 5_1: 0.4573"", ""similarity"": 0.4573, ""concept_complexity"": 17, ""image_complexity"": 17}, {""concept_id"": ""2_1"", ""is_minor"": true, ""message"": ""Similarity between image and concept 2_1: 0.4538"", ""similarity"": 0.4538, ""concept_complexity"": 13, ""image_complexity"": 17}, {""concept_id"": ""1_3"", ""is_minor"": true, ""message"": ""Similarity between image and concept 1_3: 0.4208"", ""similarity"": 0.4208, ""concept_complexity"": 5, ""image_complexity"": 17}, {""concept_id"": ""1_1"", ""is_minor"": false, ""message"": ""Preprocessing failed: Concept has more endpoints than image."", ""similarity"": 0.0, ""concept_complexity"": 0, ""image_complexity"": 0}, {""concept_id"": ""4_1"", ""is_minor"": false, ""message"": ""Preprocessing failed: Concept has intersection points but image does not."", ""similarity"": 0.0, ""concept_complexity"": 0, ""image_complexity"": 0}, {""concept_id"": ""4_2"", ""is_minor"": false, ""message"": ""Preprocessing failed: Concept has more endpoints than image."", ""similarity"": 0.0, ""concept_complexity"": 0, ""image_complexity"": 0}, {""concept_id"": ""9_2"", ""is_minor"": false, ""message"": ""Preprocessing failed: Concept has intersection points but image does not."", ""similarity"": 0.0, ""concept_complexity"": 0, ""image_complexity"": 0}]","{'ged_timeout': 5, 'skeletonization_threshold': 110, 'simplification_epsilon': 4.55, 'comparison_method': 'ged', 'fgw_alpha': 0.5, 'image_path': '/opt/nuclio/shared_storage/mnist_all/3/mnist_test_3_00402.png', 'image_id': 'be30312f-04f9-43e8-b026-14304e218247', 'diagnostic_weight_epsilon': 1.0, 'range_penalty_factor': 0.5, 'node_costs': {'NO_COST': 0.0, 'MINOR': 0.65, 'GENERAL': 0.75, 'SEVERE': 1.0, 'NO_MATCH': 1.5, 'IMPOSSIBLE': 10.0}, 'features': ['normalized_x', 'normalized_y', 'distance_to_centroid', 'horizontal_direction', 'vertical_direction', 'angle_with_ox', 'junction_angle_min', 'is_endpoint', 'is_corner', 'length_ratio_to_max', 'eccentricity', 'avg_neighbor_vector_length', 'neighbor_endpoint_count', 'neighbor_junction_count'], 'mlflow_experiment_id': '4', 'mlflow_run_id': 'b586b24a868744d3aff0659ed46c898f', 'session_id': 'bdf8a493-7b8d-4421-b1a9-eb7636743394', 'image_width': 100, 'image_height': 100}","{'skeletonization_time_ms': 63.788333, 'contour_analysis_time_ms': 612.003875, 'classification_time_ms': 150.526833}",7,False
success,5064dffb-b7b5-43b6-83ae-f533979ed022,,/opt/nuclio/shared_storage/mnist_all/3/mnist_test_3_00246.png,3,"[{""concept_id"": ""2_1"", ""is_minor"": true, ""message"": ""Similarity between image and concept 2_1: 0.5143"", ""similarity"": 0.5143, ""concept_complexity"": 13, ""image_complexity"": 17}, {""concept_id"": ""7_1"", ""is_minor"": true, ""message"": ""Similarity between image and concept 7_1: 0.5293"", ""similarity"": 0.5293, ""concept_complexity"": 9, ""image_complexity"": 17}, {""concept_id"": ""5_1"", ""is_minor"": true, ""message"": ""Similarity between image and concept 5_1: 0.41"", ""similarity"": 0.41, ""concept_complexity"": 17, ""image_complexity"": 17}, {""concept_id"": ""1_3"", ""is_minor"": true, ""message"": ""Similarity between image and concept 1_3: 0.4037"", ""similarity"": 0.4037, ""concept_complexity"": 5, ""image_complexity"": 17}, {""concept_id"": ""1_1"", ""is_minor"": false, ""message"": ""Preprocessing failed: Concept has more endpoints than image."", ""similarity"": 0.0, ""concept_complexity"": 0, ""image_complexity"": 0}, {""concept_id"": ""4_1"", ""is_minor"": false, ""message"": ""Preprocessing failed: Concept has intersection points but image does not."", ""similarity"": 0.0, ""concept_complexity"": 0, ""image_complexity"": 0}, {""concept_id"": ""4_2"", ""is_minor"": false, ""message"": ""Preprocessing failed: Concept has more endpoints than image."", ""similarity"": 0.0, ""concept_complexity"": 0, ""image_complexity"": 0}, {""concept_id"": ""9_2"", ""is_minor"": false, ""message"": ""Preprocessing failed: Concept has intersection points but image does not."", ""similarity"": 0.0, ""concept_complexity"": 0, ""image_complexity"": 0}]","{'ged_timeout': 5, 'skeletonization_threshold': 110, 'simplification_epsilon': 4.55, 'comparison_method': 'ged', 'fgw_alpha': 0.5, 'image_path': '/opt/nuclio/shared_storage/mnist_all/3/mnist_test_3_00246.png', 'image_id': '5064dffb-b7b5-43b6-83ae-f533979ed022', 'diagnostic_weight_epsilon': 1.0, 'range_penalty_factor': 0.5, 'node_costs': {'NO_COST': 0.0, 'MINOR': 0.65, 'GENERAL': 0.75, 'SEVERE': 1.0, 'NO_MATCH': 1.5, 'IMPOSSIBLE': 10.0}, 'features': ['normalized_x', 'normalized_y', 'distance_to_centroid', 'horizontal_direction', 'vertical_direction', 'angle_with_ox', 'junction_angle_min', 'is_endpoint', 'is_corner', 'length_ratio_to_max', 'eccentricity', 'avg_neighbor_vector_length', 'neighbor_endpoint_count', 'neighbor_junction_count'], 'mlflow_experiment_id': '4', 'mlflow_run_id': 'b586b24a868744d3aff0659ed46c898f', 'session_id': '0749a1cf-e354-43a3-a66e-9e5ce90661a8', 'image_width': 100, 'image_height': 100}","{'skeletonization_time_ms': 58.278375, 'contour_analysis_time_ms': 795.328625, 'classification_time_ms': 237.250959}",2,False
success,e2b1881c-1757-4e36-8c10-7b0d01e1ea91,,/opt/nuclio/shared_storage/mnist_all/2/mnist_test_2_00032.png,2,"[{""concept_id"": ""8_2"", ""is_minor"": true, ""message"": ""Similarity between image and concept 8_2: 0.5388"", ""similarity"": 0.5388, ""concept_complexity"": 20, ""image_complexity"": 36}, {""concept_id"": ""2_2"", ""is_minor"": true, ""message"": ""Similarity between image and concept 2_2: 0.5109"", ""similarity"": 0.5109, ""concept_complexity"": 20, ""image_complexity"": 36}, {""concept_id"": ""6_1"", ""is_minor"": true, ""message"": ""Similarity between image and concept 6_1: 0.4966"", ""similarity"": 0.4966, ""concept_complexity"": 20, ""image_complexity"": 36}, {""concept_id"": ""8_1"", ""is_minor"": true, ""message"": ""Similarity between image and concept 8_1: 0.4205"", ""similarity"": 0.4205, ""concept_complexity"": 27, ""image_complexity"": 36}, {""concept_id"": ""0_1"", ""is_minor"": true, ""message"": ""Similarity between image and concept 0_1: 0.4328"", ""similarity"": 0.4328, ""concept_complexity"": 20, ""image_complexity"": 36}, {""concept_id"": ""7_1"", ""is_minor"": true, ""message"": ""Similarity between image and concept 7_1: 0.4781"", ""similarity"": 0.4781, ""concept_complexity"": 9, ""image_complexity"": 36}, {""concept_id"": ""4_1"", ""is_minor"": true, ""message"": ""Similarity between image and concept 4_1: 0.3724"", ""similarity"": 0.3724, ""concept_complexity"": 16, ""image_complexity"": 36}, {""concept_id"": ""9_2"", ""is_minor"": true, ""message"": ""Similarity between image and concept 9_2: 0.367"", ""similarity"": 0.367, ""concept_complexity"": 16, ""image_complexity"": 36}, {""concept_id"": ""1_3"", ""is_minor"": true, ""message"": ""Similarity between image and concept 1_3: 0.4506"", ""similarity"": 0.4506, ""concept_complexity"": 5, ""image_complexity"": 36}, {""concept_id"": ""1_1"", ""is_minor"": false, ""message"": ""Preprocessing failed: Concept has more endpoints than image."", ""similarity"": 0.0, ""concept_complexity"": 0, ""image_complexity"": 0}, {""concept_id"": ""2_1"", ""is_minor"": false, ""message"": ""Preprocessing failed: Concept has endpoints but image does not."", ""similarity"": 0.0, ""concept_complexity"": 0, ""image_complexity"": 0}, {""concept_id"": ""3_1"", ""is_minor"": false, ""message"": ""Preprocessing failed: Concept has more corner points than image."", ""similarity"": 0.0, ""concept_complexity"": 0, ""image_complexity"": 0}, {""concept_id"": ""4_2"", ""is_minor"": false, ""message"": ""Preprocessing failed: Concept has more endpoints than image."", ""similarity"": 0.0, ""concept_complexity"": 0, ""image_complexity"": 0}, {""concept_id"": ""5_1"", ""is_minor"": false, ""message"": ""Preprocessing failed: Concept has more corner points than image."", ""similarity"": 0.0, ""concept_complexity"": 0, ""image_complexity"": 0}]","{'ged_timeout': 5, 'skeletonization_threshold': 110, 'simplification_epsilon': 4.55, 'comparison_method': 'ged', 'fgw_alpha': 0.5, 'image_path': '/opt/nuclio/shared_storage/mnist_all/2/mnist_test_2_00032.png', 'image_id': 'e2b1881c-1757-4e36-8c10-7b0d01e1ea91', 'diagnostic_weight_epsilon': 1.0, 'range_penalty_factor': 0.5, 'node_costs': {'NO_COST': 0.0, 'MINOR': 0.65, 'GENERAL': 0.75, 'SEVERE': 1.0, 'NO_MATCH': 1.5, 'IMPOSSIBLE': 10.0}, 'features': ['normalized_x', 'normalized_y', 'distance_to_centroid', 'horizontal_direction', 'vertical_direction', 'angle_with_ox', 'junction_angle_min', 'is_endpoint', 'is_corner', 'length_ratio_to_max', 'eccentricity', 'avg_neighbor_vector_length', 'neighbor_endpoint_count', 'neighbor_junction_count'], 'mlflow_experiment_id': '4', 'mlflow_run_id': 'b586b24a868744d3aff0659ed46c898f', 'session_id': '69e98479-484b-4897-b48d-daeb3da7b6a5', 'image_width': 100, 'image_height': 100}","{'skeletonization_time_ms': 480.913736, 'contour_analysis_time_ms': 896.54475, 'classification_time_ms': 2529.103668}",8,False
success,17f9093e-a981-44d5-a5fa-3b360a9422e5,,/opt/nuclio/shared_storage/mnist_all/3/mnist_test_3_00096.png,3,"[{""concept_id"": ""4_2"", ""is_minor"": true, ""message"": ""Similarity between image and concept 4_2: 0.4838"", ""similarity"": 0.4838, ""concept_complexity"": 13, ""image_complexity"": 21}, {""concept_id"": ""7_1"", ""is_minor"": true, ""message"": ""Similarity between image and concept 7_1: 0.4925"", ""similarity"": 0.4925, ""concept_complexity"": 9, ""image_complexity"": 21}, {""concept_id"": ""2_1"", ""is_minor"": true, ""message"": ""Similarity between image and concept 2_1: 0.4324"", ""similarity"": 0.4324, ""concept_complexity"": 13, ""image_complexity"": 21}, {""concept_id"": ""5_1"", ""is_minor"": true, ""message"": ""Similarity between image and concept 5_1: 0.4026"", ""similarity"": 0.4026, ""concept_complexity"": 17, ""image_complexity"": 21}, {""concept_id"": ""1_1"", ""is_minor"": true, ""message"": ""Similarity between image and concept 1_1: 0.3337"", ""similarity"": 0.3337, ""concept_complexity"": 13, ""image_complexity"": 21}, {""concept_id"": ""1_3"", ""is_minor"": true, ""message"": ""Similarity between image and concept 1_3: 0.405"", ""similarity"": 0.405, ""concept_complexity"": 5, ""image_complexity"": 21}, {""concept_id"": ""0_1"", ""is_minor"": false, ""message"": ""Preprocessing failed: Concept has corner points but image does not."", ""similarity"": 0.0, ""concept_complexity"": 0, ""image_complexity"": 0}, {""concept_id"": ""2_2"", ""is_minor"": false, ""message"": ""Preprocessing failed: Concept has intersection points but image does not."", ""similarity"": 0.0, ""concept_complexity"": 0, ""image_complexity"": 0}, {""concept_id"": ""3_1"", ""is_minor"": false, ""message"": ""Preprocessing failed: Concept has more corner points than image."", ""similarity"": 0.0, ""concept_complexity"": 0, ""image_complexity"": 0}, {""concept_id"": ""4_1"", ""is_minor"": false, ""message"": ""Preprocessing failed: Concept has intersection points but image does not."", ""similarity"": 0.0, ""concept_complexity"": 0, ""image_complexity"": 0}, {""concept_id"": ""6_1"", ""is_minor"": false, ""message"": ""Preprocessing failed: Concept has intersection points but image does not."", ""similarity"": 0.0, ""concept_complexity"": 0, ""image_complexity"": 0}, {""concept_id"": ""8_2"", ""is_minor"": false, ""message"": ""Preprocessing failed: Concept has intersection points but image does not."", ""similarity"": 0.0, ""concept_complexity"": 0, ""image_complexity"": 0}, {""concept_id"": ""9_2"", ""is_minor"": false, ""message"": ""Preprocessing failed: Concept has intersection points but image does not."", ""similarity"": 0.0, ""concept_complexity"": 0, ""image_complexity"": 0}]","{'ged_timeout': 5, 'skeletonization_threshold': 110, 'simplification_epsilon': 4.55, 'comparison_method': 'ged', 'fgw_alpha': 0.5, 'image_path': '/opt/nuclio/shared_storage/mnist_all/3/mnist_test_3_00096.png', 'image_id': '17f9093e-a981-44d5-a5fa-3b360a9422e5', 'diagnostic_weight_epsilon': 1.0, 'range_penalty_factor': 0.5, 'node_costs': {'NO_COST': 0.0, 'MINOR': 0.65, 'GENERAL': 0.75, 'SEVERE': 1.0, 'NO_MATCH': 1.5, 'IMPOSSIBLE': 10.0}, 'features': ['normalized_x', 'normalized_y', 'distance_to_centroid', 'horizontal_direction', 'vertical_direction', 'angle_with_ox', 'junction_angle_min', 'is_endpoint', 'is_corner', 'length_ratio_to_max', 'eccentricity', 'avg_neighbor_vector_length', 'neighbor_endpoint_count', 'neighbor_junction_count'], 'mlflow_experiment_id': '4', 'mlflow_run_id': 'b586b24a868744d3aff0659ed46c898f', 'session_id': 'd7def7d0-b355-4064-b26e-e8fd4eec3217', 'image_width': 100, 'image_height': 100}","{'skeletonization_time_ms': 383.496042, 'contour_analysis_time_ms': 385.787792, 'classification_time_ms': 195.468833}",4,False
success,4f34ea4d-f7cc-40da-b4c5-2e9a8c8032a5,,/opt/nuclio/shared_storage/mnist_all/1/mnist_test_1_01000.png,1,"[{""concept_id"": ""4_2"", ""is_minor"": true, ""message"": ""Similarity between image and concept 4_2: 0.3888"", ""similarity"": 0.3888, ""concept_complexity"": 13, ""image_complexity"": 13}, {""concept_id"": ""1_1"", ""is_minor"": true, ""message"": ""Similarity between image and concept 1_1: 0.3826"", ""similarity"": 0.3826, ""concept_complexity"": 13, ""image_complexity"": 13}, {""concept_id"": ""7_1"", ""is_minor"": true, ""message"": ""Similarity between image and concept 7_1: 0.3302"", ""similarity"": 0.3302, ""concept_complexity"": 9, ""image_complexity"": 13}, {""concept_id"": ""1_3"", ""is_minor"": true, ""message"": ""Similarity between image and concept 1_3: 0.3248"", ""similarity"": 0.3248, ""concept_complexity"": 5, ""image_complexity"": 13}, {""concept_id"": ""2_1"", ""is_minor"": false, ""message"": ""Preprocessing failed: Concept has more corner points than image."", ""similarity"": 0.0, ""concept_complexity"": 0, ""image_complexity"": 0}]","{'ged_timeout': 5, 'skeletonization_threshold': 110, 'simplification_epsilon': 4.55, 'comparison_method': 'ged', 'fgw_alpha': 0.5, 'image_path': '/opt/nuclio/shared_storage/mnist_all/1/mnist_test_1_01000.png', 'image_id': '4f34ea4d-f7cc-40da-b4c5-2e9a8c8032a5', 'diagnostic_weight_epsilon': 1.0, 'range_penalty_factor': 0.5, 'node_costs': {'NO_COST': 0.0, 'MINOR': 0.65, 'GENERAL': 0.75, 'SEVERE': 1.0, 'NO_MATCH': 1.5, 'IMPOSSIBLE': 10.0}, 'features': ['normalized_x', 'normalized_y', 'distance_to_centroid', 'horizontal_direction', 'vertical_direction', 'angle_with_ox', 'junction_angle_min', 'is_endpoint', 'is_corner', 'length_ratio_to_max', 'eccentricity', 'avg_neighbor_vector_length', 'neighbor_endpoint_count', 'neighbor_junction_count'], 'mlflow_experiment_id': '4', 'mlflow_run_id': 'b586b24a868744d3aff0659ed46c898f', 'session_id': '54aa57df-0f37-4e90-8e6b-1de41f1fc560', 'image_width': 100, 'image_height': 100}","{'skeletonization_time_ms': 28.155792, 'contour_analysis_time_ms': 1110.066, 'classification_time_ms': 68.279001}",4,False
success,e9594133-c310-482b-b36c-8ba3a7371bdd,,/opt/nuclio/shared_storage/mnist_all/3/mnist_test_3_00615.png,3,"[{""concept_id"": ""4_2"", ""is_minor"": true, ""message"": ""Similarity between image and concept 4_2: 0.6006"", ""similarity"": 0.6006, ""concept_complexity"": 13, ""image_complexity"": 21}, {""concept_id"": ""7_1"", ""is_minor"": true, ""message"": ""Similarity between image and concept 7_1: 0.5396"", ""similarity"": 0.5396, ""concept_complexity"": 9, ""image_complexity"": 21}, {""concept_id"": ""5_1"", ""is_minor"": true, ""message"": ""Similarity between image and concept 5_1: 0.4802"", ""similarity"": 0.4802, ""concept_complexity"": 17, ""image_complexity"": 21}, {""concept_id"": ""2_1"", ""is_minor"": true, ""message"": ""Similarity between image and concept 2_1: 0.4491"", ""similarity"": 0.4491, ""concept_complexity"": 13, ""image_complexity"": 21}, {""concept_id"": ""1_1"", ""is_minor"": true, ""message"": ""Similarity between image and concept 1_1: 0.3711"", ""similarity"": 0.3711, ""concept_complexity"": 13, ""image_complexity"": 21}, {""concept_id"": ""1_3"", ""is_minor"": true, ""message"": ""Similarity between image and concept 1_3: 0.4046"", ""similarity"": 0.4046, ""concept_complexity"": 5, ""image_complexity"": 21}, {""concept_id"": ""0_1"", ""is_minor"": false, ""message"": ""Preprocessing failed: Concept has corner points but image does not."", ""similarity"": 0.0, ""concept_complexity"": 0, ""image_complexity"": 0}, {""concept_id"": ""2_2"", ""is_minor"": false, ""message"": ""Preprocessing failed: Concept has intersection points but image does not."", ""similarity"": 0.0, ""concept_complexity"": 0, ""image_complexity"": 0}, {""concept_id"": ""3_1"", ""is_minor"": false, ""message"": ""Preprocessing failed: Concept has more corner points than image."", ""similarity"": 0.0, ""concept_complexity"": 0, ""image_complexity"": 0}, {""concept_id"": ""4_1"", ""is_minor"": false, ""message"": ""Preprocessing failed: Concept has intersection points but image does not."", ""similarity"": 0.0, ""concept_complexity"": 0, ""image_complexity"": 0}, {""concept_id"": ""6_1"", ""is_minor"": false, ""message"": ""Preprocessing failed: Concept has intersection points but image does not."", ""similarity"": 0.0, ""concept_complexity"": 0, ""image_complexity"": 0}, {""concept_id"": ""8_2"", ""is_minor"": false, ""message"": ""Preprocessing failed: Concept has intersection points but image does not."", ""similarity"": 0.0, ""concept_complexity"": 0, ""image_complexity"": 0}, {""concept_id"": ""9_2"", ""is_minor"": false, ""message"": ""Preprocessing failed: Concept has intersection points but image does not."", ""similarity"": 0.0, ""concept_complexity"": 0, ""image_complexity"": 0}]","{'ged_timeout': 5, 'skeletonization_threshold': 110, 'simplification_epsilon': 4.55, 'comparison_method': 'ged', 'fgw_alpha': 0.5, 'image_path': '/opt/nuclio/shared_storage/mnist_all/3/mnist_test_3_00615.png', 'image_id': 'e9594133-c310-482b-b36c-8ba3a7371bdd', 'diagnostic_weight_epsilon': 1.0, 'range_penalty_factor': 0.5, 'node_costs': {'NO_COST': 0.0, 'MINOR': 0.65, 'GENERAL': 0.75, 'SEVERE': 1.0, 'NO_MATCH': 1.5, 'IMPOSSIBLE': 10.0}, 'features': ['normalized_x', 'normalized_y', 'distance_to_centroid', 'horizontal_direction', 'vertical_direction', 'angle_with_ox', 'junction_angle_min', 'is_endpoint', 'is_corner', 'length_ratio_to_max', 'eccentricity', 'avg_neighbor_vector_length', 'neighbor_endpoint_count', 'neighbor_junction_count'], 'mlflow_experiment_id': '4', 'mlflow_run_id': 'b586b24a868744d3aff0659ed46c898f', 'session_id': '952eeec5-5102-4287-9678-d4ac7aeeb647', 'image_width': 100, 'image_height': 100}","{'skeletonization_time_ms': 151.186625, 'contour_analysis_time_ms': 590.566083, 'classification_time_ms': 141.301708}",4,False
success,50a43165-be44-4a73-8655-93ed31814e29,,/opt/nuclio/shared_storage/mnist_all/3/mnist_test_3_00462.png,3,"[{""concept_id"": ""5_1"", ""is_minor"": true, ""message"": ""Similarity between image and concept 5_1: 0.5706"", ""similarity"": 0.5706, ""concept_complexity"": 17, ""image_complexity"": 25}, {""concept_id"": ""4_2"", ""is_minor"": true, ""message"": ""Similarity between image and concept 4_2: 0.5292"", ""similarity"": 0.5292, ""concept_complexity"": 13, ""image_complexity"": 25}, {""concept_id"": ""2_1"", ""is_minor"": true, ""message"": ""Similarity between image and concept 2_1: 0.4396"", ""similarity"": 0.4396, ""concept_complexity"": 13, ""image_complexity"": 25}, {""concept_id"": ""7_1"", ""is_minor"": true, ""message"": ""Similarity between image and concept 7_1: 0.4319"", ""similarity"": 0.4319, ""concept_complexity"": 9, ""image_complexity"": 25}, {""concept_id"": ""1_3"", ""is_minor"": true, ""message"": ""Similarity between image and concept 1_3: 0.4451"", ""similarity"": 0.4451, ""concept_complexity"": 5, ""image_complexity"": 25}, {""concept_id"": ""1_1"", ""is_minor"": true, ""message"": ""Similarity between image and concept 1_1: 0.3589"", ""similarity"": 0.3589, ""concept_complexity"": 13, ""image_complexity"": 25}, {""concept_id"": ""0_1"", ""is_minor"": false, ""message"": ""Preprocessing failed: Concept has corner points but image does not."", ""similarity"": 0.0, ""concept_complexity"": 0, ""image_complexity"": 0}, {""concept_id"": ""2_2"", ""is_minor"": false, ""message"": ""Preprocessing failed: Concept has intersection points but image does not."", ""similarity"": 0.0, ""concept_complexity"": 0, ""image_complexity"": 0}, {""concept_id"": ""3_1"", ""is_minor"": false, ""message"": ""Preprocessing failed: Concept has more corner points than image."", ""similarity"": 0.0, ""concept_complexity"": 0, ""image_complexity"": 0}, {""concept_id"": ""4_1"", ""is_minor"": false, ""message"": ""Preprocessing failed: Concept has intersection points but image does not."", ""similarity"": 0.0, ""concept_complexity"": 0, ""image_complexity"": 0}, {""concept_id"": ""6_1"", ""is_minor"": false, ""message"": ""Preprocessing failed: Concept has intersection points but image does not."", ""similarity"": 0.0, ""concept_complexity"": 0, ""image_complexity"": 0}, {""concept_id"": ""8_2"", ""is_minor"": false, ""message"": ""Preprocessing failed: Concept has intersection points but image does not."", ""similarity"": 0.0, ""concept_complexity"": 0, ""image_complexity"": 0}, {""concept_id"": ""9_2"", ""is_minor"": false, ""message"": ""Preprocessing failed: Concept has intersection points but image does not."", ""similarity"": 0.0, ""concept_complexity"": 0, ""image_complexity"": 0}]","{'ged_timeout': 5, 'skeletonization_threshold': 110, 'simplification_epsilon': 4.55, 'comparison_method': 'ged', 'fgw_alpha': 0.5, 'image_path': '/opt/nuclio/shared_storage/mnist_all/3/mnist_test_3_00462.png', 'image_id': '50a43165-be44-4a73-8655-93ed31814e29', 'diagnostic_weight_epsilon': 1.0, 'range_penalty_factor': 0.5, 'node_costs': {'NO_COST': 0.0, 'MINOR': 0.65, 'GENERAL': 0.75, 'SEVERE': 1.0, 'NO_MATCH': 1.5, 'IMPOSSIBLE': 10.0}, 'features': ['normalized_x', 'normalized_y', 'distance_to_centroid', 'horizontal_direction', 'vertical_direction', 'angle_with_ox', 'junction_angle_min', 'is_endpoint', 'is_corner', 'length_ratio_to_max', 'eccentricity', 'avg_neighbor_vector_length', 'neighbor_endpoint_count', 'neighbor_junction_count'], 'mlflow_experiment_id': '4', 'mlflow_run_id': 'b586b24a868744d3aff0659ed46c898f', 'session_id': '579c4f5d-d9f9-438c-a444-2029e51c7272', 'image_width': 100, 'image_height': 100}","{'skeletonization_time_ms': 287.752875, 'contour_analysis_time_ms': 615.356208, 'classification_time_ms': 132.140958}",5,False
success,c3f3c02d-7d58-4304-b338-62675db3aa0f,,/opt/nuclio/shared_storage/mnist_all/2/mnist_test_2_00993.png,2,"[{""concept_id"": ""7_1"", ""is_minor"": true, ""message"": ""Similarity between image and concept 7_1: 0.587"", ""similarity"": 0.587, ""concept_complexity"": 9, ""image_complexity"": 21}, {""concept_id"": ""4_2"", ""is_minor"": true, ""message"": ""Similarity between image and concept 4_2: 0.5138"", ""similarity"": 0.5138, ""concept_complexity"": 13, ""image_complexity"": 21}, {""concept_id"": ""5_1"", ""is_minor"": true, ""message"": ""Similarity between image and concept 5_1: 0.3702"", ""similarity"": 0.3702, ""concept_complexity"": 17, ""image_complexity"": 21}, {""concept_id"": ""2_1"", ""is_minor"": true, ""message"": ""Similarity between image and concept 2_1: 0.3794"", ""similarity"": 0.3794, ""concept_complexity"": 13, ""image_complexity"": 21}, {""concept_id"": ""1_1"", ""is_minor"": true, ""message"": ""Similarity between image and concept 1_1: 0.3334"", ""similarity"": 0.3334, ""concept_complexity"": 13, ""image_complexity"": 21}, {""concept_id"": ""1_3"", ""is_minor"": true, ""message"": ""Similarity between image and concept 1_3: 0.3775"", ""similarity"": 0.3775, ""concept_complexity"": 5, ""image_complexity"": 21}, {""concept_id"": ""0_1"", ""is_minor"": false, ""message"": ""Preprocessing failed: Concept has corner points but image does not."", ""similarity"": 0.0, ""concept_complexity"": 0, ""image_complexity"": 0}, {""concept_id"": ""2_2"", ""is_minor"": false, ""message"": ""Preprocessing failed: Concept has intersection points but image does not."", ""similarity"": 0.0, ""concept_complexity"": 0, ""image_complexity"": 0}, {""concept_id"": ""3_1"", ""is_minor"": false, ""message"": ""Preprocessing failed: Concept has more corner points than image."", ""similarity"": 0.0, ""concept_complexity"": 0, ""image_complexity"": 0}, {""concept_id"": ""4_1"", ""is_minor"": false, ""message"": ""Preprocessing failed: Concept has intersection points but image does not."", ""similarity"": 0.0, ""concept_complexity"": 0, ""image_complexity"": 0}, {""concept_id"": ""6_1"", ""is_minor"": false, ""message"": ""Preprocessing failed: Concept has intersection points but image does not."", ""similarity"": 0.0, ""concept_complexity"": 0, ""image_complexity"": 0}, {""concept_id"": ""8_2"", ""is_minor"": false, ""message"": ""Preprocessing failed: Concept has intersection points but image does not."", ""similarity"": 0.0, ""concept_complexity"": 0, ""image_complexity"": 0}, {""concept_id"": ""9_2"", ""is_minor"": false, ""message"": ""Preprocessing failed: Concept has intersection points but image does not."", ""similarity"": 0.0, ""concept_complexity"": 0, ""image_complexity"": 0}]","{'ged_timeout': 5, 'skeletonization_threshold': 110, 'simplification_epsilon': 4.55, 'comparison_method': 'ged', 'fgw_alpha': 0.5, 'image_path': '/opt/nuclio/shared_storage/mnist_all/2/mnist_test_2_00993.png', 'image_id': 'c3f3c02d-7d58-4304-b338-62675db3aa0f', 'diagnostic_weight_epsilon': 1.0, 'range_penalty_factor': 0.5, 'node_costs': {'NO_COST': 0.0, 'MINOR': 0.65, 'GENERAL': 0.75, 'SEVERE': 1.0, 'NO_MATCH': 1.5, 'IMPOSSIBLE': 10.0}, 'features': ['normalized_x', 'normalized_y', 'distance_to_centroid', 'horizontal_direction', 'vertical_direction', 'angle_with_ox', 'junction_angle_min', 'is_endpoint', 'is_corner', 'length_ratio_to_max', 'eccentricity', 'avg_neighbor_vector_length', 'neighbor_endpoint_count', 'neighbor_junction_count'], 'mlflow_experiment_id': '4', 'mlflow_run_id': 'b586b24a868744d3aff0659ed46c898f', 'session_id': '06acacbb-24d7-4919-ac7d-e1d1161f5ce1', 'image_width': 100, 'image_height': 100}","{'skeletonization_time_ms': 95.236833, 'contour_analysis_time_ms': 1006.250028, 'classification_time_ms': 153.924666}",7,False
success,abe641de-e34c-4807-a474-7bcdfd985c7c,,/opt/nuclio/shared_storage/mnist_all/1/mnist_test_1_00354.png,1,"[{""concept_id"": ""2_1"", ""is_minor"": true, ""message"": ""Similarity between image and concept 2_1: 0.6798"", ""similarity"": 0.6798, ""concept_complexity"": 13, ""image_complexity"": 17}, {""concept_id"": ""7_1"", ""is_minor"": true, ""message"": ""Similarity between image and concept 7_1: 0.5061"", ""similarity"": 0.5061, ""concept_complexity"": 9, ""image_complexity"": 17}, {""concept_id"": ""4_2"", ""is_minor"": true, ""message"": ""Similarity between image and concept 4_2: 0.4524"", ""similarity"": 0.4524, ""concept_complexity"": 13, ""image_complexity"": 17}, {""concept_id"": ""1_1"", ""is_minor"": true, ""message"": ""Similarity between image and concept 1_1: 0.3257"", ""similarity"": 0.3257, ""concept_complexity"": 13, ""image_complexity"": 17}, {""concept_id"": ""1_3"", ""is_minor"": true, ""message"": ""Similarity between image and concept 1_3: 0.3413"", ""similarity"": 0.3413, ""concept_complexity"": 5, ""image_complexity"": 17}, {""concept_id"": ""4_1"", ""is_minor"": false, ""message"": ""Preprocessing failed: Concept has intersection points but image does not."", ""similarity"": 0.0, ""concept_complexity"": 0, ""image_complexity"": 0}, {""concept_id"": ""5_1"", ""is_minor"": false, ""message"": ""Preprocessing failed: Concept has more corner points than image."", ""similarity"": 0.0, ""concept_complexity"": 0, ""image_complexity"": 0}, {""concept_id"": ""9_2"", ""is_minor"": false, ""message"": ""Preprocessing failed: Concept has intersection points but image does not."", ""similarity"": 0.0, ""concept_complexity"": 0, ""image_complexity"": 0}]","{'ged_timeout': 5, 'skeletonization_threshold': 110, 'simplification_epsilon': 4.55, 'comparison_method': 'ged', 'fgw_alpha': 0.5, 'image_path': '/opt/nuclio/shared_storage/mnist_all/1/mnist_test_1_00354.png', 'image_id': 'abe641de-e34c-4807-a474-7bcdfd985c7c', 'diagnostic_weight_epsilon': 1.0, 'range_penalty_factor': 0.5, 'node_costs': {'NO_COST': 0.0, 'MINOR': 0.65, 'GENERAL': 0.75, 'SEVERE': 1.0, 'NO_MATCH': 1.5, 'IMPOSSIBLE': 10.0}, 'features': ['normalized_x', 'normalized_y', 'distance_to_centroid', 'horizontal_direction', 'vertical_direction', 'angle_with_ox', 'junction_angle_min', 'is_endpoint', 'is_corner', 'length_ratio_to_max', 'eccentricity', 'avg_neighbor_vector_length', 'neighbor_endpoint_count', 'neighbor_junction_count'], 'mlflow_experiment_id': '4', 'mlflow_run_id': 'b586b24a868744d3aff0659ed46c898f', 'session_id': '2a86bc84-0c9b-45e1-b2e9-23a07e245eb8', 'image_width': 100, 'image_height': 100}","{'skeletonization_time_ms': 81.533792, 'contour_analysis_time_ms': 1071.455917, 'classification_time_ms': 142.150125}",2,False
success,1b8d9d97-8daa-4e6f-be36-52f0f6014f86,,/opt/nuclio/shared_storage/mnist_all/3/mnist_test_3_00306.png,3,"[{""concept_id"": ""2_1"", ""is_minor"": true, ""message"": ""Similarity between image and concept 2_1: 0.5123"", ""similarity"": 0.5123, ""concept_complexity"": 13, ""image_complexity"": 21}, {""concept_id"": ""7_1"", ""is_minor"": true, ""message"": ""Similarity between image and concept 7_1: 0.515"", ""similarity"": 0.515, ""concept_complexity"": 9, ""image_complexity"": 21}, {""concept_id"": ""5_1"", ""is_minor"": true, ""message"": ""Similarity between image and concept 5_1: 0.4418"", ""similarity"": 0.4418, ""concept_complexity"": 17, ""image_complexity"": 21}, {""concept_id"": ""3_1"", ""is_minor"": true, ""message"": ""Similarity between image and concept 3_1: 0.42"", ""similarity"": 0.42, ""concept_complexity"": 21, ""image_complexity"": 21}, {""concept_id"": ""1_3"", ""is_minor"": true, ""message"": ""Similarity between image and concept 1_3: 0.4314"", ""similarity"": 0.4314, ""concept_complexity"": 5, ""image_complexity"": 21}, {""concept_id"": ""0_1"", ""is_minor"": false, ""message"": ""Preprocessing failed: Concept has corner points but image does not."", ""similarity"": 0.0, ""concept_complexity"": 0, ""image_complexity"": 0}, {""concept_id"": ""1_1"", ""is_minor"": false, ""message"": ""Preprocessing failed: Concept has more endpoints than image."", ""similarity"": 0.0, ""concept_complexity"": 0, ""image_complexity"": 0}, {""concept_id"": ""2_2"", ""is_minor"": false, ""message"": ""Preprocessing failed: Concept has intersection points but image does not."", ""similarity"": 0.0, ""concept_complexity"": 0, ""image_complexity"": 0}, {""concept_id"": ""4_1"", ""is_minor"": false, ""message"": ""Preprocessing failed: Concept has intersection points but image does not."", ""similarity"": 0.0, ""concept_complexity"": 0, ""image_complexity"": 0}, {""concept_id"": ""4_2"", ""is_minor"": false, ""message"": ""Preprocessing failed: Concept has more endpoints than image."", ""similarity"": 0.0, ""concept_complexity"": 0, ""image_complexity"": 0}, {""concept_id"": ""6_1"", ""is_minor"": false, ""message"": ""Preprocessing failed: Concept has intersection points but image does not."", ""similarity"": 0.0, ""concept_complexity"": 0, ""image_complexity"": 0}, {""concept_id"": ""8_2"", ""is_minor"": false, ""message"": ""Preprocessing failed: Concept has intersection points but image does not."", ""similarity"": 0.0, ""concept_complexity"": 0, ""image_complexity"": 0}, {""concept_id"": ""9_2"", ""is_minor"": false, ""message"": ""Preprocessing failed: Concept has intersection points but image does not."", ""similarity"": 0.0, ""concept_complexity"": 0, ""image_complexity"": 0}]","{'ged_timeout': 5, 'skeletonization_threshold': 110, 'simplification_epsilon': 4.55, 'comparison_method': 'ged', 'fgw_alpha': 0.5, 'image_path': '/opt/nuclio/shared_storage/mnist_all/3/mnist_test_3_00306.png', 'image_id': '1b8d9d97-8daa-4e6f-be36-52f0f6014f86', 'diagnostic_weight_epsilon': 1.0, 'range_penalty_factor': 0.5, 'node_costs': {'NO_COST': 0.0, 'MINOR': 0.65, 'GENERAL': 0.75, 'SEVERE': 1.0, 'NO_MATCH': 1.5, 'IMPOSSIBLE': 10.0}, 'features': ['normalized_x', 'normalized_y', 'distance_to_centroid', 'horizontal_direction', 'vertical_direction', 'angle_with_ox', 'junction_angle_min', 'is_endpoint', 'is_corner', 'length_ratio_to_max', 'eccentricity', 'avg_neighbor_vector_length', 'neighbor_endpoint_count', 'neighbor_junction_count'], 'mlflow_experiment_id': '4', 'mlflow_run_id': 'b586b24a868744d3aff0659ed46c898f', 'session_id': 'dfde1aa5-3012-42d0-8e25-d2c4891bd077', 'image_width': 100, 'image_height': 100}","{'skeletonization_time_ms': 184.387083, 'contour_analysis_time_ms': 507.126416, 'classification_time_ms': 226.670251}",2,False
success,80c508b5-0e0e-4952-89b3-eb0a8c1cce32,,/opt/nuclio/shared_storage/mnist_all/2/mnist_test_2_00193.png,2,"[{""concept_id"": ""4_2"", ""is_minor"": true, ""message"": ""Similarity between image and concept 4_2: 0.495"", ""similarity"": 0.495, ""concept_complexity"": 13, ""image_complexity"": 21}, {""concept_id"": ""2_1"", ""is_minor"": true, ""message"": ""Similarity between image and concept 2_1: 0.4326"", ""similarity"": 0.4326, ""concept_complexity"": 13, ""image_complexity"": 21}, {""concept_id"": ""5_1"", ""is_minor"": true, ""message"": ""Similarity between image and concept 5_1: 0.4091"", ""similarity"": 0.4091, ""concept_complexity"": 17, ""image_complexity"": 21}, {""concept_id"": ""7_1"", ""is_minor"": true, ""message"": ""Similarity between image and concept 7_1: 0.3752"", ""similarity"": 0.3752, ""concept_complexity"": 9, ""image_complexity"": 21}, {""concept_id"": ""1_1"", ""is_minor"": true, ""message"": ""Similarity between image and concept 1_1: 0.2974"", ""similarity"": 0.2974, ""concept_complexity"": 13, ""image_complexity"": 21}, {""concept_id"": ""1_3"", ""is_minor"": true, ""message"": ""Similarity between image and concept 1_3: 0.317"", ""similarity"": 0.317, ""concept_complexity"": 5, ""image_complexity"": 21}, {""concept_id"": ""0_1"", ""is_minor"": false, ""message"": ""Preprocessing failed: Concept has corner points but image does not."", ""similarity"": 0.0, ""concept_complexity"": 0, ""image_complexity"": 0}, {""concept_id"": ""2_2"", ""is_minor"": false, ""message"": ""Preprocessing failed: Concept has intersection points but image does not."", ""similarity"": 0.0, ""concept_complexity"": 0, ""image_complexity"": 0}, {""concept_id"": ""3_1"", ""is_minor"": false, ""message"": ""Preprocessing failed: Concept has more corner points than image."", ""similarity"": 0.0, ""concept_complexity"": 0, ""image_complexity"": 0}, {""concept_id"": ""4_1"", ""is_minor"": false, ""message"": ""Preprocessing failed: Concept has intersection points but image does not."", ""similarity"": 0.0, ""concept_complexity"": 0, ""image_complexity"": 0}, {""concept_id"": ""6_1"", ""is_minor"": false, ""message"": ""Preprocessing failed: Concept has intersection points but image does not."", ""similarity"": 0.0, ""concept_complexity"": 0, ""image_complexity"": 0}, {""concept_id"": ""8_2"", ""is_minor"": false, ""message"": ""Preprocessing failed: Concept has intersection points but image does not."", ""similarity"": 0.0, ""concept_complexity"": 0, ""image_complexity"": 0}, {""concept_id"": ""9_2"", ""is_minor"": false, ""message"": ""Preprocessing failed: Concept has intersection points but image does not."", ""similarity"": 0.0, ""concept_complexity"": 0, ""image_complexity"": 0}]","{'ged_timeout': 5, 'skeletonization_threshold': 110, 'simplification_epsilon': 4.55, 'comparison_method': 'ged', 'fgw_alpha': 0.5, 'image_path': '/opt/nuclio/shared_storage/mnist_all/2/mnist_test_2_00193.png', 'image_id': '80c508b5-0e0e-4952-89b3-eb0a8c1cce32', 'diagnostic_weight_epsilon': 1.0, 'range_penalty_factor': 0.5, 'node_costs': {'NO_COST': 0.0, 'MINOR': 0.65, 'GENERAL': 0.75, 'SEVERE': 1.0, 'NO_MATCH': 1.5, 'IMPOSSIBLE': 10.0}, 'features': ['normalized_x', 'normalized_y', 'distance_to_centroid', 'horizontal_direction', 'vertical_direction', 'angle_with_ox', 'junction_angle_min', 'is_endpoint', 'is_corner', 'length_ratio_to_max', 'eccentricity', 'avg_neighbor_vector_length', 'neighbor_endpoint_count', 'neighbor_junction_count'], 'mlflow_experiment_id': '4', 'mlflow_run_id': 'b586b24a868744d3aff0659ed46c898f', 'session_id': '0b753e17-7f11-48c0-8bfb-8b31b9f8db2a', 'image_width': 100, 'image_height': 100}","{'skeletonization_time_ms': 352.627208, 'contour_analysis_time_ms': 597.452334, 'classification_time_ms': 240.72075}",4,False
success,d896541f-b1aa-49fa-8602-75fb1862c604,,/opt/nuclio/shared_storage/mnist_all/2/mnist_test_2_00063.png,2,"[{""concept_id"": ""8_2"", ""is_minor"": true, ""message"": ""Similarity between image and concept 8_2: 0.5758"", ""similarity"": 0.5758, ""concept_complexity"": 20, ""image_complexity"": 32}, {""concept_id"": ""6_1"", ""is_minor"": true, ""message"": ""Similarity between image and concept 6_1: 0.5111"", ""similarity"": 0.5111, ""concept_complexity"": 20, ""image_complexity"": 32}, {""concept_id"": ""2_2"", ""is_minor"": true, ""message"": ""Similarity between image and concept 2_2: 0.5109"", ""similarity"": 0.5109, ""concept_complexity"": 20, ""image_complexity"": 32}, {""concept_id"": ""8_1"", ""is_minor"": true, ""message"": ""Similarity between image and concept 8_1: 0.447"", ""similarity"": 0.447, ""concept_complexity"": 27, ""image_complexity"": 32}, {""concept_id"": ""4_1"", ""is_minor"": true, ""message"": ""Similarity between image and concept 4_1: 0.4643"", ""similarity"": 0.4643, ""concept_complexity"": 16, ""image_complexity"": 32}, {""concept_id"": ""0_1"", ""is_minor"": true, ""message"": ""Similarity between image and concept 0_1: 0.4139"", ""similarity"": 0.4139, ""concept_complexity"": 20, ""image_complexity"": 32}, {""concept_id"": ""9_2"", ""is_minor"": true, ""message"": ""Similarity between image and concept 9_2: 0.4208"", ""similarity"": 0.4208, ""concept_complexity"": 16, ""image_complexity"": 32}, {""concept_id"": ""1_3"", ""is_minor"": true, ""message"": ""Similarity between image and concept 1_3: 0.2361"", ""similarity"": 0.2361, ""concept_complexity"": 5, ""image_complexity"": 32}, {""concept_id"": ""1_1"", ""is_minor"": false, ""message"": ""Preprocessing failed: Concept has more endpoints than image."", ""similarity"": 0.0, ""concept_complexity"": 0, ""image_complexity"": 0}, {""concept_id"": ""2_1"", ""is_minor"": false, ""message"": ""Preprocessing failed: No path found for endpoint -8861160360370146687."", ""similarity"": 0.0, ""concept_complexity"": 0, ""image_complexity"": 0}, {""concept_id"": ""3_1"", ""is_minor"": false, ""message"": ""Preprocessing failed: Concept has endpoints but image does not."", ""similarity"": 0.0, ""concept_complexity"": 0, ""image_complexity"": 0}, {""concept_id"": ""4_2"", ""is_minor"": false, ""message"": ""Preprocessing failed: Concept has more endpoints than image."", ""similarity"": 0.0, ""concept_complexity"": 0, ""image_complexity"": 0}, {""concept_id"": ""5_1"", ""is_minor"": false, ""message"": ""Preprocessing failed: Concept has endpoints but image does not."", ""similarity"": 0.0, ""concept_complexity"": 0, ""image_complexity"": 0}, {""concept_id"": ""7_1"", ""is_minor"": false, ""message"": ""Preprocessing failed: Concept has endpoints but image does not."", ""similarity"": 0.0, ""concept_complexity"": 0, ""image_complexity"": 0}]","{'ged_timeout': 5, 'skeletonization_threshold': 110, 'simplification_epsilon': 4.55, 'comparison_method': 'ged', 'fgw_alpha': 0.5, 'image_path': '/opt/nuclio/shared_storage/mnist_all/2/mnist_test_2_00063.png', 'image_id': 'd896541f-b1aa-49fa-8602-75fb1862c604', 'diagnostic_weight_epsilon': 1.0, 'range_penalty_factor': 0.5, 'node_costs': {'NO_COST': 0.0, 'MINOR': 0.65, 'GENERAL': 0.75, 'SEVERE': 1.0, 'NO_MATCH': 1.5, 'IMPOSSIBLE': 10.0}, 'features': ['normalized_x', 'normalized_y', 'distance_to_centroid', 'horizontal_direction', 'vertical_direction', 'angle_with_ox', 'junction_angle_min', 'is_endpoint', 'is_corner', 'length_ratio_to_max', 'eccentricity', 'avg_neighbor_vector_length', 'neighbor_endpoint_count', 'neighbor_junction_count'], 'mlflow_experiment_id': '4', 'mlflow_run_id': 'b586b24a868744d3aff0659ed46c898f', 'session_id': '387bf350-0022-4f24-8f5f-2703f11dec93', 'image_width': 100, 'image_height': 100}","{'skeletonization_time_ms': 163.811166, 'contour_analysis_time_ms': 1066.887959, 'classification_time_ms': 301.828084}",8,False
success,6774abc6-5fee-4bef-af39-173b1301cf80,,/opt/nuclio/shared_storage/mnist_all/1/mnist_test_1_00508.png,1,"[{""concept_id"": ""7_1"", ""is_minor"": true, ""message"": ""Similarity between image and concept 7_1: 0.5169"", ""similarity"": 0.5169, ""concept_complexity"": 9, ""image_complexity"": 9}, {""concept_id"": ""1_3"", ""is_minor"": true, ""message"": ""Similarity between image and concept 1_3: 0.3871"", ""similarity"": 0.3871, ""concept_complexity"": 5, ""image_complexity"": 9}]","{'ged_timeout': 5, 'skeletonization_threshold': 110, 'simplification_epsilon': 4.55, 'comparison_method': 'ged', 'fgw_alpha': 0.5, 'image_path': '/opt/nuclio/shared_storage/mnist_all/1/mnist_test_1_00508.png', 'image_id': '6774abc6-5fee-4bef-af39-173b1301cf80', 'diagnostic_weight_epsilon': 1.0, 'range_penalty_factor': 0.5, 'node_costs': {'NO_COST': 0.0, 'MINOR': 0.65, 'GENERAL': 0.75, 'SEVERE': 1.0, 'NO_MATCH': 1.5, 'IMPOSSIBLE': 10.0}, 'features': ['normalized_x', 'normalized_y', 'distance_to_centroid', 'horizontal_direction', 'vertical_direction', 'angle_with_ox', 'junction_angle_min', 'is_endpoint', 'is_corner', 'length_ratio_to_max', 'eccentricity', 'avg_neighbor_vector_length', 'neighbor_endpoint_count', 'neighbor_junction_count'], 'mlflow_experiment_id': '4', 'mlflow_run_id': 'b586b24a868744d3aff0659ed46c898f', 'session_id': '77fc9802-9f11-4783-a637-3c0ea659bd07', 'image_width': 100, 'image_height': 100}","{'skeletonization_time_ms': 334.427001, 'contour_analysis_time_ms': 1106.557834, 'classification_time_ms': 14.883833}",7,False
success,4e8906ec-b4b1-4e83-a6c8-b348639eb21a,,/opt/nuclio/shared_storage/mnist_all/2/mnist_test_2_00685.png,2,"[{""concept_id"": ""4_2"", ""is_minor"": true, ""message"": ""Similarity between image and concept 4_2: 0.5514"", ""similarity"": 0.5514, ""concept_complexity"": 13, ""image_complexity"": 21}, {""concept_id"": ""2_1"", ""is_minor"": true, ""message"": ""Similarity between image and concept 2_1: 0.5486"", ""similarity"": 0.5486, ""concept_complexity"": 13, ""image_complexity"": 21}, {""concept_id"": ""7_1"", ""is_minor"": true, ""message"": ""Similarity between image and concept 7_1: 0.5784"", ""similarity"": 0.5784, ""concept_complexity"": 9, ""image_complexity"": 21}, {""concept_id"": ""5_1"", ""is_minor"": true, ""message"": ""Similarity between image and concept 5_1: 0.4268"", ""similarity"": 0.4268, ""concept_complexity"": 17, ""image_complexity"": 21}, {""concept_id"": ""1_1"", ""is_minor"": true, ""message"": ""Similarity between image and concept 1_1: 0.3498"", ""similarity"": 0.3498, ""concept_complexity"": 13, ""image_complexity"": 21}, {""concept_id"": ""1_3"", ""is_minor"": true, ""message"": ""Similarity between image and concept 1_3: 0.3665"", ""similarity"": 0.3665, ""concept_complexity"": 5, ""image_complexity"": 21}, {""concept_id"": ""0_1"", ""is_minor"": false, ""message"": ""Preprocessing failed: Concept has corner points but image does not."", ""similarity"": 0.0, ""concept_complexity"": 0, ""image_complexity"": 0}, {""concept_id"": ""2_2"", ""is_minor"": false, ""message"": ""Preprocessing failed: Concept has intersection points but image does not."", ""similarity"": 0.0, ""concept_complexity"": 0, ""image_complexity"": 0}, {""concept_id"": ""3_1"", ""is_minor"": false, ""message"": ""Preprocessing failed: Concept has more corner points than image."", ""similarity"": 0.0, ""concept_complexity"": 0, ""image_complexity"": 0}, {""concept_id"": ""4_1"", ""is_minor"": false, ""message"": ""Preprocessing failed: Concept has intersection points but image does not."", ""similarity"": 0.0, ""concept_complexity"": 0, ""image_complexity"": 0}, {""concept_id"": ""6_1"", ""is_minor"": false, ""message"": ""Preprocessing failed: Concept has intersection points but image does not."", ""similarity"": 0.0, ""concept_complexity"": 0, ""image_complexity"": 0}, {""concept_id"": ""8_2"", ""is_minor"": false, ""message"": ""Preprocessing failed: Concept has intersection points but image does not."", ""similarity"": 0.0, ""concept_complexity"": 0, ""image_complexity"": 0}, {""concept_id"": ""9_2"", ""is_minor"": false, ""message"": ""Preprocessing failed: Concept has intersection points but image does not."", ""similarity"": 0.0, ""concept_complexity"": 0, ""image_complexity"": 0}]","{'ged_timeout': 5, 'skeletonization_threshold': 110, 'simplification_epsilon': 4.55, 'comparison_method': 'ged', 'fgw_alpha': 0.5, 'image_path': '/opt/nuclio/shared_storage/mnist_all/2/mnist_test_2_00685.png', 'image_id': '4e8906ec-b4b1-4e83-a6c8-b348639eb21a', 'diagnostic_weight_epsilon': 1.0, 'range_penalty_factor': 0.5, 'node_costs': {'NO_COST': 0.0, 'MINOR': 0.65, 'GENERAL': 0.75, 'SEVERE': 1.0, 'NO_MATCH': 1.5, 'IMPOSSIBLE': 10.0}, 'features': ['normalized_x', 'normalized_y', 'distance_to_centroid', 'horizontal_direction', 'vertical_direction', 'angle_with_ox', 'junction_angle_min', 'is_endpoint', 'is_corner', 'length_ratio_to_max', 'eccentricity', 'avg_neighbor_vector_length', 'neighbor_endpoint_count', 'neighbor_junction_count'], 'mlflow_experiment_id': '4', 'mlflow_run_id': 'b586b24a868744d3aff0659ed46c898f', 'session_id': '8ea24ae6-a888-416b-83f0-35f17273f045', 'image_width': 100, 'image_height': 100}","{'skeletonization_time_ms': 165.140125, 'contour_analysis_time_ms': 680.737958, 'classification_time_ms': 168.172541}",4,False
success,75e55e79-8b3e-4bc1-ba8b-b33304d7e41b,,/opt/nuclio/shared_storage/mnist_all/2/mnist_test_2_00820.png,2,"[{""concept_id"": ""4_2"", ""is_minor"": true, ""message"": ""Similarity between image and concept 4_2: 0.5203"", ""similarity"": 0.5203, ""concept_complexity"": 13, ""image_complexity"": 21}, {""concept_id"": ""2_1"", ""is_minor"": true, ""message"": ""Similarity between image and concept 2_1: 0.4928"", ""similarity"": 0.4928, ""concept_complexity"": 13, ""image_complexity"": 21}, {""concept_id"": ""7_1"", ""is_minor"": true, ""message"": ""Similarity between image and concept 7_1: 0.4842"", ""similarity"": 0.4842, ""concept_complexity"": 9, ""image_complexity"": 21}, {""concept_id"": ""5_1"", ""is_minor"": true, ""message"": ""Similarity between image and concept 5_1: 0.4253"", ""similarity"": 0.4253, ""concept_complexity"": 17, ""image_complexity"": 21}, {""concept_id"": ""1_1"", ""is_minor"": true, ""message"": ""Similarity between image and concept 1_1: 0.34"", ""similarity"": 0.34, ""concept_complexity"": 13, ""image_complexity"": 21}, {""concept_id"": ""1_3"", ""is_minor"": true, ""message"": ""Similarity between image and concept 1_3: 0.3553"", ""similarity"": 0.3553, ""concept_complexity"": 5, ""image_complexity"": 21}, {""concept_id"": ""0_1"", ""is_minor"": false, ""message"": ""Preprocessing failed: Concept has corner points but image does not."", ""similarity"": 0.0, ""concept_complexity"": 0, ""image_complexity"": 0}, {""concept_id"": ""2_2"", ""is_minor"": false, ""message"": ""Preprocessing failed: Concept has intersection points but image does not."", ""similarity"": 0.0, ""concept_complexity"": 0, ""image_complexity"": 0}, {""concept_id"": ""3_1"", ""is_minor"": false, ""message"": ""Preprocessing failed: Concept has more corner points than image."", ""similarity"": 0.0, ""concept_complexity"": 0, ""image_complexity"": 0}, {""concept_id"": ""4_1"", ""is_minor"": false, ""message"": ""Preprocessing failed: Concept has intersection points but image does not."", ""similarity"": 0.0, ""concept_complexity"": 0, ""image_complexity"": 0}, {""concept_id"": ""6_1"", ""is_minor"": false, ""message"": ""Preprocessing failed: Concept has intersection points but image does not."", ""similarity"": 0.0, ""concept_complexity"": 0, ""image_complexity"": 0}, {""concept_id"": ""8_2"", ""is_minor"": false, ""message"": ""Preprocessing failed: Concept has intersection points but image does not."", ""similarity"": 0.0, ""concept_complexity"": 0, ""image_complexity"": 0}, {""concept_id"": ""9_2"", ""is_minor"": false, ""message"": ""Preprocessing failed: Concept has intersection points but image does not."", ""similarity"": 0.0, ""concept_complexity"": 0, ""image_complexity"": 0}]","{'ged_timeout': 5, 'skeletonization_threshold': 110, 'simplification_epsilon': 4.55, 'comparison_method': 'ged', 'fgw_alpha': 0.5, 'image_path': '/opt/nuclio/shared_storage/mnist_all/2/mnist_test_2_00820.png', 'image_id': '75e55e79-8b3e-4bc1-ba8b-b33304d7e41b', 'diagnostic_weight_epsilon': 1.0, 'range_penalty_factor': 0.5, 'node_costs': {'NO_COST': 0.0, 'MINOR': 0.65, 'GENERAL': 0.75, 'SEVERE': 1.0, 'NO_MATCH': 1.5, 'IMPOSSIBLE': 10.0}, 'features': ['normalized_x', 'normalized_y', 'distance_to_centroid', 'horizontal_direction', 'vertical_direction', 'angle_with_ox', 'junction_angle_min', 'is_endpoint', 'is_corner', 'length_ratio_to_max', 'eccentricity', 'avg_neighbor_vector_length', 'neighbor_endpoint_count', 'neighbor_junction_count'], 'mlflow_experiment_id': '4', 'mlflow_run_id': 'b586b24a868744d3aff0659ed46c898f', 'session_id': '6eb51996-4c03-4010-96d2-10fe39506263', 'image_width': 100, 'image_height': 100}","{'skeletonization_time_ms': 212.595458, 'contour_analysis_time_ms': 663.21225, 'classification_time_ms': 136.437917}",4,False
success,649c9493-cfcf-4c1f-8d17-661f4bccc46f,,/opt/nuclio/shared_storage/mnist_all/2/mnist_test_2_00558.png,2,"[{""concept_id"": ""6_1"", ""is_minor"": true, ""message"": ""Similarity between image and concept 6_1: 0.5471"", ""similarity"": 0.5471, ""concept_complexity"": 20, ""image_complexity"": 28}, {""concept_id"": ""2_2"", ""is_minor"": true, ""message"": ""Similarity between image and concept 2_2: 0.5363"", ""similarity"": 0.5363, ""concept_complexity"": 20, ""image_complexity"": 28}, {""concept_id"": ""8_1"", ""is_minor"": true, ""message"": ""Similarity between image and concept 8_1: 0.4558"", ""similarity"": 0.4558, ""concept_complexity"": 27, ""image_complexity"": 28}, {""concept_id"": ""0_1"", ""is_minor"": true, ""message"": ""Similarity between image and concept 0_1: 0.4728"", ""similarity"": 0.4728, ""concept_complexity"": 20, ""image_complexity"": 28}, {""concept_id"": ""4_1"", ""is_minor"": true, ""message"": ""Similarity between image and concept 4_1: 0.4297"", ""similarity"": 0.4297, ""concept_complexity"": 16, ""image_complexity"": 28}, {""concept_id"": ""9_2"", ""is_minor"": true, ""message"": ""Similarity between image and concept 9_2: 0.4279"", ""similarity"": 0.4279, ""concept_complexity"": 16, ""image_complexity"": 28}, {""concept_id"": ""1_1"", ""is_minor"": false, ""message"": ""Preprocessing failed: Concept has endpoints but image does not."", ""similarity"": 0.0, ""concept_complexity"": 0, ""image_complexity"": 0}, {""concept_id"": ""1_3"", ""is_minor"": false, ""message"": ""Preprocessing failed: Concept has endpoints but image does not."", ""similarity"": 0.0, ""concept_complexity"": 0, ""image_complexity"": 0}, {""concept_id"": ""2_1"", ""is_minor"": false, ""message"": ""Preprocessing failed: Concept has endpoints but image does not."", ""similarity"": 0.0, ""concept_complexity"": 0, ""image_complexity"": 0}, {""concept_id"": ""3_1"", ""is_minor"": false, ""message"": ""Preprocessing failed: Concept has endpoints but image does not."", ""similarity"": 0.0, ""concept_complexity"": 0, ""image_complexity"": 0}, {""concept_id"": ""4_2"", ""is_minor"": false, ""message"": ""Preprocessing failed: Concept has endpoints but image does not."", ""similarity"": 0.0, ""concept_complexity"": 0, ""image_complexity"": 0}, {""concept_id"": ""5_1"", ""is_minor"": false, ""message"": ""Preprocessing failed: Concept has endpoints but image does not."", ""similarity"": 0.0, ""concept_complexity"": 0, ""image_complexity"": 0}, {""concept_id"": ""7_1"", ""is_minor"": false, ""message"": ""Preprocessing failed: Concept has endpoints but image does not."", ""similarity"": 0.0, ""concept_complexity"": 0, ""image_complexity"": 0}, {""concept_id"": ""8_2"", ""is_minor"": false, ""message"": ""Preprocessing failed: Concept has endpoints but image does not."", ""similarity"": 0.0, ""concept_complexity"": 0, ""image_complexity"": 0}]","{'ged_timeout': 5, 'skeletonization_threshold': 110, 'simplification_epsilon': 4.55, 'comparison_method': 'ged', 'fgw_alpha': 0.5, 'image_path': '/opt/nuclio/shared_storage/mnist_all/2/mnist_test_2_00558.png', 'image_id': '649c9493-cfcf-4c1f-8d17-661f4bccc46f', 'diagnostic_weight_epsilon': 1.0, 'range_penalty_factor': 0.5, 'node_costs': {'NO_COST': 0.0, 'MINOR': 0.65, 'GENERAL': 0.75, 'SEVERE': 1.0, 'NO_MATCH': 1.5, 'IMPOSSIBLE': 10.0}, 'features': ['normalized_x', 'normalized_y', 'distance_to_centroid', 'horizontal_direction', 'vertical_direction', 'angle_with_ox', 'junction_angle_min', 'is_endpoint', 'is_corner', 'length_ratio_to_max', 'eccentricity', 'avg_neighbor_vector_length', 'neighbor_endpoint_count', 'neighbor_junction_count'], 'mlflow_experiment_id': '4', 'mlflow_run_id': 'b586b24a868744d3aff0659ed46c898f', 'session_id': '786028a6-994d-4771-afb1-4391da96246d', 'image_width': 100, 'image_height': 100}","{'skeletonization_time_ms': 103.703458, 'contour_analysis_time_ms': 895.160126, 'classification_time_ms': 311.976958}",6,False
success,ff7aad7e-4c7c-4eab-9881-e1bd2340c66c,,/opt/nuclio/shared_storage/mnist_all/3/mnist_test_3_00446.png,3,"[{""concept_id"": ""5_1"", ""is_minor"": true, ""message"": ""Similarity between image and concept 5_1: 0.4549"", ""similarity"": 0.4549, ""concept_complexity"": 17, ""image_complexity"": 17}, {""concept_id"": ""7_1"", ""is_minor"": true, ""message"": ""Similarity between image and concept 7_1: 0.4919"", ""similarity"": 0.4919, ""concept_complexity"": 9, ""image_complexity"": 17}, {""concept_id"": ""2_1"", ""is_minor"": true, ""message"": ""Similarity between image and concept 2_1: 0.4373"", ""similarity"": 0.4373, ""concept_complexity"": 13, ""image_complexity"": 17}, {""concept_id"": ""1_3"", ""is_minor"": true, ""message"": ""Similarity between image and concept 1_3: 0.4205"", ""similarity"": 0.4205, ""concept_complexity"": 5, ""image_complexity"": 17}, {""concept_id"": ""1_1"", ""is_minor"": false, ""message"": ""Preprocessing failed: Concept has more endpoints than image."", ""similarity"": 0.0, ""concept_complexity"": 0, ""image_complexity"": 0}, {""concept_id"": ""4_1"", ""is_minor"": false, ""message"": ""Preprocessing failed: Concept has intersection points but image does not."", ""similarity"": 0.0, ""concept_complexity"": 0, ""image_complexity"": 0}, {""concept_id"": ""4_2"", ""is_minor"": false, ""message"": ""Preprocessing failed: Concept has more endpoints than image."", ""similarity"": 0.0, ""concept_complexity"": 0, ""image_complexity"": 0}, {""concept_id"": ""9_2"", ""is_minor"": false, ""message"": ""Preprocessing failed: Concept has intersection points but image does not."", ""similarity"": 0.0, ""concept_complexity"": 0, ""image_complexity"": 0}]","{'ged_timeout': 5, 'skeletonization_threshold': 110, 'simplification_epsilon': 4.55, 'comparison_method': 'ged', 'fgw_alpha': 0.5, 'image_path': '/opt/nuclio/shared_storage/mnist_all/3/mnist_test_3_00446.png', 'image_id': 'ff7aad7e-4c7c-4eab-9881-e1bd2340c66c', 'diagnostic_weight_epsilon': 1.0, 'range_penalty_factor': 0.5, 'node_costs': {'NO_COST': 0.0, 'MINOR': 0.65, 'GENERAL': 0.75, 'SEVERE': 1.0, 'NO_MATCH': 1.5, 'IMPOSSIBLE': 10.0}, 'features': ['normalized_x', 'normalized_y', 'distance_to_centroid', 'horizontal_direction', 'vertical_direction', 'angle_with_ox', 'junction_angle_min', 'is_endpoint', 'is_corner', 'length_ratio_to_max', 'eccentricity', 'avg_neighbor_vector_length', 'neighbor_endpoint_count', 'neighbor_junction_count'], 'mlflow_experiment_id': '4', 'mlflow_run_id': 'b586b24a868744d3aff0659ed46c898f', 'session_id': '7cd586e1-105e-48bb-af22-9718f152d811', 'image_width': 100, 'image_height': 100}","{'skeletonization_time_ms': 193.561959, 'contour_analysis_time_ms': 304.986417, 'classification_time_ms': 106.219958}",5,False
success,0ac54593-c696-4d52-8afe-32e082db6572,,/opt/nuclio/shared_storage/mnist_all/1/mnist_test_1_00961.png,1,"[{""concept_id"": ""7_1"", ""is_minor"": true, ""message"": ""Similarity between image and concept 7_1: 0.4844"", ""similarity"": 0.4844, ""concept_complexity"": 9, ""image_complexity"": 13}, {""concept_id"": ""1_1"", ""is_minor"": true, ""message"": ""Similarity between image and concept 1_1: 0.4289"", ""similarity"": 0.4289, ""concept_complexity"": 13, ""image_complexity"": 13}, {""concept_id"": ""4_2"", ""is_minor"": true, ""message"": ""Similarity between image and concept 4_2: 0.3208"", ""similarity"": 0.3208, ""concept_complexity"": 13, ""image_complexity"": 13}, {""concept_id"": ""1_3"", ""is_minor"": true, ""message"": ""Similarity between image and concept 1_3: 0.3242"", ""similarity"": 0.3242, ""concept_complexity"": 5, ""image_complexity"": 13}, {""concept_id"": ""2_1"", ""is_minor"": false, ""message"": ""Preprocessing failed: Concept has more corner points than image."", ""similarity"": 0.0, ""concept_complexity"": 0, ""image_complexity"": 0}]","{'ged_timeout': 5, 'skeletonization_threshold': 110, 'simplification_epsilon': 4.55, 'comparison_method': 'ged', 'fgw_alpha': 0.5, 'image_path': '/opt/nuclio/shared_storage/mnist_all/1/mnist_test_1_00961.png', 'image_id': '0ac54593-c696-4d52-8afe-32e082db6572', 'diagnostic_weight_epsilon': 1.0, 'range_penalty_factor': 0.5, 'node_costs': {'NO_COST': 0.0, 'MINOR': 0.65, 'GENERAL': 0.75, 'SEVERE': 1.0, 'NO_MATCH': 1.5, 'IMPOSSIBLE': 10.0}, 'features': ['normalized_x', 'normalized_y', 'distance_to_centroid', 'horizontal_direction', 'vertical_direction', 'angle_with_ox', 'junction_angle_min', 'is_endpoint', 'is_corner', 'length_ratio_to_max', 'eccentricity', 'avg_neighbor_vector_length', 'neighbor_endpoint_count', 'neighbor_junction_count'], 'mlflow_experiment_id': '4', 'mlflow_run_id': 'b586b24a868744d3aff0659ed46c898f', 'session_id': 'ec7c2208-c377-4a99-9356-6e79845dcb0a', 'image_width': 100, 'image_height': 100}","{'skeletonization_time_ms': 104.773875, 'contour_analysis_time_ms': 1025.850126, 'classification_time_ms': 90.293667}",7,False
success,04b0ad21-cdd6-4320-bd25-157489d478b6,,/opt/nuclio/shared_storage/mnist_all/3/mnist_test_3_00072.png,3,"[{""concept_id"": ""5_1"", ""is_minor"": true, ""message"": ""Similarity between image and concept 5_1: 0.5271"", ""similarity"": 0.5271, ""concept_complexity"": 17, ""image_complexity"": 25}, {""concept_id"": ""3_1"", ""is_minor"": true, ""message"": ""Similarity between image and concept 3_1: 0.4879"", ""similarity"": 0.4879, ""concept_complexity"": 21, ""image_complexity"": 25}, {""concept_id"": ""4_2"", ""is_minor"": true, ""message"": ""Similarity between image and concept 4_2: 0.5057"", ""similarity"": 0.5057, ""concept_complexity"": 13, ""image_complexity"": 25}, {""concept_id"": ""2_1"", ""is_minor"": true, ""message"": ""Similarity between image and concept 2_1: 0.4697"", ""similarity"": 0.4697, ""concept_complexity"": 13, ""image_complexity"": 25}, {""concept_id"": ""7_1"", ""is_minor"": true, ""message"": ""Similarity between image and concept 7_1: 0.4759"", ""similarity"": 0.4759, ""concept_complexity"": 9, ""image_complexity"": 25}, {""concept_id"": ""1_1"", ""is_minor"": true, ""message"": ""Similarity between image and concept 1_1: 0.4132"", ""similarity"": 0.4132, ""concept_complexity"": 13, ""image_complexity"": 25}, {""concept_id"": ""1_3"", ""is_minor"": true, ""message"": ""Similarity between image and concept 1_3: 0.4656"", ""similarity"": 0.4656, ""concept_complexity"": 5, ""image_complexity"": 25}, {""concept_id"": ""0_1"", ""is_minor"": false, ""message"": ""Preprocessing failed: Concept has corner points but image does not."", ""similarity"": 0.0, ""concept_complexity"": 0, ""image_complexity"": 0}, {""concept_id"": ""2_2"", ""is_minor"": false, ""message"": ""Preprocessing failed: Concept has intersection points but image does not."", ""similarity"": 0.0, ""concept_complexity"": 0, ""image_complexity"": 0}, {""concept_id"": ""4_1"", ""is_minor"": false, ""message"": ""Preprocessing failed: Concept has intersection points but image does not."", ""similarity"": 0.0, ""concept_complexity"": 0, ""image_complexity"": 0}, {""concept_id"": ""6_1"", ""is_minor"": false, ""message"": ""Preprocessing failed: Concept has intersection points but image does not."", ""similarity"": 0.0, ""concept_complexity"": 0, ""image_complexity"": 0}, {""concept_id"": ""8_2"", ""is_minor"": false, ""message"": ""Preprocessing failed: Concept has intersection points but image does not."", ""similarity"": 0.0, ""concept_complexity"": 0, ""image_complexity"": 0}, {""concept_id"": ""9_2"", ""is_minor"": false, ""message"": ""Preprocessing failed: Concept has intersection points but image does not."", ""similarity"": 0.0, ""concept_complexity"": 0, ""image_complexity"": 0}]","{'ged_timeout': 5, 'skeletonization_threshold': 110, 'simplification_epsilon': 4.55, 'comparison_method': 'ged', 'fgw_alpha': 0.5, 'image_path': '/opt/nuclio/shared_storage/mnist_all/3/mnist_test_3_00072.png', 'image_id': '04b0ad21-cdd6-4320-bd25-157489d478b6', 'diagnostic_weight_epsilon': 1.0, 'range_penalty_factor': 0.5, 'node_costs': {'NO_COST': 0.0, 'MINOR': 0.65, 'GENERAL': 0.75, 'SEVERE': 1.0, 'NO_MATCH': 1.5, 'IMPOSSIBLE': 10.0}, 'features': ['normalized_x', 'normalized_y', 'distance_to_centroid', 'horizontal_direction', 'vertical_direction', 'angle_with_ox', 'junction_angle_min', 'is_endpoint', 'is_corner', 'length_ratio_to_max', 'eccentricity', 'avg_neighbor_vector_length', 'neighbor_endpoint_count', 'neighbor_junction_count'], 'mlflow_experiment_id': '4', 'mlflow_run_id': 'b586b24a868744d3aff0659ed46c898f', 'session_id': '8f34afdc-cf9d-4a14-a2d7-16ba417a44ef', 'image_width': 100, 'image_height': 100}","{'skeletonization_time_ms': 85.191833, 'contour_analysis_time_ms': 653.573834, 'classification_time_ms': 416.378083}",5,False
success,be67a502-acb4-49aa-a66a-c5102fc3a1a0,,/opt/nuclio/shared_storage/mnist_all/2/mnist_test_2_00899.png,2,"[{""concept_id"": ""5_1"", ""is_minor"": true, ""message"": ""Similarity between image and concept 5_1: 0.5092"", ""similarity"": 0.5092, ""concept_complexity"": 17, ""image_complexity"": 37}, {""concept_id"": ""3_1"", ""is_minor"": true, ""message"": ""Similarity between image and concept 3_1: 0.4844"", ""similarity"": 0.4844, ""concept_complexity"": 21, ""image_complexity"": 37}, {""concept_id"": ""2_1"", ""is_minor"": true, ""message"": ""Similarity between image and concept 2_1: 0.5236"", ""similarity"": 0.5236, ""concept_complexity"": 13, ""image_complexity"": 37}, {""concept_id"": ""4_2"", ""is_minor"": true, ""message"": ""Similarity between image and concept 4_2: 0.465"", ""similarity"": 0.465, ""concept_complexity"": 13, ""image_complexity"": 37}, {""concept_id"": ""7_1"", ""is_minor"": true, ""message"": ""Similarity between image and concept 7_1: 0.4748"", ""similarity"": 0.4748, ""concept_complexity"": 9, ""image_complexity"": 37}, {""concept_id"": ""1_3"", ""is_minor"": true, ""message"": ""Similarity between image and concept 1_3: 0.4539"", ""similarity"": 0.4539, ""concept_complexity"": 5, ""image_complexity"": 37}, {""concept_id"": ""1_1"", ""is_minor"": true, ""message"": ""Similarity between image and concept 1_1: 0.3626"", ""similarity"": 0.3626, ""concept_complexity"": 13, ""image_complexity"": 37}, {""concept_id"": ""0_1"", ""is_minor"": false, ""message"": ""Preprocessing failed: Concept has corner points but image does not."", ""similarity"": 0.0, ""concept_complexity"": 0, ""image_complexity"": 0}, {""concept_id"": ""2_2"", ""is_minor"": false, ""message"": ""Preprocessing failed: Concept has intersection points but image does not."", ""similarity"": 0.0, ""concept_complexity"": 0, ""image_complexity"": 0}, {""concept_id"": ""4_1"", ""is_minor"": false, ""message"": ""Preprocessing failed: Concept has intersection points but image does not."", ""similarity"": 0.0, ""concept_complexity"": 0, ""image_complexity"": 0}, {""concept_id"": ""6_1"", ""is_minor"": false, ""message"": ""Preprocessing failed: Concept has intersection points but image does not."", ""similarity"": 0.0, ""concept_complexity"": 0, ""image_complexity"": 0}, {""concept_id"": ""8_1"", ""is_minor"": false, ""message"": ""Preprocessing failed: Concept has corner points but image does not."", ""similarity"": 0.0, ""concept_complexity"": 0, ""image_complexity"": 0}, {""concept_id"": ""8_2"", ""is_minor"": false, ""message"": ""Preprocessing failed: Concept has intersection points but image does not."", ""similarity"": 0.0, ""concept_complexity"": 0, ""image_complexity"": 0}, {""concept_id"": ""9_2"", ""is_minor"": false, ""message"": ""Preprocessing failed: Concept has intersection points but image does not."", ""similarity"": 0.0, ""concept_complexity"": 0, ""image_complexity"": 0}]","{'ged_timeout': 5, 'skeletonization_threshold': 110, 'simplification_epsilon': 4.55, 'comparison_method': 'ged', 'fgw_alpha': 0.5, 'image_path': '/opt/nuclio/shared_storage/mnist_all/2/mnist_test_2_00899.png', 'image_id': 'be67a502-acb4-49aa-a66a-c5102fc3a1a0', 'diagnostic_weight_epsilon': 1.0, 'range_penalty_factor': 0.5, 'node_costs': {'NO_COST': 0.0, 'MINOR': 0.65, 'GENERAL': 0.75, 'SEVERE': 1.0, 'NO_MATCH': 1.5, 'IMPOSSIBLE': 10.0}, 'features': ['normalized_x', 'normalized_y', 'distance_to_centroid', 'horizontal_direction', 'vertical_direction', 'angle_with_ox', 'junction_angle_min', 'is_endpoint', 'is_corner', 'length_ratio_to_max', 'eccentricity', 'avg_neighbor_vector_length', 'neighbor_endpoint_count', 'neighbor_junction_count'], 'mlflow_experiment_id': '4', 'mlflow_run_id': 'b586b24a868744d3aff0659ed46c898f', 'session_id': 'd63841ac-e679-412d-b591-22c84a60b9ed', 'image_width': 100, 'image_height': 100}","{'skeletonization_time_ms': 495.033084, 'contour_analysis_time_ms': 765.651292, 'classification_time_ms': 254.599376}",5,False
success,51695c65-7168-4651-823a-8c47bf79dc2f,,/opt/nuclio/shared_storage/mnist_all/3/mnist_test_3_00810.png,3,"[{""concept_id"": ""7_1"", ""is_minor"": true, ""message"": ""Similarity between image and concept 7_1: 0.5748"", ""similarity"": 0.5748, ""concept_complexity"": 9, ""image_complexity"": 21}, {""concept_id"": ""4_2"", ""is_minor"": true, ""message"": ""Similarity between image and concept 4_2: 0.5376"", ""similarity"": 0.5376, ""concept_complexity"": 13, ""image_complexity"": 21}, {""concept_id"": ""5_1"", ""is_minor"": true, ""message"": ""Similarity between image and concept 5_1: 0.4234"", ""similarity"": 0.4234, ""concept_complexity"": 17, ""image_complexity"": 21}, {""concept_id"": ""2_1"", ""is_minor"": true, ""message"": ""Similarity between image and concept 2_1: 0.3902"", ""similarity"": 0.3902, ""concept_complexity"": 13, ""image_complexity"": 21}, {""concept_id"": ""1_1"", ""is_minor"": true, ""message"": ""Similarity between image and concept 1_1: 0.3407"", ""similarity"": 0.3407, ""concept_complexity"": 13, ""image_complexity"": 21}, {""concept_id"": ""1_3"", ""is_minor"": true, ""message"": ""Similarity between image and concept 1_3: 0.3259"", ""similarity"": 0.3259, ""concept_complexity"": 5, ""image_complexity"": 21}, {""concept_id"": ""0_1"", ""is_minor"": false, ""message"": ""Preprocessing failed: Concept has corner points but image does not."", ""similarity"": 0.0, ""concept_complexity"": 0, ""image_complexity"": 0}, {""concept_id"": ""2_2"", ""is_minor"": false, ""message"": ""Preprocessing failed: Concept has intersection points but image does not."", ""similarity"": 0.0, ""concept_complexity"": 0, ""image_complexity"": 0}, {""concept_id"": ""3_1"", ""is_minor"": false, ""message"": ""Preprocessing failed: Concept has more corner points than image."", ""similarity"": 0.0, ""concept_complexity"": 0, ""image_complexity"": 0}, {""concept_id"": ""4_1"", ""is_minor"": false, ""message"": ""Preprocessing failed: Concept has intersection points but image does not."", ""similarity"": 0.0, ""concept_complexity"": 0, ""image_complexity"": 0}, {""concept_id"": ""6_1"", ""is_minor"": false, ""message"": ""Preprocessing failed: Concept has intersection points but image does not."", ""similarity"": 0.0, ""concept_complexity"": 0, ""image_complexity"": 0}, {""concept_id"": ""8_2"", ""is_minor"": false, ""message"": ""Preprocessing failed: Concept has intersection points but image does not."", ""similarity"": 0.0, ""concept_complexity"": 0, ""image_complexity"": 0}, {""concept_id"": ""9_2"", ""is_minor"": false, ""message"": ""Preprocessing failed: Concept has intersection points but image does not."", ""similarity"": 0.0, ""concept_complexity"": 0, ""image_complexity"": 0}]","{'ged_timeout': 5, 'skeletonization_threshold': 110, 'simplification_epsilon': 4.55, 'comparison_method': 'ged', 'fgw_alpha': 0.5, 'image_path': '/opt/nuclio/shared_storage/mnist_all/3/mnist_test_3_00810.png', 'image_id': '51695c65-7168-4651-823a-8c47bf79dc2f', 'diagnostic_weight_epsilon': 1.0, 'range_penalty_factor': 0.5, 'node_costs': {'NO_COST': 0.0, 'MINOR': 0.65, 'GENERAL': 0.75, 'SEVERE': 1.0, 'NO_MATCH': 1.5, 'IMPOSSIBLE': 10.0}, 'features': ['normalized_x', 'normalized_y', 'distance_to_centroid', 'horizontal_direction', 'vertical_direction', 'angle_with_ox', 'junction_angle_min', 'is_endpoint', 'is_corner', 'length_ratio_to_max', 'eccentricity', 'avg_neighbor_vector_length', 'neighbor_endpoint_count', 'neighbor_junction_count'], 'mlflow_experiment_id': '4', 'mlflow_run_id': 'b586b24a868744d3aff0659ed46c898f', 'session_id': '9b27725d-d113-4d4e-859a-910c10a76041', 'image_width': 100, 'image_height': 100}","{'skeletonization_time_ms': 72.982667, 'contour_analysis_time_ms': 359.303584, 'classification_time_ms': 240.647917}",7,False
success,f56699f8-4699-49d4-b3b4-d0b4bdefc030,,/opt/nuclio/shared_storage/mnist_all/3/mnist_test_3_00118.png,3,"[{""concept_id"": ""6_1"", ""is_minor"": true, ""message"": ""Similarity between image and concept 6_1: 0.562"", ""similarity"": 0.562, ""concept_complexity"": 20, ""image_complexity"": 32}, {""concept_id"": ""0_1"", ""is_minor"": true, ""message"": ""Similarity between image and concept 0_1: 0.526"", ""similarity"": 0.526, ""concept_complexity"": 20, ""image_complexity"": 32}, {""concept_id"": ""8_1"", ""is_minor"": true, ""message"": ""Similarity between image and concept 8_1: 0.4794"", ""similarity"": 0.4794, ""concept_complexity"": 27, ""image_complexity"": 32}, {""concept_id"": ""4_1"", ""is_minor"": true, ""message"": ""Similarity between image and concept 4_1: 0.5065"", ""similarity"": 0.5065, ""concept_complexity"": 16, ""image_complexity"": 32}, {""concept_id"": ""2_2"", ""is_minor"": true, ""message"": ""Similarity between image and concept 2_2: 0.4733"", ""similarity"": 0.4733, ""concept_complexity"": 20, ""image_complexity"": 32}, {""concept_id"": ""9_2"", ""is_minor"": true, ""message"": ""Similarity between image and concept 9_2: 0.443"", ""similarity"": 0.443, ""concept_complexity"": 16, ""image_complexity"": 32}, {""concept_id"": ""1_1"", ""is_minor"": false, ""message"": ""Preprocessing failed: Concept has endpoints but image does not."", ""similarity"": 0.0, ""concept_complexity"": 0, ""image_complexity"": 0}, {""concept_id"": ""1_3"", ""is_minor"": false, ""message"": ""Preprocessing failed: Concept has endpoints but image does not."", ""similarity"": 0.0, ""concept_complexity"": 0, ""image_complexity"": 0}, {""concept_id"": ""2_1"", ""is_minor"": false, ""message"": ""Preprocessing failed: Concept has endpoints but image does not."", ""similarity"": 0.0, ""concept_complexity"": 0, ""image_complexity"": 0}, {""concept_id"": ""3_1"", ""is_minor"": false, ""message"": ""Preprocessing failed: Concept has endpoints but image does not."", ""similarity"": 0.0, ""concept_complexity"": 0, ""image_complexity"": 0}, {""concept_id"": ""4_2"", ""is_minor"": false, ""message"": ""Preprocessing failed: Concept has endpoints but image does not."", ""similarity"": 0.0, ""concept_complexity"": 0, ""image_complexity"": 0}, {""concept_id"": ""5_1"", ""is_minor"": false, ""message"": ""Preprocessing failed: Concept has endpoints but image does not."", ""similarity"": 0.0, ""concept_complexity"": 0, ""image_complexity"": 0}, {""concept_id"": ""7_1"", ""is_minor"": false, ""message"": ""Preprocessing failed: Concept has endpoints but image does not."", ""similarity"": 0.0, ""concept_complexity"": 0, ""image_complexity"": 0}, {""concept_id"": ""8_2"", ""is_minor"": false, ""message"": ""Preprocessing failed: Concept has endpoints but image does not."", ""similarity"": 0.0, ""concept_complexity"": 0, ""image_complexity"": 0}]","{'ged_timeout': 5, 'skeletonization_threshold': 110, 'simplification_epsilon': 4.55, 'comparison_method': 'ged', 'fgw_alpha': 0.5, 'image_path': '/opt/nuclio/shared_storage/mnist_all/3/mnist_test_3_00118.png', 'image_id': 'f56699f8-4699-49d4-b3b4-d0b4bdefc030', 'diagnostic_weight_epsilon': 1.0, 'range_penalty_factor': 0.5, 'node_costs': {'NO_COST': 0.0, 'MINOR': 0.65, 'GENERAL': 0.75, 'SEVERE': 1.0, 'NO_MATCH': 1.5, 'IMPOSSIBLE': 10.0}, 'features': ['normalized_x', 'normalized_y', 'distance_to_centroid', 'horizontal_direction', 'vertical_direction', 'angle_with_ox', 'junction_angle_min', 'is_endpoint', 'is_corner', 'length_ratio_to_max', 'eccentricity', 'avg_neighbor_vector_length', 'neighbor_endpoint_count', 'neighbor_junction_count'], 'mlflow_experiment_id': '4', 'mlflow_run_id': 'b586b24a868744d3aff0659ed46c898f', 'session_id': 'e9da79bc-c765-4123-be1a-37313d4838e9', 'image_width': 100, 'image_height': 100}","{'skeletonization_time_ms': 205.101833, 'contour_analysis_time_ms': 744.537709, 'classification_time_ms': 2412.844543}",6,False
success,c4ca4a20-7a43-446a-9d96-2d32c8daa482,,/opt/nuclio/shared_storage/mnist_all/2/mnist_test_2_00255.png,2,"[{""concept_id"": ""7_1"", ""is_minor"": true, ""message"": ""Similarity between image and concept 7_1: 0.5614"", ""similarity"": 0.5614, ""concept_complexity"": 9, ""image_complexity"": 17}, {""concept_id"": ""2_1"", ""is_minor"": true, ""message"": ""Similarity between image and concept 2_1: 0.5141"", ""similarity"": 0.5141, ""concept_complexity"": 13, ""image_complexity"": 17}, {""concept_id"": ""5_1"", ""is_minor"": true, ""message"": ""Similarity between image and concept 5_1: 0.4081"", ""similarity"": 0.4081, ""concept_complexity"": 17, ""image_complexity"": 17}, {""concept_id"": ""1_3"", ""is_minor"": true, ""message"": ""Similarity between image and concept 1_3: 0.4057"", ""similarity"": 0.4057, ""concept_complexity"": 5, ""image_complexity"": 17}, {""concept_id"": ""1_1"", ""is_minor"": false, ""message"": ""Preprocessing failed: Concept has more endpoints than image."", ""similarity"": 0.0, ""concept_complexity"": 0, ""image_complexity"": 0}, {""concept_id"": ""4_1"", ""is_minor"": false, ""message"": ""Preprocessing failed: Concept has intersection points but image does not."", ""similarity"": 0.0, ""concept_complexity"": 0, ""image_complexity"": 0}, {""concept_id"": ""4_2"", ""is_minor"": false, ""message"": ""Preprocessing failed: Concept has more endpoints than image."", ""similarity"": 0.0, ""concept_complexity"": 0, ""image_complexity"": 0}, {""concept_id"": ""9_2"", ""is_minor"": false, ""message"": ""Preprocessing failed: Concept has intersection points but image does not."", ""similarity"": 0.0, ""concept_complexity"": 0, ""image_complexity"": 0}]","{'ged_timeout': 5, 'skeletonization_threshold': 110, 'simplification_epsilon': 4.55, 'comparison_method': 'ged', 'fgw_alpha': 0.5, 'image_path': '/opt/nuclio/shared_storage/mnist_all/2/mnist_test_2_00255.png', 'image_id': 'c4ca4a20-7a43-446a-9d96-2d32c8daa482', 'diagnostic_weight_epsilon': 1.0, 'range_penalty_factor': 0.5, 'node_costs': {'NO_COST': 0.0, 'MINOR': 0.65, 'GENERAL': 0.75, 'SEVERE': 1.0, 'NO_MATCH': 1.5, 'IMPOSSIBLE': 10.0}, 'features': ['normalized_x', 'normalized_y', 'distance_to_centroid', 'horizontal_direction', 'vertical_direction', 'angle_with_ox', 'junction_angle_min', 'is_endpoint', 'is_corner', 'length_ratio_to_max', 'eccentricity', 'avg_neighbor_vector_length', 'neighbor_endpoint_count', 'neighbor_junction_count'], 'mlflow_experiment_id': '4', 'mlflow_run_id': 'b586b24a868744d3aff0659ed46c898f', 'session_id': 'bdc524ce-b81c-4d8e-981a-38448a42b344', 'image_width': 100, 'image_height': 100}","{'skeletonization_time_ms': 131.259084, 'contour_analysis_time_ms': 906.535959, 'classification_time_ms': 44.458416}",7,False
success,57d10147-9401-49c0-a229-8165148ce192,,/opt/nuclio/shared_storage/mnist_all/4/mnist_test_4_00829.png,4,"[{""concept_id"": ""8_2"", ""is_minor"": true, ""message"": ""Similarity between image and concept 8_2: 0.5837"", ""similarity"": 0.5837, ""concept_complexity"": 20, ""image_complexity"": 28}, {""concept_id"": ""4_1"", ""is_minor"": true, ""message"": ""Similarity between image and concept 4_1: 0.5036"", ""similarity"": 0.5036, ""concept_complexity"": 16, ""image_complexity"": 28}, {""concept_id"": ""2_2"", ""is_minor"": true, ""message"": ""Similarity between image and concept 2_2: 0.4365"", ""similarity"": 0.4365, ""concept_complexity"": 20, ""image_complexity"": 28}, {""concept_id"": ""9_2"", ""is_minor"": true, ""message"": ""Similarity between image and concept 9_2: 0.4371"", ""similarity"": 0.4371, ""concept_complexity"": 16, ""image_complexity"": 28}, {""concept_id"": ""7_1"", ""is_minor"": true, ""message"": ""Similarity between image and concept 7_1: 0.4596"", ""similarity"": 0.4596, ""concept_complexity"": 9, ""image_complexity"": 28}, {""concept_id"": ""2_1"", ""is_minor"": true, ""message"": ""Similarity between image and concept 2_1: 0.4053"", ""similarity"": 0.4053, ""concept_complexity"": 13, ""image_complexity"": 28}, {""concept_id"": ""1_3"", ""is_minor"": true, ""message"": ""Similarity between image and concept 1_3: 0.4518"", ""similarity"": 0.4518, ""concept_complexity"": 5, ""image_complexity"": 28}, {""concept_id"": ""0_1"", ""is_minor"": true, ""message"": ""Similarity between image and concept 0_1: 0.3218"", ""similarity"": 0.3218, ""concept_complexity"": 20, ""image_complexity"": 28}, {""concept_id"": ""8_1"", ""is_minor"": true, ""message"": ""Similarity between image and concept 8_1: 0.2776"", ""similarity"": 0.2776, ""concept_complexity"": 27, ""image_complexity"": 28}, {""concept_id"": ""1_1"", ""is_minor"": false, ""message"": ""Preprocessing failed: Concept has more endpoints than image."", ""similarity"": 0.0, ""concept_complexity"": 0, ""image_complexity"": 0}, {""concept_id"": ""3_1"", ""is_minor"": false, ""message"": ""Preprocessing failed: Concept has more corner points than image."", ""similarity"": 0.0, ""concept_complexity"": 0, ""image_complexity"": 0}, {""concept_id"": ""4_2"", ""is_minor"": false, ""message"": ""Preprocessing failed: Concept has more endpoints than image."", ""similarity"": 0.0, ""concept_complexity"": 0, ""image_complexity"": 0}, {""concept_id"": ""5_1"", ""is_minor"": false, ""message"": ""Preprocessing failed: Concept has more corner points than image."", ""similarity"": 0.0, ""concept_complexity"": 0, ""image_complexity"": 0}, {""concept_id"": ""6_1"", ""is_minor"": false, ""message"": ""Preprocessing failed: Concept has more corner points than image."", ""similarity"": 0.0, ""concept_complexity"": 0, ""image_complexity"": 0}]","{'ged_timeout': 5, 'skeletonization_threshold': 110, 'simplification_epsilon': 4.55, 'comparison_method': 'ged', 'fgw_alpha': 0.5, 'image_path': '/opt/nuclio/shared_storage/mnist_all/4/mnist_test_4_00829.png', 'image_id': '57d10147-9401-49c0-a229-8165148ce192', 'diagnostic_weight_epsilon': 1.0, 'range_penalty_factor': 0.5, 'node_costs': {'NO_COST': 0.0, 'MINOR': 0.65, 'GENERAL': 0.75, 'SEVERE': 1.0, 'NO_MATCH': 1.5, 'IMPOSSIBLE': 10.0}, 'features': ['normalized_x', 'normalized_y', 'distance_to_centroid', 'horizontal_direction', 'vertical_direction', 'angle_with_ox', 'junction_angle_min', 'is_endpoint', 'is_corner', 'length_ratio_to_max', 'eccentricity', 'avg_neighbor_vector_length', 'neighbor_endpoint_count', 'neighbor_junction_count'], 'mlflow_experiment_id': '4', 'mlflow_run_id': 'b586b24a868744d3aff0659ed46c898f', 'session_id': '47b87bf9-83c1-49ac-a509-2d85806babde', 'image_width': 100, 'image_height': 100}","{'skeletonization_time_ms': 261.263208, 'contour_analysis_time_ms': 687.431751, 'classification_time_ms': 349.755792}",8,False
success,7330ac9d-cdf6-49f4-8668-a18520f71476,,/opt/nuclio/shared_storage/mnist_all/2/mnist_test_2_00705.png,2,"[{""concept_id"": ""4_2"", ""is_minor"": true, ""message"": ""Similarity between image and concept 4_2: 0.4955"", ""similarity"": 0.4955, ""concept_complexity"": 13, ""image_complexity"": 17}, {""concept_id"": ""2_1"", ""is_minor"": true, ""message"": ""Similarity between image and concept 2_1: 0.4624"", ""similarity"": 0.4624, ""concept_complexity"": 13, ""image_complexity"": 17}, {""concept_id"": ""7_1"", ""is_minor"": true, ""message"": ""Similarity between image and concept 7_1: 0.3932"", ""similarity"": 0.3932, ""concept_complexity"": 9, ""image_complexity"": 17}, {""concept_id"": ""1_1"", ""is_minor"": true, ""message"": ""Similarity between image and concept 1_1: 0.2826"", ""similarity"": 0.2826, ""concept_complexity"": 13, ""image_complexity"": 17}, {""concept_id"": ""1_3"", ""is_minor"": true, ""message"": ""Similarity between image and concept 1_3: 0.3056"", ""similarity"": 0.3056, ""concept_complexity"": 5, ""image_complexity"": 17}, {""concept_id"": ""4_1"", ""is_minor"": false, ""message"": ""Preprocessing failed: Concept has intersection points but image does not."", ""similarity"": 0.0, ""concept_complexity"": 0, ""image_complexity"": 0}, {""concept_id"": ""5_1"", ""is_minor"": false, ""message"": ""Preprocessing failed: Concept has more corner points than image."", ""similarity"": 0.0, ""concept_complexity"": 0, ""image_complexity"": 0}, {""concept_id"": ""9_2"", ""is_minor"": false, ""message"": ""Preprocessing failed: Concept has intersection points but image does not."", ""similarity"": 0.0, ""concept_complexity"": 0, ""image_complexity"": 0}]","{'ged_timeout': 5, 'skeletonization_threshold': 110, 'simplification_epsilon': 4.55, 'comparison_method': 'ged', 'fgw_alpha': 0.5, 'image_path': '/opt/nuclio/shared_storage/mnist_all/2/mnist_test_2_00705.png', 'image_id': '7330ac9d-cdf6-49f4-8668-a18520f71476', 'diagnostic_weight_epsilon': 1.0, 'range_penalty_factor': 0.5, 'node_costs': {'NO_COST': 0.0, 'MINOR': 0.65, 'GENERAL': 0.75, 'SEVERE': 1.0, 'NO_MATCH': 1.5, 'IMPOSSIBLE': 10.0}, 'features': ['normalized_x', 'normalized_y', 'distance_to_centroid', 'horizontal_direction', 'vertical_direction', 'angle_with_ox', 'junction_angle_min', 'is_endpoint', 'is_corner', 'length_ratio_to_max', 'eccentricity', 'avg_neighbor_vector_length', 'neighbor_endpoint_count', 'neighbor_junction_count'], 'mlflow_experiment_id': '4', 'mlflow_run_id': 'b586b24a868744d3aff0659ed46c898f', 'session_id': '8834a35e-77af-44ef-8852-5a85d1b90d14', 'image_width': 100, 'image_height': 100}","{'skeletonization_time_ms': 257.741042, 'contour_analysis_time_ms': 666.723709, 'classification_time_ms': 124.892083}",4,False
success,b100b36e-2049-42b4-bd16-6bef9430cbb6,,/opt/nuclio/shared_storage/mnist_all/4/mnist_test_4_00051.png,4,"[{""concept_id"": ""1_1"", ""is_minor"": true, ""message"": ""Similarity between image and concept 1_1: 0.6143"", ""similarity"": 0.6143, ""concept_complexity"": 13, ""image_complexity"": 21}, {""concept_id"": ""4_2"", ""is_minor"": true, ""message"": ""Similarity between image and concept 4_2: 0.5186"", ""similarity"": 0.5186, ""concept_complexity"": 13, ""image_complexity"": 21}, {""concept_id"": ""7_1"", ""is_minor"": true, ""message"": ""Similarity between image and concept 7_1: 0.4301"", ""similarity"": 0.4301, ""concept_complexity"": 9, ""image_complexity"": 21}, {""concept_id"": ""1_3"", ""is_minor"": true, ""message"": ""Similarity between image and concept 1_3: 0.3764"", ""similarity"": 0.3764, ""concept_complexity"": 5, ""image_complexity"": 21}, {""concept_id"": ""2_1"", ""is_minor"": true, ""message"": ""Similarity between image and concept 2_1: 0.2769"", ""similarity"": 0.2769, ""concept_complexity"": 13, ""image_complexity"": 21}, {""concept_id"": ""0_1"", ""is_minor"": false, ""message"": ""Preprocessing failed: Concept has corner points but image does not."", ""similarity"": 0.0, ""concept_complexity"": 0, ""image_complexity"": 0}, {""concept_id"": ""2_2"", ""is_minor"": false, ""message"": ""Preprocessing failed: Concept has intersection points but image does not."", ""similarity"": 0.0, ""concept_complexity"": 0, ""image_complexity"": 0}, {""concept_id"": ""3_1"", ""is_minor"": false, ""message"": ""Preprocessing failed: Concept has more corner points than image."", ""similarity"": 0.0, ""concept_complexity"": 0, ""image_complexity"": 0}, {""concept_id"": ""4_1"", ""is_minor"": false, ""message"": ""Preprocessing failed: Concept has intersection points but image does not."", ""similarity"": 0.0, ""concept_complexity"": 0, ""image_complexity"": 0}, {""concept_id"": ""5_1"", ""is_minor"": false, ""message"": ""Preprocessing failed: Concept has more corner points than image."", ""similarity"": 0.0, ""concept_complexity"": 0, ""image_complexity"": 0}, {""concept_id"": ""6_1"", ""is_minor"": false, ""message"": ""Preprocessing failed: Concept has intersection points but image does not."", ""similarity"": 0.0, ""concept_complexity"": 0, ""image_complexity"": 0}, {""concept_id"": ""8_2"", ""is_minor"": false, ""message"": ""Preprocessing failed: Concept has intersection points but image does not."", ""similarity"": 0.0, ""concept_complexity"": 0, ""image_complexity"": 0}, {""concept_id"": ""9_2"", ""is_minor"": false, ""message"": ""Preprocessing failed: Concept has intersection points but image does not."", ""similarity"": 0.0, ""concept_complexity"": 0, ""image_complexity"": 0}]","{'ged_timeout': 5, 'skeletonization_threshold': 110, 'simplification_epsilon': 4.55, 'comparison_method': 'ged', 'fgw_alpha': 0.5, 'image_path': '/opt/nuclio/shared_storage/mnist_all/4/mnist_test_4_00051.png', 'image_id': 'b100b36e-2049-42b4-bd16-6bef9430cbb6', 'diagnostic_weight_epsilon': 1.0, 'range_penalty_factor': 0.5, 'node_costs': {'NO_COST': 0.0, 'MINOR': 0.65, 'GENERAL': 0.75, 'SEVERE': 1.0, 'NO_MATCH': 1.5, 'IMPOSSIBLE': 10.0}, 'features': ['normalized_x', 'normalized_y', 'distance_to_centroid', 'horizontal_direction', 'vertical_direction', 'angle_with_ox', 'junction_angle_min', 'is_endpoint', 'is_corner', 'length_ratio_to_max', 'eccentricity', 'avg_neighbor_vector_length', 'neighbor_endpoint_count', 'neighbor_junction_count'], 'mlflow_experiment_id': '4', 'mlflow_run_id': 'b586b24a868744d3aff0659ed46c898f', 'session_id': '10cfb90c-481e-470a-80c4-c1f1cab818fb', 'image_width': 100, 'image_height': 100}","{'skeletonization_time_ms': 908.916751, 'contour_analysis_time_ms': 467.012125, 'classification_time_ms': 135.44325}",1,False
success,3067cceb-6734-41bb-be65-9f6313d11ae9,,/opt/nuclio/shared_storage/mnist_all/2/mnist_test_2_00285.png,2,"[{""concept_id"": ""4_2"", ""is_minor"": true, ""message"": ""Similarity between image and concept 4_2: 0.4825"", ""similarity"": 0.4825, ""concept_complexity"": 13, ""image_complexity"": 17}, {""concept_id"": ""2_1"", ""is_minor"": true, ""message"": ""Similarity between image and concept 2_1: 0.3717"", ""similarity"": 0.3717, ""concept_complexity"": 13, ""image_complexity"": 17}, {""concept_id"": ""7_1"", ""is_minor"": true, ""message"": ""Similarity between image and concept 7_1: 0.3921"", ""similarity"": 0.3921, ""concept_complexity"": 9, ""image_complexity"": 17}, {""concept_id"": ""1_1"", ""is_minor"": true, ""message"": ""Similarity between image and concept 1_1: 0.2991"", ""similarity"": 0.2991, ""concept_complexity"": 13, ""image_complexity"": 17}, {""concept_id"": ""1_3"", ""is_minor"": true, ""message"": ""Similarity between image and concept 1_3: 0.3285"", ""similarity"": 0.3285, ""concept_complexity"": 5, ""image_complexity"": 17}, {""concept_id"": ""4_1"", ""is_minor"": false, ""message"": ""Preprocessing failed: Concept has intersection points but image does not."", ""similarity"": 0.0, ""concept_complexity"": 0, ""image_complexity"": 0}, {""concept_id"": ""5_1"", ""is_minor"": false, ""message"": ""Preprocessing failed: Concept has more corner points than image."", ""similarity"": 0.0, ""concept_complexity"": 0, ""image_complexity"": 0}, {""concept_id"": ""9_2"", ""is_minor"": false, ""message"": ""Preprocessing failed: Concept has intersection points but image does not."", ""similarity"": 0.0, ""concept_complexity"": 0, ""image_complexity"": 0}]","{'ged_timeout': 5, 'skeletonization_threshold': 110, 'simplification_epsilon': 4.55, 'comparison_method': 'ged', 'fgw_alpha': 0.5, 'image_path': '/opt/nuclio/shared_storage/mnist_all/2/mnist_test_2_00285.png', 'image_id': '3067cceb-6734-41bb-be65-9f6313d11ae9', 'diagnostic_weight_epsilon': 1.0, 'range_penalty_factor': 0.5, 'node_costs': {'NO_COST': 0.0, 'MINOR': 0.65, 'GENERAL': 0.75, 'SEVERE': 1.0, 'NO_MATCH': 1.5, 'IMPOSSIBLE': 10.0}, 'features': ['normalized_x', 'normalized_y', 'distance_to_centroid', 'horizontal_direction', 'vertical_direction', 'angle_with_ox', 'junction_angle_min', 'is_endpoint', 'is_corner', 'length_ratio_to_max', 'eccentricity', 'avg_neighbor_vector_length', 'neighbor_endpoint_count', 'neighbor_junction_count'], 'mlflow_experiment_id': '4', 'mlflow_run_id': 'b586b24a868744d3aff0659ed46c898f', 'session_id': '148ffcb7-66e2-44ed-8246-8f488a788eae', 'image_width': 100, 'image_height': 100}","{'skeletonization_time_ms': 65.964958, 'contour_analysis_time_ms': 553.776376, 'classification_time_ms': 86.241917}",4,False
success,e8c1f4da-aeea-44b2-9086-996289c653d9,,/opt/nuclio/shared_storage/mnist_all/3/mnist_test_3_00000.png,3,"[{""concept_id"": ""8_1"", ""is_minor"": true, ""message"": ""Similarity between image and concept 8_1: 0.4636"", ""similarity"": 0.4636, ""concept_complexity"": 27, ""image_complexity"": 36}, {""concept_id"": ""2_2"", ""is_minor"": true, ""message"": ""Similarity between image and concept 2_2: 0.4857"", ""similarity"": 0.4857, ""concept_complexity"": 20, ""image_complexity"": 36}, {""concept_id"": ""4_1"", ""is_minor"": true, ""message"": ""Similarity between image and concept 4_1: 0.4937"", ""similarity"": 0.4937, ""concept_complexity"": 16, ""image_complexity"": 36}, {""concept_id"": ""6_1"", ""is_minor"": true, ""message"": ""Similarity between image and concept 6_1: 0.4598"", ""similarity"": 0.4598, ""concept_complexity"": 20, ""image_complexity"": 36}, {""concept_id"": ""9_2"", ""is_minor"": true, ""message"": ""Similarity between image and concept 9_2: 0.4633"", ""similarity"": 0.4633, ""concept_complexity"": 16, ""image_complexity"": 36}, {""concept_id"": ""0_1"", ""is_minor"": true, ""message"": ""Similarity between image and concept 0_1: 0.4389"", ""similarity"": 0.4389, ""concept_complexity"": 20, ""image_complexity"": 36}, {""concept_id"": ""1_1"", ""is_minor"": false, ""message"": ""Preprocessing failed: Concept has endpoints but image does not."", ""similarity"": 0.0, ""concept_complexity"": 0, ""image_complexity"": 0}, {""concept_id"": ""1_3"", ""is_minor"": false, ""message"": ""Preprocessing failed: Concept has endpoints but image does not."", ""similarity"": 0.0, ""concept_complexity"": 0, ""image_complexity"": 0}, {""concept_id"": ""2_1"", ""is_minor"": false, ""message"": ""Preprocessing failed: Concept has endpoints but image does not."", ""similarity"": 0.0, ""concept_complexity"": 0, ""image_complexity"": 0}, {""concept_id"": ""3_1"", ""is_minor"": false, ""message"": ""Preprocessing failed: Concept has endpoints but image does not."", ""similarity"": 0.0, ""concept_complexity"": 0, ""image_complexity"": 0}, {""concept_id"": ""4_2"", ""is_minor"": false, ""message"": ""Preprocessing failed: Concept has endpoints but image does not."", ""similarity"": 0.0, ""concept_complexity"": 0, ""image_complexity"": 0}, {""concept_id"": ""5_1"", ""is_minor"": false, ""message"": ""Preprocessing failed: Concept has endpoints but image does not."", ""similarity"": 0.0, ""concept_complexity"": 0, ""image_complexity"": 0}, {""concept_id"": ""7_1"", ""is_minor"": false, ""message"": ""Preprocessing failed: Concept has endpoints but image does not."", ""similarity"": 0.0, ""concept_complexity"": 0, ""image_complexity"": 0}, {""concept_id"": ""8_2"", ""is_minor"": false, ""message"": ""Preprocessing failed: Concept has endpoints but image does not."", ""similarity"": 0.0, ""concept_complexity"": 0, ""image_complexity"": 0}]","{'ged_timeout': 5, 'skeletonization_threshold': 110, 'simplification_epsilon': 4.55, 'comparison_method': 'ged', 'fgw_alpha': 0.5, 'image_path': '/opt/nuclio/shared_storage/mnist_all/3/mnist_test_3_00000.png', 'image_id': 'e8c1f4da-aeea-44b2-9086-996289c653d9', 'diagnostic_weight_epsilon': 1.0, 'range_penalty_factor': 0.5, 'node_costs': {'NO_COST': 0.0, 'MINOR': 0.65, 'GENERAL': 0.75, 'SEVERE': 1.0, 'NO_MATCH': 1.5, 'IMPOSSIBLE': 10.0}, 'features': ['normalized_x', 'normalized_y', 'distance_to_centroid', 'horizontal_direction', 'vertical_direction', 'angle_with_ox', 'junction_angle_min', 'is_endpoint', 'is_corner', 'length_ratio_to_max', 'eccentricity', 'avg_neighbor_vector_length', 'neighbor_endpoint_count', 'neighbor_junction_count'], 'mlflow_experiment_id': '4', 'mlflow_run_id': 'b586b24a868744d3aff0659ed46c898f', 'session_id': '69f7265a-31bc-45da-ae42-66fd1cfe96a0', 'image_width': 100, 'image_height': 100}","{'skeletonization_time_ms': 57.557625, 'contour_analysis_time_ms': 636.73825, 'classification_time_ms': 10692.913005}",8,False
success,61f2d552-c411-47ff-b27c-8006873b7f0f,,/opt/nuclio/shared_storage/mnist_all/3/mnist_test_3_00786.png,3,"[{""concept_id"": ""7_1"", ""is_minor"": true, ""message"": ""Similarity between image and concept 7_1: 0.5833"", ""similarity"": 0.5833, ""concept_complexity"": 9, ""image_complexity"": 21}, {""concept_id"": ""4_2"", ""is_minor"": true, ""message"": ""Similarity between image and concept 4_2: 0.5389"", ""similarity"": 0.5389, ""concept_complexity"": 13, ""image_complexity"": 21}, {""concept_id"": ""2_1"", ""is_minor"": true, ""message"": ""Similarity between image and concept 2_1: 0.4339"", ""similarity"": 0.4339, ""concept_complexity"": 13, ""image_complexity"": 21}, {""concept_id"": ""5_1"", ""is_minor"": true, ""message"": ""Similarity between image and concept 5_1: 0.3975"", ""similarity"": 0.3975, ""concept_complexity"": 17, ""image_complexity"": 21}, {""concept_id"": ""1_1"", ""is_minor"": true, ""message"": ""Similarity between image and concept 1_1: 0.3409"", ""similarity"": 0.3409, ""concept_complexity"": 13, ""image_complexity"": 21}, {""concept_id"": ""1_3"", ""is_minor"": true, ""message"": ""Similarity between image and concept 1_3: 0.3254"", ""similarity"": 0.3254, ""concept_complexity"": 5, ""image_complexity"": 21}, {""concept_id"": ""0_1"", ""is_minor"": false, ""message"": ""Preprocessing failed: Concept has corner points but image does not."", ""similarity"": 0.0, ""concept_complexity"": 0, ""image_complexity"": 0}, {""concept_id"": ""2_2"", ""is_minor"": false, ""message"": ""Preprocessing failed: Concept has intersection points but image does not."", ""similarity"": 0.0, ""concept_complexity"": 0, ""image_complexity"": 0}, {""concept_id"": ""3_1"", ""is_minor"": false, ""message"": ""Preprocessing failed: Concept has more corner points than image."", ""similarity"": 0.0, ""concept_complexity"": 0, ""image_complexity"": 0}, {""concept_id"": ""4_1"", ""is_minor"": false, ""message"": ""Preprocessing failed: Concept has intersection points but image does not."", ""similarity"": 0.0, ""concept_complexity"": 0, ""image_complexity"": 0}, {""concept_id"": ""6_1"", ""is_minor"": false, ""message"": ""Preprocessing failed: Concept has intersection points but image does not."", ""similarity"": 0.0, ""concept_complexity"": 0, ""image_complexity"": 0}, {""concept_id"": ""8_2"", ""is_minor"": false, ""message"": ""Preprocessing failed: Concept has intersection points but image does not."", ""similarity"": 0.0, ""concept_complexity"": 0, ""image_complexity"": 0}, {""concept_id"": ""9_2"", ""is_minor"": false, ""message"": ""Preprocessing failed: Concept has intersection points but image does not."", ""similarity"": 0.0, ""concept_complexity"": 0, ""image_complexity"": 0}]","{'ged_timeout': 5, 'skeletonization_threshold': 110, 'simplification_epsilon': 4.55, 'comparison_method': 'ged', 'fgw_alpha': 0.5, 'image_path': '/opt/nuclio/shared_storage/mnist_all/3/mnist_test_3_00786.png', 'image_id': '61f2d552-c411-47ff-b27c-8006873b7f0f', 'diagnostic_weight_epsilon': 1.0, 'range_penalty_factor': 0.5, 'node_costs': {'NO_COST': 0.0, 'MINOR': 0.65, 'GENERAL': 0.75, 'SEVERE': 1.0, 'NO_MATCH': 1.5, 'IMPOSSIBLE': 10.0}, 'features': ['normalized_x', 'normalized_y', 'distance_to_centroid', 'horizontal_direction', 'vertical_direction', 'angle_with_ox', 'junction_angle_min', 'is_endpoint', 'is_corner', 'length_ratio_to_max', 'eccentricity', 'avg_neighbor_vector_length', 'neighbor_endpoint_count', 'neighbor_junction_count'], 'mlflow_experiment_id': '4', 'mlflow_run_id': 'b586b24a868744d3aff0659ed46c898f', 'session_id': '964287b1-4e2b-462d-8fbc-8da80546346b', 'image_width': 100, 'image_height': 100}","{'skeletonization_time_ms': 294.373209, 'contour_analysis_time_ms': 621.090208, 'classification_time_ms': 309.413417}",7,False
success,4e6b69ef-00a4-4e85-94e3-d868048640c9,,/opt/nuclio/shared_storage/mnist_all/2/mnist_test_2_00143.png,2,"[{""concept_id"": ""6_1"", ""is_minor"": true, ""message"": ""Similarity between image and concept 6_1: 0.5866"", ""similarity"": 0.5866, ""concept_complexity"": 20, ""image_complexity"": 28}, {""concept_id"": ""2_2"", ""is_minor"": true, ""message"": ""Similarity between image and concept 2_2: 0.53"", ""similarity"": 0.53, ""concept_complexity"": 20, ""image_complexity"": 28}, {""concept_id"": ""8_2"", ""is_minor"": true, ""message"": ""Similarity between image and concept 8_2: 0.5299"", ""similarity"": 0.5299, ""concept_complexity"": 20, ""image_complexity"": 28}, {""concept_id"": ""0_1"", ""is_minor"": true, ""message"": ""Similarity between image and concept 0_1: 0.4868"", ""similarity"": 0.4868, ""concept_complexity"": 20, ""image_complexity"": 28}, {""concept_id"": ""9_2"", ""is_minor"": true, ""message"": ""Similarity between image and concept 9_2: 0.4543"", ""similarity"": 0.4543, ""concept_complexity"": 16, ""image_complexity"": 28}, {""concept_id"": ""7_1"", ""is_minor"": true, ""message"": ""Similarity between image and concept 7_1: 0.5001"", ""similarity"": 0.5001, ""concept_complexity"": 9, ""image_complexity"": 28}, {""concept_id"": ""4_1"", ""is_minor"": true, ""message"": ""Similarity between image and concept 4_1: 0.4453"", ""similarity"": 0.4453, ""concept_complexity"": 16, ""image_complexity"": 28}, {""concept_id"": ""2_1"", ""is_minor"": true, ""message"": ""Similarity between image and concept 2_1: 0.4544"", ""similarity"": 0.4544, ""concept_complexity"": 13, ""image_complexity"": 28}, {""concept_id"": ""8_1"", ""is_minor"": true, ""message"": ""Similarity between image and concept 8_1: 0.3497"", ""similarity"": 0.3497, ""concept_complexity"": 27, ""image_complexity"": 28}, {""concept_id"": ""1_3"", ""is_minor"": true, ""message"": ""Similarity between image and concept 1_3: 0.4646"", ""similarity"": 0.4646, ""concept_complexity"": 5, ""image_complexity"": 28}, {""concept_id"": ""1_1"", ""is_minor"": false, ""message"": ""Preprocessing failed: Concept has more endpoints than image."", ""similarity"": 0.0, ""concept_complexity"": 0, ""image_complexity"": 0}, {""concept_id"": ""3_1"", ""is_minor"": false, ""message"": ""Preprocessing failed: Concept has more corner points than image."", ""similarity"": 0.0, ""concept_complexity"": 0, ""image_complexity"": 0}, {""concept_id"": ""4_2"", ""is_minor"": false, ""message"": ""Preprocessing failed: Concept has more endpoints than image."", ""similarity"": 0.0, ""concept_complexity"": 0, ""image_complexity"": 0}, {""concept_id"": ""5_1"", ""is_minor"": false, ""message"": ""Preprocessing failed: Concept has more corner points than image."", ""similarity"": 0.0, ""concept_complexity"": 0, ""image_complexity"": 0}]","{'ged_timeout': 5, 'skeletonization_threshold': 110, 'simplification_epsilon': 4.55, 'comparison_method': 'ged', 'fgw_alpha': 0.5, 'image_path': '/opt/nuclio/shared_storage/mnist_all/2/mnist_test_2_00143.png', 'image_id': '4e6b69ef-00a4-4e85-94e3-d868048640c9', 'diagnostic_weight_epsilon': 1.0, 'range_penalty_factor': 0.5, 'node_costs': {'NO_COST': 0.0, 'MINOR': 0.65, 'GENERAL': 0.75, 'SEVERE': 1.0, 'NO_MATCH': 1.5, 'IMPOSSIBLE': 10.0}, 'features': ['normalized_x', 'normalized_y', 'distance_to_centroid', 'horizontal_direction', 'vertical_direction', 'angle_with_ox', 'junction_angle_min', 'is_endpoint', 'is_corner', 'length_ratio_to_max', 'eccentricity', 'avg_neighbor_vector_length', 'neighbor_endpoint_count', 'neighbor_junction_count'], 'mlflow_experiment_id': '4', 'mlflow_run_id': 'b586b24a868744d3aff0659ed46c898f', 'session_id': 'c262d2d7-fe96-45c6-b902-8f65687e7b07', 'image_width': 100, 'image_height': 100}","{'skeletonization_time_ms': 395.754167, 'contour_analysis_time_ms': 1044.062834, 'classification_time_ms': 1298.89732}",6,False
success,975f7a66-02a8-4d9d-8125-38904a20bfc0,,/opt/nuclio/shared_storage/mnist_all/3/mnist_test_3_00076.png,3,"[{""concept_id"": ""4_2"", ""is_minor"": true, ""message"": ""Similarity between image and concept 4_2: 0.5632"", ""similarity"": 0.5632, ""concept_complexity"": 13, ""image_complexity"": 25}, {""concept_id"": ""3_1"", ""is_minor"": true, ""message"": ""Similarity between image and concept 3_1: 0.5086"", ""similarity"": 0.5086, ""concept_complexity"": 21, ""image_complexity"": 25}, {""concept_id"": ""5_1"", ""is_minor"": true, ""message"": ""Similarity between image and concept 5_1: 0.4583"", ""similarity"": 0.4583, ""concept_complexity"": 17, ""image_complexity"": 25}, {""concept_id"": ""2_1"", ""is_minor"": true, ""message"": ""Similarity between image and concept 2_1: 0.4768"", ""similarity"": 0.4768, ""concept_complexity"": 13, ""image_complexity"": 25}, {""concept_id"": ""7_1"", ""is_minor"": true, ""message"": ""Similarity between image and concept 7_1: 0.4759"", ""similarity"": 0.4759, ""concept_complexity"": 9, ""image_complexity"": 25}, {""concept_id"": ""1_1"", ""is_minor"": true, ""message"": ""Similarity between image and concept 1_1: 0.3783"", ""similarity"": 0.3783, ""concept_complexity"": 13, ""image_complexity"": 25}, {""concept_id"": ""1_3"", ""is_minor"": true, ""message"": ""Similarity between image and concept 1_3: 0.4319"", ""similarity"": 0.4319, ""concept_complexity"": 5, ""image_complexity"": 25}, {""concept_id"": ""0_1"", ""is_minor"": false, ""message"": ""Preprocessing failed: Concept has corner points but image does not."", ""similarity"": 0.0, ""concept_complexity"": 0, ""image_complexity"": 0}, {""concept_id"": ""2_2"", ""is_minor"": false, ""message"": ""Preprocessing failed: Concept has intersection points but image does not."", ""similarity"": 0.0, ""concept_complexity"": 0, ""image_complexity"": 0}, {""concept_id"": ""4_1"", ""is_minor"": false, ""message"": ""Preprocessing failed: Concept has intersection points but image does not."", ""similarity"": 0.0, ""concept_complexity"": 0, ""image_complexity"": 0}, {""concept_id"": ""6_1"", ""is_minor"": false, ""message"": ""Preprocessing failed: Concept has intersection points but image does not."", ""similarity"": 0.0, ""concept_complexity"": 0, ""image_complexity"": 0}, {""concept_id"": ""8_2"", ""is_minor"": false, ""message"": ""Preprocessing failed: Concept has intersection points but image does not."", ""similarity"": 0.0, ""concept_complexity"": 0, ""image_complexity"": 0}, {""concept_id"": ""9_2"", ""is_minor"": false, ""message"": ""Preprocessing failed: Concept has intersection points but image does not."", ""similarity"": 0.0, ""concept_complexity"": 0, ""image_complexity"": 0}]","{'ged_timeout': 5, 'skeletonization_threshold': 110, 'simplification_epsilon': 4.55, 'comparison_method': 'ged', 'fgw_alpha': 0.5, 'image_path': '/opt/nuclio/shared_storage/mnist_all/3/mnist_test_3_00076.png', 'image_id': '975f7a66-02a8-4d9d-8125-38904a20bfc0', 'diagnostic_weight_epsilon': 1.0, 'range_penalty_factor': 0.5, 'node_costs': {'NO_COST': 0.0, 'MINOR': 0.65, 'GENERAL': 0.75, 'SEVERE': 1.0, 'NO_MATCH': 1.5, 'IMPOSSIBLE': 10.0}, 'features': ['normalized_x', 'normalized_y', 'distance_to_centroid', 'horizontal_direction', 'vertical_direction', 'angle_with_ox', 'junction_angle_min', 'is_endpoint', 'is_corner', 'length_ratio_to_max', 'eccentricity', 'avg_neighbor_vector_length', 'neighbor_endpoint_count', 'neighbor_junction_count'], 'mlflow_experiment_id': '4', 'mlflow_run_id': 'b586b24a868744d3aff0659ed46c898f', 'session_id': '4fba25ac-6ff1-460d-a0f2-52b471a45060', 'image_width': 100, 'image_height': 100}","{'skeletonization_time_ms': 139.667791, 'contour_analysis_time_ms': 736.49007, 'classification_time_ms': 289.896334}",4,False
success,efc999be-8741-45a0-ad10-b3602766d22c,,/opt/nuclio/shared_storage/mnist_all/3/mnist_test_3_00895.png,3,"[{""concept_id"": ""5_1"", ""is_minor"": true, ""message"": ""Similarity between image and concept 5_1: 0.5981"", ""similarity"": 0.5981, ""concept_complexity"": 17, ""image_complexity"": 33}, {""concept_id"": ""3_1"", ""is_minor"": true, ""message"": ""Similarity between image and concept 3_1: 0.5241"", ""similarity"": 0.5241, ""concept_complexity"": 21, ""image_complexity"": 33}, {""concept_id"": ""4_2"", ""is_minor"": true, ""message"": ""Similarity between image and concept 4_2: 0.4927"", ""similarity"": 0.4927, ""concept_complexity"": 13, ""image_complexity"": 33}, {""concept_id"": ""2_1"", ""is_minor"": true, ""message"": ""Similarity between image and concept 2_1: 0.461"", ""similarity"": 0.461, ""concept_complexity"": 13, ""image_complexity"": 33}, {""concept_id"": ""7_1"", ""is_minor"": true, ""message"": ""Similarity between image and concept 7_1: 0.4596"", ""similarity"": 0.4596, ""concept_complexity"": 9, ""image_complexity"": 33}, {""concept_id"": ""1_1"", ""is_minor"": true, ""message"": ""Similarity between image and concept 1_1: 0.4038"", ""similarity"": 0.4038, ""concept_complexity"": 13, ""image_complexity"": 33}, {""concept_id"": ""1_3"", ""is_minor"": true, ""message"": ""Similarity between image and concept 1_3: 0.4312"", ""similarity"": 0.4312, ""concept_complexity"": 5, ""image_complexity"": 33}, {""concept_id"": ""0_1"", ""is_minor"": false, ""message"": ""Preprocessing failed: Concept has corner points but image does not."", ""similarity"": 0.0, ""concept_complexity"": 0, ""image_complexity"": 0}, {""concept_id"": ""2_2"", ""is_minor"": false, ""message"": ""Preprocessing failed: Concept has intersection points but image does not."", ""similarity"": 0.0, ""concept_complexity"": 0, ""image_complexity"": 0}, {""concept_id"": ""4_1"", ""is_minor"": false, ""message"": ""Preprocessing failed: Concept has intersection points but image does not."", ""similarity"": 0.0, ""concept_complexity"": 0, ""image_complexity"": 0}, {""concept_id"": ""6_1"", ""is_minor"": false, ""message"": ""Preprocessing failed: Concept has intersection points but image does not."", ""similarity"": 0.0, ""concept_complexity"": 0, ""image_complexity"": 0}, {""concept_id"": ""8_1"", ""is_minor"": false, ""message"": ""Preprocessing failed: Concept has corner points but image does not."", ""similarity"": 0.0, ""concept_complexity"": 0, ""image_complexity"": 0}, {""concept_id"": ""8_2"", ""is_minor"": false, ""message"": ""Preprocessing failed: Concept has intersection points but image does not."", ""similarity"": 0.0, ""concept_complexity"": 0, ""image_complexity"": 0}, {""concept_id"": ""9_2"", ""is_minor"": false, ""message"": ""Preprocessing failed: Concept has intersection points but image does not."", ""similarity"": 0.0, ""concept_complexity"": 0, ""image_complexity"": 0}]","{'ged_timeout': 5, 'skeletonization_threshold': 110, 'simplification_epsilon': 4.55, 'comparison_method': 'ged', 'fgw_alpha': 0.5, 'image_path': '/opt/nuclio/shared_storage/mnist_all/3/mnist_test_3_00895.png', 'image_id': 'efc999be-8741-45a0-ad10-b3602766d22c', 'diagnostic_weight_epsilon': 1.0, 'range_penalty_factor': 0.5, 'node_costs': {'NO_COST': 0.0, 'MINOR': 0.65, 'GENERAL': 0.75, 'SEVERE': 1.0, 'NO_MATCH': 1.5, 'IMPOSSIBLE': 10.0}, 'features': ['normalized_x', 'normalized_y', 'distance_to_centroid', 'horizontal_direction', 'vertical_direction', 'angle_with_ox', 'junction_angle_min', 'is_endpoint', 'is_corner', 'length_ratio_to_max', 'eccentricity', 'avg_neighbor_vector_length', 'neighbor_endpoint_count', 'neighbor_junction_count'], 'mlflow_experiment_id': '4', 'mlflow_run_id': 'b586b24a868744d3aff0659ed46c898f', 'session_id': '636619d7-9175-42ec-a211-df8445a6e8f5', 'image_width': 100, 'image_height': 100}","{'skeletonization_time_ms': 113.184625, 'contour_analysis_time_ms': 681.06025, 'classification_time_ms': 291.176292}",5,False
success,20428004-1899-461d-838d-c3d6ee30d5e2,,/opt/nuclio/shared_storage/mnist_all/2/mnist_test_2_00864.png,2,"[{""concept_id"": ""4_2"", ""is_minor"": true, ""message"": ""Similarity between image and concept 4_2: 0.5234"", ""similarity"": 0.5234, ""concept_complexity"": 13, ""image_complexity"": 21}, {""concept_id"": ""2_1"", ""is_minor"": true, ""message"": ""Similarity between image and concept 2_1: 0.4713"", ""similarity"": 0.4713, ""concept_complexity"": 13, ""image_complexity"": 21}, {""concept_id"": ""5_1"", ""is_minor"": true, ""message"": ""Similarity between image and concept 5_1: 0.4354"", ""similarity"": 0.4354, ""concept_complexity"": 17, ""image_complexity"": 21}, {""concept_id"": ""7_1"", ""is_minor"": true, ""message"": ""Similarity between image and concept 7_1: 0.4313"", ""similarity"": 0.4313, ""concept_complexity"": 9, ""image_complexity"": 21}, {""concept_id"": ""1_1"", ""is_minor"": true, ""message"": ""Similarity between image and concept 1_1: 0.3096"", ""similarity"": 0.3096, ""concept_complexity"": 13, ""image_complexity"": 21}, {""concept_id"": ""1_3"", ""is_minor"": true, ""message"": ""Similarity between image and concept 1_3: 0.3059"", ""similarity"": 0.3059, ""concept_complexity"": 5, ""image_complexity"": 21}, {""concept_id"": ""0_1"", ""is_minor"": false, ""message"": ""Preprocessing failed: Concept has corner points but image does not."", ""similarity"": 0.0, ""concept_complexity"": 0, ""image_complexity"": 0}, {""concept_id"": ""2_2"", ""is_minor"": false, ""message"": ""Preprocessing failed: Concept has intersection points but image does not."", ""similarity"": 0.0, ""concept_complexity"": 0, ""image_complexity"": 0}, {""concept_id"": ""3_1"", ""is_minor"": false, ""message"": ""Preprocessing failed: Concept has more corner points than image."", ""similarity"": 0.0, ""concept_complexity"": 0, ""image_complexity"": 0}, {""concept_id"": ""4_1"", ""is_minor"": false, ""message"": ""Preprocessing failed: Concept has intersection points but image does not."", ""similarity"": 0.0, ""concept_complexity"": 0, ""image_complexity"": 0}, {""concept_id"": ""6_1"", ""is_minor"": false, ""message"": ""Preprocessing failed: Concept has intersection points but image does not."", ""similarity"": 0.0, ""concept_complexity"": 0, ""image_complexity"": 0}, {""concept_id"": ""8_2"", ""is_minor"": false, ""message"": ""Preprocessing failed: Concept has intersection points but image does not."", ""similarity"": 0.0, ""concept_complexity"": 0, ""image_complexity"": 0}, {""concept_id"": ""9_2"", ""is_minor"": false, ""message"": ""Preprocessing failed: Concept has intersection points but image does not."", ""similarity"": 0.0, ""concept_complexity"": 0, ""image_complexity"": 0}]","{'ged_timeout': 5, 'skeletonization_threshold': 110, 'simplification_epsilon': 4.55, 'comparison_method': 'ged', 'fgw_alpha': 0.5, 'image_path': '/opt/nuclio/shared_storage/mnist_all/2/mnist_test_2_00864.png', 'image_id': '20428004-1899-461d-838d-c3d6ee30d5e2', 'diagnostic_weight_epsilon': 1.0, 'range_penalty_factor': 0.5, 'node_costs': {'NO_COST': 0.0, 'MINOR': 0.65, 'GENERAL': 0.75, 'SEVERE': 1.0, 'NO_MATCH': 1.5, 'IMPOSSIBLE': 10.0}, 'features': ['normalized_x', 'normalized_y', 'distance_to_centroid', 'horizontal_direction', 'vertical_direction', 'angle_with_ox', 'junction_angle_min', 'is_endpoint', 'is_corner', 'length_ratio_to_max', 'eccentricity', 'avg_neighbor_vector_length', 'neighbor_endpoint_count', 'neighbor_junction_count'], 'mlflow_experiment_id': '4', 'mlflow_run_id': 'b586b24a868744d3aff0659ed46c898f', 'session_id': 'e14ff6a5-3640-422f-9c05-f6f440dd6e4b', 'image_width': 100, 'image_height': 100}","{'skeletonization_time_ms': 149.149875, 'contour_analysis_time_ms': 839.561459, 'classification_time_ms': 104.226125}",4,False
success,b134fbdd-db3d-4c82-b494-195488ce97c3,,/opt/nuclio/shared_storage/mnist_all/2/mnist_test_2_00323.png,2,"[{""concept_id"": ""6_1"", ""is_minor"": true, ""message"": ""Similarity between image and concept 6_1: 0.589"", ""similarity"": 0.589, ""concept_complexity"": 20, ""image_complexity"": 28}, {""concept_id"": ""2_2"", ""is_minor"": true, ""message"": ""Similarity between image and concept 2_2: 0.5796"", ""similarity"": 0.5796, ""concept_complexity"": 20, ""image_complexity"": 28}, {""concept_id"": ""2_1"", ""is_minor"": true, ""message"": ""Similarity between image and concept 2_1: 0.6085"", ""similarity"": 0.6085, ""concept_complexity"": 13, ""image_complexity"": 28}, {""concept_id"": ""8_2"", ""is_minor"": true, ""message"": ""Similarity between image and concept 8_2: 0.5368"", ""similarity"": 0.5368, ""concept_complexity"": 20, ""image_complexity"": 28}, {""concept_id"": ""0_1"", ""is_minor"": true, ""message"": ""Similarity between image and concept 0_1: 0.4857"", ""similarity"": 0.4857, ""concept_complexity"": 20, ""image_complexity"": 28}, {""concept_id"": ""7_1"", ""is_minor"": true, ""message"": ""Similarity between image and concept 7_1: 0.5465"", ""similarity"": 0.5465, ""concept_complexity"": 9, ""image_complexity"": 28}, {""concept_id"": ""4_1"", ""is_minor"": true, ""message"": ""Similarity between image and concept 4_1: 0.4472"", ""similarity"": 0.4472, ""concept_complexity"": 16, ""image_complexity"": 28}, {""concept_id"": ""9_2"", ""is_minor"": true, ""message"": ""Similarity between image and concept 9_2: 0.4319"", ""similarity"": 0.4319, ""concept_complexity"": 16, ""image_complexity"": 28}, {""concept_id"": ""8_1"", ""is_minor"": true, ""message"": ""Similarity between image and concept 8_1: 0.3682"", ""similarity"": 0.3682, ""concept_complexity"": 27, ""image_complexity"": 28}, {""concept_id"": ""1_3"", ""is_minor"": true, ""message"": ""Similarity between image and concept 1_3: 0.4589"", ""similarity"": 0.4589, ""concept_complexity"": 5, ""image_complexity"": 28}, {""concept_id"": ""1_1"", ""is_minor"": false, ""message"": ""Preprocessing failed: Concept has more endpoints than image."", ""similarity"": 0.0, ""concept_complexity"": 0, ""image_complexity"": 0}, {""concept_id"": ""3_1"", ""is_minor"": false, ""message"": ""Preprocessing failed: Concept has more corner points than image."", ""similarity"": 0.0, ""concept_complexity"": 0, ""image_complexity"": 0}, {""concept_id"": ""4_2"", ""is_minor"": false, ""message"": ""Preprocessing failed: Concept has more endpoints than image."", ""similarity"": 0.0, ""concept_complexity"": 0, ""image_complexity"": 0}, {""concept_id"": ""5_1"", ""is_minor"": false, ""message"": ""Preprocessing failed: Concept has more corner points than image."", ""similarity"": 0.0, ""concept_complexity"": 0, ""image_complexity"": 0}]","{'ged_timeout': 5, 'skeletonization_threshold': 110, 'simplification_epsilon': 4.55, 'comparison_method': 'ged', 'fgw_alpha': 0.5, 'image_path': '/opt/nuclio/shared_storage/mnist_all/2/mnist_test_2_00323.png', 'image_id': 'b134fbdd-db3d-4c82-b494-195488ce97c3', 'diagnostic_weight_epsilon': 1.0, 'range_penalty_factor': 0.5, 'node_costs': {'NO_COST': 0.0, 'MINOR': 0.65, 'GENERAL': 0.75, 'SEVERE': 1.0, 'NO_MATCH': 1.5, 'IMPOSSIBLE': 10.0}, 'features': ['normalized_x', 'normalized_y', 'distance_to_centroid', 'horizontal_direction', 'vertical_direction', 'angle_with_ox', 'junction_angle_min', 'is_endpoint', 'is_corner', 'length_ratio_to_max', 'eccentricity', 'avg_neighbor_vector_length', 'neighbor_endpoint_count', 'neighbor_junction_count'], 'mlflow_experiment_id': '4', 'mlflow_run_id': 'b586b24a868744d3aff0659ed46c898f', 'session_id': '11f02d0e-afde-41e2-8efa-d6c2e897e253', 'image_width': 100, 'image_height': 100}","{'skeletonization_time_ms': 498.657584, 'contour_analysis_time_ms': 861.198709, 'classification_time_ms': 406.381209}",6,False
success,e42378d4-ee0e-4ca9-ab0d-c7305297c1e2,,/opt/nuclio/shared_storage/mnist_all/2/mnist_test_2_00728.png,2,"[{""concept_id"": ""7_1"", ""is_minor"": true, ""message"": ""Similarity between image and concept 7_1: 0.548"", ""similarity"": 0.548, ""concept_complexity"": 9, ""image_complexity"": 21}, {""concept_id"": ""4_2"", ""is_minor"": true, ""message"": ""Similarity between image and concept 4_2: 0.466"", ""similarity"": 0.466, ""concept_complexity"": 13, ""image_complexity"": 21}, {""concept_id"": ""2_1"", ""is_minor"": true, ""message"": ""Similarity between image and concept 2_1: 0.4449"", ""similarity"": 0.4449, ""concept_complexity"": 13, ""image_complexity"": 21}, {""concept_id"": ""5_1"", ""is_minor"": true, ""message"": ""Similarity between image and concept 5_1: 0.3495"", ""similarity"": 0.3495, ""concept_complexity"": 17, ""image_complexity"": 21}, {""concept_id"": ""1_1"", ""is_minor"": true, ""message"": ""Similarity between image and concept 1_1: 0.2978"", ""similarity"": 0.2978, ""concept_complexity"": 13, ""image_complexity"": 21}, {""concept_id"": ""1_3"", ""is_minor"": true, ""message"": ""Similarity between image and concept 1_3: 0.3556"", ""similarity"": 0.3556, ""concept_complexity"": 5, ""image_complexity"": 21}, {""concept_id"": ""0_1"", ""is_minor"": false, ""message"": ""Preprocessing failed: Concept has corner points but image does not."", ""similarity"": 0.0, ""concept_complexity"": 0, ""image_complexity"": 0}, {""concept_id"": ""2_2"", ""is_minor"": false, ""message"": ""Preprocessing failed: Concept has intersection points but image does not."", ""similarity"": 0.0, ""concept_complexity"": 0, ""image_complexity"": 0}, {""concept_id"": ""3_1"", ""is_minor"": false, ""message"": ""Preprocessing failed: Concept has more corner points than image."", ""similarity"": 0.0, ""concept_complexity"": 0, ""image_complexity"": 0}, {""concept_id"": ""4_1"", ""is_minor"": false, ""message"": ""Preprocessing failed: Concept has intersection points but image does not."", ""similarity"": 0.0, ""concept_complexity"": 0, ""image_complexity"": 0}, {""concept_id"": ""6_1"", ""is_minor"": false, ""message"": ""Preprocessing failed: Concept has intersection points but image does not."", ""similarity"": 0.0, ""concept_complexity"": 0, ""image_complexity"": 0}, {""concept_id"": ""8_2"", ""is_minor"": false, ""message"": ""Preprocessing failed: Concept has intersection points but image does not."", ""similarity"": 0.0, ""concept_complexity"": 0, ""image_complexity"": 0}, {""concept_id"": ""9_2"", ""is_minor"": false, ""message"": ""Preprocessing failed: Concept has intersection points but image does not."", ""similarity"": 0.0, ""concept_complexity"": 0, ""image_complexity"": 0}]","{'ged_timeout': 5, 'skeletonization_threshold': 110, 'simplification_epsilon': 4.55, 'comparison_method': 'ged', 'fgw_alpha': 0.5, 'image_path': '/opt/nuclio/shared_storage/mnist_all/2/mnist_test_2_00728.png', 'image_id': 'e42378d4-ee0e-4ca9-ab0d-c7305297c1e2', 'diagnostic_weight_epsilon': 1.0, 'range_penalty_factor': 0.5, 'node_costs': {'NO_COST': 0.0, 'MINOR': 0.65, 'GENERAL': 0.75, 'SEVERE': 1.0, 'NO_MATCH': 1.5, 'IMPOSSIBLE': 10.0}, 'features': ['normalized_x', 'normalized_y', 'distance_to_centroid', 'horizontal_direction', 'vertical_direction', 'angle_with_ox', 'junction_angle_min', 'is_endpoint', 'is_corner', 'length_ratio_to_max', 'eccentricity', 'avg_neighbor_vector_length', 'neighbor_endpoint_count', 'neighbor_junction_count'], 'mlflow_experiment_id': '4', 'mlflow_run_id': 'b586b24a868744d3aff0659ed46c898f', 'session_id': 'af193d10-2c4c-45a5-b799-2f40e277c071', 'image_width': 100, 'image_height': 100}","{'skeletonization_time_ms': 186.295626, 'contour_analysis_time_ms': 845.903083, 'classification_time_ms': 127.000125}",7,False
success,bceccf33-ffb6-486a-b1ab-163a7d9b6d38,,/opt/nuclio/shared_storage/mnist_all/3/mnist_test_3_00473.png,3,"[{""concept_id"": ""7_1"", ""is_minor"": true, ""message"": ""Similarity between image and concept 7_1: 0.5888"", ""similarity"": 0.5888, ""concept_complexity"": 9, ""image_complexity"": 17}, {""concept_id"": ""5_1"", ""is_minor"": true, ""message"": ""Similarity between image and concept 5_1: 0.4416"", ""similarity"": 0.4416, ""concept_complexity"": 17, ""image_complexity"": 17}, {""concept_id"": ""2_1"", ""is_minor"": true, ""message"": ""Similarity between image and concept 2_1: 0.4233"", ""similarity"": 0.4233, ""concept_complexity"": 13, ""image_complexity"": 17}, {""concept_id"": ""1_3"", ""is_minor"": true, ""message"": ""Similarity between image and concept 1_3: 0.4218"", ""similarity"": 0.4218, ""concept_complexity"": 5, ""image_complexity"": 17}, {""concept_id"": ""1_1"", ""is_minor"": false, ""message"": ""Preprocessing failed: Concept has more endpoints than image."", ""similarity"": 0.0, ""concept_complexity"": 0, ""image_complexity"": 0}, {""concept_id"": ""4_1"", ""is_minor"": false, ""message"": ""Preprocessing failed: Concept has intersection points but image does not."", ""similarity"": 0.0, ""concept_complexity"": 0, ""image_complexity"": 0}, {""concept_id"": ""4_2"", ""is_minor"": false, ""message"": ""Preprocessing failed: Concept has more endpoints than image."", ""similarity"": 0.0, ""concept_complexity"": 0, ""image_complexity"": 0}, {""concept_id"": ""9_2"", ""is_minor"": false, ""message"": ""Preprocessing failed: Concept has intersection points but image does not."", ""similarity"": 0.0, ""concept_complexity"": 0, ""image_complexity"": 0}]","{'ged_timeout': 5, 'skeletonization_threshold': 110, 'simplification_epsilon': 4.55, 'comparison_method': 'ged', 'fgw_alpha': 0.5, 'image_path': '/opt/nuclio/shared_storage/mnist_all/3/mnist_test_3_00473.png', 'image_id': 'bceccf33-ffb6-486a-b1ab-163a7d9b6d38', 'diagnostic_weight_epsilon': 1.0, 'range_penalty_factor': 0.5, 'node_costs': {'NO_COST': 0.0, 'MINOR': 0.65, 'GENERAL': 0.75, 'SEVERE': 1.0, 'NO_MATCH': 1.5, 'IMPOSSIBLE': 10.0}, 'features': ['normalized_x', 'normalized_y', 'distance_to_centroid', 'horizontal_direction', 'vertical_direction', 'angle_with_ox', 'junction_angle_min', 'is_endpoint', 'is_corner', 'length_ratio_to_max', 'eccentricity', 'avg_neighbor_vector_length', 'neighbor_endpoint_count', 'neighbor_junction_count'], 'mlflow_experiment_id': '4', 'mlflow_run_id': 'b586b24a868744d3aff0659ed46c898f', 'session_id': 'd2a773b9-cca0-4109-9e11-3c94da218908', 'image_width': 100, 'image_height': 100}","{'skeletonization_time_ms': 35.123084, 'contour_analysis_time_ms': 331.206584, 'classification_time_ms': 167.348958}",7,False
success,90f700f7-0d13-4559-98ba-74ce94b387b1,,/opt/nuclio/shared_storage/mnist_all/2/mnist_test_2_00584.png,2,"[{""concept_id"": ""3_1"", ""is_minor"": true, ""message"": ""Similarity between image and concept 3_1: 0.505"", ""similarity"": 0.505, ""concept_complexity"": 21, ""image_complexity"": 25}, {""concept_id"": ""2_1"", ""is_minor"": true, ""message"": ""Similarity between image and concept 2_1: 0.5401"", ""similarity"": 0.5401, ""concept_complexity"": 13, ""image_complexity"": 25}, {""concept_id"": ""5_1"", ""is_minor"": true, ""message"": ""Similarity between image and concept 5_1: 0.4675"", ""similarity"": 0.4675, ""concept_complexity"": 17, ""image_complexity"": 25}, {""concept_id"": ""7_1"", ""is_minor"": true, ""message"": ""Similarity between image and concept 7_1: 0.4957"", ""similarity"": 0.4957, ""concept_complexity"": 9, ""image_complexity"": 25}, {""concept_id"": ""1_3"", ""is_minor"": true, ""message"": ""Similarity between image and concept 1_3: 0.4174"", ""similarity"": 0.4174, ""concept_complexity"": 5, ""image_complexity"": 25}, {""concept_id"": ""0_1"", ""is_minor"": false, ""message"": ""Preprocessing failed: Concept has corner points but image does not."", ""similarity"": 0.0, ""concept_complexity"": 0, ""image_complexity"": 0}, {""concept_id"": ""1_1"", ""is_minor"": false, ""message"": ""Preprocessing failed: Concept has more endpoints than image."", ""similarity"": 0.0, ""concept_complexity"": 0, ""image_complexity"": 0}, {""concept_id"": ""2_2"", ""is_minor"": false, ""message"": ""Preprocessing failed: Concept has intersection points but image does not."", ""similarity"": 0.0, ""concept_complexity"": 0, ""image_complexity"": 0}, {""concept_id"": ""4_1"", ""is_minor"": false, ""message"": ""Preprocessing failed: Concept has intersection points but image does not."", ""similarity"": 0.0, ""concept_complexity"": 0, ""image_complexity"": 0}, {""concept_id"": ""4_2"", ""is_minor"": false, ""message"": ""Preprocessing failed: Concept has more endpoints than image."", ""similarity"": 0.0, ""concept_complexity"": 0, ""image_complexity"": 0}, {""concept_id"": ""6_1"", ""is_minor"": false, ""message"": ""Preprocessing failed: Concept has intersection points but image does not."", ""similarity"": 0.0, ""concept_complexity"": 0, ""image_complexity"": 0}, {""concept_id"": ""8_2"", ""is_minor"": false, ""message"": ""Preprocessing failed: Concept has intersection points but image does not."", ""similarity"": 0.0, ""concept_complexity"": 0, ""image_complexity"": 0}, {""concept_id"": ""9_2"", ""is_minor"": false, ""message"": ""Preprocessing failed: Concept has intersection points but image does not."", ""similarity"": 0.0, ""concept_complexity"": 0, ""image_complexity"": 0}]","{'ged_timeout': 5, 'skeletonization_threshold': 110, 'simplification_epsilon': 4.55, 'comparison_method': 'ged', 'fgw_alpha': 0.5, 'image_path': '/opt/nuclio/shared_storage/mnist_all/2/mnist_test_2_00584.png', 'image_id': '90f700f7-0d13-4559-98ba-74ce94b387b1', 'diagnostic_weight_epsilon': 1.0, 'range_penalty_factor': 0.5, 'node_costs': {'NO_COST': 0.0, 'MINOR': 0.65, 'GENERAL': 0.75, 'SEVERE': 1.0, 'NO_MATCH': 1.5, 'IMPOSSIBLE': 10.0}, 'features': ['normalized_x', 'normalized_y', 'distance_to_centroid', 'horizontal_direction', 'vertical_direction', 'angle_with_ox', 'junction_angle_min', 'is_endpoint', 'is_corner', 'length_ratio_to_max', 'eccentricity', 'avg_neighbor_vector_length', 'neighbor_endpoint_count', 'neighbor_junction_count'], 'mlflow_experiment_id': '4', 'mlflow_run_id': 'b586b24a868744d3aff0659ed46c898f', 'session_id': '041cfe52-e35e-4660-8036-ba091cd3928d', 'image_width': 100, 'image_height': 100}","{'skeletonization_time_ms': 164.679416, 'contour_analysis_time_ms': 262.899333, 'classification_time_ms': 128.903209}",3,False
success,55ef7c7e-ba89-4f66-968f-ef8eb1e25f31,,/opt/nuclio/shared_storage/mnist_all/2/mnist_test_2_00273.png,2,"[{""concept_id"": ""3_1"", ""is_minor"": true, ""message"": ""Similarity between image and concept 3_1: 0.5107"", ""similarity"": 0.5107, ""concept_complexity"": 21, ""image_complexity"": 25}, {""concept_id"": ""2_1"", ""is_minor"": true, ""message"": ""Similarity between image and concept 2_1: 0.5353"", ""similarity"": 0.5353, ""concept_complexity"": 13, ""image_complexity"": 25}, {""concept_id"": ""4_2"", ""is_minor"": true, ""message"": ""Similarity between image and concept 4_2: 0.5203"", ""similarity"": 0.5203, ""concept_complexity"": 13, ""image_complexity"": 25}, {""concept_id"": ""7_1"", ""is_minor"": true, ""message"": ""Similarity between image and concept 7_1: 0.5441"", ""similarity"": 0.5441, ""concept_complexity"": 9, ""image_complexity"": 25}, {""concept_id"": ""5_1"", ""is_minor"": true, ""message"": ""Similarity between image and concept 5_1: 0.4499"", ""similarity"": 0.4499, ""concept_complexity"": 17, ""image_complexity"": 25}, {""concept_id"": ""1_1"", ""is_minor"": true, ""message"": ""Similarity between image and concept 1_1: 0.3717"", ""similarity"": 0.3717, ""concept_complexity"": 13, ""image_complexity"": 25}, {""concept_id"": ""1_3"", ""is_minor"": true, ""message"": ""Similarity between image and concept 1_3: 0.4188"", ""similarity"": 0.4188, ""concept_complexity"": 5, ""image_complexity"": 25}, {""concept_id"": ""0_1"", ""is_minor"": false, ""message"": ""Preprocessing failed: Concept has corner points but image does not."", ""similarity"": 0.0, ""concept_complexity"": 0, ""image_complexity"": 0}, {""concept_id"": ""2_2"", ""is_minor"": false, ""message"": ""Preprocessing failed: Concept has intersection points but image does not."", ""similarity"": 0.0, ""concept_complexity"": 0, ""image_complexity"": 0}, {""concept_id"": ""4_1"", ""is_minor"": false, ""message"": ""Preprocessing failed: Concept has intersection points but image does not."", ""similarity"": 0.0, ""concept_complexity"": 0, ""image_complexity"": 0}, {""concept_id"": ""6_1"", ""is_minor"": false, ""message"": ""Preprocessing failed: Concept has intersection points but image does not."", ""similarity"": 0.0, ""concept_complexity"": 0, ""image_complexity"": 0}, {""concept_id"": ""8_2"", ""is_minor"": false, ""message"": ""Preprocessing failed: Concept has intersection points but image does not."", ""similarity"": 0.0, ""concept_complexity"": 0, ""image_complexity"": 0}, {""concept_id"": ""9_2"", ""is_minor"": false, ""message"": ""Preprocessing failed: Concept has intersection points but image does not."", ""similarity"": 0.0, ""concept_complexity"": 0, ""image_complexity"": 0}]","{'ged_timeout': 5, 'skeletonization_threshold': 110, 'simplification_epsilon': 4.55, 'comparison_method': 'ged', 'fgw_alpha': 0.5, 'image_path': '/opt/nuclio/shared_storage/mnist_all/2/mnist_test_2_00273.png', 'image_id': '55ef7c7e-ba89-4f66-968f-ef8eb1e25f31', 'diagnostic_weight_epsilon': 1.0, 'range_penalty_factor': 0.5, 'node_costs': {'NO_COST': 0.0, 'MINOR': 0.65, 'GENERAL': 0.75, 'SEVERE': 1.0, 'NO_MATCH': 1.5, 'IMPOSSIBLE': 10.0}, 'features': ['normalized_x', 'normalized_y', 'distance_to_centroid', 'horizontal_direction', 'vertical_direction', 'angle_with_ox', 'junction_angle_min', 'is_endpoint', 'is_corner', 'length_ratio_to_max', 'eccentricity', 'avg_neighbor_vector_length', 'neighbor_endpoint_count', 'neighbor_junction_count'], 'mlflow_experiment_id': '4', 'mlflow_run_id': 'b586b24a868744d3aff0659ed46c898f', 'session_id': '79686fc1-7f03-4b9f-bbeb-20f28a66fc75', 'image_width': 100, 'image_height': 100}","{'skeletonization_time_ms': 127.016042, 'contour_analysis_time_ms': 932.631917, 'classification_time_ms': 151.510542}",3,False
success,eb87db33-e372-4822-8b72-ceb71bd5e1f0,,/opt/nuclio/shared_storage/mnist_all/2/mnist_test_2_00977.png,2,"[{""concept_id"": ""4_2"", ""is_minor"": true, ""message"": ""Similarity between image and concept 4_2: 0.4967"", ""similarity"": 0.4967, ""concept_complexity"": 13, ""image_complexity"": 25}, {""concept_id"": ""2_1"", ""is_minor"": true, ""message"": ""Similarity between image and concept 2_1: 0.4824"", ""similarity"": 0.4824, ""concept_complexity"": 13, ""image_complexity"": 25}, {""concept_id"": ""5_1"", ""is_minor"": true, ""message"": ""Similarity between image and concept 5_1: 0.4145"", ""similarity"": 0.4145, ""concept_complexity"": 17, ""image_complexity"": 25}, {""concept_id"": ""7_1"", ""is_minor"": true, ""message"": ""Similarity between image and concept 7_1: 0.4122"", ""similarity"": 0.4122, ""concept_complexity"": 9, ""image_complexity"": 25}, {""concept_id"": ""1_1"", ""is_minor"": true, ""message"": ""Similarity between image and concept 1_1: 0.369"", ""similarity"": 0.369, ""concept_complexity"": 13, ""image_complexity"": 25}, {""concept_id"": ""3_1"", ""is_minor"": true, ""message"": ""Similarity between image and concept 3_1: 0.3087"", ""similarity"": 0.3087, ""concept_complexity"": 21, ""image_complexity"": 25}, {""concept_id"": ""1_3"", ""is_minor"": true, ""message"": ""Similarity between image and concept 1_3: 0.4073"", ""similarity"": 0.4073, ""concept_complexity"": 5, ""image_complexity"": 25}, {""concept_id"": ""0_1"", ""is_minor"": false, ""message"": ""Preprocessing failed: Concept has corner points but image does not."", ""similarity"": 0.0, ""concept_complexity"": 0, ""image_complexity"": 0}, {""concept_id"": ""2_2"", ""is_minor"": false, ""message"": ""Preprocessing failed: Concept has intersection points but image does not."", ""similarity"": 0.0, ""concept_complexity"": 0, ""image_complexity"": 0}, {""concept_id"": ""4_1"", ""is_minor"": false, ""message"": ""Preprocessing failed: Concept has intersection points but image does not."", ""similarity"": 0.0, ""concept_complexity"": 0, ""image_complexity"": 0}, {""concept_id"": ""6_1"", ""is_minor"": false, ""message"": ""Preprocessing failed: Concept has intersection points but image does not."", ""similarity"": 0.0, ""concept_complexity"": 0, ""image_complexity"": 0}, {""concept_id"": ""8_2"", ""is_minor"": false, ""message"": ""Preprocessing failed: Concept has intersection points but image does not."", ""similarity"": 0.0, ""concept_complexity"": 0, ""image_complexity"": 0}, {""concept_id"": ""9_2"", ""is_minor"": false, ""message"": ""Preprocessing failed: Concept has intersection points but image does not."", ""similarity"": 0.0, ""concept_complexity"": 0, ""image_complexity"": 0}]","{'ged_timeout': 5, 'skeletonization_threshold': 110, 'simplification_epsilon': 4.55, 'comparison_method': 'ged', 'fgw_alpha': 0.5, 'image_path': '/opt/nuclio/shared_storage/mnist_all/2/mnist_test_2_00977.png', 'image_id': 'eb87db33-e372-4822-8b72-ceb71bd5e1f0', 'diagnostic_weight_epsilon': 1.0, 'range_penalty_factor': 0.5, 'node_costs': {'NO_COST': 0.0, 'MINOR': 0.65, 'GENERAL': 0.75, 'SEVERE': 1.0, 'NO_MATCH': 1.5, 'IMPOSSIBLE': 10.0}, 'features': ['normalized_x', 'normalized_y', 'distance_to_centroid', 'horizontal_direction', 'vertical_direction', 'angle_with_ox', 'junction_angle_min', 'is_endpoint', 'is_corner', 'length_ratio_to_max', 'eccentricity', 'avg_neighbor_vector_length', 'neighbor_endpoint_count', 'neighbor_junction_count'], 'mlflow_experiment_id': '4', 'mlflow_run_id': 'b586b24a868744d3aff0659ed46c898f', 'session_id': 'e61cad89-1168-4fe1-bb56-8e185e9075b2', 'image_width': 100, 'image_height': 100}","{'skeletonization_time_ms': 115.309333, 'contour_analysis_time_ms': 766.686917, 'classification_time_ms': 156.18425}",4,False
success,22939af2-b994-4d09-bf50-fd6a4ce7ad54,,/opt/nuclio/shared_storage/mnist_all/2/mnist_test_2_00867.png,2,"[{""concept_id"": ""4_2"", ""is_minor"": true, ""message"": ""Similarity between image and concept 4_2: 0.5542"", ""similarity"": 0.5542, ""concept_complexity"": 13, ""image_complexity"": 17}, {""concept_id"": ""2_1"", ""is_minor"": true, ""message"": ""Similarity between image and concept 2_1: 0.4949"", ""similarity"": 0.4949, ""concept_complexity"": 13, ""image_complexity"": 17}, {""concept_id"": ""7_1"", ""is_minor"": true, ""message"": ""Similarity between image and concept 7_1: 0.4799"", ""similarity"": 0.4799, ""concept_complexity"": 9, ""image_complexity"": 17}, {""concept_id"": ""1_1"", ""is_minor"": true, ""message"": ""Similarity between image and concept 1_1: 0.3045"", ""similarity"": 0.3045, ""concept_complexity"": 13, ""image_complexity"": 17}, {""concept_id"": ""1_3"", ""is_minor"": true, ""message"": ""Similarity between image and concept 1_3: 0.3171"", ""similarity"": 0.3171, ""concept_complexity"": 5, ""image_complexity"": 17}, {""concept_id"": ""4_1"", ""is_minor"": false, ""message"": ""Preprocessing failed: Concept has intersection points but image does not."", ""similarity"": 0.0, ""concept_complexity"": 0, ""image_complexity"": 0}, {""concept_id"": ""5_1"", ""is_minor"": false, ""message"": ""Preprocessing failed: Concept has more corner points than image."", ""similarity"": 0.0, ""concept_complexity"": 0, ""image_complexity"": 0}, {""concept_id"": ""9_2"", ""is_minor"": false, ""message"": ""Preprocessing failed: Concept has intersection points but image does not."", ""similarity"": 0.0, ""concept_complexity"": 0, ""image_complexity"": 0}]","{'ged_timeout': 5, 'skeletonization_threshold': 105, 'simplification_epsilon': 4.55, 'comparison_method': 'ged', 'fgw_alpha': 0.5, 'image_path': '/opt/nuclio/shared_storage/mnist_all/2/mnist_test_2_00867.png', 'image_id': '22939af2-b994-4d09-bf50-fd6a4ce7ad54', 'diagnostic_weight_epsilon': 1.0, 'range_penalty_factor': 0.5, 'node_costs': {'NO_COST': 0.0, 'MINOR': 0.65, 'GENERAL': 0.75, 'SEVERE': 1.0, 'NO_MATCH': 1.5, 'IMPOSSIBLE': 10.0}, 'features': ['normalized_x', 'normalized_y', 'distance_to_centroid', 'horizontal_direction', 'vertical_direction', 'angle_with_ox', 'junction_angle_min', 'is_endpoint', 'is_corner', 'length_ratio_to_max', 'eccentricity', 'avg_neighbor_vector_length', 'neighbor_endpoint_count', 'neighbor_junction_count'], 'mlflow_experiment_id': '4', 'mlflow_run_id': 'b586b24a868744d3aff0659ed46c898f', 'session_id': '3b689cb0-8edc-413b-b2fc-45e69c6f709c', 'image_width': 100, 'image_height': 100}","{'skeletonization_time_ms': 188.87557, 'contour_analysis_time_ms': 885.698626, 'classification_time_ms': 57.237333}",4,False
success,032d68a1-3585-46c3-8d27-f4634a297c4d,,/opt/nuclio/shared_storage/mnist_all/2/mnist_test_2_00885.png,2,"[{""concept_id"": ""7_1"", ""is_minor"": true, ""message"": ""Similarity between image and concept 7_1: 0.6"", ""similarity"": 0.6, ""concept_complexity"": 9, ""image_complexity"": 17}, {""concept_id"": ""4_2"", ""is_minor"": true, ""message"": ""Similarity between image and concept 4_2: 0.498"", ""similarity"": 0.498, ""concept_complexity"": 13, ""image_complexity"": 17}, {""concept_id"": ""2_1"", ""is_minor"": true, ""message"": ""Similarity between image and concept 2_1: 0.4699"", ""similarity"": 0.4699, ""concept_complexity"": 13, ""image_complexity"": 17}, {""concept_id"": ""1_1"", ""is_minor"": true, ""message"": ""Similarity between image and concept 1_1: 0.3592"", ""similarity"": 0.3592, ""concept_complexity"": 13, ""image_complexity"": 17}, {""concept_id"": ""1_3"", ""is_minor"": true, ""message"": ""Similarity between image and concept 1_3: 0.3875"", ""similarity"": 0.3875, ""concept_complexity"": 5, ""image_complexity"": 17}, {""concept_id"": ""4_1"", ""is_minor"": false, ""message"": ""Preprocessing failed: Concept has intersection points but image does not."", ""similarity"": 0.0, ""concept_complexity"": 0, ""image_complexity"": 0}, {""concept_id"": ""5_1"", ""is_minor"": false, ""message"": ""Preprocessing failed: Concept has more corner points than image."", ""similarity"": 0.0, ""concept_complexity"": 0, ""image_complexity"": 0}, {""concept_id"": ""9_2"", ""is_minor"": false, ""message"": ""Preprocessing failed: Concept has intersection points but image does not."", ""similarity"": 0.0, ""concept_complexity"": 0, ""image_complexity"": 0}]","{'ged_timeout': 5, 'skeletonization_threshold': 110, 'simplification_epsilon': 4.55, 'comparison_method': 'ged', 'fgw_alpha': 0.5, 'image_path': '/opt/nuclio/shared_storage/mnist_all/2/mnist_test_2_00885.png', 'image_id': '032d68a1-3585-46c3-8d27-f4634a297c4d', 'diagnostic_weight_epsilon': 1.0, 'range_penalty_factor': 0.5, 'node_costs': {'NO_COST': 0.0, 'MINOR': 0.65, 'GENERAL': 0.75, 'SEVERE': 1.0, 'NO_MATCH': 1.5, 'IMPOSSIBLE': 10.0}, 'features': ['normalized_x', 'normalized_y', 'distance_to_centroid', 'horizontal_direction', 'vertical_direction', 'angle_with_ox', 'junction_angle_min', 'is_endpoint', 'is_corner', 'length_ratio_to_max', 'eccentricity', 'avg_neighbor_vector_length', 'neighbor_endpoint_count', 'neighbor_junction_count'], 'mlflow_experiment_id': '4', 'mlflow_run_id': 'b586b24a868744d3aff0659ed46c898f', 'session_id': '89d2a7db-3fb7-446e-a39d-797cad02e3d6', 'image_width': 100, 'image_height': 100}","{'skeletonization_time_ms': 92.730417, 'contour_analysis_time_ms': 864.621126, 'classification_time_ms': 65.093167}",7,False
success,8409948f-e0c6-4be4-a3c9-ecd4ddc1bf47,,/opt/nuclio/shared_storage/mnist_all/2/mnist_test_2_00175.png,2,"[{""concept_id"": ""6_1"", ""is_minor"": true, ""message"": ""Similarity between image and concept 6_1: 0.5633"", ""similarity"": 0.5633, ""concept_complexity"": 20, ""image_complexity"": 28}, {""concept_id"": ""8_2"", ""is_minor"": true, ""message"": ""Similarity between image and concept 8_2: 0.5447"", ""similarity"": 0.5447, ""concept_complexity"": 20, ""image_complexity"": 28}, {""concept_id"": ""2_2"", ""is_minor"": true, ""message"": ""Similarity between image and concept 2_2: 0.5239"", ""similarity"": 0.5239, ""concept_complexity"": 20, ""image_complexity"": 28}, {""concept_id"": ""0_1"", ""is_minor"": true, ""message"": ""Similarity between image and concept 0_1: 0.5077"", ""similarity"": 0.5077, ""concept_complexity"": 20, ""image_complexity"": 28}, {""concept_id"": ""4_1"", ""is_minor"": true, ""message"": ""Similarity between image and concept 4_1: 0.4827"", ""similarity"": 0.4827, ""concept_complexity"": 16, ""image_complexity"": 28}, {""concept_id"": ""7_1"", ""is_minor"": true, ""message"": ""Similarity between image and concept 7_1: 0.5053"", ""similarity"": 0.5053, ""concept_complexity"": 9, ""image_complexity"": 28}, {""concept_id"": ""9_2"", ""is_minor"": true, ""message"": ""Similarity between image and concept 9_2: 0.4477"", ""similarity"": 0.4477, ""concept_complexity"": 16, ""image_complexity"": 28}, {""concept_id"": ""8_1"", ""is_minor"": true, ""message"": ""Similarity between image and concept 8_1: 0.3663"", ""similarity"": 0.3663, ""concept_complexity"": 27, ""image_complexity"": 28}, {""concept_id"": ""1_3"", ""is_minor"": true, ""message"": ""Similarity between image and concept 1_3: 0.4517"", ""similarity"": 0.4517, ""concept_complexity"": 5, ""image_complexity"": 28}, {""concept_id"": ""1_1"", ""is_minor"": false, ""message"": ""Preprocessing failed: Concept has more endpoints than image."", ""similarity"": 0.0, ""concept_complexity"": 0, ""image_complexity"": 0}, {""concept_id"": ""2_1"", ""is_minor"": false, ""message"": ""Preprocessing failed: Concept has more corner points than image."", ""similarity"": 0.0, ""concept_complexity"": 0, ""image_complexity"": 0}, {""concept_id"": ""3_1"", ""is_minor"": false, ""message"": ""Preprocessing failed: Concept has more corner points than image."", ""similarity"": 0.0, ""concept_complexity"": 0, ""image_complexity"": 0}, {""concept_id"": ""4_2"", ""is_minor"": false, ""message"": ""Preprocessing failed: Concept has more endpoints than image."", ""similarity"": 0.0, ""concept_complexity"": 0, ""image_complexity"": 0}, {""concept_id"": ""5_1"", ""is_minor"": false, ""message"": ""Preprocessing failed: Concept has more corner points than image."", ""similarity"": 0.0, ""concept_complexity"": 0, ""image_complexity"": 0}]","{'ged_timeout': 5, 'skeletonization_threshold': 110, 'simplification_epsilon': 4.55, 'comparison_method': 'ged', 'fgw_alpha': 0.5, 'image_path': '/opt/nuclio/shared_storage/mnist_all/2/mnist_test_2_00175.png', 'image_id': '8409948f-e0c6-4be4-a3c9-ecd4ddc1bf47', 'diagnostic_weight_epsilon': 1.0, 'range_penalty_factor': 0.5, 'node_costs': {'NO_COST': 0.0, 'MINOR': 0.65, 'GENERAL': 0.75, 'SEVERE': 1.0, 'NO_MATCH': 1.5, 'IMPOSSIBLE': 10.0}, 'features': ['normalized_x', 'normalized_y', 'distance_to_centroid', 'horizontal_direction', 'vertical_direction', 'angle_with_ox', 'junction_angle_min', 'is_endpoint', 'is_corner', 'length_ratio_to_max', 'eccentricity', 'avg_neighbor_vector_length', 'neighbor_endpoint_count', 'neighbor_junction_count'], 'mlflow_experiment_id': '4', 'mlflow_run_id': 'b586b24a868744d3aff0659ed46c898f', 'session_id': 'ac5f8e30-bd06-416c-91fe-647a848a4772', 'image_width': 100, 'image_height': 100}","{'skeletonization_time_ms': 91.589625, 'contour_analysis_time_ms': 1395.687584, 'classification_time_ms': 410.462709}",6,False
success,0fa56f4c-616d-4e81-a7d7-85e8383cc9aa,,/opt/nuclio/shared_storage/mnist_all/3/mnist_test_3_01009.png,3,"[{""concept_id"": ""2_1"", ""is_minor"": true, ""message"": ""Similarity between image and concept 2_1: 0.5562"", ""similarity"": 0.5562, ""concept_complexity"": 13, ""image_complexity"": 17}, {""concept_id"": ""5_1"", ""is_minor"": true, ""message"": ""Similarity between image and concept 5_1: 0.4758"", ""similarity"": 0.4758, ""concept_complexity"": 17, ""image_complexity"": 17}, {""concept_id"": ""7_1"", ""is_minor"": true, ""message"": ""Similarity between image and concept 7_1: 0.4722"", ""similarity"": 0.4722, ""concept_complexity"": 9, ""image_complexity"": 17}, {""concept_id"": ""1_3"", ""is_minor"": true, ""message"": ""Similarity between image and concept 1_3: 0.4047"", ""similarity"": 0.4047, ""concept_complexity"": 5, ""image_complexity"": 17}, {""concept_id"": ""1_1"", ""is_minor"": false, ""message"": ""Preprocessing failed: Concept has more endpoints than image."", ""similarity"": 0.0, ""concept_complexity"": 0, ""image_complexity"": 0}, {""concept_id"": ""4_1"", ""is_minor"": false, ""message"": ""Preprocessing failed: Concept has intersection points but image does not."", ""similarity"": 0.0, ""concept_complexity"": 0, ""image_complexity"": 0}, {""concept_id"": ""4_2"", ""is_minor"": false, ""message"": ""Preprocessing failed: Concept has more endpoints than image."", ""similarity"": 0.0, ""concept_complexity"": 0, ""image_complexity"": 0}, {""concept_id"": ""9_2"", ""is_minor"": false, ""message"": ""Preprocessing failed: Concept has intersection points but image does not."", ""similarity"": 0.0, ""concept_complexity"": 0, ""image_complexity"": 0}]","{'ged_timeout': 5, 'skeletonization_threshold': 110, 'simplification_epsilon': 4.55, 'comparison_method': 'ged', 'fgw_alpha': 0.5, 'image_path': '/opt/nuclio/shared_storage/mnist_all/3/mnist_test_3_01009.png', 'image_id': '0fa56f4c-616d-4e81-a7d7-85e8383cc9aa', 'diagnostic_weight_epsilon': 1.0, 'range_penalty_factor': 0.5, 'node_costs': {'NO_COST': 0.0, 'MINOR': 0.65, 'GENERAL': 0.75, 'SEVERE': 1.0, 'NO_MATCH': 1.5, 'IMPOSSIBLE': 10.0}, 'features': ['normalized_x', 'normalized_y', 'distance_to_centroid', 'horizontal_direction', 'vertical_direction', 'angle_with_ox', 'junction_angle_min', 'is_endpoint', 'is_corner', 'length_ratio_to_max', 'eccentricity', 'avg_neighbor_vector_length', 'neighbor_endpoint_count', 'neighbor_junction_count'], 'mlflow_experiment_id': '4', 'mlflow_run_id': 'b586b24a868744d3aff0659ed46c898f', 'session_id': 'b61f2613-68e1-493d-9ed9-ecd41e7d0bc9', 'image_width': 100, 'image_height': 100}","{'skeletonization_time_ms': 152.121958, 'contour_analysis_time_ms': 1132.929626, 'classification_time_ms': 84.070834}",2,False
success,b64aa571-cfcd-4c7a-9ee7-0e2d950a586a,,/opt/nuclio/shared_storage/mnist_all/3/mnist_test_3_00951.png,3,"[{""concept_id"": ""7_1"", ""is_minor"": true, ""message"": ""Similarity between image and concept 7_1: 0.5959"", ""similarity"": 0.5959, ""concept_complexity"": 9, ""image_complexity"": 17}, {""concept_id"": ""5_1"", ""is_minor"": true, ""message"": ""Similarity between image and concept 5_1: 0.4443"", ""similarity"": 0.4443, ""concept_complexity"": 17, ""image_complexity"": 17}, {""concept_id"": ""2_1"", ""is_minor"": true, ""message"": ""Similarity between image and concept 2_1: 0.4511"", ""similarity"": 0.4511, ""concept_complexity"": 13, ""image_complexity"": 17}, {""concept_id"": ""1_3"", ""is_minor"": true, ""message"": ""Similarity between image and concept 1_3: 0.4201"", ""similarity"": 0.4201, ""concept_complexity"": 5, ""image_complexity"": 17}, {""concept_id"": ""1_1"", ""is_minor"": false, ""message"": ""Preprocessing failed: Concept has more endpoints than image."", ""similarity"": 0.0, ""concept_complexity"": 0, ""image_complexity"": 0}, {""concept_id"": ""4_1"", ""is_minor"": false, ""message"": ""Preprocessing failed: Concept has intersection points but image does not."", ""similarity"": 0.0, ""concept_complexity"": 0, ""image_complexity"": 0}, {""concept_id"": ""4_2"", ""is_minor"": false, ""message"": ""Preprocessing failed: Concept has more endpoints than image."", ""similarity"": 0.0, ""concept_complexity"": 0, ""image_complexity"": 0}, {""concept_id"": ""9_2"", ""is_minor"": false, ""message"": ""Preprocessing failed: Concept has intersection points but image does not."", ""similarity"": 0.0, ""concept_complexity"": 0, ""image_complexity"": 0}]","{'ged_timeout': 5, 'skeletonization_threshold': 110, 'simplification_epsilon': 4.55, 'comparison_method': 'ged', 'fgw_alpha': 0.5, 'image_path': '/opt/nuclio/shared_storage/mnist_all/3/mnist_test_3_00951.png', 'image_id': 'b64aa571-cfcd-4c7a-9ee7-0e2d950a586a', 'diagnostic_weight_epsilon': 1.0, 'range_penalty_factor': 0.5, 'node_costs': {'NO_COST': 0.0, 'MINOR': 0.65, 'GENERAL': 0.75, 'SEVERE': 1.0, 'NO_MATCH': 1.5, 'IMPOSSIBLE': 10.0}, 'features': ['normalized_x', 'normalized_y', 'distance_to_centroid', 'horizontal_direction', 'vertical_direction', 'angle_with_ox', 'junction_angle_min', 'is_endpoint', 'is_corner', 'length_ratio_to_max', 'eccentricity', 'avg_neighbor_vector_length', 'neighbor_endpoint_count', 'neighbor_junction_count'], 'mlflow_experiment_id': '4', 'mlflow_run_id': 'b586b24a868744d3aff0659ed46c898f', 'session_id': '47e9a290-b01d-4d6d-8016-4b2941e2979d', 'image_width': 100, 'image_height': 100}","{'skeletonization_time_ms': 185.544084, 'contour_analysis_time_ms': 641.888042, 'classification_time_ms': 60.17325}",7,False
success,cb8c94d7-2ebc-4108-aa73-b3105fcc9273,,/opt/nuclio/shared_storage/mnist_all/2/mnist_test_2_00007.png,2,"[{""concept_id"": ""7_1"", ""is_minor"": true, ""message"": ""Similarity between image and concept 7_1: 0.6059"", ""similarity"": 0.6059, ""concept_complexity"": 9, ""image_complexity"": 17}, {""concept_id"": ""2_1"", ""is_minor"": true, ""message"": ""Similarity between image and concept 2_1: 0.5468"", ""similarity"": 0.5468, ""concept_complexity"": 13, ""image_complexity"": 17}, {""concept_id"": ""4_2"", ""is_minor"": true, ""message"": ""Similarity between image and concept 4_2: 0.4977"", ""similarity"": 0.4977, ""concept_complexity"": 13, ""image_complexity"": 17}, {""concept_id"": ""1_1"", ""is_minor"": true, ""message"": ""Similarity between image and concept 1_1: 0.3561"", ""similarity"": 0.3561, ""concept_complexity"": 13, ""image_complexity"": 17}, {""concept_id"": ""1_3"", ""is_minor"": true, ""message"": ""Similarity between image and concept 1_3: 0.3548"", ""similarity"": 0.3548, ""concept_complexity"": 5, ""image_complexity"": 17}, {""concept_id"": ""4_1"", ""is_minor"": false, ""message"": ""Preprocessing failed: Concept has intersection points but image does not."", ""similarity"": 0.0, ""concept_complexity"": 0, ""image_complexity"": 0}, {""concept_id"": ""5_1"", ""is_minor"": false, ""message"": ""Preprocessing failed: Concept has more corner points than image."", ""similarity"": 0.0, ""concept_complexity"": 0, ""image_complexity"": 0}, {""concept_id"": ""9_2"", ""is_minor"": false, ""message"": ""Preprocessing failed: Concept has intersection points but image does not."", ""similarity"": 0.0, ""concept_complexity"": 0, ""image_complexity"": 0}]","{'ged_timeout': 5, 'skeletonization_threshold': 110, 'simplification_epsilon': 4.55, 'comparison_method': 'ged', 'fgw_alpha': 0.5, 'image_path': '/opt/nuclio/shared_storage/mnist_all/2/mnist_test_2_00007.png', 'image_id': 'cb8c94d7-2ebc-4108-aa73-b3105fcc9273', 'diagnostic_weight_epsilon': 1.0, 'range_penalty_factor': 0.5, 'node_costs': {'NO_COST': 0.0, 'MINOR': 0.65, 'GENERAL': 0.75, 'SEVERE': 1.0, 'NO_MATCH': 1.5, 'IMPOSSIBLE': 10.0}, 'features': ['normalized_x', 'normalized_y', 'distance_to_centroid', 'horizontal_direction', 'vertical_direction', 'angle_with_ox', 'junction_angle_min', 'is_endpoint', 'is_corner', 'length_ratio_to_max', 'eccentricity', 'avg_neighbor_vector_length', 'neighbor_endpoint_count', 'neighbor_junction_count'], 'mlflow_experiment_id': '4', 'mlflow_run_id': 'b586b24a868744d3aff0659ed46c898f', 'session_id': '424ef5f2-27c9-4b6f-8d0a-3ee5c2e829c6', 'image_width': 100, 'image_height': 100}","{'skeletonization_time_ms': 148.758667, 'contour_analysis_time_ms': 746.653792, 'classification_time_ms': 75.102625}",7,False
success,4edbd7b6-9de4-4398-a740-6fb1b7d87e6d,,/opt/nuclio/shared_storage/mnist_all/1/mnist_test_1_00309.png,1,"[{""concept_id"": ""7_1"", ""is_minor"": true, ""message"": ""Similarity between image and concept 7_1: 0.4214"", ""similarity"": 0.4214, ""concept_complexity"": 9, ""image_complexity"": 9}, {""concept_id"": ""1_3"", ""is_minor"": true, ""message"": ""Similarity between image and concept 1_3: 0.386"", ""similarity"": 0.386, ""concept_complexity"": 5, ""image_complexity"": 9}]","{'ged_timeout': 5, 'skeletonization_threshold': 110, 'simplification_epsilon': 4.55, 'comparison_method': 'ged', 'fgw_alpha': 0.5, 'image_path': '/opt/nuclio/shared_storage/mnist_all/1/mnist_test_1_00309.png', 'image_id': '4edbd7b6-9de4-4398-a740-6fb1b7d87e6d', 'diagnostic_weight_epsilon': 1.0, 'range_penalty_factor': 0.5, 'node_costs': {'NO_COST': 0.0, 'MINOR': 0.65, 'GENERAL': 0.75, 'SEVERE': 1.0, 'NO_MATCH': 1.5, 'IMPOSSIBLE': 10.0}, 'features': ['normalized_x', 'normalized_y', 'distance_to_centroid', 'horizontal_direction', 'vertical_direction', 'angle_with_ox', 'junction_angle_min', 'is_endpoint', 'is_corner', 'length_ratio_to_max', 'eccentricity', 'avg_neighbor_vector_length', 'neighbor_endpoint_count', 'neighbor_junction_count'], 'mlflow_experiment_id': '4', 'mlflow_run_id': 'b586b24a868744d3aff0659ed46c898f', 'session_id': '6709660a-4573-45aa-a741-e249f2147980', 'image_width': 100, 'image_height': 100}","{'skeletonization_time_ms': 160.842709, 'contour_analysis_time_ms': 646.157417, 'classification_time_ms': 15.025208}",7,False
success,0bb9c3d9-8f5d-4a69-9fd1-b91dbd1944c8,,/opt/nuclio/shared_storage/mnist_all/5/mnist_test_5_00185.png,5,"[{""concept_id"": ""3_1"", ""is_minor"": true, ""message"": ""Similarity between image and concept 3_1: 0.6006"", ""similarity"": 0.6006, ""concept_complexity"": 21, ""image_complexity"": 25}, {""concept_id"": ""5_1"", ""is_minor"": true, ""message"": ""Similarity between image and concept 5_1: 0.5885"", ""similarity"": 0.5885, ""concept_complexity"": 17, ""image_complexity"": 25}, {""concept_id"": ""2_1"", ""is_minor"": true, ""message"": ""Similarity between image and concept 2_1: 0.4671"", ""similarity"": 0.4671, ""concept_complexity"": 13, ""image_complexity"": 25}, {""concept_id"": ""7_1"", ""is_minor"": true, ""message"": ""Similarity between image and concept 7_1: 0.4437"", ""similarity"": 0.4437, ""concept_complexity"": 9, ""image_complexity"": 25}, {""concept_id"": ""1_3"", ""is_minor"": true, ""message"": ""Similarity between image and concept 1_3: 0.4389"", ""similarity"": 0.4389, ""concept_complexity"": 5, ""image_complexity"": 25}, {""concept_id"": ""0_1"", ""is_minor"": false, ""message"": ""Preprocessing failed: Concept has corner points but image does not."", ""similarity"": 0.0, ""concept_complexity"": 0, ""image_complexity"": 0}, {""concept_id"": ""1_1"", ""is_minor"": false, ""message"": ""Preprocessing failed: Concept has more endpoints than image."", ""similarity"": 0.0, ""concept_complexity"": 0, ""image_complexity"": 0}, {""concept_id"": ""2_2"", ""is_minor"": false, ""message"": ""Preprocessing failed: Concept has intersection points but image does not."", ""similarity"": 0.0, ""concept_complexity"": 0, ""image_complexity"": 0}, {""concept_id"": ""4_1"", ""is_minor"": false, ""message"": ""Preprocessing failed: Concept has intersection points but image does not."", ""similarity"": 0.0, ""concept_complexity"": 0, ""image_complexity"": 0}, {""concept_id"": ""4_2"", ""is_minor"": false, ""message"": ""Preprocessing failed: Concept has more endpoints than image."", ""similarity"": 0.0, ""concept_complexity"": 0, ""image_complexity"": 0}, {""concept_id"": ""6_1"", ""is_minor"": false, ""message"": ""Preprocessing failed: Concept has intersection points but image does not."", ""similarity"": 0.0, ""concept_complexity"": 0, ""image_complexity"": 0}, {""concept_id"": ""8_2"", ""is_minor"": false, ""message"": ""Preprocessing failed: Concept has intersection points but image does not."", ""similarity"": 0.0, ""concept_complexity"": 0, ""image_complexity"": 0}, {""concept_id"": ""9_2"", ""is_minor"": false, ""message"": ""Preprocessing failed: Concept has intersection points but image does not."", ""similarity"": 0.0, ""concept_complexity"": 0, ""image_complexity"": 0}]","{'ged_timeout': 5, 'skeletonization_threshold': 110, 'simplification_epsilon': 4.55, 'comparison_method': 'ged', 'fgw_alpha': 0.5, 'image_path': '/opt/nuclio/shared_storage/mnist_all/5/mnist_test_5_00185.png', 'image_id': '0bb9c3d9-8f5d-4a69-9fd1-b91dbd1944c8', 'diagnostic_weight_epsilon': 1.0, 'range_penalty_factor': 0.5, 'node_costs': {'NO_COST': 0.0, 'MINOR': 0.65, 'GENERAL': 0.75, 'SEVERE': 1.0, 'NO_MATCH': 1.5, 'IMPOSSIBLE': 10.0}, 'features': ['normalized_x', 'normalized_y', 'distance_to_centroid', 'horizontal_direction', 'vertical_direction', 'angle_with_ox', 'junction_angle_min', 'is_endpoint', 'is_corner', 'length_ratio_to_max', 'eccentricity', 'avg_neighbor_vector_length', 'neighbor_endpoint_count', 'neighbor_junction_count'], 'mlflow_experiment_id': '4', 'mlflow_run_id': 'b586b24a868744d3aff0659ed46c898f', 'session_id': '0793a770-6af2-4100-8d21-a761787eb335', 'image_width': 100, 'image_height': 100}","{'skeletonization_time_ms': 129.588833, 'contour_analysis_time_ms': 270.234584, 'classification_time_ms': 136.655875}",3,False
success,3df69ae6-b308-487e-ad2d-17acfe1d9fda,,/opt/nuclio/shared_storage/mnist_all/3/mnist_test_3_00784.png,3,"[{""concept_id"": ""7_1"", ""is_minor"": true, ""message"": ""Similarity between image and concept 7_1: 0.6066"", ""similarity"": 0.6066, ""concept_complexity"": 9, ""image_complexity"": 21}, {""concept_id"": ""4_2"", ""is_minor"": true, ""message"": ""Similarity between image and concept 4_2: 0.5592"", ""similarity"": 0.5592, ""concept_complexity"": 13, ""image_complexity"": 21}, {""concept_id"": ""2_1"", ""is_minor"": true, ""message"": ""Similarity between image and concept 2_1: 0.4589"", ""similarity"": 0.4589, ""concept_complexity"": 13, ""image_complexity"": 21}, {""concept_id"": ""5_1"", ""is_minor"": true, ""message"": ""Similarity between image and concept 5_1: 0.4339"", ""similarity"": 0.4339, ""concept_complexity"": 17, ""image_complexity"": 21}, {""concept_id"": ""1_1"", ""is_minor"": true, ""message"": ""Similarity between image and concept 1_1: 0.3751"", ""similarity"": 0.3751, ""concept_complexity"": 13, ""image_complexity"": 21}, {""concept_id"": ""1_3"", ""is_minor"": true, ""message"": ""Similarity between image and concept 1_3: 0.4211"", ""similarity"": 0.4211, ""concept_complexity"": 5, ""image_complexity"": 21}, {""concept_id"": ""0_1"", ""is_minor"": false, ""message"": ""Preprocessing failed: Concept has corner points but image does not."", ""similarity"": 0.0, ""concept_complexity"": 0, ""image_complexity"": 0}, {""concept_id"": ""2_2"", ""is_minor"": false, ""message"": ""Preprocessing failed: Concept has intersection points but image does not."", ""similarity"": 0.0, ""concept_complexity"": 0, ""image_complexity"": 0}, {""concept_id"": ""3_1"", ""is_minor"": false, ""message"": ""Preprocessing failed: Concept has more corner points than image."", ""similarity"": 0.0, ""concept_complexity"": 0, ""image_complexity"": 0}, {""concept_id"": ""4_1"", ""is_minor"": false, ""message"": ""Preprocessing failed: Concept has intersection points but image does not."", ""similarity"": 0.0, ""concept_complexity"": 0, ""image_complexity"": 0}, {""concept_id"": ""6_1"", ""is_minor"": false, ""message"": ""Preprocessing failed: Concept has intersection points but image does not."", ""similarity"": 0.0, ""concept_complexity"": 0, ""image_complexity"": 0}, {""concept_id"": ""8_2"", ""is_minor"": false, ""message"": ""Preprocessing failed: Concept has intersection points but image does not."", ""similarity"": 0.0, ""concept_complexity"": 0, ""image_complexity"": 0}, {""concept_id"": ""9_2"", ""is_minor"": false, ""message"": ""Preprocessing failed: Concept has intersection points but image does not."", ""similarity"": 0.0, ""concept_complexity"": 0, ""image_complexity"": 0}]","{'ged_timeout': 5, 'skeletonization_threshold': 110, 'simplification_epsilon': 4.55, 'comparison_method': 'ged', 'fgw_alpha': 0.5, 'image_path': '/opt/nuclio/shared_storage/mnist_all/3/mnist_test_3_00784.png', 'image_id': '3df69ae6-b308-487e-ad2d-17acfe1d9fda', 'diagnostic_weight_epsilon': 1.0, 'range_penalty_factor': 0.5, 'node_costs': {'NO_COST': 0.0, 'MINOR': 0.65, 'GENERAL': 0.75, 'SEVERE': 1.0, 'NO_MATCH': 1.5, 'IMPOSSIBLE': 10.0}, 'features': ['normalized_x', 'normalized_y', 'distance_to_centroid', 'horizontal_direction', 'vertical_direction', 'angle_with_ox', 'junction_angle_min', 'is_endpoint', 'is_corner', 'length_ratio_to_max', 'eccentricity', 'avg_neighbor_vector_length', 'neighbor_endpoint_count', 'neighbor_junction_count'], 'mlflow_experiment_id': '4', 'mlflow_run_id': 'b586b24a868744d3aff0659ed46c898f', 'session_id': 'b73a9b78-7afc-4dd6-b942-f97bb678b0ae', 'image_width': 100, 'image_height': 100}","{'skeletonization_time_ms': 242.238709, 'contour_analysis_time_ms': 467.658584, 'classification_time_ms': 122.486}",7,False
success,91d2553d-7d2c-4962-8490-7ad017d49d13,,/opt/nuclio/shared_storage/mnist_all/3/mnist_test_3_00307.png,3,"[{""concept_id"": ""7_1"", ""is_minor"": true, ""message"": ""Similarity between image and concept 7_1: 0.6408"", ""similarity"": 0.6408, ""concept_complexity"": 9, ""image_complexity"": 13}, {""concept_id"": ""1_3"", ""is_minor"": true, ""message"": ""Similarity between image and concept 1_3: 0.4329"", ""similarity"": 0.4329, ""concept_complexity"": 5, ""image_complexity"": 13}, {""concept_id"": ""2_1"", ""is_minor"": true, ""message"": ""Similarity between image and concept 2_1: 0.3496"", ""similarity"": 0.3496, ""concept_complexity"": 13, ""image_complexity"": 13}, {""concept_id"": ""1_1"", ""is_minor"": false, ""message"": ""Preprocessing failed: Concept has more endpoints than image."", ""similarity"": 0.0, ""concept_complexity"": 0, ""image_complexity"": 0}, {""concept_id"": ""4_2"", ""is_minor"": false, ""message"": ""Preprocessing failed: Concept has more endpoints than image."", ""similarity"": 0.0, ""concept_complexity"": 0, ""image_complexity"": 0}]","{'ged_timeout': 5, 'skeletonization_threshold': 110, 'simplification_epsilon': 4.55, 'comparison_method': 'ged', 'fgw_alpha': 0.5, 'image_path': '/opt/nuclio/shared_storage/mnist_all/3/mnist_test_3_00307.png', 'image_id': '91d2553d-7d2c-4962-8490-7ad017d49d13', 'diagnostic_weight_epsilon': 1.0, 'range_penalty_factor': 0.5, 'node_costs': {'NO_COST': 0.0, 'MINOR': 0.65, 'GENERAL': 0.75, 'SEVERE': 1.0, 'NO_MATCH': 1.5, 'IMPOSSIBLE': 10.0}, 'features': ['normalized_x', 'normalized_y', 'distance_to_centroid', 'horizontal_direction', 'vertical_direction', 'angle_with_ox', 'junction_angle_min', 'is_endpoint', 'is_corner', 'length_ratio_to_max', 'eccentricity', 'avg_neighbor_vector_length', 'neighbor_endpoint_count', 'neighbor_junction_count'], 'mlflow_experiment_id': '4', 'mlflow_run_id': 'b586b24a868744d3aff0659ed46c898f', 'session_id': 'd29fabff-25f8-4481-9528-80c06079c4ef', 'image_width': 100, 'image_height': 100}","{'skeletonization_time_ms': 85.083, 'contour_analysis_time_ms': 648.639917, 'classification_time_ms': 36.551875}",7,False
success,cbbdb781-77dc-4639-baa6-8bbb6f6cd3e4,,/opt/nuclio/shared_storage/mnist_all/3/mnist_test_3_00427.png,3,"[{""concept_id"": ""5_1"", ""is_minor"": true, ""message"": ""Similarity between image and concept 5_1: 0.5061"", ""similarity"": 0.5061, ""concept_complexity"": 17, ""image_complexity"": 25}, {""concept_id"": ""3_1"", ""is_minor"": true, ""message"": ""Similarity between image and concept 3_1: 0.4853"", ""similarity"": 0.4853, ""concept_complexity"": 21, ""image_complexity"": 25}, {""concept_id"": ""2_1"", ""is_minor"": true, ""message"": ""Similarity between image and concept 2_1: 0.494"", ""similarity"": 0.494, ""concept_complexity"": 13, ""image_complexity"": 25}, {""concept_id"": ""7_1"", ""is_minor"": true, ""message"": ""Similarity between image and concept 7_1: 0.4566"", ""similarity"": 0.4566, ""concept_complexity"": 9, ""image_complexity"": 25}, {""concept_id"": ""1_3"", ""is_minor"": true, ""message"": ""Similarity between image and concept 1_3: 0.4278"", ""similarity"": 0.4278, ""concept_complexity"": 5, ""image_complexity"": 25}, {""concept_id"": ""0_1"", ""is_minor"": false, ""message"": ""Preprocessing failed: Concept has corner points but image does not."", ""similarity"": 0.0, ""concept_complexity"": 0, ""image_complexity"": 0}, {""concept_id"": ""1_1"", ""is_minor"": false, ""message"": ""Preprocessing failed: Concept has more endpoints than image."", ""similarity"": 0.0, ""concept_complexity"": 0, ""image_complexity"": 0}, {""concept_id"": ""2_2"", ""is_minor"": false, ""message"": ""Preprocessing failed: Concept has intersection points but image does not."", ""similarity"": 0.0, ""concept_complexity"": 0, ""image_complexity"": 0}, {""concept_id"": ""4_1"", ""is_minor"": false, ""message"": ""Preprocessing failed: Concept has intersection points but image does not."", ""similarity"": 0.0, ""concept_complexity"": 0, ""image_complexity"": 0}, {""concept_id"": ""4_2"", ""is_minor"": false, ""message"": ""Preprocessing failed: Concept has more endpoints than image."", ""similarity"": 0.0, ""concept_complexity"": 0, ""image_complexity"": 0}, {""concept_id"": ""6_1"", ""is_minor"": false, ""message"": ""Preprocessing failed: Concept has intersection points but image does not."", ""similarity"": 0.0, ""concept_complexity"": 0, ""image_complexity"": 0}, {""concept_id"": ""8_2"", ""is_minor"": false, ""message"": ""Preprocessing failed: Concept has intersection points but image does not."", ""similarity"": 0.0, ""concept_complexity"": 0, ""image_complexity"": 0}, {""concept_id"": ""9_2"", ""is_minor"": false, ""message"": ""Preprocessing failed: Concept has intersection points but image does not."", ""similarity"": 0.0, ""concept_complexity"": 0, ""image_complexity"": 0}]","{'ged_timeout': 5, 'skeletonization_threshold': 110, 'simplification_epsilon': 4.55, 'comparison_method': 'ged', 'fgw_alpha': 0.5, 'image_path': '/opt/nuclio/shared_storage/mnist_all/3/mnist_test_3_00427.png', 'image_id': 'cbbdb781-77dc-4639-baa6-8bbb6f6cd3e4', 'diagnostic_weight_epsilon': 1.0, 'range_penalty_factor': 0.5, 'node_costs': {'NO_COST': 0.0, 'MINOR': 0.65, 'GENERAL': 0.75, 'SEVERE': 1.0, 'NO_MATCH': 1.5, 'IMPOSSIBLE': 10.0}, 'features': ['normalized_x', 'normalized_y', 'distance_to_centroid', 'horizontal_direction', 'vertical_direction', 'angle_with_ox', 'junction_angle_min', 'is_endpoint', 'is_corner', 'length_ratio_to_max', 'eccentricity', 'avg_neighbor_vector_length', 'neighbor_endpoint_count', 'neighbor_junction_count'], 'mlflow_experiment_id': '4', 'mlflow_run_id': 'b586b24a868744d3aff0659ed46c898f', 'session_id': 'b3dd1464-cacb-452e-9584-0c4fbf0eaf93', 'image_width': 100, 'image_height': 100}","{'skeletonization_time_ms': 232.898667, 'contour_analysis_time_ms': 664.1, 'classification_time_ms': 139.644042}",5,False
success,7719892d-a2e5-4496-a731-69d54b9433e6,,/opt/nuclio/shared_storage/mnist_all/3/mnist_test_3_00793.png,3,"[{""concept_id"": ""6_1"", ""is_minor"": true, ""message"": ""Similarity between image and concept 6_1: 0.4782"", ""similarity"": 0.4782, ""concept_complexity"": 20, ""image_complexity"": 28}, {""concept_id"": ""9_2"", ""is_minor"": true, ""message"": ""Similarity between image and concept 9_2: 0.4764"", ""similarity"": 0.4764, ""concept_complexity"": 16, ""image_complexity"": 28}, {""concept_id"": ""4_1"", ""is_minor"": true, ""message"": ""Similarity between image and concept 4_1: 0.4505"", ""similarity"": 0.4505, ""concept_complexity"": 16, ""image_complexity"": 28}, {""concept_id"": ""8_1"", ""is_minor"": true, ""message"": ""Similarity between image and concept 8_1: 0.3848"", ""similarity"": 0.3848, ""concept_complexity"": 27, ""image_complexity"": 28}, {""concept_id"": ""0_1"", ""is_minor"": true, ""message"": ""Similarity between image and concept 0_1: 0.3901"", ""similarity"": 0.3901, ""concept_complexity"": 20, ""image_complexity"": 28}, {""concept_id"": ""2_2"", ""is_minor"": true, ""message"": ""Similarity between image and concept 2_2: 0.3851"", ""similarity"": 0.3851, ""concept_complexity"": 20, ""image_complexity"": 28}, {""concept_id"": ""1_1"", ""is_minor"": false, ""message"": ""Preprocessing failed: Concept has endpoints but image does not."", ""similarity"": 0.0, ""concept_complexity"": 0, ""image_complexity"": 0}, {""concept_id"": ""1_3"", ""is_minor"": false, ""message"": ""Preprocessing failed: Concept has endpoints but image does not."", ""similarity"": 0.0, ""concept_complexity"": 0, ""image_complexity"": 0}, {""concept_id"": ""2_1"", ""is_minor"": false, ""message"": ""Preprocessing failed: Concept has endpoints but image does not."", ""similarity"": 0.0, ""concept_complexity"": 0, ""image_complexity"": 0}, {""concept_id"": ""3_1"", ""is_minor"": false, ""message"": ""Preprocessing failed: Concept has endpoints but image does not."", ""similarity"": 0.0, ""concept_complexity"": 0, ""image_complexity"": 0}, {""concept_id"": ""4_2"", ""is_minor"": false, ""message"": ""Preprocessing failed: Concept has endpoints but image does not."", ""similarity"": 0.0, ""concept_complexity"": 0, ""image_complexity"": 0}, {""concept_id"": ""5_1"", ""is_minor"": false, ""message"": ""Preprocessing failed: Concept has endpoints but image does not."", ""similarity"": 0.0, ""concept_complexity"": 0, ""image_complexity"": 0}, {""concept_id"": ""7_1"", ""is_minor"": false, ""message"": ""Preprocessing failed: Concept has endpoints but image does not."", ""similarity"": 0.0, ""concept_complexity"": 0, ""image_complexity"": 0}, {""concept_id"": ""8_2"", ""is_minor"": false, ""message"": ""Preprocessing failed: Concept has endpoints but image does not."", ""similarity"": 0.0, ""concept_complexity"": 0, ""image_complexity"": 0}]","{'ged_timeout': 5, 'skeletonization_threshold': 110, 'simplification_epsilon': 4.55, 'comparison_method': 'ged', 'fgw_alpha': 0.5, 'image_path': '/opt/nuclio/shared_storage/mnist_all/3/mnist_test_3_00793.png', 'image_id': '7719892d-a2e5-4496-a731-69d54b9433e6', 'diagnostic_weight_epsilon': 1.0, 'range_penalty_factor': 0.5, 'node_costs': {'NO_COST': 0.0, 'MINOR': 0.65, 'GENERAL': 0.75, 'SEVERE': 1.0, 'NO_MATCH': 1.5, 'IMPOSSIBLE': 10.0}, 'features': ['normalized_x', 'normalized_y', 'distance_to_centroid', 'horizontal_direction', 'vertical_direction', 'angle_with_ox', 'junction_angle_min', 'is_endpoint', 'is_corner', 'length_ratio_to_max', 'eccentricity', 'avg_neighbor_vector_length', 'neighbor_endpoint_count', 'neighbor_junction_count'], 'mlflow_experiment_id': '4', 'mlflow_run_id': 'b586b24a868744d3aff0659ed46c898f', 'session_id': '95ea3c4a-bb6c-4257-ad4a-0a9692d05553', 'image_width': 100, 'image_height': 100}","{'skeletonization_time_ms': 300.753917, 'contour_analysis_time_ms': 1236.066, 'classification_time_ms': 677.42225}",6,False
success,6cc5ac28-3c8f-47b0-95eb-e396d3ad2255,,/opt/nuclio/shared_storage/mnist_all/5/mnist_test_5_00229.png,5,"[{""concept_id"": ""3_1"", ""is_minor"": true, ""message"": ""Similarity between image and concept 3_1: 0.5168"", ""similarity"": 0.5168, ""concept_complexity"": 21, ""image_complexity"": 33}, {""concept_id"": ""5_1"", ""is_minor"": true, ""message"": ""Similarity between image and concept 5_1: 0.5344"", ""similarity"": 0.5344, ""concept_complexity"": 17, ""image_complexity"": 33}, {""concept_id"": ""2_1"", ""is_minor"": true, ""message"": ""Similarity between image and concept 2_1: 0.4484"", ""similarity"": 0.4484, ""concept_complexity"": 13, ""image_complexity"": 33}, {""concept_id"": ""7_1"", ""is_minor"": true, ""message"": ""Similarity between image and concept 7_1: 0.461"", ""similarity"": 0.461, ""concept_complexity"": 9, ""image_complexity"": 33}, {""concept_id"": ""1_3"", ""is_minor"": true, ""message"": ""Similarity between image and concept 1_3: 0.4776"", ""similarity"": 0.4776, ""concept_complexity"": 5, ""image_complexity"": 33}, {""concept_id"": ""0_1"", ""is_minor"": false, ""message"": ""Preprocessing failed: Concept has corner points but image does not."", ""similarity"": 0.0, ""concept_complexity"": 0, ""image_complexity"": 0}, {""concept_id"": ""1_1"", ""is_minor"": false, ""message"": ""Preprocessing failed: Concept has more endpoints than image."", ""similarity"": 0.0, ""concept_complexity"": 0, ""image_complexity"": 0}, {""concept_id"": ""2_2"", ""is_minor"": false, ""message"": ""Preprocessing failed: Concept has intersection points but image does not."", ""similarity"": 0.0, ""concept_complexity"": 0, ""image_complexity"": 0}, {""concept_id"": ""4_1"", ""is_minor"": false, ""message"": ""Preprocessing failed: Concept has intersection points but image does not."", ""similarity"": 0.0, ""concept_complexity"": 0, ""image_complexity"": 0}, {""concept_id"": ""4_2"", ""is_minor"": false, ""message"": ""Preprocessing failed: Concept has more endpoints than image."", ""similarity"": 0.0, ""concept_complexity"": 0, ""image_complexity"": 0}, {""concept_id"": ""6_1"", ""is_minor"": false, ""message"": ""Preprocessing failed: Concept has intersection points but image does not."", ""similarity"": 0.0, ""concept_complexity"": 0, ""image_complexity"": 0}, {""concept_id"": ""8_1"", ""is_minor"": false, ""message"": ""Preprocessing failed: Concept has corner points but image does not."", ""similarity"": 0.0, ""concept_complexity"": 0, ""image_complexity"": 0}, {""concept_id"": ""8_2"", ""is_minor"": false, ""message"": ""Preprocessing failed: Concept has intersection points but image does not."", ""similarity"": 0.0, ""concept_complexity"": 0, ""image_complexity"": 0}, {""concept_id"": ""9_2"", ""is_minor"": false, ""message"": ""Preprocessing failed: Concept has intersection points but image does not."", ""similarity"": 0.0, ""concept_complexity"": 0, ""image_complexity"": 0}]","{'ged_timeout': 5, 'skeletonization_threshold': 110, 'simplification_epsilon': 4.55, 'comparison_method': 'ged', 'fgw_alpha': 0.5, 'image_path': '/opt/nuclio/shared_storage/mnist_all/5/mnist_test_5_00229.png', 'image_id': '6cc5ac28-3c8f-47b0-95eb-e396d3ad2255', 'diagnostic_weight_epsilon': 1.0, 'range_penalty_factor': 0.5, 'node_costs': {'NO_COST': 0.0, 'MINOR': 0.65, 'GENERAL': 0.75, 'SEVERE': 1.0, 'NO_MATCH': 1.5, 'IMPOSSIBLE': 10.0}, 'features': ['normalized_x', 'normalized_y', 'distance_to_centroid', 'horizontal_direction', 'vertical_direction', 'angle_with_ox', 'junction_angle_min', 'is_endpoint', 'is_corner', 'length_ratio_to_max', 'eccentricity', 'avg_neighbor_vector_length', 'neighbor_endpoint_count', 'neighbor_junction_count'], 'mlflow_experiment_id': '4', 'mlflow_run_id': 'b586b24a868744d3aff0659ed46c898f', 'session_id': 'b6f6a549-8065-43cd-8574-cd9a74ad779f', 'image_width': 100, 'image_height': 100}","{'skeletonization_time_ms': 50.304333, 'contour_analysis_time_ms': 586.647459, 'classification_time_ms': 278.585166}",3,False
success,4052b494-5171-4f84-956e-3ec789927f68,,/opt/nuclio/shared_storage/mnist_all/3/mnist_test_3_00443.png,3,"[{""concept_id"": ""7_1"", ""is_minor"": true, ""message"": ""Similarity between image and concept 7_1: 0.5537"", ""similarity"": 0.5537, ""concept_complexity"": 9, ""image_complexity"": 21}, {""concept_id"": ""3_1"", ""is_minor"": true, ""message"": ""Similarity between image and concept 3_1: 0.4662"", ""similarity"": 0.4662, ""concept_complexity"": 21, ""image_complexity"": 21}, {""concept_id"": ""5_1"", ""is_minor"": true, ""message"": ""Similarity between image and concept 5_1: 0.4586"", ""similarity"": 0.4586, ""concept_complexity"": 17, ""image_complexity"": 21}, {""concept_id"": ""2_1"", ""is_minor"": true, ""message"": ""Similarity between image and concept 2_1: 0.4629"", ""similarity"": 0.4629, ""concept_complexity"": 13, ""image_complexity"": 21}, {""concept_id"": ""1_3"", ""is_minor"": true, ""message"": ""Similarity between image and concept 1_3: 0.4514"", ""similarity"": 0.4514, ""concept_complexity"": 5, ""image_complexity"": 21}, {""concept_id"": ""0_1"", ""is_minor"": false, ""message"": ""Preprocessing failed: Concept has corner points but image does not."", ""similarity"": 0.0, ""concept_complexity"": 0, ""image_complexity"": 0}, {""concept_id"": ""1_1"", ""is_minor"": false, ""message"": ""Preprocessing failed: Concept has more endpoints than image."", ""similarity"": 0.0, ""concept_complexity"": 0, ""image_complexity"": 0}, {""concept_id"": ""2_2"", ""is_minor"": false, ""message"": ""Preprocessing failed: Concept has intersection points but image does not."", ""similarity"": 0.0, ""concept_complexity"": 0, ""image_complexity"": 0}, {""concept_id"": ""4_1"", ""is_minor"": false, ""message"": ""Preprocessing failed: Concept has intersection points but image does not."", ""similarity"": 0.0, ""concept_complexity"": 0, ""image_complexity"": 0}, {""concept_id"": ""4_2"", ""is_minor"": false, ""message"": ""Preprocessing failed: Concept has more endpoints than image."", ""similarity"": 0.0, ""concept_complexity"": 0, ""image_complexity"": 0}, {""concept_id"": ""6_1"", ""is_minor"": false, ""message"": ""Preprocessing failed: Concept has intersection points but image does not."", ""similarity"": 0.0, ""concept_complexity"": 0, ""image_complexity"": 0}, {""concept_id"": ""8_2"", ""is_minor"": false, ""message"": ""Preprocessing failed: Concept has intersection points but image does not."", ""similarity"": 0.0, ""concept_complexity"": 0, ""image_complexity"": 0}, {""concept_id"": ""9_2"", ""is_minor"": false, ""message"": ""Preprocessing failed: Concept has intersection points but image does not."", ""similarity"": 0.0, ""concept_complexity"": 0, ""image_complexity"": 0}]","{'ged_timeout': 5, 'skeletonization_threshold': 110, 'simplification_epsilon': 4.55, 'comparison_method': 'ged', 'fgw_alpha': 0.5, 'image_path': '/opt/nuclio/shared_storage/mnist_all/3/mnist_test_3_00443.png', 'image_id': '4052b494-5171-4f84-956e-3ec789927f68', 'diagnostic_weight_epsilon': 1.0, 'range_penalty_factor': 0.5, 'node_costs': {'NO_COST': 0.0, 'MINOR': 0.65, 'GENERAL': 0.75, 'SEVERE': 1.0, 'NO_MATCH': 1.5, 'IMPOSSIBLE': 10.0}, 'features': ['normalized_x', 'normalized_y', 'distance_to_centroid', 'horizontal_direction', 'vertical_direction', 'angle_with_ox', 'junction_angle_min', 'is_endpoint', 'is_corner', 'length_ratio_to_max', 'eccentricity', 'avg_neighbor_vector_length', 'neighbor_endpoint_count', 'neighbor_junction_count'], 'mlflow_experiment_id': '4', 'mlflow_run_id': 'b586b24a868744d3aff0659ed46c898f', 'session_id': 'd9f1d9e2-bdd9-414c-8102-d6aa94905912', 'image_width': 100, 'image_height': 100}","{'skeletonization_time_ms': 180.656292, 'contour_analysis_time_ms': 1290.832126, 'classification_time_ms': 138.726417}",7,False
success,969e9589-1853-464b-856e-d9ae339967c3,,/opt/nuclio/shared_storage/mnist_all/2/mnist_test_2_00668.png,2,"[{""concept_id"": ""6_1"", ""is_minor"": true, ""message"": ""Similarity between image and concept 6_1: 0.5634"", ""similarity"": 0.5634, ""concept_complexity"": 20, ""image_complexity"": 32}, {""concept_id"": ""2_2"", ""is_minor"": true, ""message"": ""Similarity between image and concept 2_2: 0.5504"", ""similarity"": 0.5504, ""concept_complexity"": 20, ""image_complexity"": 32}, {""concept_id"": ""2_1"", ""is_minor"": true, ""message"": ""Similarity between image and concept 2_1: 0.5433"", ""similarity"": 0.5433, ""concept_complexity"": 13, ""image_complexity"": 32}, {""concept_id"": ""8_2"", ""is_minor"": true, ""message"": ""Similarity between image and concept 8_2: 0.5001"", ""similarity"": 0.5001, ""concept_complexity"": 20, ""image_complexity"": 32}, {""concept_id"": ""5_1"", ""is_minor"": true, ""message"": ""Similarity between image and concept 5_1: 0.5075"", ""similarity"": 0.5075, ""concept_complexity"": 17, ""image_complexity"": 32}, {""concept_id"": ""8_1"", ""is_minor"": true, ""message"": ""Similarity between image and concept 8_1: 0.4391"", ""similarity"": 0.4391, ""concept_complexity"": 27, ""image_complexity"": 32}, {""concept_id"": ""0_1"", ""is_minor"": true, ""message"": ""Similarity between image and concept 0_1: 0.4535"", ""similarity"": 0.4535, ""concept_complexity"": 20, ""image_complexity"": 32}, {""concept_id"": ""7_1"", ""is_minor"": true, ""message"": ""Similarity between image and concept 7_1: 0.4662"", ""similarity"": 0.4662, ""concept_complexity"": 9, ""image_complexity"": 32}, {""concept_id"": ""9_2"", ""is_minor"": true, ""message"": ""Similarity between image and concept 9_2: 0.3784"", ""similarity"": 0.3784, ""concept_complexity"": 16, ""image_complexity"": 32}, {""concept_id"": ""4_1"", ""is_minor"": true, ""message"": ""Similarity between image and concept 4_1: 0.3765"", ""similarity"": 0.3765, ""concept_complexity"": 16, ""image_complexity"": 32}, {""concept_id"": ""1_3"", ""is_minor"": true, ""message"": ""Similarity between image and concept 1_3: 0.4508"", ""similarity"": 0.4508, ""concept_complexity"": 5, ""image_complexity"": 32}, {""concept_id"": ""1_1"", ""is_minor"": false, ""message"": ""Preprocessing failed: Concept has more endpoints than image."", ""similarity"": 0.0, ""concept_complexity"": 0, ""image_complexity"": 0}, {""concept_id"": ""3_1"", ""is_minor"": false, ""message"": ""Preprocessing failed: Concept has more corner points than image."", ""similarity"": 0.0, ""concept_complexity"": 0, ""image_complexity"": 0}, {""concept_id"": ""4_2"", ""is_minor"": false, ""message"": ""Preprocessing failed: Concept has more endpoints than image."", ""similarity"": 0.0, ""concept_complexity"": 0, ""image_complexity"": 0}]","{'ged_timeout': 5, 'skeletonization_threshold': 110, 'simplification_epsilon': 4.55, 'comparison_method': 'ged', 'fgw_alpha': 0.5, 'image_path': '/opt/nuclio/shared_storage/mnist_all/2/mnist_test_2_00668.png', 'image_id': '969e9589-1853-464b-856e-d9ae339967c3', 'diagnostic_weight_epsilon': 1.0, 'range_penalty_factor': 0.5, 'node_costs': {'NO_COST': 0.0, 'MINOR': 0.65, 'GENERAL': 0.75, 'SEVERE': 1.0, 'NO_MATCH': 1.5, 'IMPOSSIBLE': 10.0}, 'features': ['normalized_x', 'normalized_y', 'distance_to_centroid', 'horizontal_direction', 'vertical_direction', 'angle_with_ox', 'junction_angle_min', 'is_endpoint', 'is_corner', 'length_ratio_to_max', 'eccentricity', 'avg_neighbor_vector_length', 'neighbor_endpoint_count', 'neighbor_junction_count'], 'mlflow_experiment_id': '4', 'mlflow_run_id': 'b586b24a868744d3aff0659ed46c898f', 'session_id': 'e02c510a-eb4e-4064-95a2-6e93833dc31b', 'image_width': 100, 'image_height': 100}","{'skeletonization_time_ms': 343.355709, 'contour_analysis_time_ms': 535.515417, 'classification_time_ms': 738.973875}",6,False
success,324a3b8e-2572-4c3c-a2e3-94acd8176e0e,,/opt/nuclio/shared_storage/mnist_all/3/mnist_test_3_00018.png,3,"[{""concept_id"": ""7_1"", ""is_minor"": true, ""message"": ""Similarity between image and concept 7_1: 0.5564"", ""similarity"": 0.5564, ""concept_complexity"": 9, ""image_complexity"": 17}, {""concept_id"": ""5_1"", ""is_minor"": true, ""message"": ""Similarity between image and concept 5_1: 0.4989"", ""similarity"": 0.4989, ""concept_complexity"": 17, ""image_complexity"": 17}, {""concept_id"": ""2_1"", ""is_minor"": true, ""message"": ""Similarity between image and concept 2_1: 0.4725"", ""similarity"": 0.4725, ""concept_complexity"": 13, ""image_complexity"": 17}, {""concept_id"": ""1_3"", ""is_minor"": true, ""message"": ""Similarity between image and concept 1_3: 0.4203"", ""similarity"": 0.4203, ""concept_complexity"": 5, ""image_complexity"": 17}, {""concept_id"": ""1_1"", ""is_minor"": false, ""message"": ""Preprocessing failed: Concept has more endpoints than image."", ""similarity"": 0.0, ""concept_complexity"": 0, ""image_complexity"": 0}, {""concept_id"": ""4_1"", ""is_minor"": false, ""message"": ""Preprocessing failed: Concept has intersection points but image does not."", ""similarity"": 0.0, ""concept_complexity"": 0, ""image_complexity"": 0}, {""concept_id"": ""4_2"", ""is_minor"": false, ""message"": ""Preprocessing failed: Concept has more endpoints than image."", ""similarity"": 0.0, ""concept_complexity"": 0, ""image_complexity"": 0}, {""concept_id"": ""9_2"", ""is_minor"": false, ""message"": ""Preprocessing failed: Concept has intersection points but image does not."", ""similarity"": 0.0, ""concept_complexity"": 0, ""image_complexity"": 0}]","{'ged_timeout': 5, 'skeletonization_threshold': 110, 'simplification_epsilon': 4.55, 'comparison_method': 'ged', 'fgw_alpha': 0.5, 'image_path': '/opt/nuclio/shared_storage/mnist_all/3/mnist_test_3_00018.png', 'image_id': '324a3b8e-2572-4c3c-a2e3-94acd8176e0e', 'diagnostic_weight_epsilon': 1.0, 'range_penalty_factor': 0.5, 'node_costs': {'NO_COST': 0.0, 'MINOR': 0.65, 'GENERAL': 0.75, 'SEVERE': 1.0, 'NO_MATCH': 1.5, 'IMPOSSIBLE': 10.0}, 'features': ['normalized_x', 'normalized_y', 'distance_to_centroid', 'horizontal_direction', 'vertical_direction', 'angle_with_ox', 'junction_angle_min', 'is_endpoint', 'is_corner', 'length_ratio_to_max', 'eccentricity', 'avg_neighbor_vector_length', 'neighbor_endpoint_count', 'neighbor_junction_count'], 'mlflow_experiment_id': '4', 'mlflow_run_id': 'b586b24a868744d3aff0659ed46c898f', 'session_id': 'af547028-ec8e-463c-8e7e-30990e52180e', 'image_width': 100, 'image_height': 100}","{'skeletonization_time_ms': 349.754334, 'contour_analysis_time_ms': 428.644126, 'classification_time_ms': 60.069708}",7,False
success,1e8ea126-5bbe-493e-8848-859649ccbaa8,,/opt/nuclio/shared_storage/mnist_all/4/mnist_test_4_00447.png,4,"[{""concept_id"": ""9_2"", ""is_minor"": true, ""message"": ""Similarity between image and concept 9_2: 0.6273"", ""similarity"": 0.6273, ""concept_complexity"": 16, ""image_complexity"": 24}, {""concept_id"": ""4_1"", ""is_minor"": true, ""message"": ""Similarity between image and concept 4_1: 0.5779"", ""similarity"": 0.5779, ""concept_complexity"": 16, ""image_complexity"": 24}, {""concept_id"": ""8_2"", ""is_minor"": true, ""message"": ""Similarity between image and concept 8_2: 0.4304"", ""similarity"": 0.4304, ""concept_complexity"": 20, ""image_complexity"": 24}, {""concept_id"": ""6_1"", ""is_minor"": true, ""message"": ""Similarity between image and concept 6_1: 0.3665"", ""similarity"": 0.3665, ""concept_complexity"": 20, ""image_complexity"": 24}, {""concept_id"": ""0_1"", ""is_minor"": true, ""message"": ""Similarity between image and concept 0_1: 0.3118"", ""similarity"": 0.3118, ""concept_complexity"": 20, ""image_complexity"": 24}, {""concept_id"": ""1_3"", ""is_minor"": true, ""message"": ""Similarity between image and concept 1_3: 0.4054"", ""similarity"": 0.4054, ""concept_complexity"": 5, ""image_complexity"": 24}, {""concept_id"": ""1_1"", ""is_minor"": false, ""message"": ""Preprocessing failed: Concept has more endpoints than image."", ""similarity"": 0.0, ""concept_complexity"": 0, ""image_complexity"": 0}, {""concept_id"": ""2_1"", ""is_minor"": false, ""message"": ""Preprocessing failed: Concept has corner points but image does not."", ""similarity"": 0.0, ""concept_complexity"": 0, ""image_complexity"": 0}, {""concept_id"": ""2_2"", ""is_minor"": false, ""message"": ""Preprocessing failed: Concept has corner points but image does not."", ""similarity"": 0.0, ""concept_complexity"": 0, ""image_complexity"": 0}, {""concept_id"": ""3_1"", ""is_minor"": false, ""message"": ""Preprocessing failed: Concept has corner points but image does not."", ""similarity"": 0.0, ""concept_complexity"": 0, ""image_complexity"": 0}, {""concept_id"": ""4_2"", ""is_minor"": false, ""message"": ""Preprocessing failed: Concept has more endpoints than image."", ""similarity"": 0.0, ""concept_complexity"": 0, ""image_complexity"": 0}, {""concept_id"": ""5_1"", ""is_minor"": false, ""message"": ""Preprocessing failed: Concept has corner points but image does not."", ""similarity"": 0.0, ""concept_complexity"": 0, ""image_complexity"": 0}, {""concept_id"": ""7_1"", ""is_minor"": false, ""message"": ""Preprocessing failed: Concept has corner points but image does not."", ""similarity"": 0.0, ""concept_complexity"": 0, ""image_complexity"": 0}]","{'ged_timeout': 5, 'skeletonization_threshold': 110, 'simplification_epsilon': 4.55, 'comparison_method': 'ged', 'fgw_alpha': 0.5, 'image_path': '/opt/nuclio/shared_storage/mnist_all/4/mnist_test_4_00447.png', 'image_id': '1e8ea126-5bbe-493e-8848-859649ccbaa8', 'diagnostic_weight_epsilon': 1.0, 'range_penalty_factor': 0.5, 'node_costs': {'NO_COST': 0.0, 'MINOR': 0.65, 'GENERAL': 0.75, 'SEVERE': 1.0, 'NO_MATCH': 1.5, 'IMPOSSIBLE': 10.0}, 'features': ['normalized_x', 'normalized_y', 'distance_to_centroid', 'horizontal_direction', 'vertical_direction', 'angle_with_ox', 'junction_angle_min', 'is_endpoint', 'is_corner', 'length_ratio_to_max', 'eccentricity', 'avg_neighbor_vector_length', 'neighbor_endpoint_count', 'neighbor_junction_count'], 'mlflow_experiment_id': '4', 'mlflow_run_id': 'b586b24a868744d3aff0659ed46c898f', 'session_id': 'b3576d93-c5bf-4d2a-b8e8-3048a5cb17b8', 'image_width': 100, 'image_height': 100}","{'skeletonization_time_ms': 143.48375, 'contour_analysis_time_ms': 344.773875, 'classification_time_ms': 206.637625}",9,False
success,166f76dc-9d40-47a9-8bf6-499e77c2ce93,,/opt/nuclio/shared_storage/mnist_all/4/mnist_test_4_00572.png,4,"[{""concept_id"": ""1_1"", ""is_minor"": true, ""message"": ""Similarity between image and concept 1_1: 0.4505"", ""similarity"": 0.4505, ""concept_complexity"": 13, ""image_complexity"": 21}, {""concept_id"": ""4_2"", ""is_minor"": true, ""message"": ""Similarity between image and concept 4_2: 0.4421"", ""similarity"": 0.4421, ""concept_complexity"": 13, ""image_complexity"": 21}, {""concept_id"": ""7_1"", ""is_minor"": true, ""message"": ""Similarity between image and concept 7_1: 0.4545"", ""similarity"": 0.4545, ""concept_complexity"": 9, ""image_complexity"": 21}, {""concept_id"": ""2_1"", ""is_minor"": true, ""message"": ""Similarity between image and concept 2_1: 0.3224"", ""similarity"": 0.3224, ""concept_complexity"": 13, ""image_complexity"": 21}, {""concept_id"": ""1_3"", ""is_minor"": true, ""message"": ""Similarity between image and concept 1_3: 0.3239"", ""similarity"": 0.3239, ""concept_complexity"": 5, ""image_complexity"": 21}, {""concept_id"": ""0_1"", ""is_minor"": false, ""message"": ""Preprocessing failed: Concept has corner points but image does not."", ""similarity"": 0.0, ""concept_complexity"": 0, ""image_complexity"": 0}, {""concept_id"": ""2_2"", ""is_minor"": false, ""message"": ""Preprocessing failed: Concept has intersection points but image does not."", ""similarity"": 0.0, ""concept_complexity"": 0, ""image_complexity"": 0}, {""concept_id"": ""3_1"", ""is_minor"": false, ""message"": ""Preprocessing failed: Concept has more corner points than image."", ""similarity"": 0.0, ""concept_complexity"": 0, ""image_complexity"": 0}, {""concept_id"": ""4_1"", ""is_minor"": false, ""message"": ""Preprocessing failed: Concept has intersection points but image does not."", ""similarity"": 0.0, ""concept_complexity"": 0, ""image_complexity"": 0}, {""concept_id"": ""5_1"", ""is_minor"": false, ""message"": ""Preprocessing failed: Concept has more corner points than image."", ""similarity"": 0.0, ""concept_complexity"": 0, ""image_complexity"": 0}, {""concept_id"": ""6_1"", ""is_minor"": false, ""message"": ""Preprocessing failed: Concept has intersection points but image does not."", ""similarity"": 0.0, ""concept_complexity"": 0, ""image_complexity"": 0}, {""concept_id"": ""8_2"", ""is_minor"": false, ""message"": ""Preprocessing failed: Concept has intersection points but image does not."", ""similarity"": 0.0, ""concept_complexity"": 0, ""image_complexity"": 0}, {""concept_id"": ""9_2"", ""is_minor"": false, ""message"": ""Preprocessing failed: Concept has intersection points but image does not."", ""similarity"": 0.0, ""concept_complexity"": 0, ""image_complexity"": 0}]","{'ged_timeout': 5, 'skeletonization_threshold': 110, 'simplification_epsilon': 4.55, 'comparison_method': 'ged', 'fgw_alpha': 0.5, 'image_path': '/opt/nuclio/shared_storage/mnist_all/4/mnist_test_4_00572.png', 'image_id': '166f76dc-9d40-47a9-8bf6-499e77c2ce93', 'diagnostic_weight_epsilon': 1.0, 'range_penalty_factor': 0.5, 'node_costs': {'NO_COST': 0.0, 'MINOR': 0.65, 'GENERAL': 0.75, 'SEVERE': 1.0, 'NO_MATCH': 1.5, 'IMPOSSIBLE': 10.0}, 'features': ['normalized_x', 'normalized_y', 'distance_to_centroid', 'horizontal_direction', 'vertical_direction', 'angle_with_ox', 'junction_angle_min', 'is_endpoint', 'is_corner', 'length_ratio_to_max', 'eccentricity', 'avg_neighbor_vector_length', 'neighbor_endpoint_count', 'neighbor_junction_count'], 'mlflow_experiment_id': '4', 'mlflow_run_id': 'b586b24a868744d3aff0659ed46c898f', 'session_id': 'e61c993d-df35-4784-a68b-d853dfaadf66', 'image_width': 100, 'image_height': 100}","{'skeletonization_time_ms': 284.537917, 'contour_analysis_time_ms': 252.501833, 'classification_time_ms': 181.380126}",1,False
success,adebf31f-cf8f-4c6a-af4b-36c132608d2c,,/opt/nuclio/shared_storage/mnist_all/5/mnist_test_5_00808.png,5,"[{""concept_id"": ""2_1"", ""is_minor"": true, ""message"": ""Similarity between image and concept 2_1: 0.3834"", ""similarity"": 0.3834, ""concept_complexity"": 13, ""image_complexity"": 13}, {""concept_id"": ""7_1"", ""is_minor"": true, ""message"": ""Similarity between image and concept 7_1: 0.3474"", ""similarity"": 0.3474, ""concept_complexity"": 9, ""image_complexity"": 13}, {""concept_id"": ""1_3"", ""is_minor"": true, ""message"": ""Similarity between image and concept 1_3: 0.3288"", ""similarity"": 0.3288, ""concept_complexity"": 5, ""image_complexity"": 13}, {""concept_id"": ""1_1"", ""is_minor"": false, ""message"": ""Preprocessing failed: Concept has more endpoints than image."", ""similarity"": 0.0, ""concept_complexity"": 0, ""image_complexity"": 0}, {""concept_id"": ""4_2"", ""is_minor"": false, ""message"": ""Preprocessing failed: Concept has more endpoints than image."", ""similarity"": 0.0, ""concept_complexity"": 0, ""image_complexity"": 0}]","{'ged_timeout': 5, 'skeletonization_threshold': 110, 'simplification_epsilon': 4.55, 'comparison_method': 'ged', 'fgw_alpha': 0.5, 'image_path': '/opt/nuclio/shared_storage/mnist_all/5/mnist_test_5_00808.png', 'image_id': 'adebf31f-cf8f-4c6a-af4b-36c132608d2c', 'diagnostic_weight_epsilon': 1.0, 'range_penalty_factor': 0.5, 'node_costs': {'NO_COST': 0.0, 'MINOR': 0.65, 'GENERAL': 0.75, 'SEVERE': 1.0, 'NO_MATCH': 1.5, 'IMPOSSIBLE': 10.0}, 'features': ['normalized_x', 'normalized_y', 'distance_to_centroid', 'horizontal_direction', 'vertical_direction', 'angle_with_ox', 'junction_angle_min', 'is_endpoint', 'is_corner', 'length_ratio_to_max', 'eccentricity', 'avg_neighbor_vector_length', 'neighbor_endpoint_count', 'neighbor_junction_count'], 'mlflow_experiment_id': '4', 'mlflow_run_id': 'b586b24a868744d3aff0659ed46c898f', 'session_id': 'dc9aba6d-6b0a-40a1-9263-8b45c30b590d', 'image_width': 100, 'image_height': 100}","{'skeletonization_time_ms': 183.324125, 'contour_analysis_time_ms': 420.18725, 'classification_time_ms': 89.156584}",2,False
success,f6f57c8e-765d-45b5-bf1f-41658a5acfaf,,/opt/nuclio/shared_storage/mnist_all/5/mnist_test_5_00544.png,5,"[{""concept_id"": ""4_1"", ""is_minor"": true, ""message"": ""Similarity between image and concept 4_1: 0.5039"", ""similarity"": 0.5039, ""concept_complexity"": 16, ""image_complexity"": 32}, {""concept_id"": ""8_1"", ""is_minor"": true, ""message"": ""Similarity between image and concept 8_1: 0.4585"", ""similarity"": 0.4585, ""concept_complexity"": 27, ""image_complexity"": 32}, {""concept_id"": ""2_2"", ""is_minor"": true, ""message"": ""Similarity between image and concept 2_2: 0.48"", ""similarity"": 0.48, ""concept_complexity"": 20, ""image_complexity"": 32}, {""concept_id"": ""9_2"", ""is_minor"": true, ""message"": ""Similarity between image and concept 9_2: 0.4921"", ""similarity"": 0.4921, ""concept_complexity"": 16, ""image_complexity"": 32}, {""concept_id"": ""0_1"", ""is_minor"": true, ""message"": ""Similarity between image and concept 0_1: 0.4462"", ""similarity"": 0.4462, ""concept_complexity"": 20, ""image_complexity"": 32}, {""concept_id"": ""6_1"", ""is_minor"": true, ""message"": ""Similarity between image and concept 6_1: 0.4422"", ""similarity"": 0.4422, ""concept_complexity"": 20, ""image_complexity"": 32}, {""concept_id"": ""1_1"", ""is_minor"": false, ""message"": ""Preprocessing failed: Concept has endpoints but image does not."", ""similarity"": 0.0, ""concept_complexity"": 0, ""image_complexity"": 0}, {""concept_id"": ""1_3"", ""is_minor"": false, ""message"": ""Preprocessing failed: Concept has endpoints but image does not."", ""similarity"": 0.0, ""concept_complexity"": 0, ""image_complexity"": 0}, {""concept_id"": ""2_1"", ""is_minor"": false, ""message"": ""Preprocessing failed: Concept has endpoints but image does not."", ""similarity"": 0.0, ""concept_complexity"": 0, ""image_complexity"": 0}, {""concept_id"": ""3_1"", ""is_minor"": false, ""message"": ""Preprocessing failed: Concept has endpoints but image does not."", ""similarity"": 0.0, ""concept_complexity"": 0, ""image_complexity"": 0}, {""concept_id"": ""4_2"", ""is_minor"": false, ""message"": ""Preprocessing failed: Concept has endpoints but image does not."", ""similarity"": 0.0, ""concept_complexity"": 0, ""image_complexity"": 0}, {""concept_id"": ""5_1"", ""is_minor"": false, ""message"": ""Preprocessing failed: Concept has endpoints but image does not."", ""similarity"": 0.0, ""concept_complexity"": 0, ""image_complexity"": 0}, {""concept_id"": ""7_1"", ""is_minor"": false, ""message"": ""Preprocessing failed: Concept has endpoints but image does not."", ""similarity"": 0.0, ""concept_complexity"": 0, ""image_complexity"": 0}, {""concept_id"": ""8_2"", ""is_minor"": false, ""message"": ""Preprocessing failed: Concept has endpoints but image does not."", ""similarity"": 0.0, ""concept_complexity"": 0, ""image_complexity"": 0}]","{'ged_timeout': 5, 'skeletonization_threshold': 110, 'simplification_epsilon': 4.55, 'comparison_method': 'ged', 'fgw_alpha': 0.5, 'image_path': '/opt/nuclio/shared_storage/mnist_all/5/mnist_test_5_00544.png', 'image_id': 'f6f57c8e-765d-45b5-bf1f-41658a5acfaf', 'diagnostic_weight_epsilon': 1.0, 'range_penalty_factor': 0.5, 'node_costs': {'NO_COST': 0.0, 'MINOR': 0.65, 'GENERAL': 0.75, 'SEVERE': 1.0, 'NO_MATCH': 1.5, 'IMPOSSIBLE': 10.0}, 'features': ['normalized_x', 'normalized_y', 'distance_to_centroid', 'horizontal_direction', 'vertical_direction', 'angle_with_ox', 'junction_angle_min', 'is_endpoint', 'is_corner', 'length_ratio_to_max', 'eccentricity', 'avg_neighbor_vector_length', 'neighbor_endpoint_count', 'neighbor_junction_count'], 'mlflow_experiment_id': '4', 'mlflow_run_id': 'b586b24a868744d3aff0659ed46c898f', 'session_id': 'b8b3678c-c55c-4305-a3f7-ca7159308d2f', 'image_width': 100, 'image_height': 100}","{'skeletonization_time_ms': 206.993584, 'contour_analysis_time_ms': 267.917584, 'classification_time_ms': 2435.153626}",4,False
success,9e3c7277-5b24-4ab5-9e84-85689b12755d,,/opt/nuclio/shared_storage/mnist_all/3/mnist_test_3_00541.png,3,"[{""concept_id"": ""7_1"", ""is_minor"": true, ""message"": ""Similarity between image and concept 7_1: 0.5907"", ""similarity"": 0.5907, ""concept_complexity"": 9, ""image_complexity"": 21}, {""concept_id"": ""4_2"", ""is_minor"": true, ""message"": ""Similarity between image and concept 4_2: 0.5181"", ""similarity"": 0.5181, ""concept_complexity"": 13, ""image_complexity"": 21}, {""concept_id"": ""5_1"", ""is_minor"": true, ""message"": ""Similarity between image and concept 5_1: 0.4191"", ""similarity"": 0.4191, ""concept_complexity"": 17, ""image_complexity"": 21}, {""concept_id"": ""2_1"", ""is_minor"": true, ""message"": ""Similarity between image and concept 2_1: 0.427"", ""similarity"": 0.427, ""concept_complexity"": 13, ""image_complexity"": 21}, {""concept_id"": ""1_1"", ""is_minor"": true, ""message"": ""Similarity between image and concept 1_1: 0.3721"", ""similarity"": 0.3721, ""concept_complexity"": 13, ""image_complexity"": 21}, {""concept_id"": ""1_3"", ""is_minor"": true, ""message"": ""Similarity between image and concept 1_3: 0.4206"", ""similarity"": 0.4206, ""concept_complexity"": 5, ""image_complexity"": 21}, {""concept_id"": ""0_1"", ""is_minor"": false, ""message"": ""Preprocessing failed: Concept has corner points but image does not."", ""similarity"": 0.0, ""concept_complexity"": 0, ""image_complexity"": 0}, {""concept_id"": ""2_2"", ""is_minor"": false, ""message"": ""Preprocessing failed: Concept has intersection points but image does not."", ""similarity"": 0.0, ""concept_complexity"": 0, ""image_complexity"": 0}, {""concept_id"": ""3_1"", ""is_minor"": false, ""message"": ""Preprocessing failed: Concept has more corner points than image."", ""similarity"": 0.0, ""concept_complexity"": 0, ""image_complexity"": 0}, {""concept_id"": ""4_1"", ""is_minor"": false, ""message"": ""Preprocessing failed: Concept has intersection points but image does not."", ""similarity"": 0.0, ""concept_complexity"": 0, ""image_complexity"": 0}, {""concept_id"": ""6_1"", ""is_minor"": false, ""message"": ""Preprocessing failed: Concept has intersection points but image does not."", ""similarity"": 0.0, ""concept_complexity"": 0, ""image_complexity"": 0}, {""concept_id"": ""8_2"", ""is_minor"": false, ""message"": ""Preprocessing failed: Concept has intersection points but image does not."", ""similarity"": 0.0, ""concept_complexity"": 0, ""image_complexity"": 0}, {""concept_id"": ""9_2"", ""is_minor"": false, ""message"": ""Preprocessing failed: Concept has intersection points but image does not."", ""similarity"": 0.0, ""concept_complexity"": 0, ""image_complexity"": 0}]","{'ged_timeout': 5, 'skeletonization_threshold': 110, 'simplification_epsilon': 4.55, 'comparison_method': 'ged', 'fgw_alpha': 0.5, 'image_path': '/opt/nuclio/shared_storage/mnist_all/3/mnist_test_3_00541.png', 'image_id': '9e3c7277-5b24-4ab5-9e84-85689b12755d', 'diagnostic_weight_epsilon': 1.0, 'range_penalty_factor': 0.5, 'node_costs': {'NO_COST': 0.0, 'MINOR': 0.65, 'GENERAL': 0.75, 'SEVERE': 1.0, 'NO_MATCH': 1.5, 'IMPOSSIBLE': 10.0}, 'features': ['normalized_x', 'normalized_y', 'distance_to_centroid', 'horizontal_direction', 'vertical_direction', 'angle_with_ox', 'junction_angle_min', 'is_endpoint', 'is_corner', 'length_ratio_to_max', 'eccentricity', 'avg_neighbor_vector_length', 'neighbor_endpoint_count', 'neighbor_junction_count'], 'mlflow_experiment_id': '4', 'mlflow_run_id': 'b586b24a868744d3aff0659ed46c898f', 'session_id': 'cfbb9f68-6e26-4e1f-bc52-94b3eb0e3d2f', 'image_width': 100, 'image_height': 100}","{'skeletonization_time_ms': 189.280792, 'contour_analysis_time_ms': 505.080584, 'classification_time_ms': 107.039751}",7,False
success,48645356-1401-4464-ad12-f3d1cf62e6b1,,/opt/nuclio/shared_storage/mnist_all/5/mnist_test_5_00584.png,5,"[{""concept_id"": ""4_2"", ""is_minor"": true, ""message"": ""Similarity between image and concept 4_2: 0.5016"", ""similarity"": 0.5016, ""concept_complexity"": 13, ""image_complexity"": 21}, {""concept_id"": ""5_1"", ""is_minor"": true, ""message"": ""Similarity between image and concept 5_1: 0.4369"", ""similarity"": 0.4369, ""concept_complexity"": 17, ""image_complexity"": 21}, {""concept_id"": ""2_1"", ""is_minor"": true, ""message"": ""Similarity between image and concept 2_1: 0.4052"", ""similarity"": 0.4052, ""concept_complexity"": 13, ""image_complexity"": 21}, {""concept_id"": ""1_1"", ""is_minor"": true, ""message"": ""Similarity between image and concept 1_1: 0.3405"", ""similarity"": 0.3405, ""concept_complexity"": 13, ""image_complexity"": 21}, {""concept_id"": ""7_1"", ""is_minor"": true, ""message"": ""Similarity between image and concept 7_1: 0.3544"", ""similarity"": 0.3544, ""concept_complexity"": 9, ""image_complexity"": 21}, {""concept_id"": ""1_3"", ""is_minor"": true, ""message"": ""Similarity between image and concept 1_3: 0.3558"", ""similarity"": 0.3558, ""concept_complexity"": 5, ""image_complexity"": 21}, {""concept_id"": ""0_1"", ""is_minor"": false, ""message"": ""Preprocessing failed: Concept has corner points but image does not."", ""similarity"": 0.0, ""concept_complexity"": 0, ""image_complexity"": 0}, {""concept_id"": ""2_2"", ""is_minor"": false, ""message"": ""Preprocessing failed: Concept has intersection points but image does not."", ""similarity"": 0.0, ""concept_complexity"": 0, ""image_complexity"": 0}, {""concept_id"": ""3_1"", ""is_minor"": false, ""message"": ""Preprocessing failed: Concept has more corner points than image."", ""similarity"": 0.0, ""concept_complexity"": 0, ""image_complexity"": 0}, {""concept_id"": ""4_1"", ""is_minor"": false, ""message"": ""Preprocessing failed: Concept has intersection points but image does not."", ""similarity"": 0.0, ""concept_complexity"": 0, ""image_complexity"": 0}, {""concept_id"": ""6_1"", ""is_minor"": false, ""message"": ""Preprocessing failed: Concept has intersection points but image does not."", ""similarity"": 0.0, ""concept_complexity"": 0, ""image_complexity"": 0}, {""concept_id"": ""8_2"", ""is_minor"": false, ""message"": ""Preprocessing failed: Concept has intersection points but image does not."", ""similarity"": 0.0, ""concept_complexity"": 0, ""image_complexity"": 0}, {""concept_id"": ""9_2"", ""is_minor"": false, ""message"": ""Preprocessing failed: Concept has intersection points but image does not."", ""similarity"": 0.0, ""concept_complexity"": 0, ""image_complexity"": 0}]","{'ged_timeout': 5, 'skeletonization_threshold': 110, 'simplification_epsilon': 4.55, 'comparison_method': 'ged', 'fgw_alpha': 0.5, 'image_path': '/opt/nuclio/shared_storage/mnist_all/5/mnist_test_5_00584.png', 'image_id': '48645356-1401-4464-ad12-f3d1cf62e6b1', 'diagnostic_weight_epsilon': 1.0, 'range_penalty_factor': 0.5, 'node_costs': {'NO_COST': 0.0, 'MINOR': 0.65, 'GENERAL': 0.75, 'SEVERE': 1.0, 'NO_MATCH': 1.5, 'IMPOSSIBLE': 10.0}, 'features': ['normalized_x', 'normalized_y', 'distance_to_centroid', 'horizontal_direction', 'vertical_direction', 'angle_with_ox', 'junction_angle_min', 'is_endpoint', 'is_corner', 'length_ratio_to_max', 'eccentricity', 'avg_neighbor_vector_length', 'neighbor_endpoint_count', 'neighbor_junction_count'], 'mlflow_experiment_id': '4', 'mlflow_run_id': 'b586b24a868744d3aff0659ed46c898f', 'session_id': 'e118f546-c6d5-4651-be58-93902eaee110', 'image_width': 100, 'image_height': 100}","{'skeletonization_time_ms': 450.998708, 'contour_analysis_time_ms': 368.320584, 'classification_time_ms': 180.650333}",4,False
success,22518319-2bf5-40a9-ab49-41acd7cbe1aa,,/opt/nuclio/shared_storage/mnist_all/5/mnist_test_5_00884.png,5,"[{""concept_id"": ""2_1"", ""is_minor"": true, ""message"": ""Similarity between image and concept 2_1: 0.4455"", ""similarity"": 0.4455, ""concept_complexity"": 13, ""image_complexity"": 13}, {""concept_id"": ""7_1"", ""is_minor"": true, ""message"": ""Similarity between image and concept 7_1: 0.4482"", ""similarity"": 0.4482, ""concept_complexity"": 9, ""image_complexity"": 13}, {""concept_id"": ""1_3"", ""is_minor"": true, ""message"": ""Similarity between image and concept 1_3: 0.3232"", ""similarity"": 0.3232, ""concept_complexity"": 5, ""image_complexity"": 13}, {""concept_id"": ""1_1"", ""is_minor"": false, ""message"": ""Preprocessing failed: Concept has more endpoints than image."", ""similarity"": 0.0, ""concept_complexity"": 0, ""image_complexity"": 0}, {""concept_id"": ""4_2"", ""is_minor"": false, ""message"": ""Preprocessing failed: Concept has more endpoints than image."", ""similarity"": 0.0, ""concept_complexity"": 0, ""image_complexity"": 0}]","{'ged_timeout': 5, 'skeletonization_threshold': 110, 'simplification_epsilon': 4.55, 'comparison_method': 'ged', 'fgw_alpha': 0.5, 'image_path': '/opt/nuclio/shared_storage/mnist_all/5/mnist_test_5_00884.png', 'image_id': '22518319-2bf5-40a9-ab49-41acd7cbe1aa', 'diagnostic_weight_epsilon': 1.0, 'range_penalty_factor': 0.5, 'node_costs': {'NO_COST': 0.0, 'MINOR': 0.65, 'GENERAL': 0.75, 'SEVERE': 1.0, 'NO_MATCH': 1.5, 'IMPOSSIBLE': 10.0}, 'features': ['normalized_x', 'normalized_y', 'distance_to_centroid', 'horizontal_direction', 'vertical_direction', 'angle_with_ox', 'junction_angle_min', 'is_endpoint', 'is_corner', 'length_ratio_to_max', 'eccentricity', 'avg_neighbor_vector_length', 'neighbor_endpoint_count', 'neighbor_junction_count'], 'mlflow_experiment_id': '4', 'mlflow_run_id': 'b586b24a868744d3aff0659ed46c898f', 'session_id': '9c12f808-8c9d-4ef1-91bc-2a36651de2e7', 'image_width': 100, 'image_height': 100}","{'skeletonization_time_ms': 217.257417, 'contour_analysis_time_ms': 220.09225, 'classification_time_ms': 87.659333}",2,False
success,71c724eb-78b9-464c-a661-0685588788f1,,/opt/nuclio/shared_storage/mnist_all/5/mnist_test_5_00460.png,5,"[{""concept_id"": ""0_1"", ""is_minor"": true, ""message"": ""Similarity between image and concept 0_1: 0.5002"", ""similarity"": 0.5002, ""concept_complexity"": 20, ""image_complexity"": 24}, {""concept_id"": ""2_2"", ""is_minor"": true, ""message"": ""Similarity between image and concept 2_2: 0.4997"", ""similarity"": 0.4997, ""concept_complexity"": 20, ""image_complexity"": 24}, {""concept_id"": ""4_1"", ""is_minor"": true, ""message"": ""Similarity between image and concept 4_1: 0.4387"", ""similarity"": 0.4387, ""concept_complexity"": 16, ""image_complexity"": 24}, {""concept_id"": ""9_2"", ""is_minor"": true, ""message"": ""Similarity between image and concept 9_2: 0.4368"", ""similarity"": 0.4368, ""concept_complexity"": 16, ""image_complexity"": 24}, {""concept_id"": ""1_1"", ""is_minor"": false, ""message"": ""Preprocessing failed: Concept has endpoints but image does not."", ""similarity"": 0.0, ""concept_complexity"": 0, ""image_complexity"": 0}, {""concept_id"": ""1_3"", ""is_minor"": false, ""message"": ""Preprocessing failed: Concept has endpoints but image does not."", ""similarity"": 0.0, ""concept_complexity"": 0, ""image_complexity"": 0}, {""concept_id"": ""2_1"", ""is_minor"": false, ""message"": ""Preprocessing failed: Concept has endpoints but image does not."", ""similarity"": 0.0, ""concept_complexity"": 0, ""image_complexity"": 0}, {""concept_id"": ""3_1"", ""is_minor"": false, ""message"": ""Preprocessing failed: Concept has endpoints but image does not."", ""similarity"": 0.0, ""concept_complexity"": 0, ""image_complexity"": 0}, {""concept_id"": ""4_2"", ""is_minor"": false, ""message"": ""Preprocessing failed: Concept has endpoints but image does not."", ""similarity"": 0.0, ""concept_complexity"": 0, ""image_complexity"": 0}, {""concept_id"": ""5_1"", ""is_minor"": false, ""message"": ""Preprocessing failed: Concept has endpoints but image does not."", ""similarity"": 0.0, ""concept_complexity"": 0, ""image_complexity"": 0}, {""concept_id"": ""6_1"", ""is_minor"": false, ""message"": ""Preprocessing failed: Concept has more corner points than image."", ""similarity"": 0.0, ""concept_complexity"": 0, ""image_complexity"": 0}, {""concept_id"": ""7_1"", ""is_minor"": false, ""message"": ""Preprocessing failed: Concept has endpoints but image does not."", ""similarity"": 0.0, ""concept_complexity"": 0, ""image_complexity"": 0}, {""concept_id"": ""8_2"", ""is_minor"": false, ""message"": ""Preprocessing failed: Concept has endpoints but image does not."", ""similarity"": 0.0, ""concept_complexity"": 0, ""image_complexity"": 0}]","{'ged_timeout': 5, 'skeletonization_threshold': 110, 'simplification_epsilon': 4.55, 'comparison_method': 'ged', 'fgw_alpha': 0.5, 'image_path': '/opt/nuclio/shared_storage/mnist_all/5/mnist_test_5_00460.png', 'image_id': '71c724eb-78b9-464c-a661-0685588788f1', 'diagnostic_weight_epsilon': 1.0, 'range_penalty_factor': 0.5, 'node_costs': {'NO_COST': 0.0, 'MINOR': 0.65, 'GENERAL': 0.75, 'SEVERE': 1.0, 'NO_MATCH': 1.5, 'IMPOSSIBLE': 10.0}, 'features': ['normalized_x', 'normalized_y', 'distance_to_centroid', 'horizontal_direction', 'vertical_direction', 'angle_with_ox', 'junction_angle_min', 'is_endpoint', 'is_corner', 'length_ratio_to_max', 'eccentricity', 'avg_neighbor_vector_length', 'neighbor_endpoint_count', 'neighbor_junction_count'], 'mlflow_experiment_id': '4', 'mlflow_run_id': 'b586b24a868744d3aff0659ed46c898f', 'session_id': 'f1b79a4d-b49f-4ba8-b827-cc7b99fe2484', 'image_width': 100, 'image_height': 100}","{'skeletonization_time_ms': 318.892875, 'contour_analysis_time_ms': 327.239375, 'classification_time_ms': 237.992708}",0,False
success,4d77cefb-ff93-430e-b154-c3866cbccc69,,/opt/nuclio/shared_storage/mnist_all/5/mnist_test_5_00349.png,5,"[{""concept_id"": ""3_1"", ""is_minor"": true, ""message"": ""Similarity between image and concept 3_1: 0.5858"", ""similarity"": 0.5858, ""concept_complexity"": 21, ""image_complexity"": 29}, {""concept_id"": ""5_1"", ""is_minor"": true, ""message"": ""Similarity between image and concept 5_1: 0.5785"", ""similarity"": 0.5785, ""concept_complexity"": 17, ""image_complexity"": 29}, {""concept_id"": ""2_1"", ""is_minor"": true, ""message"": ""Similarity between image and concept 2_1: 0.483"", ""similarity"": 0.483, ""concept_complexity"": 13, ""image_complexity"": 29}, {""concept_id"": ""7_1"", ""is_minor"": true, ""message"": ""Similarity between image and concept 7_1: 0.4419"", ""similarity"": 0.4419, ""concept_complexity"": 9, ""image_complexity"": 29}, {""concept_id"": ""1_3"", ""is_minor"": true, ""message"": ""Similarity between image and concept 1_3: 0.4653"", ""similarity"": 0.4653, ""concept_complexity"": 5, ""image_complexity"": 29}, {""concept_id"": ""0_1"", ""is_minor"": false, ""message"": ""Preprocessing failed: Concept has corner points but image does not."", ""similarity"": 0.0, ""concept_complexity"": 0, ""image_complexity"": 0}, {""concept_id"": ""1_1"", ""is_minor"": false, ""message"": ""Preprocessing failed: Concept has more endpoints than image."", ""similarity"": 0.0, ""concept_complexity"": 0, ""image_complexity"": 0}, {""concept_id"": ""2_2"", ""is_minor"": false, ""message"": ""Preprocessing failed: Concept has intersection points but image does not."", ""similarity"": 0.0, ""concept_complexity"": 0, ""image_complexity"": 0}, {""concept_id"": ""4_1"", ""is_minor"": false, ""message"": ""Preprocessing failed: Concept has intersection points but image does not."", ""similarity"": 0.0, ""concept_complexity"": 0, ""image_complexity"": 0}, {""concept_id"": ""4_2"", ""is_minor"": false, ""message"": ""Preprocessing failed: Concept has more endpoints than image."", ""similarity"": 0.0, ""concept_complexity"": 0, ""image_complexity"": 0}, {""concept_id"": ""6_1"", ""is_minor"": false, ""message"": ""Preprocessing failed: Concept has intersection points but image does not."", ""similarity"": 0.0, ""concept_complexity"": 0, ""image_complexity"": 0}, {""concept_id"": ""8_1"", ""is_minor"": false, ""message"": ""Preprocessing failed: Concept has corner points but image does not."", ""similarity"": 0.0, ""concept_complexity"": 0, ""image_complexity"": 0}, {""concept_id"": ""8_2"", ""is_minor"": false, ""message"": ""Preprocessing failed: Concept has intersection points but image does not."", ""similarity"": 0.0, ""concept_complexity"": 0, ""image_complexity"": 0}, {""concept_id"": ""9_2"", ""is_minor"": false, ""message"": ""Preprocessing failed: Concept has intersection points but image does not."", ""similarity"": 0.0, ""concept_complexity"": 0, ""image_complexity"": 0}]","{'ged_timeout': 5, 'skeletonization_threshold': 110, 'simplification_epsilon': 4.55, 'comparison_method': 'ged', 'fgw_alpha': 0.5, 'image_path': '/opt/nuclio/shared_storage/mnist_all/5/mnist_test_5_00349.png', 'image_id': '4d77cefb-ff93-430e-b154-c3866cbccc69', 'diagnostic_weight_epsilon': 1.0, 'range_penalty_factor': 0.5, 'node_costs': {'NO_COST': 0.0, 'MINOR': 0.65, 'GENERAL': 0.75, 'SEVERE': 1.0, 'NO_MATCH': 1.5, 'IMPOSSIBLE': 10.0}, 'features': ['normalized_x', 'normalized_y', 'distance_to_centroid', 'horizontal_direction', 'vertical_direction', 'angle_with_ox', 'junction_angle_min', 'is_endpoint', 'is_corner', 'length_ratio_to_max', 'eccentricity', 'avg_neighbor_vector_length', 'neighbor_endpoint_count', 'neighbor_junction_count'], 'mlflow_experiment_id': '4', 'mlflow_run_id': 'b586b24a868744d3aff0659ed46c898f', 'session_id': 'd9c96113-df09-4bec-be6c-5732031b5fd8', 'image_width': 100, 'image_height': 100}","{'skeletonization_time_ms': 471.307709, 'contour_analysis_time_ms': 689.4455, 'classification_time_ms': 272.987583}",3,False
success,5c00f66a-b189-4922-9a86-9dbc2e5a4a62,,/opt/nuclio/shared_storage/mnist_all/5/mnist_test_5_00016.png,5,"[{""concept_id"": ""3_1"", ""is_minor"": true, ""message"": ""Similarity between image and concept 3_1: 0.6132"", ""similarity"": 0.6132, ""concept_complexity"": 21, ""image_complexity"": 25}, {""concept_id"": ""5_1"", ""is_minor"": true, ""message"": ""Similarity between image and concept 5_1: 0.6276"", ""similarity"": 0.6276, ""concept_complexity"": 17, ""image_complexity"": 25}, {""concept_id"": ""2_1"", ""is_minor"": true, ""message"": ""Similarity between image and concept 2_1: 0.4921"", ""similarity"": 0.4921, ""concept_complexity"": 13, ""image_complexity"": 25}, {""concept_id"": ""7_1"", ""is_minor"": true, ""message"": ""Similarity between image and concept 7_1: 0.4325"", ""similarity"": 0.4325, ""concept_complexity"": 9, ""image_complexity"": 25}, {""concept_id"": ""1_3"", ""is_minor"": true, ""message"": ""Similarity between image and concept 1_3: 0.4507"", ""similarity"": 0.4507, ""concept_complexity"": 5, ""image_complexity"": 25}, {""concept_id"": ""0_1"", ""is_minor"": false, ""message"": ""Preprocessing failed: Concept has corner points but image does not."", ""similarity"": 0.0, ""concept_complexity"": 0, ""image_complexity"": 0}, {""concept_id"": ""1_1"", ""is_minor"": false, ""message"": ""Preprocessing failed: Concept has more endpoints than image."", ""similarity"": 0.0, ""concept_complexity"": 0, ""image_complexity"": 0}, {""concept_id"": ""2_2"", ""is_minor"": false, ""message"": ""Preprocessing failed: Concept has intersection points but image does not."", ""similarity"": 0.0, ""concept_complexity"": 0, ""image_complexity"": 0}, {""concept_id"": ""4_1"", ""is_minor"": false, ""message"": ""Preprocessing failed: Concept has intersection points but image does not."", ""similarity"": 0.0, ""concept_complexity"": 0, ""image_complexity"": 0}, {""concept_id"": ""4_2"", ""is_minor"": false, ""message"": ""Preprocessing failed: Concept has more endpoints than image."", ""similarity"": 0.0, ""concept_complexity"": 0, ""image_complexity"": 0}, {""concept_id"": ""6_1"", ""is_minor"": false, ""message"": ""Preprocessing failed: Concept has intersection points but image does not."", ""similarity"": 0.0, ""concept_complexity"": 0, ""image_complexity"": 0}, {""concept_id"": ""8_2"", ""is_minor"": false, ""message"": ""Preprocessing failed: Concept has intersection points but image does not."", ""similarity"": 0.0, ""concept_complexity"": 0, ""image_complexity"": 0}, {""concept_id"": ""9_2"", ""is_minor"": false, ""message"": ""Preprocessing failed: Concept has intersection points but image does not."", ""similarity"": 0.0, ""concept_complexity"": 0, ""image_complexity"": 0}]","{'ged_timeout': 5, 'skeletonization_threshold': 110, 'simplification_epsilon': 4.55, 'comparison_method': 'ged', 'fgw_alpha': 0.5, 'image_path': '/opt/nuclio/shared_storage/mnist_all/5/mnist_test_5_00016.png', 'image_id': '5c00f66a-b189-4922-9a86-9dbc2e5a4a62', 'diagnostic_weight_epsilon': 1.0, 'range_penalty_factor': 0.5, 'node_costs': {'NO_COST': 0.0, 'MINOR': 0.65, 'GENERAL': 0.75, 'SEVERE': 1.0, 'NO_MATCH': 1.5, 'IMPOSSIBLE': 10.0}, 'features': ['normalized_x', 'normalized_y', 'distance_to_centroid', 'horizontal_direction', 'vertical_direction', 'angle_with_ox', 'junction_angle_min', 'is_endpoint', 'is_corner', 'length_ratio_to_max', 'eccentricity', 'avg_neighbor_vector_length', 'neighbor_endpoint_count', 'neighbor_junction_count'], 'mlflow_experiment_id': '4', 'mlflow_run_id': 'b586b24a868744d3aff0659ed46c898f', 'session_id': 'a5f530bb-3f2a-45ae-a27c-96d19e0ff757', 'image_width': 100, 'image_height': 100}","{'skeletonization_time_ms': 237.645166, 'contour_analysis_time_ms': 493.317042, 'classification_time_ms': 209.793708}",3,False
success,b09bff86-f1c8-4e29-83b0-44dbec52af26,,/opt/nuclio/shared_storage/mnist_all/5/mnist_test_5_00710.png,5,"[{""concept_id"": ""4_2"", ""is_minor"": true, ""message"": ""Similarity between image and concept 4_2: 0.4686"", ""similarity"": 0.4686, ""concept_complexity"": 13, ""image_complexity"": 17}, {""concept_id"": ""2_1"", ""is_minor"": true, ""message"": ""Similarity between image and concept 2_1: 0.3696"", ""similarity"": 0.3696, ""concept_complexity"": 13, ""image_complexity"": 17}, {""concept_id"": ""1_1"", ""is_minor"": true, ""message"": ""Similarity between image and concept 1_1: 0.3197"", ""similarity"": 0.3197, ""concept_complexity"": 13, ""image_complexity"": 17}, {""concept_id"": ""7_1"", ""is_minor"": true, ""message"": ""Similarity between image and concept 7_1: 0.3497"", ""similarity"": 0.3497, ""concept_complexity"": 9, ""image_complexity"": 17}, {""concept_id"": ""1_3"", ""is_minor"": true, ""message"": ""Similarity between image and concept 1_3: 0.3284"", ""similarity"": 0.3284, ""concept_complexity"": 5, ""image_complexity"": 17}, {""concept_id"": ""4_1"", ""is_minor"": false, ""message"": ""Preprocessing failed: Concept has intersection points but image does not."", ""similarity"": 0.0, ""concept_complexity"": 0, ""image_complexity"": 0}, {""concept_id"": ""5_1"", ""is_minor"": false, ""message"": ""Preprocessing failed: Concept has more corner points than image."", ""similarity"": 0.0, ""concept_complexity"": 0, ""image_complexity"": 0}, {""concept_id"": ""9_2"", ""is_minor"": false, ""message"": ""Preprocessing failed: Concept has intersection points but image does not."", ""similarity"": 0.0, ""concept_complexity"": 0, ""image_complexity"": 0}]","{'ged_timeout': 5, 'skeletonization_threshold': 110, 'simplification_epsilon': 4.55, 'comparison_method': 'ged', 'fgw_alpha': 0.5, 'image_path': '/opt/nuclio/shared_storage/mnist_all/5/mnist_test_5_00710.png', 'image_id': 'b09bff86-f1c8-4e29-83b0-44dbec52af26', 'diagnostic_weight_epsilon': 1.0, 'range_penalty_factor': 0.5, 'node_costs': {'NO_COST': 0.0, 'MINOR': 0.65, 'GENERAL': 0.75, 'SEVERE': 1.0, 'NO_MATCH': 1.5, 'IMPOSSIBLE': 10.0}, 'features': ['normalized_x', 'normalized_y', 'distance_to_centroid', 'horizontal_direction', 'vertical_direction', 'angle_with_ox', 'junction_angle_min', 'is_endpoint', 'is_corner', 'length_ratio_to_max', 'eccentricity', 'avg_neighbor_vector_length', 'neighbor_endpoint_count', 'neighbor_junction_count'], 'mlflow_experiment_id': '4', 'mlflow_run_id': 'b586b24a868744d3aff0659ed46c898f', 'session_id': '49376e78-ed7d-4b04-9114-bc8939fb4aa0', 'image_width': 100, 'image_height': 100}","{'skeletonization_time_ms': 209.576583, 'contour_analysis_time_ms': 622.287959, 'classification_time_ms': 63.030959}",4,False
success,1d22d860-81e4-4402-a98b-49750ce7d7f5,,/opt/nuclio/shared_storage/mnist_all/5/mnist_test_5_00783.png,5,"[{""concept_id"": ""2_1"", ""is_minor"": true, ""message"": ""Similarity between image and concept 2_1: 0.3876"", ""similarity"": 0.3876, ""concept_complexity"": 13, ""image_complexity"": 13}, {""concept_id"": ""7_1"", ""is_minor"": true, ""message"": ""Similarity between image and concept 7_1: 0.4096"", ""similarity"": 0.4096, ""concept_complexity"": 9, ""image_complexity"": 13}, {""concept_id"": ""1_3"", ""is_minor"": true, ""message"": ""Similarity between image and concept 1_3: 0.3399"", ""similarity"": 0.3399, ""concept_complexity"": 5, ""image_complexity"": 13}, {""concept_id"": ""1_1"", ""is_minor"": false, ""message"": ""Preprocessing failed: Concept has more endpoints than image."", ""similarity"": 0.0, ""concept_complexity"": 0, ""image_complexity"": 0}, {""concept_id"": ""4_2"", ""is_minor"": false, ""message"": ""Preprocessing failed: Concept has more endpoints than image."", ""similarity"": 0.0, ""concept_complexity"": 0, ""image_complexity"": 0}]","{'ged_timeout': 5, 'skeletonization_threshold': 110, 'simplification_epsilon': 4.55, 'comparison_method': 'ged', 'fgw_alpha': 0.5, 'image_path': '/opt/nuclio/shared_storage/mnist_all/5/mnist_test_5_00783.png', 'image_id': '1d22d860-81e4-4402-a98b-49750ce7d7f5', 'diagnostic_weight_epsilon': 1.0, 'range_penalty_factor': 0.5, 'node_costs': {'NO_COST': 0.0, 'MINOR': 0.65, 'GENERAL': 0.75, 'SEVERE': 1.0, 'NO_MATCH': 1.5, 'IMPOSSIBLE': 10.0}, 'features': ['normalized_x', 'normalized_y', 'distance_to_centroid', 'horizontal_direction', 'vertical_direction', 'angle_with_ox', 'junction_angle_min', 'is_endpoint', 'is_corner', 'length_ratio_to_max', 'eccentricity', 'avg_neighbor_vector_length', 'neighbor_endpoint_count', 'neighbor_junction_count'], 'mlflow_experiment_id': '4', 'mlflow_run_id': 'b586b24a868744d3aff0659ed46c898f', 'session_id': '81e4a092-0444-45e0-9981-2b025615ea08', 'image_width': 100, 'image_height': 100}","{'skeletonization_time_ms': 59.832875, 'contour_analysis_time_ms': 714.003376, 'classification_time_ms': 96.176084}",2,False
success,cb1335cb-8841-4e4a-ba85-e6aff688ea6f,,/opt/nuclio/shared_storage/mnist_all/5/mnist_test_5_00225.png,5,"[{""concept_id"": ""3_1"", ""is_minor"": true, ""message"": ""Similarity between image and concept 3_1: 0.5569"", ""similarity"": 0.5569, ""concept_complexity"": 21, ""image_complexity"": 25}, {""concept_id"": ""5_1"", ""is_minor"": true, ""message"": ""Similarity between image and concept 5_1: 0.5341"", ""similarity"": 0.5341, ""concept_complexity"": 17, ""image_complexity"": 25}, {""concept_id"": ""2_1"", ""is_minor"": true, ""message"": ""Similarity between image and concept 2_1: 0.4968"", ""similarity"": 0.4968, ""concept_complexity"": 13, ""image_complexity"": 25}, {""concept_id"": ""7_1"", ""is_minor"": true, ""message"": ""Similarity between image and concept 7_1: 0.4781"", ""similarity"": 0.4781, ""concept_complexity"": 9, ""image_complexity"": 25}, {""concept_id"": ""1_3"", ""is_minor"": true, ""message"": ""Similarity between image and concept 1_3: 0.4382"", ""similarity"": 0.4382, ""concept_complexity"": 5, ""image_complexity"": 25}, {""concept_id"": ""0_1"", ""is_minor"": false, ""message"": ""Preprocessing failed: Concept has corner points but image does not."", ""similarity"": 0.0, ""concept_complexity"": 0, ""image_complexity"": 0}, {""concept_id"": ""1_1"", ""is_minor"": false, ""message"": ""Preprocessing failed: Concept has more endpoints than image."", ""similarity"": 0.0, ""concept_complexity"": 0, ""image_complexity"": 0}, {""concept_id"": ""2_2"", ""is_minor"": false, ""message"": ""Preprocessing failed: Concept has intersection points but image does not."", ""similarity"": 0.0, ""concept_complexity"": 0, ""image_complexity"": 0}, {""concept_id"": ""4_1"", ""is_minor"": false, ""message"": ""Preprocessing failed: Concept has intersection points but image does not."", ""similarity"": 0.0, ""concept_complexity"": 0, ""image_complexity"": 0}, {""concept_id"": ""4_2"", ""is_minor"": false, ""message"": ""Preprocessing failed: Concept has more endpoints than image."", ""similarity"": 0.0, ""concept_complexity"": 0, ""image_complexity"": 0}, {""concept_id"": ""6_1"", ""is_minor"": false, ""message"": ""Preprocessing failed: Concept has intersection points but image does not."", ""similarity"": 0.0, ""concept_complexity"": 0, ""image_complexity"": 0}, {""concept_id"": ""8_2"", ""is_minor"": false, ""message"": ""Preprocessing failed: Concept has intersection points but image does not."", ""similarity"": 0.0, ""concept_complexity"": 0, ""image_complexity"": 0}, {""concept_id"": ""9_2"", ""is_minor"": false, ""message"": ""Preprocessing failed: Concept has intersection points but image does not."", ""similarity"": 0.0, ""concept_complexity"": 0, ""image_complexity"": 0}]","{'ged_timeout': 5, 'skeletonization_threshold': 110, 'simplification_epsilon': 4.55, 'comparison_method': 'ged', 'fgw_alpha': 0.5, 'image_path': '/opt/nuclio/shared_storage/mnist_all/5/mnist_test_5_00225.png', 'image_id': 'cb1335cb-8841-4e4a-ba85-e6aff688ea6f', 'diagnostic_weight_epsilon': 1.0, 'range_penalty_factor': 0.5, 'node_costs': {'NO_COST': 0.0, 'MINOR': 0.65, 'GENERAL': 0.75, 'SEVERE': 1.0, 'NO_MATCH': 1.5, 'IMPOSSIBLE': 10.0}, 'features': ['normalized_x', 'normalized_y', 'distance_to_centroid', 'horizontal_direction', 'vertical_direction', 'angle_with_ox', 'junction_angle_min', 'is_endpoint', 'is_corner', 'length_ratio_to_max', 'eccentricity', 'avg_neighbor_vector_length', 'neighbor_endpoint_count', 'neighbor_junction_count'], 'mlflow_experiment_id': '4', 'mlflow_run_id': 'b586b24a868744d3aff0659ed46c898f', 'session_id': '97e97f39-e778-4325-b9ec-27712e40b4a8', 'image_width': 100, 'image_height': 100}","{'skeletonization_time_ms': 108.635792, 'contour_analysis_time_ms': 418.487542, 'classification_time_ms': 146.5235}",3,False
success,75bee79e-7c37-478f-8fea-4f0e43dc5fc9,,/opt/nuclio/shared_storage/mnist_all/5/mnist_test_5_00083.png,5,"[{""concept_id"": ""4_2"", ""is_minor"": true, ""message"": ""Similarity between image and concept 4_2: 0.5644"", ""similarity"": 0.5644, ""concept_complexity"": 13, ""image_complexity"": 25}, {""concept_id"": ""5_1"", ""is_minor"": true, ""message"": ""Similarity between image and concept 5_1: 0.5094"", ""similarity"": 0.5094, ""concept_complexity"": 17, ""image_complexity"": 25}, {""concept_id"": ""7_1"", ""is_minor"": true, ""message"": ""Similarity between image and concept 7_1: 0.4453"", ""similarity"": 0.4453, ""concept_complexity"": 9, ""image_complexity"": 25}, {""concept_id"": ""2_1"", ""is_minor"": true, ""message"": ""Similarity between image and concept 2_1: 0.3885"", ""similarity"": 0.3885, ""concept_complexity"": 13, ""image_complexity"": 25}, {""concept_id"": ""1_1"", ""is_minor"": true, ""message"": ""Similarity between image and concept 1_1: 0.3858"", ""similarity"": 0.3858, ""concept_complexity"": 13, ""image_complexity"": 25}, {""concept_id"": ""3_1"", ""is_minor"": true, ""message"": ""Similarity between image and concept 3_1: 0.338"", ""similarity"": 0.338, ""concept_complexity"": 21, ""image_complexity"": 25}, {""concept_id"": ""1_3"", ""is_minor"": true, ""message"": ""Similarity between image and concept 1_3: 0.4235"", ""similarity"": 0.4235, ""concept_complexity"": 5, ""image_complexity"": 25}, {""concept_id"": ""0_1"", ""is_minor"": false, ""message"": ""Preprocessing failed: Concept has corner points but image does not."", ""similarity"": 0.0, ""concept_complexity"": 0, ""image_complexity"": 0}, {""concept_id"": ""2_2"", ""is_minor"": false, ""message"": ""Preprocessing failed: Concept has intersection points but image does not."", ""similarity"": 0.0, ""concept_complexity"": 0, ""image_complexity"": 0}, {""concept_id"": ""4_1"", ""is_minor"": false, ""message"": ""Preprocessing failed: Concept has intersection points but image does not."", ""similarity"": 0.0, ""concept_complexity"": 0, ""image_complexity"": 0}, {""concept_id"": ""6_1"", ""is_minor"": false, ""message"": ""Preprocessing failed: Concept has intersection points but image does not."", ""similarity"": 0.0, ""concept_complexity"": 0, ""image_complexity"": 0}, {""concept_id"": ""8_2"", ""is_minor"": false, ""message"": ""Preprocessing failed: Concept has intersection points but image does not."", ""similarity"": 0.0, ""concept_complexity"": 0, ""image_complexity"": 0}, {""concept_id"": ""9_2"", ""is_minor"": false, ""message"": ""Preprocessing failed: Concept has intersection points but image does not."", ""similarity"": 0.0, ""concept_complexity"": 0, ""image_complexity"": 0}]","{'ged_timeout': 5, 'skeletonization_threshold': 110, 'simplification_epsilon': 4.55, 'comparison_method': 'ged', 'fgw_alpha': 0.5, 'image_path': '/opt/nuclio/shared_storage/mnist_all/5/mnist_test_5_00083.png', 'image_id': '75bee79e-7c37-478f-8fea-4f0e43dc5fc9', 'diagnostic_weight_epsilon': 1.0, 'range_penalty_factor': 0.5, 'node_costs': {'NO_COST': 0.0, 'MINOR': 0.65, 'GENERAL': 0.75, 'SEVERE': 1.0, 'NO_MATCH': 1.5, 'IMPOSSIBLE': 10.0}, 'features': ['normalized_x', 'normalized_y', 'distance_to_centroid', 'horizontal_direction', 'vertical_direction', 'angle_with_ox', 'junction_angle_min', 'is_endpoint', 'is_corner', 'length_ratio_to_max', 'eccentricity', 'avg_neighbor_vector_length', 'neighbor_endpoint_count', 'neighbor_junction_count'], 'mlflow_experiment_id': '4', 'mlflow_run_id': 'b586b24a868744d3aff0659ed46c898f', 'session_id': '93ec4a76-b548-461a-9a97-79eed3dae1d9', 'image_width': 100, 'image_height': 100}","{'skeletonization_time_ms': 189.52325, 'contour_analysis_time_ms': 401.331708, 'classification_time_ms': 192.475375}",4,False
success,71477655-afb1-4e22-bde9-da26ee08f417,,/opt/nuclio/shared_storage/mnist_all/5/mnist_test_5_00280.png,5,"[{""concept_id"": ""3_1"", ""is_minor"": true, ""message"": ""Similarity between image and concept 3_1: 0.5869"", ""similarity"": 0.5869, ""concept_complexity"": 21, ""image_complexity"": 29}, {""concept_id"": ""5_1"", ""is_minor"": true, ""message"": ""Similarity between image and concept 5_1: 0.5488"", ""similarity"": 0.5488, ""concept_complexity"": 17, ""image_complexity"": 29}, {""concept_id"": ""2_1"", ""is_minor"": true, ""message"": ""Similarity between image and concept 2_1: 0.4964"", ""similarity"": 0.4964, ""concept_complexity"": 13, ""image_complexity"": 29}, {""concept_id"": ""7_1"", ""is_minor"": true, ""message"": ""Similarity between image and concept 7_1: 0.4388"", ""similarity"": 0.4388, ""concept_complexity"": 9, ""image_complexity"": 29}, {""concept_id"": ""1_3"", ""is_minor"": true, ""message"": ""Similarity between image and concept 1_3: 0.455"", ""similarity"": 0.455, ""concept_complexity"": 5, ""image_complexity"": 29}, {""concept_id"": ""0_1"", ""is_minor"": false, ""message"": ""Preprocessing failed: Concept has corner points but image does not."", ""similarity"": 0.0, ""concept_complexity"": 0, ""image_complexity"": 0}, {""concept_id"": ""1_1"", ""is_minor"": false, ""message"": ""Preprocessing failed: Concept has more endpoints than image."", ""similarity"": 0.0, ""concept_complexity"": 0, ""image_complexity"": 0}, {""concept_id"": ""2_2"", ""is_minor"": false, ""message"": ""Preprocessing failed: Concept has intersection points but image does not."", ""similarity"": 0.0, ""concept_complexity"": 0, ""image_complexity"": 0}, {""concept_id"": ""4_1"", ""is_minor"": false, ""message"": ""Preprocessing failed: Concept has intersection points but image does not."", ""similarity"": 0.0, ""concept_complexity"": 0, ""image_complexity"": 0}, {""concept_id"": ""4_2"", ""is_minor"": false, ""message"": ""Preprocessing failed: Concept has more endpoints than image."", ""similarity"": 0.0, ""concept_complexity"": 0, ""image_complexity"": 0}, {""concept_id"": ""6_1"", ""is_minor"": false, ""message"": ""Preprocessing failed: Concept has intersection points but image does not."", ""similarity"": 0.0, ""concept_complexity"": 0, ""image_complexity"": 0}, {""concept_id"": ""8_1"", ""is_minor"": false, ""message"": ""Preprocessing failed: Concept has corner points but image does not."", ""similarity"": 0.0, ""concept_complexity"": 0, ""image_complexity"": 0}, {""concept_id"": ""8_2"", ""is_minor"": false, ""message"": ""Preprocessing failed: Concept has intersection points but image does not."", ""similarity"": 0.0, ""concept_complexity"": 0, ""image_complexity"": 0}, {""concept_id"": ""9_2"", ""is_minor"": false, ""message"": ""Preprocessing failed: Concept has intersection points but image does not."", ""similarity"": 0.0, ""concept_complexity"": 0, ""image_complexity"": 0}]","{'ged_timeout': 5, 'skeletonization_threshold': 110, 'simplification_epsilon': 4.55, 'comparison_method': 'ged', 'fgw_alpha': 0.5, 'image_path': '/opt/nuclio/shared_storage/mnist_all/5/mnist_test_5_00280.png', 'image_id': '71477655-afb1-4e22-bde9-da26ee08f417', 'diagnostic_weight_epsilon': 1.0, 'range_penalty_factor': 0.5, 'node_costs': {'NO_COST': 0.0, 'MINOR': 0.65, 'GENERAL': 0.75, 'SEVERE': 1.0, 'NO_MATCH': 1.5, 'IMPOSSIBLE': 10.0}, 'features': ['normalized_x', 'normalized_y', 'distance_to_centroid', 'horizontal_direction', 'vertical_direction', 'angle_with_ox', 'junction_angle_min', 'is_endpoint', 'is_corner', 'length_ratio_to_max', 'eccentricity', 'avg_neighbor_vector_length', 'neighbor_endpoint_count', 'neighbor_junction_count'], 'mlflow_experiment_id': '4', 'mlflow_run_id': 'b586b24a868744d3aff0659ed46c898f', 'session_id': '4a2eb7a9-e7e7-469d-89e9-07c07e495a20', 'image_width': 100, 'image_height': 100}","{'skeletonization_time_ms': 93.931084, 'contour_analysis_time_ms': 350.090459, 'classification_time_ms': 174.483834}",3,False
success,1022ef93-09af-4081-93ee-d986fa1863d7,,/opt/nuclio/shared_storage/mnist_all/5/mnist_test_5_00218.png,5,"[{""concept_id"": ""3_1"", ""is_minor"": true, ""message"": ""Similarity between image and concept 3_1: 0.5686"", ""similarity"": 0.5686, ""concept_complexity"": 21, ""image_complexity"": 21}, {""concept_id"": ""5_1"", ""is_minor"": true, ""message"": ""Similarity between image and concept 5_1: 0.5848"", ""similarity"": 0.5848, ""concept_complexity"": 17, ""image_complexity"": 21}, {""concept_id"": ""2_1"", ""is_minor"": true, ""message"": ""Similarity between image and concept 2_1: 0.4373"", ""similarity"": 0.4373, ""concept_complexity"": 13, ""image_complexity"": 21}, {""concept_id"": ""7_1"", ""is_minor"": true, ""message"": ""Similarity between image and concept 7_1: 0.4501"", ""similarity"": 0.4501, ""concept_complexity"": 9, ""image_complexity"": 21}, {""concept_id"": ""1_3"", ""is_minor"": true, ""message"": ""Similarity between image and concept 1_3: 0.4456"", ""similarity"": 0.4456, ""concept_complexity"": 5, ""image_complexity"": 21}, {""concept_id"": ""0_1"", ""is_minor"": false, ""message"": ""Preprocessing failed: Concept has corner points but image does not."", ""similarity"": 0.0, ""concept_complexity"": 0, ""image_complexity"": 0}, {""concept_id"": ""1_1"", ""is_minor"": false, ""message"": ""Preprocessing failed: Concept has more endpoints than image."", ""similarity"": 0.0, ""concept_complexity"": 0, ""image_complexity"": 0}, {""concept_id"": ""2_2"", ""is_minor"": false, ""message"": ""Preprocessing failed: Concept has intersection points but image does not."", ""similarity"": 0.0, ""concept_complexity"": 0, ""image_complexity"": 0}, {""concept_id"": ""4_1"", ""is_minor"": false, ""message"": ""Preprocessing failed: Concept has intersection points but image does not."", ""similarity"": 0.0, ""concept_complexity"": 0, ""image_complexity"": 0}, {""concept_id"": ""4_2"", ""is_minor"": false, ""message"": ""Preprocessing failed: Concept has more endpoints than image."", ""similarity"": 0.0, ""concept_complexity"": 0, ""image_complexity"": 0}, {""concept_id"": ""6_1"", ""is_minor"": false, ""message"": ""Preprocessing failed: Concept has intersection points but image does not."", ""similarity"": 0.0, ""concept_complexity"": 0, ""image_complexity"": 0}, {""concept_id"": ""8_2"", ""is_minor"": false, ""message"": ""Preprocessing failed: Concept has intersection points but image does not."", ""similarity"": 0.0, ""concept_complexity"": 0, ""image_complexity"": 0}, {""concept_id"": ""9_2"", ""is_minor"": false, ""message"": ""Preprocessing failed: Concept has intersection points but image does not."", ""similarity"": 0.0, ""concept_complexity"": 0, ""image_complexity"": 0}]","{'ged_timeout': 5, 'skeletonization_threshold': 110, 'simplification_epsilon': 4.55, 'comparison_method': 'ged', 'fgw_alpha': 0.5, 'image_path': '/opt/nuclio/shared_storage/mnist_all/5/mnist_test_5_00218.png', 'image_id': '1022ef93-09af-4081-93ee-d986fa1863d7', 'diagnostic_weight_epsilon': 1.0, 'range_penalty_factor': 0.5, 'node_costs': {'NO_COST': 0.0, 'MINOR': 0.65, 'GENERAL': 0.75, 'SEVERE': 1.0, 'NO_MATCH': 1.5, 'IMPOSSIBLE': 10.0}, 'features': ['normalized_x', 'normalized_y', 'distance_to_centroid', 'horizontal_direction', 'vertical_direction', 'angle_with_ox', 'junction_angle_min', 'is_endpoint', 'is_corner', 'length_ratio_to_max', 'eccentricity', 'avg_neighbor_vector_length', 'neighbor_endpoint_count', 'neighbor_junction_count'], 'mlflow_experiment_id': '4', 'mlflow_run_id': 'b586b24a868744d3aff0659ed46c898f', 'session_id': '4d7343a9-eb41-4a44-a100-901b26e543d9', 'image_width': 100, 'image_height': 100}","{'skeletonization_time_ms': 125.835708, 'contour_analysis_time_ms': 419.243167, 'classification_time_ms': 189.721291}",3,False
success,e092d36b-1d46-4fc2-8bb9-089a994957a2,,/opt/nuclio/shared_storage/mnist_all/5/mnist_test_5_00403.png,5,"[{""concept_id"": ""4_2"", ""is_minor"": true, ""message"": ""Similarity between image and concept 4_2: 0.5967"", ""similarity"": 0.5967, ""concept_complexity"": 13, ""image_complexity"": 21}, {""concept_id"": ""5_1"", ""is_minor"": true, ""message"": ""Similarity between image and concept 5_1: 0.4808"", ""similarity"": 0.4808, ""concept_complexity"": 17, ""image_complexity"": 21}, {""concept_id"": ""7_1"", ""is_minor"": true, ""message"": ""Similarity between image and concept 7_1: 0.5085"", ""similarity"": 0.5085, ""concept_complexity"": 9, ""image_complexity"": 21}, {""concept_id"": ""1_1"", ""is_minor"": true, ""message"": ""Similarity between image and concept 1_1: 0.3528"", ""similarity"": 0.3528, ""concept_complexity"": 13, ""image_complexity"": 21}, {""concept_id"": ""1_3"", ""is_minor"": true, ""message"": ""Similarity between image and concept 1_3: 0.4125"", ""similarity"": 0.4125, ""concept_complexity"": 5, ""image_complexity"": 21}, {""concept_id"": ""2_1"", ""is_minor"": true, ""message"": ""Similarity between image and concept 2_1: 0.2481"", ""similarity"": 0.2481, ""concept_complexity"": 13, ""image_complexity"": 21}, {""concept_id"": ""0_1"", ""is_minor"": false, ""message"": ""Preprocessing failed: Concept has corner points but image does not."", ""similarity"": 0.0, ""concept_complexity"": 0, ""image_complexity"": 0}, {""concept_id"": ""2_2"", ""is_minor"": false, ""message"": ""Preprocessing failed: Concept has intersection points but image does not."", ""similarity"": 0.0, ""concept_complexity"": 0, ""image_complexity"": 0}, {""concept_id"": ""3_1"", ""is_minor"": false, ""message"": ""Preprocessing failed: Concept has more corner points than image."", ""similarity"": 0.0, ""concept_complexity"": 0, ""image_complexity"": 0}, {""concept_id"": ""4_1"", ""is_minor"": false, ""message"": ""Preprocessing failed: Concept has intersection points but image does not."", ""similarity"": 0.0, ""concept_complexity"": 0, ""image_complexity"": 0}, {""concept_id"": ""6_1"", ""is_minor"": false, ""message"": ""Preprocessing failed: Concept has intersection points but image does not."", ""similarity"": 0.0, ""concept_complexity"": 0, ""image_complexity"": 0}, {""concept_id"": ""8_2"", ""is_minor"": false, ""message"": ""Preprocessing failed: Concept has intersection points but image does not."", ""similarity"": 0.0, ""concept_complexity"": 0, ""image_complexity"": 0}, {""concept_id"": ""9_2"", ""is_minor"": false, ""message"": ""Preprocessing failed: Concept has intersection points but image does not."", ""similarity"": 0.0, ""concept_complexity"": 0, ""image_complexity"": 0}]","{'ged_timeout': 5, 'skeletonization_threshold': 110, 'simplification_epsilon': 4.55, 'comparison_method': 'ged', 'fgw_alpha': 0.5, 'image_path': '/opt/nuclio/shared_storage/mnist_all/5/mnist_test_5_00403.png', 'image_id': 'e092d36b-1d46-4fc2-8bb9-089a994957a2', 'diagnostic_weight_epsilon': 1.0, 'range_penalty_factor': 0.5, 'node_costs': {'NO_COST': 0.0, 'MINOR': 0.65, 'GENERAL': 0.75, 'SEVERE': 1.0, 'NO_MATCH': 1.5, 'IMPOSSIBLE': 10.0}, 'features': ['normalized_x', 'normalized_y', 'distance_to_centroid', 'horizontal_direction', 'vertical_direction', 'angle_with_ox', 'junction_angle_min', 'is_endpoint', 'is_corner', 'length_ratio_to_max', 'eccentricity', 'avg_neighbor_vector_length', 'neighbor_endpoint_count', 'neighbor_junction_count'], 'mlflow_experiment_id': '4', 'mlflow_run_id': 'b586b24a868744d3aff0659ed46c898f', 'session_id': '8639acb1-176f-42e2-ba82-26512532c97a', 'image_width': 100, 'image_height': 100}","{'skeletonization_time_ms': 110.475792, 'contour_analysis_time_ms': 515.502542, 'classification_time_ms': 175.755291}",4,False
success,ae7c0875-004e-4203-9d9c-0de2d99e2d3e,,/opt/nuclio/shared_storage/mnist_all/5/mnist_test_5_00551.png,5,"[{""concept_id"": ""8_1"", ""is_minor"": true, ""message"": ""Similarity between image and concept 8_1: 0.4669"", ""similarity"": 0.4669, ""concept_complexity"": 27, ""image_complexity"": 36}, {""concept_id"": ""2_2"", ""is_minor"": true, ""message"": ""Similarity between image and concept 2_2: 0.4601"", ""similarity"": 0.4601, ""concept_complexity"": 20, ""image_complexity"": 36}, {""concept_id"": ""9_2"", ""is_minor"": true, ""message"": ""Similarity between image and concept 9_2: 0.4759"", ""similarity"": 0.4759, ""concept_complexity"": 16, ""image_complexity"": 36}, {""concept_id"": ""0_1"", ""is_minor"": true, ""message"": ""Similarity between image and concept 0_1: 0.4449"", ""similarity"": 0.4449, ""concept_complexity"": 20, ""image_complexity"": 36}, {""concept_id"": ""4_1"", ""is_minor"": true, ""message"": ""Similarity between image and concept 4_1: 0.4454"", ""similarity"": 0.4454, ""concept_complexity"": 16, ""image_complexity"": 36}, {""concept_id"": ""6_1"", ""is_minor"": true, ""message"": ""Similarity between image and concept 6_1: 0.4229"", ""similarity"": 0.4229, ""concept_complexity"": 20, ""image_complexity"": 36}, {""concept_id"": ""1_1"", ""is_minor"": false, ""message"": ""Preprocessing failed: Concept has endpoints but image does not."", ""similarity"": 0.0, ""concept_complexity"": 0, ""image_complexity"": 0}, {""concept_id"": ""1_3"", ""is_minor"": false, ""message"": ""Preprocessing failed: Concept has endpoints but image does not."", ""similarity"": 0.0, ""concept_complexity"": 0, ""image_complexity"": 0}, {""concept_id"": ""2_1"", ""is_minor"": false, ""message"": ""Preprocessing failed: Concept has endpoints but image does not."", ""similarity"": 0.0, ""concept_complexity"": 0, ""image_complexity"": 0}, {""concept_id"": ""3_1"", ""is_minor"": false, ""message"": ""Preprocessing failed: Concept has endpoints but image does not."", ""similarity"": 0.0, ""concept_complexity"": 0, ""image_complexity"": 0}, {""concept_id"": ""4_2"", ""is_minor"": false, ""message"": ""Preprocessing failed: Concept has endpoints but image does not."", ""similarity"": 0.0, ""concept_complexity"": 0, ""image_complexity"": 0}, {""concept_id"": ""5_1"", ""is_minor"": false, ""message"": ""Preprocessing failed: Concept has endpoints but image does not."", ""similarity"": 0.0, ""concept_complexity"": 0, ""image_complexity"": 0}, {""concept_id"": ""7_1"", ""is_minor"": false, ""message"": ""Preprocessing failed: Concept has endpoints but image does not."", ""similarity"": 0.0, ""concept_complexity"": 0, ""image_complexity"": 0}, {""concept_id"": ""8_2"", ""is_minor"": false, ""message"": ""Preprocessing failed: Concept has endpoints but image does not."", ""similarity"": 0.0, ""concept_complexity"": 0, ""image_complexity"": 0}]","{'ged_timeout': 5, 'skeletonization_threshold': 110, 'simplification_epsilon': 4.55, 'comparison_method': 'ged', 'fgw_alpha': 0.5, 'image_path': '/opt/nuclio/shared_storage/mnist_all/5/mnist_test_5_00551.png', 'image_id': 'ae7c0875-004e-4203-9d9c-0de2d99e2d3e', 'diagnostic_weight_epsilon': 1.0, 'range_penalty_factor': 0.5, 'node_costs': {'NO_COST': 0.0, 'MINOR': 0.65, 'GENERAL': 0.75, 'SEVERE': 1.0, 'NO_MATCH': 1.5, 'IMPOSSIBLE': 10.0}, 'features': ['normalized_x', 'normalized_y', 'distance_to_centroid', 'horizontal_direction', 'vertical_direction', 'angle_with_ox', 'junction_angle_min', 'is_endpoint', 'is_corner', 'length_ratio_to_max', 'eccentricity', 'avg_neighbor_vector_length', 'neighbor_endpoint_count', 'neighbor_junction_count'], 'mlflow_experiment_id': '4', 'mlflow_run_id': 'b586b24a868744d3aff0659ed46c898f', 'session_id': 'd3272eee-372b-4260-921f-96ebf440977a', 'image_width': 100, 'image_height': 100}","{'skeletonization_time_ms': 200.995708, 'contour_analysis_time_ms': 441.043376, 'classification_time_ms': 6661.121628}",8,False
success,01a69670-3ce0-40f8-bfcc-986a07c58f24,,/opt/nuclio/shared_storage/mnist_all/5/mnist_test_5_00846.png,5,"[{""concept_id"": ""4_2"", ""is_minor"": true, ""message"": ""Similarity between image and concept 4_2: 0.5895"", ""similarity"": 0.5895, ""concept_complexity"": 13, ""image_complexity"": 25}, {""concept_id"": ""5_1"", ""is_minor"": true, ""message"": ""Similarity between image and concept 5_1: 0.5296"", ""similarity"": 0.5296, ""concept_complexity"": 17, ""image_complexity"": 25}, {""concept_id"": ""3_1"", ""is_minor"": true, ""message"": ""Similarity between image and concept 3_1: 0.4688"", ""similarity"": 0.4688, ""concept_complexity"": 21, ""image_complexity"": 25}, {""concept_id"": ""7_1"", ""is_minor"": true, ""message"": ""Similarity between image and concept 7_1: 0.4462"", ""similarity"": 0.4462, ""concept_complexity"": 9, ""image_complexity"": 25}, {""concept_id"": ""1_1"", ""is_minor"": true, ""message"": ""Similarity between image and concept 1_1: 0.3829"", ""similarity"": 0.3829, ""concept_complexity"": 13, ""image_complexity"": 25}, {""concept_id"": ""1_3"", ""is_minor"": true, ""message"": ""Similarity between image and concept 1_3: 0.4234"", ""similarity"": 0.4234, ""concept_complexity"": 5, ""image_complexity"": 25}, {""concept_id"": ""2_1"", ""is_minor"": true, ""message"": ""Similarity between image and concept 2_1: 0.255"", ""similarity"": 0.255, ""concept_complexity"": 13, ""image_complexity"": 25}, {""concept_id"": ""0_1"", ""is_minor"": false, ""message"": ""Preprocessing failed: Concept has corner points but image does not."", ""similarity"": 0.0, ""concept_complexity"": 0, ""image_complexity"": 0}, {""concept_id"": ""2_2"", ""is_minor"": false, ""message"": ""Preprocessing failed: Concept has intersection points but image does not."", ""similarity"": 0.0, ""concept_complexity"": 0, ""image_complexity"": 0}, {""concept_id"": ""4_1"", ""is_minor"": false, ""message"": ""Preprocessing failed: Concept has intersection points but image does not."", ""similarity"": 0.0, ""concept_complexity"": 0, ""image_complexity"": 0}, {""concept_id"": ""6_1"", ""is_minor"": false, ""message"": ""Preprocessing failed: Concept has intersection points but image does not."", ""similarity"": 0.0, ""concept_complexity"": 0, ""image_complexity"": 0}, {""concept_id"": ""8_2"", ""is_minor"": false, ""message"": ""Preprocessing failed: Concept has intersection points but image does not."", ""similarity"": 0.0, ""concept_complexity"": 0, ""image_complexity"": 0}, {""concept_id"": ""9_2"", ""is_minor"": false, ""message"": ""Preprocessing failed: Concept has intersection points but image does not."", ""similarity"": 0.0, ""concept_complexity"": 0, ""image_complexity"": 0}]","{'ged_timeout': 5, 'skeletonization_threshold': 110, 'simplification_epsilon': 4.55, 'comparison_method': 'ged', 'fgw_alpha': 0.5, 'image_path': '/opt/nuclio/shared_storage/mnist_all/5/mnist_test_5_00846.png', 'image_id': '01a69670-3ce0-40f8-bfcc-986a07c58f24', 'diagnostic_weight_epsilon': 1.0, 'range_penalty_factor': 0.5, 'node_costs': {'NO_COST': 0.0, 'MINOR': 0.65, 'GENERAL': 0.75, 'SEVERE': 1.0, 'NO_MATCH': 1.5, 'IMPOSSIBLE': 10.0}, 'features': ['normalized_x', 'normalized_y', 'distance_to_centroid', 'horizontal_direction', 'vertical_direction', 'angle_with_ox', 'junction_angle_min', 'is_endpoint', 'is_corner', 'length_ratio_to_max', 'eccentricity', 'avg_neighbor_vector_length', 'neighbor_endpoint_count', 'neighbor_junction_count'], 'mlflow_experiment_id': '4', 'mlflow_run_id': 'b586b24a868744d3aff0659ed46c898f', 'session_id': 'fe86e69e-1063-48f4-b73c-67f61d8e862f', 'image_width': 100, 'image_height': 100}","{'skeletonization_time_ms': 60.965292, 'contour_analysis_time_ms': 702.487333, 'classification_time_ms': 336.910375}",4,False
success,2ccf0adf-eca3-4554-af8c-08e490416bdc,,/opt/nuclio/shared_storage/mnist_all/5/mnist_test_5_00162.png,5,"[{""concept_id"": ""6_1"", ""is_minor"": true, ""message"": ""Similarity between image and concept 6_1: 0.582"", ""similarity"": 0.582, ""concept_complexity"": 20, ""image_complexity"": 36}, {""concept_id"": ""0_1"", ""is_minor"": true, ""message"": ""Similarity between image and concept 0_1: 0.5424"", ""similarity"": 0.5424, ""concept_complexity"": 20, ""image_complexity"": 36}, {""concept_id"": ""8_1"", ""is_minor"": true, ""message"": ""Similarity between image and concept 8_1: 0.4706"", ""similarity"": 0.4706, ""concept_complexity"": 27, ""image_complexity"": 36}, {""concept_id"": ""9_2"", ""is_minor"": true, ""message"": ""Similarity between image and concept 9_2: 0.4982"", ""similarity"": 0.4982, ""concept_complexity"": 16, ""image_complexity"": 36}, {""concept_id"": ""4_1"", ""is_minor"": true, ""message"": ""Similarity between image and concept 4_1: 0.4899"", ""similarity"": 0.4899, ""concept_complexity"": 16, ""image_complexity"": 36}, {""concept_id"": ""2_2"", ""is_minor"": true, ""message"": ""Similarity between image and concept 2_2: 0.4692"", ""similarity"": 0.4692, ""concept_complexity"": 20, ""image_complexity"": 36}, {""concept_id"": ""1_1"", ""is_minor"": false, ""message"": ""Preprocessing failed: Concept has endpoints but image does not."", ""similarity"": 0.0, ""concept_complexity"": 0, ""image_complexity"": 0}, {""concept_id"": ""1_3"", ""is_minor"": false, ""message"": ""Preprocessing failed: Concept has endpoints but image does not."", ""similarity"": 0.0, ""concept_complexity"": 0, ""image_complexity"": 0}, {""concept_id"": ""2_1"", ""is_minor"": false, ""message"": ""Preprocessing failed: Concept has endpoints but image does not."", ""similarity"": 0.0, ""concept_complexity"": 0, ""image_complexity"": 0}, {""concept_id"": ""3_1"", ""is_minor"": false, ""message"": ""Preprocessing failed: Concept has endpoints but image does not."", ""similarity"": 0.0, ""concept_complexity"": 0, ""image_complexity"": 0}, {""concept_id"": ""4_2"", ""is_minor"": false, ""message"": ""Preprocessing failed: Concept has endpoints but image does not."", ""similarity"": 0.0, ""concept_complexity"": 0, ""image_complexity"": 0}, {""concept_id"": ""5_1"", ""is_minor"": false, ""message"": ""Preprocessing failed: Concept has endpoints but image does not."", ""similarity"": 0.0, ""concept_complexity"": 0, ""image_complexity"": 0}, {""concept_id"": ""7_1"", ""is_minor"": false, ""message"": ""Preprocessing failed: Concept has endpoints but image does not."", ""similarity"": 0.0, ""concept_complexity"": 0, ""image_complexity"": 0}, {""concept_id"": ""8_2"", ""is_minor"": false, ""message"": ""Preprocessing failed: Concept has endpoints but image does not."", ""similarity"": 0.0, ""concept_complexity"": 0, ""image_complexity"": 0}]","{'ged_timeout': 5, 'skeletonization_threshold': 110, 'simplification_epsilon': 4.55, 'comparison_method': 'ged', 'fgw_alpha': 0.5, 'image_path': '/opt/nuclio/shared_storage/mnist_all/5/mnist_test_5_00162.png', 'image_id': '2ccf0adf-eca3-4554-af8c-08e490416bdc', 'diagnostic_weight_epsilon': 1.0, 'range_penalty_factor': 0.5, 'node_costs': {'NO_COST': 0.0, 'MINOR': 0.65, 'GENERAL': 0.75, 'SEVERE': 1.0, 'NO_MATCH': 1.5, 'IMPOSSIBLE': 10.0}, 'features': ['normalized_x', 'normalized_y', 'distance_to_centroid', 'horizontal_direction', 'vertical_direction', 'angle_with_ox', 'junction_angle_min', 'is_endpoint', 'is_corner', 'length_ratio_to_max', 'eccentricity', 'avg_neighbor_vector_length', 'neighbor_endpoint_count', 'neighbor_junction_count'], 'mlflow_experiment_id': '4', 'mlflow_run_id': 'b586b24a868744d3aff0659ed46c898f', 'session_id': '86ce5fa7-43fc-4a62-86e2-24b604262884', 'image_width': 100, 'image_height': 100}","{'skeletonization_time_ms': 145.489125, 'contour_analysis_time_ms': 337.677708, 'classification_time_ms': 11776.769089}",6,False
success,ba2ff35f-7232-4f50-a899-2c58868fd4af,,/opt/nuclio/shared_storage/mnist_all/5/mnist_test_5_00655.png,5,"[{""concept_id"": ""3_1"", ""is_minor"": true, ""message"": ""Similarity between image and concept 3_1: 0.5962"", ""similarity"": 0.5962, ""concept_complexity"": 21, ""image_complexity"": 25}, {""concept_id"": ""5_1"", ""is_minor"": true, ""message"": ""Similarity between image and concept 5_1: 0.589"", ""similarity"": 0.589, ""concept_complexity"": 17, ""image_complexity"": 25}, {""concept_id"": ""2_1"", ""is_minor"": true, ""message"": ""Similarity between image and concept 2_1: 0.4968"", ""similarity"": 0.4968, ""concept_complexity"": 13, ""image_complexity"": 25}, {""concept_id"": ""7_1"", ""is_minor"": true, ""message"": ""Similarity between image and concept 7_1: 0.4227"", ""similarity"": 0.4227, ""concept_complexity"": 9, ""image_complexity"": 25}, {""concept_id"": ""1_3"", ""is_minor"": true, ""message"": ""Similarity between image and concept 1_3: 0.4503"", ""similarity"": 0.4503, ""concept_complexity"": 5, ""image_complexity"": 25}, {""concept_id"": ""0_1"", ""is_minor"": false, ""message"": ""Preprocessing failed: Concept has corner points but image does not."", ""similarity"": 0.0, ""concept_complexity"": 0, ""image_complexity"": 0}, {""concept_id"": ""1_1"", ""is_minor"": false, ""message"": ""Preprocessing failed: Concept has more endpoints than image."", ""similarity"": 0.0, ""concept_complexity"": 0, ""image_complexity"": 0}, {""concept_id"": ""2_2"", ""is_minor"": false, ""message"": ""Preprocessing failed: Concept has intersection points but image does not."", ""similarity"": 0.0, ""concept_complexity"": 0, ""image_complexity"": 0}, {""concept_id"": ""4_1"", ""is_minor"": false, ""message"": ""Preprocessing failed: Concept has intersection points but image does not."", ""similarity"": 0.0, ""concept_complexity"": 0, ""image_complexity"": 0}, {""concept_id"": ""4_2"", ""is_minor"": false, ""message"": ""Preprocessing failed: Concept has more endpoints than image."", ""similarity"": 0.0, ""concept_complexity"": 0, ""image_complexity"": 0}, {""concept_id"": ""6_1"", ""is_minor"": false, ""message"": ""Preprocessing failed: Concept has intersection points but image does not."", ""similarity"": 0.0, ""concept_complexity"": 0, ""image_complexity"": 0}, {""concept_id"": ""8_2"", ""is_minor"": false, ""message"": ""Preprocessing failed: Concept has intersection points but image does not."", ""similarity"": 0.0, ""concept_complexity"": 0, ""image_complexity"": 0}, {""concept_id"": ""9_2"", ""is_minor"": false, ""message"": ""Preprocessing failed: Concept has intersection points but image does not."", ""similarity"": 0.0, ""concept_complexity"": 0, ""image_complexity"": 0}]","{'ged_timeout': 5, 'skeletonization_threshold': 110, 'simplification_epsilon': 4.55, 'comparison_method': 'ged', 'fgw_alpha': 0.5, 'image_path': '/opt/nuclio/shared_storage/mnist_all/5/mnist_test_5_00655.png', 'image_id': 'ba2ff35f-7232-4f50-a899-2c58868fd4af', 'diagnostic_weight_epsilon': 1.0, 'range_penalty_factor': 0.5, 'node_costs': {'NO_COST': 0.0, 'MINOR': 0.65, 'GENERAL': 0.75, 'SEVERE': 1.0, 'NO_MATCH': 1.5, 'IMPOSSIBLE': 10.0}, 'features': ['normalized_x', 'normalized_y', 'distance_to_centroid', 'horizontal_direction', 'vertical_direction', 'angle_with_ox', 'junction_angle_min', 'is_endpoint', 'is_corner', 'length_ratio_to_max', 'eccentricity', 'avg_neighbor_vector_length', 'neighbor_endpoint_count', 'neighbor_junction_count'], 'mlflow_experiment_id': '4', 'mlflow_run_id': 'b586b24a868744d3aff0659ed46c898f', 'session_id': '7d6244b3-b013-48a9-ac8e-0e1f27640c69', 'image_width': 100, 'image_height': 100}","{'skeletonization_time_ms': 138.190333, 'contour_analysis_time_ms': 363.255584, 'classification_time_ms': 511.978542}",3,False
success,48d05509-bf79-44a3-9813-0e321a692440,,/opt/nuclio/shared_storage/mnist_all/5/mnist_test_5_00199.png,5,"[{""concept_id"": ""3_1"", ""is_minor"": true, ""message"": ""Similarity between image and concept 3_1: 0.6335"", ""similarity"": 0.6335, ""concept_complexity"": 21, ""image_complexity"": 25}, {""concept_id"": ""5_1"", ""is_minor"": true, ""message"": ""Similarity between image and concept 5_1: 0.6297"", ""similarity"": 0.6297, ""concept_complexity"": 17, ""image_complexity"": 25}, {""concept_id"": ""2_1"", ""is_minor"": true, ""message"": ""Similarity between image and concept 2_1: 0.4926"", ""similarity"": 0.4926, ""concept_complexity"": 13, ""image_complexity"": 25}, {""concept_id"": ""7_1"", ""is_minor"": true, ""message"": ""Similarity between image and concept 7_1: 0.4227"", ""similarity"": 0.4227, ""concept_complexity"": 9, ""image_complexity"": 25}, {""concept_id"": ""1_3"", ""is_minor"": true, ""message"": ""Similarity between image and concept 1_3: 0.4506"", ""similarity"": 0.4506, ""concept_complexity"": 5, ""image_complexity"": 25}, {""concept_id"": ""0_1"", ""is_minor"": false, ""message"": ""Preprocessing failed: Concept has corner points but image does not."", ""similarity"": 0.0, ""concept_complexity"": 0, ""image_complexity"": 0}, {""concept_id"": ""1_1"", ""is_minor"": false, ""message"": ""Preprocessing failed: Concept has more endpoints than image."", ""similarity"": 0.0, ""concept_complexity"": 0, ""image_complexity"": 0}, {""concept_id"": ""2_2"", ""is_minor"": false, ""message"": ""Preprocessing failed: Concept has intersection points but image does not."", ""similarity"": 0.0, ""concept_complexity"": 0, ""image_complexity"": 0}, {""concept_id"": ""4_1"", ""is_minor"": false, ""message"": ""Preprocessing failed: Concept has intersection points but image does not."", ""similarity"": 0.0, ""concept_complexity"": 0, ""image_complexity"": 0}, {""concept_id"": ""4_2"", ""is_minor"": false, ""message"": ""Preprocessing failed: Concept has more endpoints than image."", ""similarity"": 0.0, ""concept_complexity"": 0, ""image_complexity"": 0}, {""concept_id"": ""6_1"", ""is_minor"": false, ""message"": ""Preprocessing failed: Concept has intersection points but image does not."", ""similarity"": 0.0, ""concept_complexity"": 0, ""image_complexity"": 0}, {""concept_id"": ""8_2"", ""is_minor"": false, ""message"": ""Preprocessing failed: Concept has intersection points but image does not."", ""similarity"": 0.0, ""concept_complexity"": 0, ""image_complexity"": 0}, {""concept_id"": ""9_2"", ""is_minor"": false, ""message"": ""Preprocessing failed: Concept has intersection points but image does not."", ""similarity"": 0.0, ""concept_complexity"": 0, ""image_complexity"": 0}]","{'ged_timeout': 5, 'skeletonization_threshold': 110, 'simplification_epsilon': 4.55, 'comparison_method': 'ged', 'fgw_alpha': 0.5, 'image_path': '/opt/nuclio/shared_storage/mnist_all/5/mnist_test_5_00199.png', 'image_id': '48d05509-bf79-44a3-9813-0e321a692440', 'diagnostic_weight_epsilon': 1.0, 'range_penalty_factor': 0.5, 'node_costs': {'NO_COST': 0.0, 'MINOR': 0.65, 'GENERAL': 0.75, 'SEVERE': 1.0, 'NO_MATCH': 1.5, 'IMPOSSIBLE': 10.0}, 'features': ['normalized_x', 'normalized_y', 'distance_to_centroid', 'horizontal_direction', 'vertical_direction', 'angle_with_ox', 'junction_angle_min', 'is_endpoint', 'is_corner', 'length_ratio_to_max', 'eccentricity', 'avg_neighbor_vector_length', 'neighbor_endpoint_count', 'neighbor_junction_count'], 'mlflow_experiment_id': '4', 'mlflow_run_id': 'b586b24a868744d3aff0659ed46c898f', 'session_id': '8795fbea-ca77-4e01-bf5a-6ed729b542d7', 'image_width': 100, 'image_height': 100}","{'skeletonization_time_ms': 92.787917, 'contour_analysis_time_ms': 1179.172125, 'classification_time_ms': 310.068861}",3,False
success,d21455c5-daaa-48e1-b4f7-a1a0264a6679,,/opt/nuclio/shared_storage/mnist_all/7/mnist_test_7_00130.png,7,"[{""concept_id"": ""4_2"", ""is_minor"": true, ""message"": ""Similarity between image and concept 4_2: 0.58"", ""similarity"": 0.58, ""concept_complexity"": 13, ""image_complexity"": 29}, {""concept_id"": ""2_1"", ""is_minor"": true, ""message"": ""Similarity between image and concept 2_1: 0.4666"", ""similarity"": 0.4666, ""concept_complexity"": 13, ""image_complexity"": 29}, {""concept_id"": ""5_1"", ""is_minor"": true, ""message"": ""Similarity between image and concept 5_1: 0.402"", ""similarity"": 0.402, ""concept_complexity"": 17, ""image_complexity"": 29}, {""concept_id"": ""7_1"", ""is_minor"": true, ""message"": ""Similarity between image and concept 7_1: 0.4516"", ""similarity"": 0.4516, ""concept_complexity"": 9, ""image_complexity"": 29}, {""concept_id"": ""1_1"", ""is_minor"": true, ""message"": ""Similarity between image and concept 1_1: 0.366"", ""similarity"": 0.366, ""concept_complexity"": 13, ""image_complexity"": 29}, {""concept_id"": ""1_3"", ""is_minor"": true, ""message"": ""Similarity between image and concept 1_3: 0.4308"", ""similarity"": 0.4308, ""concept_complexity"": 5, ""image_complexity"": 29}, {""concept_id"": ""0_1"", ""is_minor"": false, ""message"": ""Preprocessing failed: Concept has corner points but image does not."", ""similarity"": 0.0, ""concept_complexity"": 0, ""image_complexity"": 0}, {""concept_id"": ""2_2"", ""is_minor"": false, ""message"": ""Preprocessing failed: Concept has intersection points but image does not."", ""similarity"": 0.0, ""concept_complexity"": 0, ""image_complexity"": 0}, {""concept_id"": ""3_1"", ""is_minor"": false, ""message"": ""Preprocessing failed: Concept has more corner points than image."", ""similarity"": 0.0, ""concept_complexity"": 0, ""image_complexity"": 0}, {""concept_id"": ""4_1"", ""is_minor"": false, ""message"": ""Preprocessing failed: Concept has intersection points but image does not."", ""similarity"": 0.0, ""concept_complexity"": 0, ""image_complexity"": 0}, {""concept_id"": ""6_1"", ""is_minor"": false, ""message"": ""Preprocessing failed: Concept has intersection points but image does not."", ""similarity"": 0.0, ""concept_complexity"": 0, ""image_complexity"": 0}, {""concept_id"": ""8_1"", ""is_minor"": false, ""message"": ""Preprocessing failed: Concept has corner points but image does not."", ""similarity"": 0.0, ""concept_complexity"": 0, ""image_complexity"": 0}, {""concept_id"": ""8_2"", ""is_minor"": false, ""message"": ""Preprocessing failed: Concept has intersection points but image does not."", ""similarity"": 0.0, ""concept_complexity"": 0, ""image_complexity"": 0}, {""concept_id"": ""9_2"", ""is_minor"": false, ""message"": ""Preprocessing failed: Concept has intersection points but image does not."", ""similarity"": 0.0, ""concept_complexity"": 0, ""image_complexity"": 0}]","{'ged_timeout': 5, 'skeletonization_threshold': 110, 'simplification_epsilon': 4.55, 'comparison_method': 'ged', 'fgw_alpha': 0.5, 'image_path': '/opt/nuclio/shared_storage/mnist_all/7/mnist_test_7_00130.png', 'image_id': 'd21455c5-daaa-48e1-b4f7-a1a0264a6679', 'diagnostic_weight_epsilon': 1.0, 'range_penalty_factor': 0.5, 'node_costs': {'NO_COST': 0.0, 'MINOR': 0.65, 'GENERAL': 0.75, 'SEVERE': 1.0, 'NO_MATCH': 1.5, 'IMPOSSIBLE': 10.0}, 'features': ['normalized_x', 'normalized_y', 'distance_to_centroid', 'horizontal_direction', 'vertical_direction', 'angle_with_ox', 'junction_angle_min', 'is_endpoint', 'is_corner', 'length_ratio_to_max', 'eccentricity', 'avg_neighbor_vector_length', 'neighbor_endpoint_count', 'neighbor_junction_count'], 'mlflow_experiment_id': '4', 'mlflow_run_id': 'b586b24a868744d3aff0659ed46c898f', 'session_id': '8b5cbd6f-fdc8-4f10-8136-3cb3ecb452e3', 'image_width': 100, 'image_height': 100}","{'skeletonization_time_ms': 206.006333, 'contour_analysis_time_ms': 788.305292, 'classification_time_ms': 575.069834}",4,False
success,d0287b1c-e4aa-441f-9968-c0b56ec37d94,,/opt/nuclio/shared_storage/mnist_all/1/mnist_test_1_00083.png,1,"[{""concept_id"": ""7_1"", ""is_minor"": true, ""message"": ""Similarity between image and concept 7_1: 0.368"", ""similarity"": 0.368, ""concept_complexity"": 9, ""image_complexity"": 9}, {""concept_id"": ""1_3"", ""is_minor"": true, ""message"": ""Similarity between image and concept 1_3: 0.3859"", ""similarity"": 0.3859, ""concept_complexity"": 5, ""image_complexity"": 9}]","{'ged_timeout': 5, 'skeletonization_threshold': 110, 'simplification_epsilon': 4.55, 'comparison_method': 'ged', 'fgw_alpha': 0.5, 'image_path': '/opt/nuclio/shared_storage/mnist_all/1/mnist_test_1_00083.png', 'image_id': 'd0287b1c-e4aa-441f-9968-c0b56ec37d94', 'diagnostic_weight_epsilon': 1.0, 'range_penalty_factor': 0.5, 'node_costs': {'NO_COST': 0.0, 'MINOR': 0.65, 'GENERAL': 0.75, 'SEVERE': 1.0, 'NO_MATCH': 1.5, 'IMPOSSIBLE': 10.0}, 'features': ['normalized_x', 'normalized_y', 'distance_to_centroid', 'horizontal_direction', 'vertical_direction', 'angle_with_ox', 'junction_angle_min', 'is_endpoint', 'is_corner', 'length_ratio_to_max', 'eccentricity', 'avg_neighbor_vector_length', 'neighbor_endpoint_count', 'neighbor_junction_count'], 'mlflow_experiment_id': '4', 'mlflow_run_id': 'b586b24a868744d3aff0659ed46c898f', 'session_id': 'a8667ecb-6fb8-4eae-b707-b5e97a2ec8e0', 'image_width': 100, 'image_height': 100}","{'skeletonization_time_ms': 134.95325, 'contour_analysis_time_ms': 1059.91225, 'classification_time_ms': 21.182167}",7,False
success,c0be9ebf-e3d6-4527-832d-b0b72ce539ee,,/opt/nuclio/shared_storage/mnist_all/6/mnist_test_6_00768.png,6,"[{""concept_id"": ""2_1"", ""is_minor"": true, ""message"": ""Similarity between image and concept 2_1: 0.5251"", ""similarity"": 0.5251, ""concept_complexity"": 13, ""image_complexity"": 40}, {""concept_id"": ""6_1"", ""is_minor"": true, ""message"": ""Similarity between image and concept 6_1: 0.4854"", ""similarity"": 0.4854, ""concept_complexity"": 20, ""image_complexity"": 40}, {""concept_id"": ""5_1"", ""is_minor"": true, ""message"": ""Similarity between image and concept 5_1: 0.497"", ""similarity"": 0.497, ""concept_complexity"": 17, ""image_complexity"": 40}, {""concept_id"": ""2_2"", ""is_minor"": true, ""message"": ""Similarity between image and concept 2_2: 0.4699"", ""similarity"": 0.4699, ""concept_complexity"": 20, ""image_complexity"": 40}, {""concept_id"": ""8_2"", ""is_minor"": true, ""message"": ""Similarity between image and concept 8_2: 0.4433"", ""similarity"": 0.4433, ""concept_complexity"": 20, ""image_complexity"": 40}, {""concept_id"": ""3_1"", ""is_minor"": true, ""message"": ""Similarity between image and concept 3_1: 0.4287"", ""similarity"": 0.4287, ""concept_complexity"": 21, ""image_complexity"": 40}, {""concept_id"": ""0_1"", ""is_minor"": true, ""message"": ""Similarity between image and concept 0_1: 0.4316"", ""similarity"": 0.4316, ""concept_complexity"": 20, ""image_complexity"": 40}, {""concept_id"": ""8_1"", ""is_minor"": true, ""message"": ""Similarity between image and concept 8_1: 0.3969"", ""similarity"": 0.3969, ""concept_complexity"": 27, ""image_complexity"": 40}, {""concept_id"": ""4_1"", ""is_minor"": true, ""message"": ""Similarity between image and concept 4_1: 0.4341"", ""similarity"": 0.4341, ""concept_complexity"": 16, ""image_complexity"": 40}, {""concept_id"": ""9_2"", ""is_minor"": true, ""message"": ""Similarity between image and concept 9_2: 0.4058"", ""similarity"": 0.4058, ""concept_complexity"": 16, ""image_complexity"": 40}, {""concept_id"": ""1_3"", ""is_minor"": true, ""message"": ""Similarity between image and concept 1_3: 0.4795"", ""similarity"": 0.4795, ""concept_complexity"": 5, ""image_complexity"": 40}, {""concept_id"": ""7_1"", ""is_minor"": true, ""message"": ""Similarity between image and concept 7_1: 0.4285"", ""similarity"": 0.4285, ""concept_complexity"": 9, ""image_complexity"": 40}, {""concept_id"": ""1_1"", ""is_minor"": false, ""message"": ""Preprocessing failed: Concept has more endpoints than image."", ""similarity"": 0.0, ""concept_complexity"": 0, ""image_complexity"": 0}, {""concept_id"": ""4_2"", ""is_minor"": false, ""message"": ""Preprocessing failed: Concept has more endpoints than image."", ""similarity"": 0.0, ""concept_complexity"": 0, ""image_complexity"": 0}]","{'ged_timeout': 5, 'skeletonization_threshold': 110, 'simplification_epsilon': 4.55, 'comparison_method': 'ged', 'fgw_alpha': 0.5, 'image_path': '/opt/nuclio/shared_storage/mnist_all/6/mnist_test_6_00768.png', 'image_id': 'c0be9ebf-e3d6-4527-832d-b0b72ce539ee', 'diagnostic_weight_epsilon': 1.0, 'range_penalty_factor': 0.5, 'node_costs': {'NO_COST': 0.0, 'MINOR': 0.65, 'GENERAL': 0.75, 'SEVERE': 1.0, 'NO_MATCH': 1.5, 'IMPOSSIBLE': 10.0}, 'features': ['normalized_x', 'normalized_y', 'distance_to_centroid', 'horizontal_direction', 'vertical_direction', 'angle_with_ox', 'junction_angle_min', 'is_endpoint', 'is_corner', 'length_ratio_to_max', 'eccentricity', 'avg_neighbor_vector_length', 'neighbor_endpoint_count', 'neighbor_junction_count'], 'mlflow_experiment_id': '4', 'mlflow_run_id': 'b586b24a868744d3aff0659ed46c898f', 'session_id': '5a76dd6c-75a8-48ee-a108-af47b868c149', 'image_width': 100, 'image_height': 100}","{'skeletonization_time_ms': 99.230708, 'contour_analysis_time_ms': 331.764625, 'classification_time_ms': 2532.991335}",2,False
success,85b75787-a6f3-4e48-8c16-1f5bd173c4a8,,/opt/nuclio/shared_storage/mnist_all/5/mnist_test_5_00061.png,5,"[{""concept_id"": ""3_1"", ""is_minor"": true, ""message"": ""Similarity between image and concept 3_1: 0.5789"", ""similarity"": 0.5789, ""concept_complexity"": 21, ""image_complexity"": 29}, {""concept_id"": ""5_1"", ""is_minor"": true, ""message"": ""Similarity between image and concept 5_1: 0.5883"", ""similarity"": 0.5883, ""concept_complexity"": 17, ""image_complexity"": 29}, {""concept_id"": ""4_2"", ""is_minor"": true, ""message"": ""Similarity between image and concept 4_2: 0.5037"", ""similarity"": 0.5037, ""concept_complexity"": 13, ""image_complexity"": 29}, {""concept_id"": ""7_1"", ""is_minor"": true, ""message"": ""Similarity between image and concept 7_1: 0.5114"", ""similarity"": 0.5114, ""concept_complexity"": 9, ""image_complexity"": 29}, {""concept_id"": ""2_1"", ""is_minor"": true, ""message"": ""Similarity between image and concept 2_1: 0.425"", ""similarity"": 0.425, ""concept_complexity"": 13, ""image_complexity"": 29}, {""concept_id"": ""1_1"", ""is_minor"": true, ""message"": ""Similarity between image and concept 1_1: 0.3756"", ""similarity"": 0.3756, ""concept_complexity"": 13, ""image_complexity"": 29}, {""concept_id"": ""1_3"", ""is_minor"": true, ""message"": ""Similarity between image and concept 1_3: 0.3943"", ""similarity"": 0.3943, ""concept_complexity"": 5, ""image_complexity"": 29}, {""concept_id"": ""0_1"", ""is_minor"": false, ""message"": ""Preprocessing failed: Concept has corner points but image does not."", ""similarity"": 0.0, ""concept_complexity"": 0, ""image_complexity"": 0}, {""concept_id"": ""2_2"", ""is_minor"": false, ""message"": ""Preprocessing failed: Concept has intersection points but image does not."", ""similarity"": 0.0, ""concept_complexity"": 0, ""image_complexity"": 0}, {""concept_id"": ""4_1"", ""is_minor"": false, ""message"": ""Preprocessing failed: Concept has intersection points but image does not."", ""similarity"": 0.0, ""concept_complexity"": 0, ""image_complexity"": 0}, {""concept_id"": ""6_1"", ""is_minor"": false, ""message"": ""Preprocessing failed: Concept has intersection points but image does not."", ""similarity"": 0.0, ""concept_complexity"": 0, ""image_complexity"": 0}, {""concept_id"": ""8_1"", ""is_minor"": false, ""message"": ""Preprocessing failed: Concept has corner points but image does not."", ""similarity"": 0.0, ""concept_complexity"": 0, ""image_complexity"": 0}, {""concept_id"": ""8_2"", ""is_minor"": false, ""message"": ""Preprocessing failed: Concept has intersection points but image does not."", ""similarity"": 0.0, ""concept_complexity"": 0, ""image_complexity"": 0}, {""concept_id"": ""9_2"", ""is_minor"": false, ""message"": ""Preprocessing failed: Concept has intersection points but image does not."", ""similarity"": 0.0, ""concept_complexity"": 0, ""image_complexity"": 0}]","{'ged_timeout': 5, 'skeletonization_threshold': 110, 'simplification_epsilon': 4.55, 'comparison_method': 'ged', 'fgw_alpha': 0.5, 'image_path': '/opt/nuclio/shared_storage/mnist_all/5/mnist_test_5_00061.png', 'image_id': '85b75787-a6f3-4e48-8c16-1f5bd173c4a8', 'diagnostic_weight_epsilon': 1.0, 'range_penalty_factor': 0.5, 'node_costs': {'NO_COST': 0.0, 'MINOR': 0.65, 'GENERAL': 0.75, 'SEVERE': 1.0, 'NO_MATCH': 1.5, 'IMPOSSIBLE': 10.0}, 'features': ['normalized_x', 'normalized_y', 'distance_to_centroid', 'horizontal_direction', 'vertical_direction', 'angle_with_ox', 'junction_angle_min', 'is_endpoint', 'is_corner', 'length_ratio_to_max', 'eccentricity', 'avg_neighbor_vector_length', 'neighbor_endpoint_count', 'neighbor_junction_count'], 'mlflow_experiment_id': '4', 'mlflow_run_id': 'b586b24a868744d3aff0659ed46c898f', 'session_id': '1d69574a-9e2a-44e5-b4f5-b17df3866d5c', 'image_width': 100, 'image_height': 100}","{'skeletonization_time_ms': 159.646792, 'contour_analysis_time_ms': 1380.604834, 'classification_time_ms': 305.455416}",3,False
success,97c7e16a-cbc3-4bc6-b6a6-52f6693cdea1,,/opt/nuclio/shared_storage/mnist_all/6/mnist_test_6_00298.png,6,"[{""concept_id"": ""2_2"", ""is_minor"": true, ""message"": ""Similarity between image and concept 2_2: 0.4763"", ""similarity"": 0.4763, ""concept_complexity"": 20, ""image_complexity"": 32}, {""concept_id"": ""6_1"", ""is_minor"": true, ""message"": ""Similarity between image and concept 6_1: 0.4594"", ""similarity"": 0.4594, ""concept_complexity"": 20, ""image_complexity"": 32}, {""concept_id"": ""8_1"", ""is_minor"": true, ""message"": ""Similarity between image and concept 8_1: 0.3947"", ""similarity"": 0.3947, ""concept_complexity"": 27, ""image_complexity"": 32}, {""concept_id"": ""0_1"", ""is_minor"": true, ""message"": ""Similarity between image and concept 0_1: 0.4176"", ""similarity"": 0.4176, ""concept_complexity"": 20, ""image_complexity"": 32}, {""concept_id"": ""9_2"", ""is_minor"": true, ""message"": ""Similarity between image and concept 9_2: 0.3891"", ""similarity"": 0.3891, ""concept_complexity"": 16, ""image_complexity"": 32}, {""concept_id"": ""4_1"", ""is_minor"": true, ""message"": ""Similarity between image and concept 4_1: 0.372"", ""similarity"": 0.372, ""concept_complexity"": 16, ""image_complexity"": 32}, {""concept_id"": ""1_1"", ""is_minor"": false, ""message"": ""Preprocessing failed: Concept has endpoints but image does not."", ""similarity"": 0.0, ""concept_complexity"": 0, ""image_complexity"": 0}, {""concept_id"": ""1_3"", ""is_minor"": false, ""message"": ""Preprocessing failed: Concept has endpoints but image does not."", ""similarity"": 0.0, ""concept_complexity"": 0, ""image_complexity"": 0}, {""concept_id"": ""2_1"", ""is_minor"": false, ""message"": ""Preprocessing failed: Concept has endpoints but image does not."", ""similarity"": 0.0, ""concept_complexity"": 0, ""image_complexity"": 0}, {""concept_id"": ""3_1"", ""is_minor"": false, ""message"": ""Preprocessing failed: Concept has endpoints but image does not."", ""similarity"": 0.0, ""concept_complexity"": 0, ""image_complexity"": 0}, {""concept_id"": ""4_2"", ""is_minor"": false, ""message"": ""Preprocessing failed: Concept has endpoints but image does not."", ""similarity"": 0.0, ""concept_complexity"": 0, ""image_complexity"": 0}, {""concept_id"": ""5_1"", ""is_minor"": false, ""message"": ""Preprocessing failed: Concept has endpoints but image does not."", ""similarity"": 0.0, ""concept_complexity"": 0, ""image_complexity"": 0}, {""concept_id"": ""7_1"", ""is_minor"": false, ""message"": ""Preprocessing failed: Concept has endpoints but image does not."", ""similarity"": 0.0, ""concept_complexity"": 0, ""image_complexity"": 0}, {""concept_id"": ""8_2"", ""is_minor"": false, ""message"": ""Preprocessing failed: Concept has endpoints but image does not."", ""similarity"": 0.0, ""concept_complexity"": 0, ""image_complexity"": 0}]","{'ged_timeout': 5, 'skeletonization_threshold': 110, 'simplification_epsilon': 4.55, 'comparison_method': 'ged', 'fgw_alpha': 0.5, 'image_path': '/opt/nuclio/shared_storage/mnist_all/6/mnist_test_6_00298.png', 'image_id': '97c7e16a-cbc3-4bc6-b6a6-52f6693cdea1', 'diagnostic_weight_epsilon': 1.0, 'range_penalty_factor': 0.5, 'node_costs': {'NO_COST': 0.0, 'MINOR': 0.65, 'GENERAL': 0.75, 'SEVERE': 1.0, 'NO_MATCH': 1.5, 'IMPOSSIBLE': 10.0}, 'features': ['normalized_x', 'normalized_y', 'distance_to_centroid', 'horizontal_direction', 'vertical_direction', 'angle_with_ox', 'junction_angle_min', 'is_endpoint', 'is_corner', 'length_ratio_to_max', 'eccentricity', 'avg_neighbor_vector_length', 'neighbor_endpoint_count', 'neighbor_junction_count'], 'mlflow_experiment_id': '4', 'mlflow_run_id': 'b586b24a868744d3aff0659ed46c898f', 'session_id': '1b9ccf6f-849a-4831-9f5f-a80f886256ca', 'image_width': 100, 'image_height': 100}","{'skeletonization_time_ms': 174.40425, 'contour_analysis_time_ms': 561.351792, 'classification_time_ms': 2849.097543}",2,False
success,042783dd-a644-4c2a-83ca-12860c7976b3,,/opt/nuclio/shared_storage/mnist_all/2/mnist_test_2_00819.png,2,"[{""concept_id"": ""4_2"", ""is_minor"": true, ""message"": ""Similarity between image and concept 4_2: 0.504"", ""similarity"": 0.504, ""concept_complexity"": 13, ""image_complexity"": 21}, {""concept_id"": ""7_1"", ""is_minor"": true, ""message"": ""Similarity between image and concept 7_1: 0.5234"", ""similarity"": 0.5234, ""concept_complexity"": 9, ""image_complexity"": 21}, {""concept_id"": ""5_1"", ""is_minor"": true, ""message"": ""Similarity between image and concept 5_1: 0.369"", ""similarity"": 0.369, ""concept_complexity"": 17, ""image_complexity"": 21}, {""concept_id"": ""1_1"", ""is_minor"": true, ""message"": ""Similarity between image and concept 1_1: 0.3213"", ""similarity"": 0.3213, ""concept_complexity"": 13, ""image_complexity"": 21}, {""concept_id"": ""1_3"", ""is_minor"": true, ""message"": ""Similarity between image and concept 1_3: 0.3552"", ""similarity"": 0.3552, ""concept_complexity"": 5, ""image_complexity"": 21}, {""concept_id"": ""0_1"", ""is_minor"": false, ""message"": ""Preprocessing failed: Concept has corner points but image does not."", ""similarity"": 0.0, ""concept_complexity"": 0, ""image_complexity"": 0}, {""concept_id"": ""2_1"", ""is_minor"": false, ""message"": ""Preprocessing failed: Concept has corner points but image does not."", ""similarity"": 0.0, ""concept_complexity"": 0, ""image_complexity"": 0}, {""concept_id"": ""2_2"", ""is_minor"": false, ""message"": ""Preprocessing failed: Concept has intersection points but image does not."", ""similarity"": 0.0, ""concept_complexity"": 0, ""image_complexity"": 0}, {""concept_id"": ""3_1"", ""is_minor"": false, ""message"": ""Preprocessing failed: Concept has more corner points than image."", ""similarity"": 0.0, ""concept_complexity"": 0, ""image_complexity"": 0}, {""concept_id"": ""4_1"", ""is_minor"": false, ""message"": ""Preprocessing failed: Concept has intersection points but image does not."", ""similarity"": 0.0, ""concept_complexity"": 0, ""image_complexity"": 0}, {""concept_id"": ""6_1"", ""is_minor"": false, ""message"": ""Preprocessing failed: Concept has intersection points but image does not."", ""similarity"": 0.0, ""concept_complexity"": 0, ""image_complexity"": 0}, {""concept_id"": ""8_2"", ""is_minor"": false, ""message"": ""Preprocessing failed: Concept has intersection points but image does not."", ""similarity"": 0.0, ""concept_complexity"": 0, ""image_complexity"": 0}, {""concept_id"": ""9_2"", ""is_minor"": false, ""message"": ""Preprocessing failed: Concept has intersection points but image does not."", ""similarity"": 0.0, ""concept_complexity"": 0, ""image_complexity"": 0}]","{'ged_timeout': 5, 'skeletonization_threshold': 110, 'simplification_epsilon': 4.55, 'comparison_method': 'ged', 'fgw_alpha': 0.5, 'image_path': '/opt/nuclio/shared_storage/mnist_all/2/mnist_test_2_00819.png', 'image_id': '042783dd-a644-4c2a-83ca-12860c7976b3', 'diagnostic_weight_epsilon': 1.0, 'range_penalty_factor': 0.5, 'node_costs': {'NO_COST': 0.0, 'MINOR': 0.65, 'GENERAL': 0.75, 'SEVERE': 1.0, 'NO_MATCH': 1.5, 'IMPOSSIBLE': 10.0}, 'features': ['normalized_x', 'normalized_y', 'distance_to_centroid', 'horizontal_direction', 'vertical_direction', 'angle_with_ox', 'junction_angle_min', 'is_endpoint', 'is_corner', 'length_ratio_to_max', 'eccentricity', 'avg_neighbor_vector_length', 'neighbor_endpoint_count', 'neighbor_junction_count'], 'mlflow_experiment_id': '4', 'mlflow_run_id': 'b586b24a868744d3aff0659ed46c898f', 'session_id': 'd0897a61-d0cf-4489-95f2-d55a894b628f', 'image_width': 100, 'image_height': 100}","{'skeletonization_time_ms': 42.858917, 'contour_analysis_time_ms': 748.76475, 'classification_time_ms': 248.2395}",4,False
success,bda1c50a-3d26-4406-bc90-c44e597551a1,,/opt/nuclio/shared_storage/mnist_all/3/mnist_test_3_00832.png,3,"[{""concept_id"": ""9_2"", ""is_minor"": true, ""message"": ""Similarity between image and concept 9_2: 0.4221"", ""similarity"": 0.4221, ""concept_complexity"": 16, ""image_complexity"": 36}, {""concept_id"": ""4_1"", ""is_minor"": true, ""message"": ""Similarity between image and concept 4_1: 0.4025"", ""similarity"": 0.4025, ""concept_complexity"": 16, ""image_complexity"": 36}, {""concept_id"": ""7_1"", ""is_minor"": true, ""message"": ""Similarity between image and concept 7_1: 0.3376"", ""similarity"": 0.3376, ""concept_complexity"": 9, ""image_complexity"": 36}, {""concept_id"": ""8_1"", ""is_minor"": true, ""message"": ""Similarity between image and concept 8_1: 0.2248"", ""similarity"": 0.2248, ""concept_complexity"": 27, ""image_complexity"": 36}, {""concept_id"": ""0_1"", ""is_minor"": false, ""message"": ""Preprocessing failed: Concept has more corner points than image."", ""similarity"": 0.0, ""concept_complexity"": 0, ""image_complexity"": 0}, {""concept_id"": ""1_1"", ""is_minor"": false, ""message"": ""Preprocessing failed: Concept has more endpoints than image."", ""similarity"": 0.0, ""concept_complexity"": 0, ""image_complexity"": 0}, {""concept_id"": ""1_3"", ""is_minor"": false, ""message"": ""Preprocessing failed: Concept has endpoints but image does not."", ""similarity"": 0.0, ""concept_complexity"": 0, ""image_complexity"": 0}, {""concept_id"": ""2_1"", ""is_minor"": false, ""message"": ""Preprocessing failed: Concept has endpoints but image does not."", ""similarity"": 0.0, ""concept_complexity"": 0, ""image_complexity"": 0}, {""concept_id"": ""2_2"", ""is_minor"": false, ""message"": ""Preprocessing failed: Concept has corner points but image does not."", ""similarity"": 0.0, ""concept_complexity"": 0, ""image_complexity"": 0}, {""concept_id"": ""3_1"", ""is_minor"": false, ""message"": ""Preprocessing failed: Concept has more corner points than image."", ""similarity"": 0.0, ""concept_complexity"": 0, ""image_complexity"": 0}, {""concept_id"": ""4_2"", ""is_minor"": false, ""message"": ""Preprocessing failed: Concept has more endpoints than image."", ""similarity"": 0.0, ""concept_complexity"": 0, ""image_complexity"": 0}, {""concept_id"": ""5_1"", ""is_minor"": false, ""message"": ""Preprocessing failed: Concept has endpoints but image does not."", ""similarity"": 0.0, ""concept_complexity"": 0, ""image_complexity"": 0}, {""concept_id"": ""6_1"", ""is_minor"": false, ""message"": ""Preprocessing failed: Concept has more corner points than image."", ""similarity"": 0.0, ""concept_complexity"": 0, ""image_complexity"": 0}, {""concept_id"": ""8_2"", ""is_minor"": false, ""message"": ""Preprocessing failed: Concept has more corner points than image."", ""similarity"": 0.0, ""concept_complexity"": 0, ""image_complexity"": 0}]","{'ged_timeout': 5, 'skeletonization_threshold': 110, 'simplification_epsilon': 4.55, 'comparison_method': 'ged', 'fgw_alpha': 0.5, 'image_path': '/opt/nuclio/shared_storage/mnist_all/3/mnist_test_3_00832.png', 'image_id': 'bda1c50a-3d26-4406-bc90-c44e597551a1', 'diagnostic_weight_epsilon': 1.0, 'range_penalty_factor': 0.5, 'node_costs': {'NO_COST': 0.0, 'MINOR': 0.65, 'GENERAL': 0.75, 'SEVERE': 1.0, 'NO_MATCH': 1.5, 'IMPOSSIBLE': 10.0}, 'features': ['normalized_x', 'normalized_y', 'distance_to_centroid', 'horizontal_direction', 'vertical_direction', 'angle_with_ox', 'junction_angle_min', 'is_endpoint', 'is_corner', 'length_ratio_to_max', 'eccentricity', 'avg_neighbor_vector_length', 'neighbor_endpoint_count', 'neighbor_junction_count'], 'mlflow_experiment_id': '4', 'mlflow_run_id': 'b586b24a868744d3aff0659ed46c898f', 'session_id': '151215f1-e566-4928-b92f-67e733a1c39e', 'image_width': 100, 'image_height': 100}","{'skeletonization_time_ms': 295.670251, 'contour_analysis_time_ms': 1326.86625, 'classification_time_ms': 382.552666}",9,False
success,380f92da-d85d-4c17-bada-e70097a8e20c,,/opt/nuclio/shared_storage/mnist_all/6/mnist_test_6_00370.png,6,"[{""concept_id"": ""0_1"", ""is_minor"": true, ""message"": ""Similarity between image and concept 0_1: 0.4581"", ""similarity"": 0.4581, ""concept_complexity"": 20, ""image_complexity"": 28}, {""concept_id"": ""8_1"", ""is_minor"": true, ""message"": ""Similarity between image and concept 8_1: 0.4184"", ""similarity"": 0.4184, ""concept_complexity"": 27, ""image_complexity"": 28}, {""concept_id"": ""2_2"", ""is_minor"": true, ""message"": ""Similarity between image and concept 2_2: 0.4193"", ""similarity"": 0.4193, ""concept_complexity"": 20, ""image_complexity"": 28}, {""concept_id"": ""9_2"", ""is_minor"": true, ""message"": ""Similarity between image and concept 9_2: 0.4157"", ""similarity"": 0.4157, ""concept_complexity"": 16, ""image_complexity"": 28}, {""concept_id"": ""4_1"", ""is_minor"": true, ""message"": ""Similarity between image and concept 4_1: 0.4072"", ""similarity"": 0.4072, ""concept_complexity"": 16, ""image_complexity"": 28}, {""concept_id"": ""1_1"", ""is_minor"": false, ""message"": ""Preprocessing failed: Concept has endpoints but image does not."", ""similarity"": 0.0, ""concept_complexity"": 0, ""image_complexity"": 0}, {""concept_id"": ""1_3"", ""is_minor"": false, ""message"": ""Preprocessing failed: Concept has endpoints but image does not."", ""similarity"": 0.0, ""concept_complexity"": 0, ""image_complexity"": 0}, {""concept_id"": ""2_1"", ""is_minor"": false, ""message"": ""Preprocessing failed: Concept has endpoints but image does not."", ""similarity"": 0.0, ""concept_complexity"": 0, ""image_complexity"": 0}, {""concept_id"": ""3_1"", ""is_minor"": false, ""message"": ""Preprocessing failed: Concept has endpoints but image does not."", ""similarity"": 0.0, ""concept_complexity"": 0, ""image_complexity"": 0}, {""concept_id"": ""4_2"", ""is_minor"": false, ""message"": ""Preprocessing failed: Concept has endpoints but image does not."", ""similarity"": 0.0, ""concept_complexity"": 0, ""image_complexity"": 0}, {""concept_id"": ""5_1"", ""is_minor"": false, ""message"": ""Preprocessing failed: Concept has endpoints but image does not."", ""similarity"": 0.0, ""concept_complexity"": 0, ""image_complexity"": 0}, {""concept_id"": ""6_1"", ""is_minor"": false, ""message"": ""Preprocessing failed: Concept has more corner points than image."", ""similarity"": 0.0, ""concept_complexity"": 0, ""image_complexity"": 0}, {""concept_id"": ""7_1"", ""is_minor"": false, ""message"": ""Preprocessing failed: Concept has endpoints but image does not."", ""similarity"": 0.0, ""concept_complexity"": 0, ""image_complexity"": 0}, {""concept_id"": ""8_2"", ""is_minor"": false, ""message"": ""Preprocessing failed: Concept has endpoints but image does not."", ""similarity"": 0.0, ""concept_complexity"": 0, ""image_complexity"": 0}]","{'ged_timeout': 5, 'skeletonization_threshold': 110, 'simplification_epsilon': 4.55, 'comparison_method': 'ged', 'fgw_alpha': 0.5, 'image_path': '/opt/nuclio/shared_storage/mnist_all/6/mnist_test_6_00370.png', 'image_id': '380f92da-d85d-4c17-bada-e70097a8e20c', 'diagnostic_weight_epsilon': 1.0, 'range_penalty_factor': 0.5, 'node_costs': {'NO_COST': 0.0, 'MINOR': 0.65, 'GENERAL': 0.75, 'SEVERE': 1.0, 'NO_MATCH': 1.5, 'IMPOSSIBLE': 10.0}, 'features': ['normalized_x', 'normalized_y', 'distance_to_centroid', 'horizontal_direction', 'vertical_direction', 'angle_with_ox', 'junction_angle_min', 'is_endpoint', 'is_corner', 'length_ratio_to_max', 'eccentricity', 'avg_neighbor_vector_length', 'neighbor_endpoint_count', 'neighbor_junction_count'], 'mlflow_experiment_id': '4', 'mlflow_run_id': 'b586b24a868744d3aff0659ed46c898f', 'session_id': 'a99f5fe5-bb4e-475f-95f0-9bf1e565c9e9', 'image_width': 100, 'image_height': 100}","{'skeletonization_time_ms': 61.65725, 'contour_analysis_time_ms': 605.232667, 'classification_time_ms': 770.693042}",0,False
success,5eb377e1-2b44-4413-85d2-5a92c4f4df7a,,/opt/nuclio/shared_storage/mnist_all/6/mnist_test_6_00569.png,6,"[{""concept_id"": ""2_1"", ""is_minor"": true, ""message"": ""Similarity between image and concept 2_1: 0.5199"", ""similarity"": 0.5199, ""concept_complexity"": 13, ""image_complexity"": 17}, {""concept_id"": ""5_1"", ""is_minor"": true, ""message"": ""Similarity between image and concept 5_1: 0.4178"", ""similarity"": 0.4178, ""concept_complexity"": 17, ""image_complexity"": 17}, {""concept_id"": ""7_1"", ""is_minor"": true, ""message"": ""Similarity between image and concept 7_1: 0.4234"", ""similarity"": 0.4234, ""concept_complexity"": 9, ""image_complexity"": 17}, {""concept_id"": ""1_3"", ""is_minor"": true, ""message"": ""Similarity between image and concept 1_3: 0.4119"", ""similarity"": 0.4119, ""concept_complexity"": 5, ""image_complexity"": 17}, {""concept_id"": ""1_1"", ""is_minor"": false, ""message"": ""Preprocessing failed: Concept has more endpoints than image."", ""similarity"": 0.0, ""concept_complexity"": 0, ""image_complexity"": 0}, {""concept_id"": ""4_1"", ""is_minor"": false, ""message"": ""Preprocessing failed: Concept has intersection points but image does not."", ""similarity"": 0.0, ""concept_complexity"": 0, ""image_complexity"": 0}, {""concept_id"": ""4_2"", ""is_minor"": false, ""message"": ""Preprocessing failed: Concept has more endpoints than image."", ""similarity"": 0.0, ""concept_complexity"": 0, ""image_complexity"": 0}, {""concept_id"": ""9_2"", ""is_minor"": false, ""message"": ""Preprocessing failed: Concept has intersection points but image does not."", ""similarity"": 0.0, ""concept_complexity"": 0, ""image_complexity"": 0}]","{'ged_timeout': 5, 'skeletonization_threshold': 110, 'simplification_epsilon': 4.55, 'comparison_method': 'ged', 'fgw_alpha': 0.5, 'image_path': '/opt/nuclio/shared_storage/mnist_all/6/mnist_test_6_00569.png', 'image_id': '5eb377e1-2b44-4413-85d2-5a92c4f4df7a', 'diagnostic_weight_epsilon': 1.0, 'range_penalty_factor': 0.5, 'node_costs': {'NO_COST': 0.0, 'MINOR': 0.65, 'GENERAL': 0.75, 'SEVERE': 1.0, 'NO_MATCH': 1.5, 'IMPOSSIBLE': 10.0}, 'features': ['normalized_x', 'normalized_y', 'distance_to_centroid', 'horizontal_direction', 'vertical_direction', 'angle_with_ox', 'junction_angle_min', 'is_endpoint', 'is_corner', 'length_ratio_to_max', 'eccentricity', 'avg_neighbor_vector_length', 'neighbor_endpoint_count', 'neighbor_junction_count'], 'mlflow_experiment_id': '4', 'mlflow_run_id': 'b586b24a868744d3aff0659ed46c898f', 'session_id': '14855a74-fd19-44d4-b865-04017fa2a152', 'image_width': 100, 'image_height': 100}","{'skeletonization_time_ms': 149.620625, 'contour_analysis_time_ms': 706.526751, 'classification_time_ms': 78.2165}",2,False
success,94503aa9-3c09-4258-9e5f-79db698c4107,,/opt/nuclio/shared_storage/mnist_all/7/mnist_test_7_00495.png,7,"[{""concept_id"": ""4_2"", ""is_minor"": true, ""message"": ""Similarity between image and concept 4_2: 0.6238"", ""similarity"": 0.6238, ""concept_complexity"": 13, ""image_complexity"": 25}, {""concept_id"": ""5_1"", ""is_minor"": true, ""message"": ""Similarity between image and concept 5_1: 0.4812"", ""similarity"": 0.4812, ""concept_complexity"": 17, ""image_complexity"": 25}, {""concept_id"": ""2_1"", ""is_minor"": true, ""message"": ""Similarity between image and concept 2_1: 0.4695"", ""similarity"": 0.4695, ""concept_complexity"": 13, ""image_complexity"": 25}, {""concept_id"": ""7_1"", ""is_minor"": true, ""message"": ""Similarity between image and concept 7_1: 0.4407"", ""similarity"": 0.4407, ""concept_complexity"": 9, ""image_complexity"": 25}, {""concept_id"": ""1_1"", ""is_minor"": true, ""message"": ""Similarity between image and concept 1_1: 0.3652"", ""similarity"": 0.3652, ""concept_complexity"": 13, ""image_complexity"": 25}, {""concept_id"": ""1_3"", ""is_minor"": true, ""message"": ""Similarity between image and concept 1_3: 0.411"", ""similarity"": 0.411, ""concept_complexity"": 5, ""image_complexity"": 25}, {""concept_id"": ""0_1"", ""is_minor"": false, ""message"": ""Preprocessing failed: Concept has corner points but image does not."", ""similarity"": 0.0, ""concept_complexity"": 0, ""image_complexity"": 0}, {""concept_id"": ""2_2"", ""is_minor"": false, ""message"": ""Preprocessing failed: Concept has intersection points but image does not."", ""similarity"": 0.0, ""concept_complexity"": 0, ""image_complexity"": 0}, {""concept_id"": ""3_1"", ""is_minor"": false, ""message"": ""Preprocessing failed: Concept has more corner points than image."", ""similarity"": 0.0, ""concept_complexity"": 0, ""image_complexity"": 0}, {""concept_id"": ""4_1"", ""is_minor"": false, ""message"": ""Preprocessing failed: Concept has intersection points but image does not."", ""similarity"": 0.0, ""concept_complexity"": 0, ""image_complexity"": 0}, {""concept_id"": ""6_1"", ""is_minor"": false, ""message"": ""Preprocessing failed: Concept has intersection points but image does not."", ""similarity"": 0.0, ""concept_complexity"": 0, ""image_complexity"": 0}, {""concept_id"": ""8_2"", ""is_minor"": false, ""message"": ""Preprocessing failed: Concept has intersection points but image does not."", ""similarity"": 0.0, ""concept_complexity"": 0, ""image_complexity"": 0}, {""concept_id"": ""9_2"", ""is_minor"": false, ""message"": ""Preprocessing failed: Concept has intersection points but image does not."", ""similarity"": 0.0, ""concept_complexity"": 0, ""image_complexity"": 0}]","{'ged_timeout': 5, 'skeletonization_threshold': 110, 'simplification_epsilon': 4.55, 'comparison_method': 'ged', 'fgw_alpha': 0.5, 'image_path': '/opt/nuclio/shared_storage/mnist_all/7/mnist_test_7_00495.png', 'image_id': '94503aa9-3c09-4258-9e5f-79db698c4107', 'diagnostic_weight_epsilon': 1.0, 'range_penalty_factor': 0.5, 'node_costs': {'NO_COST': 0.0, 'MINOR': 0.65, 'GENERAL': 0.75, 'SEVERE': 1.0, 'NO_MATCH': 1.5, 'IMPOSSIBLE': 10.0}, 'features': ['normalized_x', 'normalized_y', 'distance_to_centroid', 'horizontal_direction', 'vertical_direction', 'angle_with_ox', 'junction_angle_min', 'is_endpoint', 'is_corner', 'length_ratio_to_max', 'eccentricity', 'avg_neighbor_vector_length', 'neighbor_endpoint_count', 'neighbor_junction_count'], 'mlflow_experiment_id': '4', 'mlflow_run_id': 'b586b24a868744d3aff0659ed46c898f', 'session_id': '0a9fcd4d-c320-47d7-9e08-ed484d1a9cc6', 'image_width': 100, 'image_height': 100}","{'skeletonization_time_ms': 245.227, 'contour_analysis_time_ms': 862.487958, 'classification_time_ms': 97.009916}",4,False
success,7f4275e5-c0b2-4ff8-ae18-d1a9fd837602,,/opt/nuclio/shared_storage/mnist_all/7/mnist_test_7_00684.png,7,"[{""concept_id"": ""4_2"", ""is_minor"": true, ""message"": ""Similarity between image and concept 4_2: 0.6019"", ""similarity"": 0.6019, ""concept_complexity"": 13, ""image_complexity"": 21}, {""concept_id"": ""7_1"", ""is_minor"": true, ""message"": ""Similarity between image and concept 7_1: 0.6066"", ""similarity"": 0.6066, ""concept_complexity"": 9, ""image_complexity"": 21}, {""concept_id"": ""2_1"", ""is_minor"": true, ""message"": ""Similarity between image and concept 2_1: 0.4102"", ""similarity"": 0.4102, ""concept_complexity"": 13, ""image_complexity"": 21}, {""concept_id"": ""1_1"", ""is_minor"": true, ""message"": ""Similarity between image and concept 1_1: 0.3418"", ""similarity"": 0.3418, ""concept_complexity"": 13, ""image_complexity"": 21}, {""concept_id"": ""1_3"", ""is_minor"": true, ""message"": ""Similarity between image and concept 1_3: 0.2371"", ""similarity"": 0.2371, ""concept_complexity"": 5, ""image_complexity"": 21}, {""concept_id"": ""0_1"", ""is_minor"": false, ""message"": ""Preprocessing failed: Concept has corner points but image does not."", ""similarity"": 0.0, ""concept_complexity"": 0, ""image_complexity"": 0}, {""concept_id"": ""2_2"", ""is_minor"": false, ""message"": ""Preprocessing failed: Concept has intersection points but image does not."", ""similarity"": 0.0, ""concept_complexity"": 0, ""image_complexity"": 0}, {""concept_id"": ""3_1"", ""is_minor"": false, ""message"": ""Preprocessing failed: Concept has more corner points than image."", ""similarity"": 0.0, ""concept_complexity"": 0, ""image_complexity"": 0}, {""concept_id"": ""4_1"", ""is_minor"": false, ""message"": ""Preprocessing failed: Concept has intersection points but image does not."", ""similarity"": 0.0, ""concept_complexity"": 0, ""image_complexity"": 0}, {""concept_id"": ""5_1"", ""is_minor"": false, ""message"": ""Preprocessing failed: Concept has more corner points than image."", ""similarity"": 0.0, ""concept_complexity"": 0, ""image_complexity"": 0}, {""concept_id"": ""6_1"", ""is_minor"": false, ""message"": ""Preprocessing failed: Concept has intersection points but image does not."", ""similarity"": 0.0, ""concept_complexity"": 0, ""image_complexity"": 0}, {""concept_id"": ""8_2"", ""is_minor"": false, ""message"": ""Preprocessing failed: Concept has intersection points but image does not."", ""similarity"": 0.0, ""concept_complexity"": 0, ""image_complexity"": 0}, {""concept_id"": ""9_2"", ""is_minor"": false, ""message"": ""Preprocessing failed: Concept has intersection points but image does not."", ""similarity"": 0.0, ""concept_complexity"": 0, ""image_complexity"": 0}]","{'ged_timeout': 5, 'skeletonization_threshold': 110, 'simplification_epsilon': 4.55, 'comparison_method': 'ged', 'fgw_alpha': 0.5, 'image_path': '/opt/nuclio/shared_storage/mnist_all/7/mnist_test_7_00684.png', 'image_id': '7f4275e5-c0b2-4ff8-ae18-d1a9fd837602', 'diagnostic_weight_epsilon': 1.0, 'range_penalty_factor': 0.5, 'node_costs': {'NO_COST': 0.0, 'MINOR': 0.65, 'GENERAL': 0.75, 'SEVERE': 1.0, 'NO_MATCH': 1.5, 'IMPOSSIBLE': 10.0}, 'features': ['normalized_x', 'normalized_y', 'distance_to_centroid', 'horizontal_direction', 'vertical_direction', 'angle_with_ox', 'junction_angle_min', 'is_endpoint', 'is_corner', 'length_ratio_to_max', 'eccentricity', 'avg_neighbor_vector_length', 'neighbor_endpoint_count', 'neighbor_junction_count'], 'mlflow_experiment_id': '4', 'mlflow_run_id': 'b586b24a868744d3aff0659ed46c898f', 'session_id': 'e6cd9df1-ba79-4bff-b5dc-381a8b5a7c4f', 'image_width': 100, 'image_height': 100}","{'skeletonization_time_ms': 41.956166, 'contour_analysis_time_ms': 386.211917, 'classification_time_ms': 161.033958}",4,False
success,632a439b-f3e9-486a-b1db-0f17950b0fa2,,/opt/nuclio/shared_storage/mnist_all/6/mnist_test_6_00945.png,6,"[{""concept_id"": ""0_1"", ""is_minor"": true, ""message"": ""Similarity between image and concept 0_1: 0.614"", ""similarity"": 0.614, ""concept_complexity"": 20, ""image_complexity"": 32}, {""concept_id"": ""6_1"", ""is_minor"": true, ""message"": ""Similarity between image and concept 6_1: 0.5979"", ""similarity"": 0.5979, ""concept_complexity"": 20, ""image_complexity"": 32}, {""concept_id"": ""8_1"", ""is_minor"": true, ""message"": ""Similarity between image and concept 8_1: 0.5508"", ""similarity"": 0.5508, ""concept_complexity"": 27, ""image_complexity"": 32}, {""concept_id"": ""9_2"", ""is_minor"": true, ""message"": ""Similarity between image and concept 9_2: 0.548"", ""similarity"": 0.548, ""concept_complexity"": 16, ""image_complexity"": 32}, {""concept_id"": ""4_1"", ""is_minor"": true, ""message"": ""Similarity between image and concept 4_1: 0.527"", ""similarity"": 0.527, ""concept_complexity"": 16, ""image_complexity"": 32}, {""concept_id"": ""1_1"", ""is_minor"": false, ""message"": ""Preprocessing failed: Concept has endpoints but image does not."", ""similarity"": 0.0, ""concept_complexity"": 0, ""image_complexity"": 0}, {""concept_id"": ""1_3"", ""is_minor"": false, ""message"": ""Preprocessing failed: Concept has endpoints but image does not."", ""similarity"": 0.0, ""concept_complexity"": 0, ""image_complexity"": 0}, {""concept_id"": ""2_1"", ""is_minor"": false, ""message"": ""Preprocessing failed: Concept has endpoints but image does not."", ""similarity"": 0.0, ""concept_complexity"": 0, ""image_complexity"": 0}, {""concept_id"": ""2_2"", ""is_minor"": false, ""message"": ""Preprocessing failed: Concept has corner points but image does not."", ""similarity"": 0.0, ""concept_complexity"": 0, ""image_complexity"": 0}, {""concept_id"": ""3_1"", ""is_minor"": false, ""message"": ""Preprocessing failed: Concept has endpoints but image does not."", ""similarity"": 0.0, ""concept_complexity"": 0, ""image_complexity"": 0}, {""concept_id"": ""4_2"", ""is_minor"": false, ""message"": ""Preprocessing failed: Concept has endpoints but image does not."", ""similarity"": 0.0, ""concept_complexity"": 0, ""image_complexity"": 0}, {""concept_id"": ""5_1"", ""is_minor"": false, ""message"": ""Preprocessing failed: Concept has endpoints but image does not."", ""similarity"": 0.0, ""concept_complexity"": 0, ""image_complexity"": 0}, {""concept_id"": ""7_1"", ""is_minor"": false, ""message"": ""Preprocessing failed: Concept has endpoints but image does not."", ""similarity"": 0.0, ""concept_complexity"": 0, ""image_complexity"": 0}, {""concept_id"": ""8_2"", ""is_minor"": false, ""message"": ""Preprocessing failed: Concept has endpoints but image does not."", ""similarity"": 0.0, ""concept_complexity"": 0, ""image_complexity"": 0}]","{'ged_timeout': 5, 'skeletonization_threshold': 110, 'simplification_epsilon': 4.55, 'comparison_method': 'ged', 'fgw_alpha': 0.5, 'image_path': '/opt/nuclio/shared_storage/mnist_all/6/mnist_test_6_00945.png', 'image_id': '632a439b-f3e9-486a-b1db-0f17950b0fa2', 'diagnostic_weight_epsilon': 1.0, 'range_penalty_factor': 0.5, 'node_costs': {'NO_COST': 0.0, 'MINOR': 0.65, 'GENERAL': 0.75, 'SEVERE': 1.0, 'NO_MATCH': 1.5, 'IMPOSSIBLE': 10.0}, 'features': ['normalized_x', 'normalized_y', 'distance_to_centroid', 'horizontal_direction', 'vertical_direction', 'angle_with_ox', 'junction_angle_min', 'is_endpoint', 'is_corner', 'length_ratio_to_max', 'eccentricity', 'avg_neighbor_vector_length', 'neighbor_endpoint_count', 'neighbor_junction_count'], 'mlflow_experiment_id': '4', 'mlflow_run_id': 'b586b24a868744d3aff0659ed46c898f', 'session_id': '184c8528-db87-4ec6-b2a4-ddd24da8605e', 'image_width': 100, 'image_height': 100}","{'skeletonization_time_ms': 285.828875, 'contour_analysis_time_ms': 501.788583, 'classification_time_ms': 1851.09771}",0,False
success,2fdf3ad1-1ac2-4035-854e-51705a67efa6,,/opt/nuclio/shared_storage/mnist_all/6/mnist_test_6_00536.png,6,"[{""concept_id"": ""9_2"", ""is_minor"": true, ""message"": ""Similarity between image and concept 9_2: 0.4025"", ""similarity"": 0.4025, ""concept_complexity"": 16, ""image_complexity"": 20}, {""concept_id"": ""2_2"", ""is_minor"": true, ""message"": ""Similarity between image and concept 2_2: 0.3574"", ""similarity"": 0.3574, ""concept_complexity"": 20, ""image_complexity"": 20}, {""concept_id"": ""4_1"", ""is_minor"": true, ""message"": ""Similarity between image and concept 4_1: 0.3706"", ""similarity"": 0.3706, ""concept_complexity"": 16, ""image_complexity"": 20}, {""concept_id"": ""0_1"", ""is_minor"": true, ""message"": ""Similarity between image and concept 0_1: 0.3134"", ""similarity"": 0.3134, ""concept_complexity"": 20, ""image_complexity"": 20}, {""concept_id"": ""1_1"", ""is_minor"": false, ""message"": ""Preprocessing failed: Concept has endpoints but image does not."", ""similarity"": 0.0, ""concept_complexity"": 0, ""image_complexity"": 0}, {""concept_id"": ""1_3"", ""is_minor"": false, ""message"": ""Preprocessing failed: Concept has endpoints but image does not."", ""similarity"": 0.0, ""concept_complexity"": 0, ""image_complexity"": 0}, {""concept_id"": ""2_1"", ""is_minor"": false, ""message"": ""Preprocessing failed: Concept has endpoints but image does not."", ""similarity"": 0.0, ""concept_complexity"": 0, ""image_complexity"": 0}, {""concept_id"": ""4_2"", ""is_minor"": false, ""message"": ""Preprocessing failed: Concept has endpoints but image does not."", ""similarity"": 0.0, ""concept_complexity"": 0, ""image_complexity"": 0}, {""concept_id"": ""5_1"", ""is_minor"": false, ""message"": ""Preprocessing failed: Concept has endpoints but image does not."", ""similarity"": 0.0, ""concept_complexity"": 0, ""image_complexity"": 0}, {""concept_id"": ""6_1"", ""is_minor"": false, ""message"": ""Preprocessing failed: Concept has more corner points than image."", ""similarity"": 0.0, ""concept_complexity"": 0, ""image_complexity"": 0}, {""concept_id"": ""7_1"", ""is_minor"": false, ""message"": ""Preprocessing failed: Concept has endpoints but image does not."", ""similarity"": 0.0, ""concept_complexity"": 0, ""image_complexity"": 0}, {""concept_id"": ""8_2"", ""is_minor"": false, ""message"": ""Preprocessing failed: Concept has endpoints but image does not."", ""similarity"": 0.0, ""concept_complexity"": 0, ""image_complexity"": 0}]","{'ged_timeout': 5, 'skeletonization_threshold': 110, 'simplification_epsilon': 4.55, 'comparison_method': 'ged', 'fgw_alpha': 0.5, 'image_path': '/opt/nuclio/shared_storage/mnist_all/6/mnist_test_6_00536.png', 'image_id': '2fdf3ad1-1ac2-4035-854e-51705a67efa6', 'diagnostic_weight_epsilon': 1.0, 'range_penalty_factor': 0.5, 'node_costs': {'NO_COST': 0.0, 'MINOR': 0.65, 'GENERAL': 0.75, 'SEVERE': 1.0, 'NO_MATCH': 1.5, 'IMPOSSIBLE': 10.0}, 'features': ['normalized_x', 'normalized_y', 'distance_to_centroid', 'horizontal_direction', 'vertical_direction', 'angle_with_ox', 'junction_angle_min', 'is_endpoint', 'is_corner', 'length_ratio_to_max', 'eccentricity', 'avg_neighbor_vector_length', 'neighbor_endpoint_count', 'neighbor_junction_count'], 'mlflow_experiment_id': '4', 'mlflow_run_id': 'b586b24a868744d3aff0659ed46c898f', 'session_id': '2e08551b-ae4a-48dc-87ff-d5d9cb79168f', 'image_width': 100, 'image_height': 100}","{'skeletonization_time_ms': 39.89025, 'contour_analysis_time_ms': 901.249792, 'classification_time_ms': 334.397875}",9,False
success,8a47337c-0b3c-4844-aeb0-d81a59a5d7f8,,/opt/nuclio/shared_storage/mnist_all/2/mnist_test_2_00566.png,2,"[{""concept_id"": ""6_1"", ""is_minor"": true, ""message"": ""Similarity between image and concept 6_1: 0.4952"", ""similarity"": 0.4952, ""concept_complexity"": 20, ""image_complexity"": 36}, {""concept_id"": ""2_2"", ""is_minor"": true, ""message"": ""Similarity between image and concept 2_2: 0.4617"", ""similarity"": 0.4617, ""concept_complexity"": 20, ""image_complexity"": 36}, {""concept_id"": ""0_1"", ""is_minor"": true, ""message"": ""Similarity between image and concept 0_1: 0.4511"", ""similarity"": 0.4511, ""concept_complexity"": 20, ""image_complexity"": 36}, {""concept_id"": ""8_1"", ""is_minor"": true, ""message"": ""Similarity between image and concept 8_1: 0.4177"", ""similarity"": 0.4177, ""concept_complexity"": 27, ""image_complexity"": 36}, {""concept_id"": ""9_2"", ""is_minor"": true, ""message"": ""Similarity between image and concept 9_2: 0.4435"", ""similarity"": 0.4435, ""concept_complexity"": 16, ""image_complexity"": 36}, {""concept_id"": ""4_1"", ""is_minor"": true, ""message"": ""Similarity between image and concept 4_1: 0.4125"", ""similarity"": 0.4125, ""concept_complexity"": 16, ""image_complexity"": 36}, {""concept_id"": ""1_1"", ""is_minor"": false, ""message"": ""Preprocessing failed: Concept has endpoints but image does not."", ""similarity"": 0.0, ""concept_complexity"": 0, ""image_complexity"": 0}, {""concept_id"": ""1_3"", ""is_minor"": false, ""message"": ""Preprocessing failed: Concept has endpoints but image does not."", ""similarity"": 0.0, ""concept_complexity"": 0, ""image_complexity"": 0}, {""concept_id"": ""2_1"", ""is_minor"": false, ""message"": ""Preprocessing failed: Concept has endpoints but image does not."", ""similarity"": 0.0, ""concept_complexity"": 0, ""image_complexity"": 0}, {""concept_id"": ""3_1"", ""is_minor"": false, ""message"": ""Preprocessing failed: Concept has endpoints but image does not."", ""similarity"": 0.0, ""concept_complexity"": 0, ""image_complexity"": 0}, {""concept_id"": ""4_2"", ""is_minor"": false, ""message"": ""Preprocessing failed: Concept has endpoints but image does not."", ""similarity"": 0.0, ""concept_complexity"": 0, ""image_complexity"": 0}, {""concept_id"": ""5_1"", ""is_minor"": false, ""message"": ""Preprocessing failed: Concept has endpoints but image does not."", ""similarity"": 0.0, ""concept_complexity"": 0, ""image_complexity"": 0}, {""concept_id"": ""7_1"", ""is_minor"": false, ""message"": ""Preprocessing failed: Concept has endpoints but image does not."", ""similarity"": 0.0, ""concept_complexity"": 0, ""image_complexity"": 0}, {""concept_id"": ""8_2"", ""is_minor"": false, ""message"": ""Preprocessing failed: Concept has endpoints but image does not."", ""similarity"": 0.0, ""concept_complexity"": 0, ""image_complexity"": 0}]","{'ged_timeout': 5, 'skeletonization_threshold': 110, 'simplification_epsilon': 4.55, 'comparison_method': 'ged', 'fgw_alpha': 0.5, 'image_path': '/opt/nuclio/shared_storage/mnist_all/2/mnist_test_2_00566.png', 'image_id': '8a47337c-0b3c-4844-aeb0-d81a59a5d7f8', 'diagnostic_weight_epsilon': 1.0, 'range_penalty_factor': 0.5, 'node_costs': {'NO_COST': 0.0, 'MINOR': 0.65, 'GENERAL': 0.75, 'SEVERE': 1.0, 'NO_MATCH': 1.5, 'IMPOSSIBLE': 10.0}, 'features': ['normalized_x', 'normalized_y', 'distance_to_centroid', 'horizontal_direction', 'vertical_direction', 'angle_with_ox', 'junction_angle_min', 'is_endpoint', 'is_corner', 'length_ratio_to_max', 'eccentricity', 'avg_neighbor_vector_length', 'neighbor_endpoint_count', 'neighbor_junction_count'], 'mlflow_experiment_id': '4', 'mlflow_run_id': 'b586b24a868744d3aff0659ed46c898f', 'session_id': 'd64c4cf9-d595-4b13-87e8-304950e425a0', 'image_width': 100, 'image_height': 100}","{'skeletonization_time_ms': 148.896583, 'contour_analysis_time_ms': 673.068709, 'classification_time_ms': 7372.963378}",6,False
success,1cd26076-9ce7-4181-8d29-699a636c7e49,,/opt/nuclio/shared_storage/mnist_all/7/mnist_test_7_00274.png,7,"[{""concept_id"": ""4_2"", ""is_minor"": true, ""message"": ""Similarity between image and concept 4_2: 0.5608"", ""similarity"": 0.5608, ""concept_complexity"": 13, ""image_complexity"": 25}, {""concept_id"": ""7_1"", ""is_minor"": true, ""message"": ""Similarity between image and concept 7_1: 0.5298"", ""similarity"": 0.5298, ""concept_complexity"": 9, ""image_complexity"": 25}, {""concept_id"": ""2_1"", ""is_minor"": true, ""message"": ""Similarity between image and concept 2_1: 0.472"", ""similarity"": 0.472, ""concept_complexity"": 13, ""image_complexity"": 25}, {""concept_id"": ""5_1"", ""is_minor"": true, ""message"": ""Similarity between image and concept 5_1: 0.3308"", ""similarity"": 0.3308, ""concept_complexity"": 17, ""image_complexity"": 25}, {""concept_id"": ""1_3"", ""is_minor"": true, ""message"": ""Similarity between image and concept 1_3: 0.4259"", ""similarity"": 0.4259, ""concept_complexity"": 5, ""image_complexity"": 25}, {""concept_id"": ""1_1"", ""is_minor"": true, ""message"": ""Similarity between image and concept 1_1: 0.3169"", ""similarity"": 0.3169, ""concept_complexity"": 13, ""image_complexity"": 25}, {""concept_id"": ""0_1"", ""is_minor"": false, ""message"": ""Preprocessing failed: Concept has corner points but image does not."", ""similarity"": 0.0, ""concept_complexity"": 0, ""image_complexity"": 0}, {""concept_id"": ""2_2"", ""is_minor"": false, ""message"": ""Preprocessing failed: Concept has intersection points but image does not."", ""similarity"": 0.0, ""concept_complexity"": 0, ""image_complexity"": 0}, {""concept_id"": ""3_1"", ""is_minor"": false, ""message"": ""Preprocessing failed: Concept has more corner points than image."", ""similarity"": 0.0, ""concept_complexity"": 0, ""image_complexity"": 0}, {""concept_id"": ""4_1"", ""is_minor"": false, ""message"": ""Preprocessing failed: Concept has intersection points but image does not."", ""similarity"": 0.0, ""concept_complexity"": 0, ""image_complexity"": 0}, {""concept_id"": ""6_1"", ""is_minor"": false, ""message"": ""Preprocessing failed: Concept has intersection points but image does not."", ""similarity"": 0.0, ""concept_complexity"": 0, ""image_complexity"": 0}, {""concept_id"": ""8_2"", ""is_minor"": false, ""message"": ""Preprocessing failed: Concept has intersection points but image does not."", ""similarity"": 0.0, ""concept_complexity"": 0, ""image_complexity"": 0}, {""concept_id"": ""9_2"", ""is_minor"": false, ""message"": ""Preprocessing failed: Concept has intersection points but image does not."", ""similarity"": 0.0, ""concept_complexity"": 0, ""image_complexity"": 0}]","{'ged_timeout': 5, 'skeletonization_threshold': 110, 'simplification_epsilon': 4.55, 'comparison_method': 'ged', 'fgw_alpha': 0.5, 'image_path': '/opt/nuclio/shared_storage/mnist_all/7/mnist_test_7_00274.png', 'image_id': '1cd26076-9ce7-4181-8d29-699a636c7e49', 'diagnostic_weight_epsilon': 1.0, 'range_penalty_factor': 0.5, 'node_costs': {'NO_COST': 0.0, 'MINOR': 0.65, 'GENERAL': 0.75, 'SEVERE': 1.0, 'NO_MATCH': 1.5, 'IMPOSSIBLE': 10.0}, 'features': ['normalized_x', 'normalized_y', 'distance_to_centroid', 'horizontal_direction', 'vertical_direction', 'angle_with_ox', 'junction_angle_min', 'is_endpoint', 'is_corner', 'length_ratio_to_max', 'eccentricity', 'avg_neighbor_vector_length', 'neighbor_endpoint_count', 'neighbor_junction_count'], 'mlflow_experiment_id': '4', 'mlflow_run_id': 'b586b24a868744d3aff0659ed46c898f', 'session_id': '47b82eee-9c67-4fdc-b19d-2beeb0d62f8b', 'image_width': 100, 'image_height': 100}","{'skeletonization_time_ms': 453.34525, 'contour_analysis_time_ms': 949.311626, 'classification_time_ms': 133.879667}",4,False
success,4cf3b151-f98d-47f3-b5a1-d9760b859555,,/opt/nuclio/shared_storage/mnist_all/7/mnist_test_7_00831.png,7,"[{""concept_id"": ""2_1"", ""is_minor"": true, ""message"": ""Similarity between image and concept 2_1: 0.5176"", ""similarity"": 0.5176, ""concept_complexity"": 13, ""image_complexity"": 25}, {""concept_id"": ""7_1"", ""is_minor"": true, ""message"": ""Similarity between image and concept 7_1: 0.5482"", ""similarity"": 0.5482, ""concept_complexity"": 9, ""image_complexity"": 25}, {""concept_id"": ""4_2"", ""is_minor"": true, ""message"": ""Similarity between image and concept 4_2: 0.5024"", ""similarity"": 0.5024, ""concept_complexity"": 13, ""image_complexity"": 25}, {""concept_id"": ""3_1"", ""is_minor"": true, ""message"": ""Similarity between image and concept 3_1: 0.3905"", ""similarity"": 0.3905, ""concept_complexity"": 21, ""image_complexity"": 25}, {""concept_id"": ""5_1"", ""is_minor"": true, ""message"": ""Similarity between image and concept 5_1: 0.3922"", ""similarity"": 0.3922, ""concept_complexity"": 17, ""image_complexity"": 25}, {""concept_id"": ""1_3"", ""is_minor"": true, ""message"": ""Similarity between image and concept 1_3: 0.4309"", ""similarity"": 0.4309, ""concept_complexity"": 5, ""image_complexity"": 25}, {""concept_id"": ""0_1"", ""is_minor"": false, ""message"": ""Preprocessing failed: Concept has corner points but image does not."", ""similarity"": 0.0, ""concept_complexity"": 0, ""image_complexity"": 0}, {""concept_id"": ""1_1"", ""is_minor"": false, ""message"": ""Preprocessing failed: Concept has more endpoints than image."", ""similarity"": 0.0, ""concept_complexity"": 0, ""image_complexity"": 0}, {""concept_id"": ""2_2"", ""is_minor"": false, ""message"": ""Preprocessing failed: Concept has intersection points but image does not."", ""similarity"": 0.0, ""concept_complexity"": 0, ""image_complexity"": 0}, {""concept_id"": ""4_1"", ""is_minor"": false, ""message"": ""Preprocessing failed: Concept has intersection points but image does not."", ""similarity"": 0.0, ""concept_complexity"": 0, ""image_complexity"": 0}, {""concept_id"": ""6_1"", ""is_minor"": false, ""message"": ""Preprocessing failed: Concept has intersection points but image does not."", ""similarity"": 0.0, ""concept_complexity"": 0, ""image_complexity"": 0}, {""concept_id"": ""8_2"", ""is_minor"": false, ""message"": ""Preprocessing failed: Concept has intersection points but image does not."", ""similarity"": 0.0, ""concept_complexity"": 0, ""image_complexity"": 0}, {""concept_id"": ""9_2"", ""is_minor"": false, ""message"": ""Preprocessing failed: Concept has intersection points but image does not."", ""similarity"": 0.0, ""concept_complexity"": 0, ""image_complexity"": 0}]","{'ged_timeout': 5, 'skeletonization_threshold': 110, 'simplification_epsilon': 4.55, 'comparison_method': 'ged', 'fgw_alpha': 0.5, 'image_path': '/opt/nuclio/shared_storage/mnist_all/7/mnist_test_7_00831.png', 'image_id': '4cf3b151-f98d-47f3-b5a1-d9760b859555', 'diagnostic_weight_epsilon': 1.0, 'range_penalty_factor': 0.5, 'node_costs': {'NO_COST': 0.0, 'MINOR': 0.65, 'GENERAL': 0.75, 'SEVERE': 1.0, 'NO_MATCH': 1.5, 'IMPOSSIBLE': 10.0}, 'features': ['normalized_x', 'normalized_y', 'distance_to_centroid', 'horizontal_direction', 'vertical_direction', 'angle_with_ox', 'junction_angle_min', 'is_endpoint', 'is_corner', 'length_ratio_to_max', 'eccentricity', 'avg_neighbor_vector_length', 'neighbor_endpoint_count', 'neighbor_junction_count'], 'mlflow_experiment_id': '4', 'mlflow_run_id': 'b586b24a868744d3aff0659ed46c898f', 'session_id': '95f2328e-41d7-4bfa-9653-caecf481f5ca', 'image_width': 100, 'image_height': 100}","{'skeletonization_time_ms': 138.180917, 'contour_analysis_time_ms': 492.913833, 'classification_time_ms': 298.043625}",2,False
success,41f98b84-900e-49d5-8bf5-15e31cdf68e9,,/opt/nuclio/shared_storage/mnist_all/7/mnist_test_7_00016.png,7,"[{""concept_id"": ""4_2"", ""is_minor"": true, ""message"": ""Similarity between image and concept 4_2: 0.668"", ""similarity"": 0.668, ""concept_complexity"": 13, ""image_complexity"": 21}, {""concept_id"": ""7_1"", ""is_minor"": true, ""message"": ""Similarity between image and concept 7_1: 0.5665"", ""similarity"": 0.5665, ""concept_complexity"": 9, ""image_complexity"": 21}, {""concept_id"": ""2_1"", ""is_minor"": true, ""message"": ""Similarity between image and concept 2_1: 0.4261"", ""similarity"": 0.4261, ""concept_complexity"": 13, ""image_complexity"": 21}, {""concept_id"": ""1_1"", ""is_minor"": true, ""message"": ""Similarity between image and concept 1_1: 0.3846"", ""similarity"": 0.3846, ""concept_complexity"": 13, ""image_complexity"": 21}, {""concept_id"": ""1_3"", ""is_minor"": true, ""message"": ""Similarity between image and concept 1_3: 0.3782"", ""similarity"": 0.3782, ""concept_complexity"": 5, ""image_complexity"": 21}, {""concept_id"": ""0_1"", ""is_minor"": false, ""message"": ""Preprocessing failed: Concept has corner points but image does not."", ""similarity"": 0.0, ""concept_complexity"": 0, ""image_complexity"": 0}, {""concept_id"": ""2_2"", ""is_minor"": false, ""message"": ""Preprocessing failed: Concept has intersection points but image does not."", ""similarity"": 0.0, ""concept_complexity"": 0, ""image_complexity"": 0}, {""concept_id"": ""3_1"", ""is_minor"": false, ""message"": ""Preprocessing failed: Concept has more corner points than image."", ""similarity"": 0.0, ""concept_complexity"": 0, ""image_complexity"": 0}, {""concept_id"": ""4_1"", ""is_minor"": false, ""message"": ""Preprocessing failed: Concept has intersection points but image does not."", ""similarity"": 0.0, ""concept_complexity"": 0, ""image_complexity"": 0}, {""concept_id"": ""5_1"", ""is_minor"": false, ""message"": ""Preprocessing failed: Concept has more corner points than image."", ""similarity"": 0.0, ""concept_complexity"": 0, ""image_complexity"": 0}, {""concept_id"": ""6_1"", ""is_minor"": false, ""message"": ""Preprocessing failed: Concept has intersection points but image does not."", ""similarity"": 0.0, ""concept_complexity"": 0, ""image_complexity"": 0}, {""concept_id"": ""8_2"", ""is_minor"": false, ""message"": ""Preprocessing failed: Concept has intersection points but image does not."", ""similarity"": 0.0, ""concept_complexity"": 0, ""image_complexity"": 0}, {""concept_id"": ""9_2"", ""is_minor"": false, ""message"": ""Preprocessing failed: Concept has intersection points but image does not."", ""similarity"": 0.0, ""concept_complexity"": 0, ""image_complexity"": 0}]","{'ged_timeout': 5, 'skeletonization_threshold': 110, 'simplification_epsilon': 4.55, 'comparison_method': 'ged', 'fgw_alpha': 0.5, 'image_path': '/opt/nuclio/shared_storage/mnist_all/7/mnist_test_7_00016.png', 'image_id': '41f98b84-900e-49d5-8bf5-15e31cdf68e9', 'diagnostic_weight_epsilon': 1.0, 'range_penalty_factor': 0.5, 'node_costs': {'NO_COST': 0.0, 'MINOR': 0.65, 'GENERAL': 0.75, 'SEVERE': 1.0, 'NO_MATCH': 1.5, 'IMPOSSIBLE': 10.0}, 'features': ['normalized_x', 'normalized_y', 'distance_to_centroid', 'horizontal_direction', 'vertical_direction', 'angle_with_ox', 'junction_angle_min', 'is_endpoint', 'is_corner', 'length_ratio_to_max', 'eccentricity', 'avg_neighbor_vector_length', 'neighbor_endpoint_count', 'neighbor_junction_count'], 'mlflow_experiment_id': '4', 'mlflow_run_id': 'b586b24a868744d3aff0659ed46c898f', 'session_id': 'fc217d04-b08d-4fb9-86d9-f3dae68c1e78', 'image_width': 100, 'image_height': 100}","{'skeletonization_time_ms': 76.034667, 'contour_analysis_time_ms': 1079.782792, 'classification_time_ms': 310.350917}",4,False
success,389ef468-6162-4918-9220-7389aea32bf0,,/opt/nuclio/shared_storage/mnist_all/7/mnist_test_7_00459.png,7,"[{""concept_id"": ""2_1"", ""is_minor"": true, ""message"": ""Similarity between image and concept 2_1: 0.5269"", ""similarity"": 0.5269, ""concept_complexity"": 13, ""image_complexity"": 25}, {""concept_id"": ""4_2"", ""is_minor"": true, ""message"": ""Similarity between image and concept 4_2: 0.5118"", ""similarity"": 0.5118, ""concept_complexity"": 13, ""image_complexity"": 25}, {""concept_id"": ""7_1"", ""is_minor"": true, ""message"": ""Similarity between image and concept 7_1: 0.5156"", ""similarity"": 0.5156, ""concept_complexity"": 9, ""image_complexity"": 25}, {""concept_id"": ""3_1"", ""is_minor"": true, ""message"": ""Similarity between image and concept 3_1: 0.3482"", ""similarity"": 0.3482, ""concept_complexity"": 21, ""image_complexity"": 25}, {""concept_id"": ""5_1"", ""is_minor"": true, ""message"": ""Similarity between image and concept 5_1: 0.361"", ""similarity"": 0.361, ""concept_complexity"": 17, ""image_complexity"": 25}, {""concept_id"": ""1_1"", ""is_minor"": true, ""message"": ""Similarity between image and concept 1_1: 0.3725"", ""similarity"": 0.3725, ""concept_complexity"": 13, ""image_complexity"": 25}, {""concept_id"": ""1_3"", ""is_minor"": true, ""message"": ""Similarity between image and concept 1_3: 0.4312"", ""similarity"": 0.4312, ""concept_complexity"": 5, ""image_complexity"": 25}, {""concept_id"": ""0_1"", ""is_minor"": false, ""message"": ""Preprocessing failed: Concept has corner points but image does not."", ""similarity"": 0.0, ""concept_complexity"": 0, ""image_complexity"": 0}, {""concept_id"": ""2_2"", ""is_minor"": false, ""message"": ""Preprocessing failed: Concept has intersection points but image does not."", ""similarity"": 0.0, ""concept_complexity"": 0, ""image_complexity"": 0}, {""concept_id"": ""4_1"", ""is_minor"": false, ""message"": ""Preprocessing failed: Concept has intersection points but image does not."", ""similarity"": 0.0, ""concept_complexity"": 0, ""image_complexity"": 0}, {""concept_id"": ""6_1"", ""is_minor"": false, ""message"": ""Preprocessing failed: Concept has intersection points but image does not."", ""similarity"": 0.0, ""concept_complexity"": 0, ""image_complexity"": 0}, {""concept_id"": ""8_2"", ""is_minor"": false, ""message"": ""Preprocessing failed: Concept has intersection points but image does not."", ""similarity"": 0.0, ""concept_complexity"": 0, ""image_complexity"": 0}, {""concept_id"": ""9_2"", ""is_minor"": false, ""message"": ""Preprocessing failed: Concept has intersection points but image does not."", ""similarity"": 0.0, ""concept_complexity"": 0, ""image_complexity"": 0}]","{'ged_timeout': 5, 'skeletonization_threshold': 110, 'simplification_epsilon': 4.55, 'comparison_method': 'ged', 'fgw_alpha': 0.5, 'image_path': '/opt/nuclio/shared_storage/mnist_all/7/mnist_test_7_00459.png', 'image_id': '389ef468-6162-4918-9220-7389aea32bf0', 'diagnostic_weight_epsilon': 1.0, 'range_penalty_factor': 0.5, 'node_costs': {'NO_COST': 0.0, 'MINOR': 0.65, 'GENERAL': 0.75, 'SEVERE': 1.0, 'NO_MATCH': 1.5, 'IMPOSSIBLE': 10.0}, 'features': ['normalized_x', 'normalized_y', 'distance_to_centroid', 'horizontal_direction', 'vertical_direction', 'angle_with_ox', 'junction_angle_min', 'is_endpoint', 'is_corner', 'length_ratio_to_max', 'eccentricity', 'avg_neighbor_vector_length', 'neighbor_endpoint_count', 'neighbor_junction_count'], 'mlflow_experiment_id': '4', 'mlflow_run_id': 'b586b24a868744d3aff0659ed46c898f', 'session_id': 'cb33bbf1-7518-49d3-98f3-29b06f10c76f', 'image_width': 100, 'image_height': 100}","{'skeletonization_time_ms': 141.213458, 'contour_analysis_time_ms': 837.220833, 'classification_time_ms': 338.667625}",2,False
success,0941888e-8ac7-4be7-8361-e59d4cd6d791,,/opt/nuclio/shared_storage/mnist_all/7/mnist_test_7_00285.png,7,"[{""concept_id"": ""4_2"", ""is_minor"": true, ""message"": ""Similarity between image and concept 4_2: 0.5861"", ""similarity"": 0.5861, ""concept_complexity"": 13, ""image_complexity"": 25}, {""concept_id"": ""1_1"", ""is_minor"": true, ""message"": ""Similarity between image and concept 1_1: 0.4482"", ""similarity"": 0.4482, ""concept_complexity"": 13, ""image_complexity"": 25}, {""concept_id"": ""2_1"", ""is_minor"": true, ""message"": ""Similarity between image and concept 2_1: 0.4018"", ""similarity"": 0.4018, ""concept_complexity"": 13, ""image_complexity"": 25}, {""concept_id"": ""7_1"", ""is_minor"": true, ""message"": ""Similarity between image and concept 7_1: 0.4276"", ""similarity"": 0.4276, ""concept_complexity"": 9, ""image_complexity"": 25}, {""concept_id"": ""1_3"", ""is_minor"": true, ""message"": ""Similarity between image and concept 1_3: 0.3605"", ""similarity"": 0.3605, ""concept_complexity"": 5, ""image_complexity"": 25}, {""concept_id"": ""0_1"", ""is_minor"": false, ""message"": ""Preprocessing failed: Concept has corner points but image does not."", ""similarity"": 0.0, ""concept_complexity"": 0, ""image_complexity"": 0}, {""concept_id"": ""2_2"", ""is_minor"": false, ""message"": ""Preprocessing failed: Concept has intersection points but image does not."", ""similarity"": 0.0, ""concept_complexity"": 0, ""image_complexity"": 0}, {""concept_id"": ""3_1"", ""is_minor"": false, ""message"": ""Preprocessing failed: Concept has more corner points than image."", ""similarity"": 0.0, ""concept_complexity"": 0, ""image_complexity"": 0}, {""concept_id"": ""4_1"", ""is_minor"": false, ""message"": ""Preprocessing failed: Concept has intersection points but image does not."", ""similarity"": 0.0, ""concept_complexity"": 0, ""image_complexity"": 0}, {""concept_id"": ""5_1"", ""is_minor"": false, ""message"": ""Preprocessing failed: Concept has more corner points than image."", ""similarity"": 0.0, ""concept_complexity"": 0, ""image_complexity"": 0}, {""concept_id"": ""6_1"", ""is_minor"": false, ""message"": ""Preprocessing failed: Concept has intersection points but image does not."", ""similarity"": 0.0, ""concept_complexity"": 0, ""image_complexity"": 0}, {""concept_id"": ""8_2"", ""is_minor"": false, ""message"": ""Preprocessing failed: Concept has intersection points but image does not."", ""similarity"": 0.0, ""concept_complexity"": 0, ""image_complexity"": 0}, {""concept_id"": ""9_2"", ""is_minor"": false, ""message"": ""Preprocessing failed: Concept has intersection points but image does not."", ""similarity"": 0.0, ""concept_complexity"": 0, ""image_complexity"": 0}]","{'ged_timeout': 5, 'skeletonization_threshold': 110, 'simplification_epsilon': 4.55, 'comparison_method': 'ged', 'fgw_alpha': 0.5, 'image_path': '/opt/nuclio/shared_storage/mnist_all/7/mnist_test_7_00285.png', 'image_id': '0941888e-8ac7-4be7-8361-e59d4cd6d791', 'diagnostic_weight_epsilon': 1.0, 'range_penalty_factor': 0.5, 'node_costs': {'NO_COST': 0.0, 'MINOR': 0.65, 'GENERAL': 0.75, 'SEVERE': 1.0, 'NO_MATCH': 1.5, 'IMPOSSIBLE': 10.0}, 'features': ['normalized_x', 'normalized_y', 'distance_to_centroid', 'horizontal_direction', 'vertical_direction', 'angle_with_ox', 'junction_angle_min', 'is_endpoint', 'is_corner', 'length_ratio_to_max', 'eccentricity', 'avg_neighbor_vector_length', 'neighbor_endpoint_count', 'neighbor_junction_count'], 'mlflow_experiment_id': '4', 'mlflow_run_id': 'b586b24a868744d3aff0659ed46c898f', 'session_id': '22684c17-d385-4b06-ab1d-e75d97fb8251', 'image_width': 100, 'image_height': 100}","{'skeletonization_time_ms': 118.279125, 'contour_analysis_time_ms': 825.396501, 'classification_time_ms': 480.284875}",4,False
success,8a0fe201-a784-4843-9450-0f1973be94d2,,/opt/nuclio/shared_storage/mnist_all/2/mnist_test_2_00975.png,2,"[{""concept_id"": ""8_2"", ""is_minor"": true, ""message"": ""Similarity between image and concept 8_2: 0.5477"", ""similarity"": 0.5477, ""concept_complexity"": 20, ""image_complexity"": 36}, {""concept_id"": ""2_2"", ""is_minor"": true, ""message"": ""Similarity between image and concept 2_2: 0.5209"", ""similarity"": 0.5209, ""concept_complexity"": 20, ""image_complexity"": 36}, {""concept_id"": ""2_1"", ""is_minor"": true, ""message"": ""Similarity between image and concept 2_1: 0.5572"", ""similarity"": 0.5572, ""concept_complexity"": 13, ""image_complexity"": 36}, {""concept_id"": ""6_1"", ""is_minor"": true, ""message"": ""Similarity between image and concept 6_1: 0.4633"", ""similarity"": 0.4633, ""concept_complexity"": 20, ""image_complexity"": 36}, {""concept_id"": ""5_1"", ""is_minor"": true, ""message"": ""Similarity between image and concept 5_1: 0.4559"", ""similarity"": 0.4559, ""concept_complexity"": 17, ""image_complexity"": 36}, {""concept_id"": ""0_1"", ""is_minor"": true, ""message"": ""Similarity between image and concept 0_1: 0.4255"", ""similarity"": 0.4255, ""concept_complexity"": 20, ""image_complexity"": 36}, {""concept_id"": ""8_1"", ""is_minor"": true, ""message"": ""Similarity between image and concept 8_1: 0.3921"", ""similarity"": 0.3921, ""concept_complexity"": 27, ""image_complexity"": 36}, {""concept_id"": ""3_1"", ""is_minor"": true, ""message"": ""Similarity between image and concept 3_1: 0.4067"", ""similarity"": 0.4067, ""concept_complexity"": 21, ""image_complexity"": 36}, {""concept_id"": ""7_1"", ""is_minor"": true, ""message"": ""Similarity between image and concept 7_1: 0.4781"", ""similarity"": 0.4781, ""concept_complexity"": 9, ""image_complexity"": 36}, {""concept_id"": ""1_3"", ""is_minor"": true, ""message"": ""Similarity between image and concept 1_3: 0.4374"", ""similarity"": 0.4374, ""concept_complexity"": 5, ""image_complexity"": 36}, {""concept_id"": ""9_2"", ""is_minor"": true, ""message"": ""Similarity between image and concept 9_2: 0.3274"", ""similarity"": 0.3274, ""concept_complexity"": 16, ""image_complexity"": 36}, {""concept_id"": ""4_1"", ""is_minor"": true, ""message"": ""Similarity between image and concept 4_1: 0.3202"", ""similarity"": 0.3202, ""concept_complexity"": 16, ""image_complexity"": 36}, {""concept_id"": ""1_1"", ""is_minor"": false, ""message"": ""Preprocessing failed: Concept has more endpoints than image."", ""similarity"": 0.0, ""concept_complexity"": 0, ""image_complexity"": 0}, {""concept_id"": ""4_2"", ""is_minor"": false, ""message"": ""Preprocessing failed: Concept has more endpoints than image."", ""similarity"": 0.0, ""concept_complexity"": 0, ""image_complexity"": 0}]","{'ged_timeout': 5, 'skeletonization_threshold': 110, 'simplification_epsilon': 4.55, 'comparison_method': 'ged', 'fgw_alpha': 0.5, 'image_path': '/opt/nuclio/shared_storage/mnist_all/2/mnist_test_2_00975.png', 'image_id': '8a0fe201-a784-4843-9450-0f1973be94d2', 'diagnostic_weight_epsilon': 1.0, 'range_penalty_factor': 0.5, 'node_costs': {'NO_COST': 0.0, 'MINOR': 0.65, 'GENERAL': 0.75, 'SEVERE': 1.0, 'NO_MATCH': 1.5, 'IMPOSSIBLE': 10.0}, 'features': ['normalized_x', 'normalized_y', 'distance_to_centroid', 'horizontal_direction', 'vertical_direction', 'angle_with_ox', 'junction_angle_min', 'is_endpoint', 'is_corner', 'length_ratio_to_max', 'eccentricity', 'avg_neighbor_vector_length', 'neighbor_endpoint_count', 'neighbor_junction_count'], 'mlflow_experiment_id': '4', 'mlflow_run_id': 'b586b24a868744d3aff0659ed46c898f', 'session_id': '42743edf-ec74-474b-85b4-29d229176413', 'image_width': 100, 'image_height': 100}","{'skeletonization_time_ms': 95.612084, 'contour_analysis_time_ms': 947.739959, 'classification_time_ms': 2557.264362}",8,False
success,c8e0e751-6e92-4414-b459-8cc1b23e8ee8,,/opt/nuclio/shared_storage/mnist_all/7/mnist_test_7_00597.png,7,"[{""concept_id"": ""4_2"", ""is_minor"": true, ""message"": ""Similarity between image and concept 4_2: 0.653"", ""similarity"": 0.653, ""concept_complexity"": 13, ""image_complexity"": 21}, {""concept_id"": ""7_1"", ""is_minor"": true, ""message"": ""Similarity between image and concept 7_1: 0.5837"", ""similarity"": 0.5837, ""concept_complexity"": 9, ""image_complexity"": 21}, {""concept_id"": ""2_1"", ""is_minor"": true, ""message"": ""Similarity between image and concept 2_1: 0.5104"", ""similarity"": 0.5104, ""concept_complexity"": 13, ""image_complexity"": 21}, {""concept_id"": ""5_1"", ""is_minor"": true, ""message"": ""Similarity between image and concept 5_1: 0.438"", ""similarity"": 0.438, ""concept_complexity"": 17, ""image_complexity"": 21}, {""concept_id"": ""1_1"", ""is_minor"": true, ""message"": ""Similarity between image and concept 1_1: 0.4092"", ""similarity"": 0.4092, ""concept_complexity"": 13, ""image_complexity"": 21}, {""concept_id"": ""1_3"", ""is_minor"": true, ""message"": ""Similarity between image and concept 1_3: 0.3921"", ""similarity"": 0.3921, ""concept_complexity"": 5, ""image_complexity"": 21}, {""concept_id"": ""0_1"", ""is_minor"": false, ""message"": ""Preprocessing failed: Concept has corner points but image does not."", ""similarity"": 0.0, ""concept_complexity"": 0, ""image_complexity"": 0}, {""concept_id"": ""2_2"", ""is_minor"": false, ""message"": ""Preprocessing failed: Concept has intersection points but image does not."", ""similarity"": 0.0, ""concept_complexity"": 0, ""image_complexity"": 0}, {""concept_id"": ""3_1"", ""is_minor"": false, ""message"": ""Preprocessing failed: Concept has more corner points than image."", ""similarity"": 0.0, ""concept_complexity"": 0, ""image_complexity"": 0}, {""concept_id"": ""4_1"", ""is_minor"": false, ""message"": ""Preprocessing failed: Concept has intersection points but image does not."", ""similarity"": 0.0, ""concept_complexity"": 0, ""image_complexity"": 0}, {""concept_id"": ""6_1"", ""is_minor"": false, ""message"": ""Preprocessing failed: Concept has intersection points but image does not."", ""similarity"": 0.0, ""concept_complexity"": 0, ""image_complexity"": 0}, {""concept_id"": ""8_2"", ""is_minor"": false, ""message"": ""Preprocessing failed: Concept has intersection points but image does not."", ""similarity"": 0.0, ""concept_complexity"": 0, ""image_complexity"": 0}, {""concept_id"": ""9_2"", ""is_minor"": false, ""message"": ""Preprocessing failed: Concept has intersection points but image does not."", ""similarity"": 0.0, ""concept_complexity"": 0, ""image_complexity"": 0}]","{'ged_timeout': 5, 'skeletonization_threshold': 110, 'simplification_epsilon': 4.55, 'comparison_method': 'ged', 'fgw_alpha': 0.5, 'image_path': '/opt/nuclio/shared_storage/mnist_all/7/mnist_test_7_00597.png', 'image_id': 'c8e0e751-6e92-4414-b459-8cc1b23e8ee8', 'diagnostic_weight_epsilon': 1.0, 'range_penalty_factor': 0.5, 'node_costs': {'NO_COST': 0.0, 'MINOR': 0.65, 'GENERAL': 0.75, 'SEVERE': 1.0, 'NO_MATCH': 1.5, 'IMPOSSIBLE': 10.0}, 'features': ['normalized_x', 'normalized_y', 'distance_to_centroid', 'horizontal_direction', 'vertical_direction', 'angle_with_ox', 'junction_angle_min', 'is_endpoint', 'is_corner', 'length_ratio_to_max', 'eccentricity', 'avg_neighbor_vector_length', 'neighbor_endpoint_count', 'neighbor_junction_count'], 'mlflow_experiment_id': '4', 'mlflow_run_id': 'b586b24a868744d3aff0659ed46c898f', 'session_id': '2b4bb5b1-c7a7-45c2-83e1-95a0d8b44a5c', 'image_width': 100, 'image_height': 100}","{'skeletonization_time_ms': 808.973042, 'contour_analysis_time_ms': 339.026625, 'classification_time_ms': 287.273167}",4,False
success,c8390ad9-5335-433c-b520-c73ddd17978b,,/opt/nuclio/shared_storage/mnist_all/7/mnist_test_7_00474.png,7,"[{""concept_id"": ""3_1"", ""is_minor"": true, ""message"": ""Similarity between image and concept 3_1: 0.4871"", ""similarity"": 0.4871, ""concept_complexity"": 21, ""image_complexity"": 29}, {""concept_id"": ""4_2"", ""is_minor"": true, ""message"": ""Similarity between image and concept 4_2: 0.4914"", ""similarity"": 0.4914, ""concept_complexity"": 13, ""image_complexity"": 29}, {""concept_id"": ""2_1"", ""is_minor"": true, ""message"": ""Similarity between image and concept 2_1: 0.4855"", ""similarity"": 0.4855, ""concept_complexity"": 13, ""image_complexity"": 29}, {""concept_id"": ""5_1"", ""is_minor"": true, ""message"": ""Similarity between image and concept 5_1: 0.4547"", ""similarity"": 0.4547, ""concept_complexity"": 17, ""image_complexity"": 29}, {""concept_id"": ""7_1"", ""is_minor"": true, ""message"": ""Similarity between image and concept 7_1: 0.5029"", ""similarity"": 0.5029, ""concept_complexity"": 9, ""image_complexity"": 29}, {""concept_id"": ""1_3"", ""is_minor"": true, ""message"": ""Similarity between image and concept 1_3: 0.4326"", ""similarity"": 0.4326, ""concept_complexity"": 5, ""image_complexity"": 29}, {""concept_id"": ""0_1"", ""is_minor"": false, ""message"": ""Preprocessing failed: Concept has corner points but image does not."", ""similarity"": 0.0, ""concept_complexity"": 0, ""image_complexity"": 0}, {""concept_id"": ""1_1"", ""is_minor"": false, ""message"": ""Preprocessing failed: Concept has more endpoints than image."", ""similarity"": 0.0, ""concept_complexity"": 0, ""image_complexity"": 0}, {""concept_id"": ""2_2"", ""is_minor"": false, ""message"": ""Preprocessing failed: Concept has intersection points but image does not."", ""similarity"": 0.0, ""concept_complexity"": 0, ""image_complexity"": 0}, {""concept_id"": ""4_1"", ""is_minor"": false, ""message"": ""Preprocessing failed: Concept has intersection points but image does not."", ""similarity"": 0.0, ""concept_complexity"": 0, ""image_complexity"": 0}, {""concept_id"": ""6_1"", ""is_minor"": false, ""message"": ""Preprocessing failed: Concept has intersection points but image does not."", ""similarity"": 0.0, ""concept_complexity"": 0, ""image_complexity"": 0}, {""concept_id"": ""8_1"", ""is_minor"": false, ""message"": ""Preprocessing failed: Concept has corner points but image does not."", ""similarity"": 0.0, ""concept_complexity"": 0, ""image_complexity"": 0}, {""concept_id"": ""8_2"", ""is_minor"": false, ""message"": ""Preprocessing failed: Concept has intersection points but image does not."", ""similarity"": 0.0, ""concept_complexity"": 0, ""image_complexity"": 0}, {""concept_id"": ""9_2"", ""is_minor"": false, ""message"": ""Preprocessing failed: Concept has intersection points but image does not."", ""similarity"": 0.0, ""concept_complexity"": 0, ""image_complexity"": 0}]","{'ged_timeout': 5, 'skeletonization_threshold': 110, 'simplification_epsilon': 4.55, 'comparison_method': 'ged', 'fgw_alpha': 0.5, 'image_path': '/opt/nuclio/shared_storage/mnist_all/7/mnist_test_7_00474.png', 'image_id': 'c8390ad9-5335-433c-b520-c73ddd17978b', 'diagnostic_weight_epsilon': 1.0, 'range_penalty_factor': 0.5, 'node_costs': {'NO_COST': 0.0, 'MINOR': 0.65, 'GENERAL': 0.75, 'SEVERE': 1.0, 'NO_MATCH': 1.5, 'IMPOSSIBLE': 10.0}, 'features': ['normalized_x', 'normalized_y', 'distance_to_centroid', 'horizontal_direction', 'vertical_direction', 'angle_with_ox', 'junction_angle_min', 'is_endpoint', 'is_corner', 'length_ratio_to_max', 'eccentricity', 'avg_neighbor_vector_length', 'neighbor_endpoint_count', 'neighbor_junction_count'], 'mlflow_experiment_id': '4', 'mlflow_run_id': 'b586b24a868744d3aff0659ed46c898f', 'session_id': 'e2b293b1-d952-4fd8-93da-988c9990ec2b', 'image_width': 100, 'image_height': 100}","{'skeletonization_time_ms': 120.942542, 'contour_analysis_time_ms': 970.449708, 'classification_time_ms': 338.826375}",3,False
success,a3a3c1b8-7379-4d04-83ed-aa3f1c6dc3d2,,/opt/nuclio/shared_storage/mnist_all/6/mnist_test_6_00706.png,6,"[{""concept_id"": ""0_1"", ""is_minor"": true, ""message"": ""Similarity between image and concept 0_1: 0.5"", ""similarity"": 0.5, ""concept_complexity"": 20, ""image_complexity"": 32}, {""concept_id"": ""2_2"", ""is_minor"": true, ""message"": ""Similarity between image and concept 2_2: 0.4587"", ""similarity"": 0.4587, ""concept_complexity"": 20, ""image_complexity"": 32}, {""concept_id"": ""8_1"", ""is_minor"": true, ""message"": ""Similarity between image and concept 8_1: 0.4001"", ""similarity"": 0.4001, ""concept_complexity"": 27, ""image_complexity"": 32}, {""concept_id"": ""9_2"", ""is_minor"": true, ""message"": ""Similarity between image and concept 9_2: 0.4035"", ""similarity"": 0.4035, ""concept_complexity"": 16, ""image_complexity"": 32}, {""concept_id"": ""4_1"", ""is_minor"": true, ""message"": ""Similarity between image and concept 4_1: 0.3853"", ""similarity"": 0.3853, ""concept_complexity"": 16, ""image_complexity"": 32}, {""concept_id"": ""1_1"", ""is_minor"": false, ""message"": ""Preprocessing failed: Concept has endpoints but image does not."", ""similarity"": 0.0, ""concept_complexity"": 0, ""image_complexity"": 0}, {""concept_id"": ""1_3"", ""is_minor"": false, ""message"": ""Preprocessing failed: Concept has endpoints but image does not."", ""similarity"": 0.0, ""concept_complexity"": 0, ""image_complexity"": 0}, {""concept_id"": ""2_1"", ""is_minor"": false, ""message"": ""Preprocessing failed: Concept has endpoints but image does not."", ""similarity"": 0.0, ""concept_complexity"": 0, ""image_complexity"": 0}, {""concept_id"": ""3_1"", ""is_minor"": false, ""message"": ""Preprocessing failed: Concept has endpoints but image does not."", ""similarity"": 0.0, ""concept_complexity"": 0, ""image_complexity"": 0}, {""concept_id"": ""4_2"", ""is_minor"": false, ""message"": ""Preprocessing failed: Concept has endpoints but image does not."", ""similarity"": 0.0, ""concept_complexity"": 0, ""image_complexity"": 0}, {""concept_id"": ""5_1"", ""is_minor"": false, ""message"": ""Preprocessing failed: Concept has endpoints but image does not."", ""similarity"": 0.0, ""concept_complexity"": 0, ""image_complexity"": 0}, {""concept_id"": ""6_1"", ""is_minor"": false, ""message"": ""Preprocessing failed: Concept has more corner points than image."", ""similarity"": 0.0, ""concept_complexity"": 0, ""image_complexity"": 0}, {""concept_id"": ""7_1"", ""is_minor"": false, ""message"": ""Preprocessing failed: Concept has endpoints but image does not."", ""similarity"": 0.0, ""concept_complexity"": 0, ""image_complexity"": 0}, {""concept_id"": ""8_2"", ""is_minor"": false, ""message"": ""Preprocessing failed: Concept has endpoints but image does not."", ""similarity"": 0.0, ""concept_complexity"": 0, ""image_complexity"": 0}]","{'ged_timeout': 5, 'skeletonization_threshold': 110, 'simplification_epsilon': 4.55, 'comparison_method': 'ged', 'fgw_alpha': 0.5, 'image_path': '/opt/nuclio/shared_storage/mnist_all/6/mnist_test_6_00706.png', 'image_id': 'a3a3c1b8-7379-4d04-83ed-aa3f1c6dc3d2', 'diagnostic_weight_epsilon': 1.0, 'range_penalty_factor': 0.5, 'node_costs': {'NO_COST': 0.0, 'MINOR': 0.65, 'GENERAL': 0.75, 'SEVERE': 1.0, 'NO_MATCH': 1.5, 'IMPOSSIBLE': 10.0}, 'features': ['normalized_x', 'normalized_y', 'distance_to_centroid', 'horizontal_direction', 'vertical_direction', 'angle_with_ox', 'junction_angle_min', 'is_endpoint', 'is_corner', 'length_ratio_to_max', 'eccentricity', 'avg_neighbor_vector_length', 'neighbor_endpoint_count', 'neighbor_junction_count'], 'mlflow_experiment_id': '4', 'mlflow_run_id': 'b586b24a868744d3aff0659ed46c898f', 'session_id': '7a6d80bd-ec94-4e8e-8240-738a68725b66', 'image_width': 100, 'image_height': 100}","{'skeletonization_time_ms': 178.150958, 'contour_analysis_time_ms': 535.012584, 'classification_time_ms': 3949.936794}",0,False
success,70c33293-a068-46fa-99e0-0738311fb3fa,,/opt/nuclio/shared_storage/mnist_all/3/mnist_test_3_00309.png,3,"[{""concept_id"": ""4_2"", ""is_minor"": true, ""message"": ""Similarity between image and concept 4_2: 0.5499"", ""similarity"": 0.5499, ""concept_complexity"": 13, ""image_complexity"": 21}, {""concept_id"": ""5_1"", ""is_minor"": true, ""message"": ""Similarity between image and concept 5_1: 0.471"", ""similarity"": 0.471, ""concept_complexity"": 17, ""image_complexity"": 21}, {""concept_id"": ""7_1"", ""is_minor"": true, ""message"": ""Similarity between image and concept 7_1: 0.5251"", ""similarity"": 0.5251, ""concept_complexity"": 9, ""image_complexity"": 21}, {""concept_id"": ""1_1"", ""is_minor"": true, ""message"": ""Similarity between image and concept 1_1: 0.364"", ""similarity"": 0.364, ""concept_complexity"": 13, ""image_complexity"": 21}, {""concept_id"": ""2_1"", ""is_minor"": true, ""message"": ""Similarity between image and concept 2_1: 0.3256"", ""similarity"": 0.3256, ""concept_complexity"": 13, ""image_complexity"": 21}, {""concept_id"": ""1_3"", ""is_minor"": true, ""message"": ""Similarity between image and concept 1_3: 0.3793"", ""similarity"": 0.3793, ""concept_complexity"": 5, ""image_complexity"": 21}, {""concept_id"": ""0_1"", ""is_minor"": false, ""message"": ""Preprocessing failed: Concept has corner points but image does not."", ""similarity"": 0.0, ""concept_complexity"": 0, ""image_complexity"": 0}, {""concept_id"": ""2_2"", ""is_minor"": false, ""message"": ""Preprocessing failed: Concept has intersection points but image does not."", ""similarity"": 0.0, ""concept_complexity"": 0, ""image_complexity"": 0}, {""concept_id"": ""3_1"", ""is_minor"": false, ""message"": ""Preprocessing failed: Concept has more corner points than image."", ""similarity"": 0.0, ""concept_complexity"": 0, ""image_complexity"": 0}, {""concept_id"": ""4_1"", ""is_minor"": false, ""message"": ""Preprocessing failed: Concept has intersection points but image does not."", ""similarity"": 0.0, ""concept_complexity"": 0, ""image_complexity"": 0}, {""concept_id"": ""6_1"", ""is_minor"": false, ""message"": ""Preprocessing failed: Concept has intersection points but image does not."", ""similarity"": 0.0, ""concept_complexity"": 0, ""image_complexity"": 0}, {""concept_id"": ""8_2"", ""is_minor"": false, ""message"": ""Preprocessing failed: Concept has intersection points but image does not."", ""similarity"": 0.0, ""concept_complexity"": 0, ""image_complexity"": 0}, {""concept_id"": ""9_2"", ""is_minor"": false, ""message"": ""Preprocessing failed: Concept has intersection points but image does not."", ""similarity"": 0.0, ""concept_complexity"": 0, ""image_complexity"": 0}]","{'ged_timeout': 5, 'skeletonization_threshold': 110, 'simplification_epsilon': 4.55, 'comparison_method': 'ged', 'fgw_alpha': 0.5, 'image_path': '/opt/nuclio/shared_storage/mnist_all/3/mnist_test_3_00309.png', 'image_id': '70c33293-a068-46fa-99e0-0738311fb3fa', 'diagnostic_weight_epsilon': 1.0, 'range_penalty_factor': 0.5, 'node_costs': {'NO_COST': 0.0, 'MINOR': 0.65, 'GENERAL': 0.75, 'SEVERE': 1.0, 'NO_MATCH': 1.5, 'IMPOSSIBLE': 10.0}, 'features': ['normalized_x', 'normalized_y', 'distance_to_centroid', 'horizontal_direction', 'vertical_direction', 'angle_with_ox', 'junction_angle_min', 'is_endpoint', 'is_corner', 'length_ratio_to_max', 'eccentricity', 'avg_neighbor_vector_length', 'neighbor_endpoint_count', 'neighbor_junction_count'], 'mlflow_experiment_id': '4', 'mlflow_run_id': 'b586b24a868744d3aff0659ed46c898f', 'session_id': '5573181b-97ad-4917-a234-c3693cba5ef4', 'image_width': 100, 'image_height': 100}","{'skeletonization_time_ms': 281.632292, 'contour_analysis_time_ms': 311.914959, 'classification_time_ms': 120.949292}",4,False
success,29288804-0d4b-4469-bfb3-1c5a06a5a7f2,,/opt/nuclio/shared_storage/mnist_all/5/mnist_test_5_00264.png,5,"[{""concept_id"": ""3_1"", ""is_minor"": true, ""message"": ""Similarity between image and concept 3_1: 0.62"", ""similarity"": 0.62, ""concept_complexity"": 21, ""image_complexity"": 25}, {""concept_id"": ""5_1"", ""is_minor"": true, ""message"": ""Similarity between image and concept 5_1: 0.6139"", ""similarity"": 0.6139, ""concept_complexity"": 17, ""image_complexity"": 25}, {""concept_id"": ""2_1"", ""is_minor"": true, ""message"": ""Similarity between image and concept 2_1: 0.4811"", ""similarity"": 0.4811, ""concept_complexity"": 13, ""image_complexity"": 25}, {""concept_id"": ""7_1"", ""is_minor"": true, ""message"": ""Similarity between image and concept 7_1: 0.4956"", ""similarity"": 0.4956, ""concept_complexity"": 9, ""image_complexity"": 25}, {""concept_id"": ""1_3"", ""is_minor"": true, ""message"": ""Similarity between image and concept 1_3: 0.4751"", ""similarity"": 0.4751, ""concept_complexity"": 5, ""image_complexity"": 25}, {""concept_id"": ""0_1"", ""is_minor"": false, ""message"": ""Preprocessing failed: Concept has corner points but image does not."", ""similarity"": 0.0, ""concept_complexity"": 0, ""image_complexity"": 0}, {""concept_id"": ""1_1"", ""is_minor"": false, ""message"": ""Preprocessing failed: Concept has more endpoints than image."", ""similarity"": 0.0, ""concept_complexity"": 0, ""image_complexity"": 0}, {""concept_id"": ""2_2"", ""is_minor"": false, ""message"": ""Preprocessing failed: Concept has intersection points but image does not."", ""similarity"": 0.0, ""concept_complexity"": 0, ""image_complexity"": 0}, {""concept_id"": ""4_1"", ""is_minor"": false, ""message"": ""Preprocessing failed: Concept has intersection points but image does not."", ""similarity"": 0.0, ""concept_complexity"": 0, ""image_complexity"": 0}, {""concept_id"": ""4_2"", ""is_minor"": false, ""message"": ""Preprocessing failed: Concept has more endpoints than image."", ""similarity"": 0.0, ""concept_complexity"": 0, ""image_complexity"": 0}, {""concept_id"": ""6_1"", ""is_minor"": false, ""message"": ""Preprocessing failed: Concept has intersection points but image does not."", ""similarity"": 0.0, ""concept_complexity"": 0, ""image_complexity"": 0}, {""concept_id"": ""8_2"", ""is_minor"": false, ""message"": ""Preprocessing failed: Concept has intersection points but image does not."", ""similarity"": 0.0, ""concept_complexity"": 0, ""image_complexity"": 0}, {""concept_id"": ""9_2"", ""is_minor"": false, ""message"": ""Preprocessing failed: Concept has intersection points but image does not."", ""similarity"": 0.0, ""concept_complexity"": 0, ""image_complexity"": 0}]","{'ged_timeout': 5, 'skeletonization_threshold': 110, 'simplification_epsilon': 4.55, 'comparison_method': 'ged', 'fgw_alpha': 0.5, 'image_path': '/opt/nuclio/shared_storage/mnist_all/5/mnist_test_5_00264.png', 'image_id': '29288804-0d4b-4469-bfb3-1c5a06a5a7f2', 'diagnostic_weight_epsilon': 1.0, 'range_penalty_factor': 0.5, 'node_costs': {'NO_COST': 0.0, 'MINOR': 0.65, 'GENERAL': 0.75, 'SEVERE': 1.0, 'NO_MATCH': 1.5, 'IMPOSSIBLE': 10.0}, 'features': ['normalized_x', 'normalized_y', 'distance_to_centroid', 'horizontal_direction', 'vertical_direction', 'angle_with_ox', 'junction_angle_min', 'is_endpoint', 'is_corner', 'length_ratio_to_max', 'eccentricity', 'avg_neighbor_vector_length', 'neighbor_endpoint_count', 'neighbor_junction_count'], 'mlflow_experiment_id': '4', 'mlflow_run_id': 'b586b24a868744d3aff0659ed46c898f', 'session_id': '006b8b72-1c2b-4063-b325-f0df472905c4', 'image_width': 100, 'image_height': 100}","{'skeletonization_time_ms': 139.518667, 'contour_analysis_time_ms': 295.505, 'classification_time_ms': 175.515416}",3,False
success,02ce2260-2a8a-4060-b56f-334bfba4994c,,/opt/nuclio/shared_storage/mnist_all/3/mnist_test_3_00511.png,3,"[{""concept_id"": ""4_2"", ""is_minor"": true, ""message"": ""Similarity between image and concept 4_2: 0.5439"", ""similarity"": 0.5439, ""concept_complexity"": 13, ""image_complexity"": 29}, {""concept_id"": ""5_1"", ""is_minor"": true, ""message"": ""Similarity between image and concept 5_1: 0.4756"", ""similarity"": 0.4756, ""concept_complexity"": 17, ""image_complexity"": 29}, {""concept_id"": ""2_1"", ""is_minor"": true, ""message"": ""Similarity between image and concept 2_1: 0.4657"", ""similarity"": 0.4657, ""concept_complexity"": 13, ""image_complexity"": 29}, {""concept_id"": ""7_1"", ""is_minor"": true, ""message"": ""Similarity between image and concept 7_1: 0.4372"", ""similarity"": 0.4372, ""concept_complexity"": 9, ""image_complexity"": 29}, {""concept_id"": ""1_1"", ""is_minor"": true, ""message"": ""Similarity between image and concept 1_1: 0.3473"", ""similarity"": 0.3473, ""concept_complexity"": 13, ""image_complexity"": 29}, {""concept_id"": ""1_3"", ""is_minor"": true, ""message"": ""Similarity between image and concept 1_3: 0.3829"", ""similarity"": 0.3829, ""concept_complexity"": 5, ""image_complexity"": 29}, {""concept_id"": ""0_1"", ""is_minor"": false, ""message"": ""Preprocessing failed: Concept has corner points but image does not."", ""similarity"": 0.0, ""concept_complexity"": 0, ""image_complexity"": 0}, {""concept_id"": ""2_2"", ""is_minor"": false, ""message"": ""Preprocessing failed: Concept has intersection points but image does not."", ""similarity"": 0.0, ""concept_complexity"": 0, ""image_complexity"": 0}, {""concept_id"": ""3_1"", ""is_minor"": false, ""message"": ""Preprocessing failed: Concept has more corner points than image."", ""similarity"": 0.0, ""concept_complexity"": 0, ""image_complexity"": 0}, {""concept_id"": ""4_1"", ""is_minor"": false, ""message"": ""Preprocessing failed: Concept has intersection points but image does not."", ""similarity"": 0.0, ""concept_complexity"": 0, ""image_complexity"": 0}, {""concept_id"": ""6_1"", ""is_minor"": false, ""message"": ""Preprocessing failed: Concept has intersection points but image does not."", ""similarity"": 0.0, ""concept_complexity"": 0, ""image_complexity"": 0}, {""concept_id"": ""8_1"", ""is_minor"": false, ""message"": ""Preprocessing failed: Concept has corner points but image does not."", ""similarity"": 0.0, ""concept_complexity"": 0, ""image_complexity"": 0}, {""concept_id"": ""8_2"", ""is_minor"": false, ""message"": ""Preprocessing failed: Concept has intersection points but image does not."", ""similarity"": 0.0, ""concept_complexity"": 0, ""image_complexity"": 0}, {""concept_id"": ""9_2"", ""is_minor"": false, ""message"": ""Preprocessing failed: Concept has intersection points but image does not."", ""similarity"": 0.0, ""concept_complexity"": 0, ""image_complexity"": 0}]","{'ged_timeout': 5, 'skeletonization_threshold': 110, 'simplification_epsilon': 4.55, 'comparison_method': 'ged', 'fgw_alpha': 0.5, 'image_path': '/opt/nuclio/shared_storage/mnist_all/3/mnist_test_3_00511.png', 'image_id': '02ce2260-2a8a-4060-b56f-334bfba4994c', 'diagnostic_weight_epsilon': 1.0, 'range_penalty_factor': 0.5, 'node_costs': {'NO_COST': 0.0, 'MINOR': 0.65, 'GENERAL': 0.75, 'SEVERE': 1.0, 'NO_MATCH': 1.5, 'IMPOSSIBLE': 10.0}, 'features': ['normalized_x', 'normalized_y', 'distance_to_centroid', 'horizontal_direction', 'vertical_direction', 'angle_with_ox', 'junction_angle_min', 'is_endpoint', 'is_corner', 'length_ratio_to_max', 'eccentricity', 'avg_neighbor_vector_length', 'neighbor_endpoint_count', 'neighbor_junction_count'], 'mlflow_experiment_id': '4', 'mlflow_run_id': 'b586b24a868744d3aff0659ed46c898f', 'session_id': '0995281f-1549-466d-a8fc-18cb1c545291', 'image_width': 100, 'image_height': 100}","{'skeletonization_time_ms': 136.027584, 'contour_analysis_time_ms': 462.120667, 'classification_time_ms': 254.9255}",4,False
success,54715ffa-828b-4af1-be68-3cff69cfebee,,/opt/nuclio/shared_storage/mnist_all/7/mnist_test_7_00057.png,7,"[{""concept_id"": ""4_2"", ""is_minor"": true, ""message"": ""Similarity between image and concept 4_2: 0.5647"", ""similarity"": 0.5647, ""concept_complexity"": 13, ""image_complexity"": 17}, {""concept_id"": ""7_1"", ""is_minor"": true, ""message"": ""Similarity between image and concept 7_1: 0.5363"", ""similarity"": 0.5363, ""concept_complexity"": 9, ""image_complexity"": 17}, {""concept_id"": ""2_1"", ""is_minor"": true, ""message"": ""Similarity between image and concept 2_1: 0.3223"", ""similarity"": 0.3223, ""concept_complexity"": 13, ""image_complexity"": 17}, {""concept_id"": ""1_3"", ""is_minor"": true, ""message"": ""Similarity between image and concept 1_3: 0.3936"", ""similarity"": 0.3936, ""concept_complexity"": 5, ""image_complexity"": 17}, {""concept_id"": ""1_1"", ""is_minor"": false, ""message"": ""Preprocessing failed: Concept has more endpoints than image."", ""similarity"": 0.0, ""concept_complexity"": 0, ""image_complexity"": 0}, {""concept_id"": ""4_1"", ""is_minor"": false, ""message"": ""Preprocessing failed: Concept has intersection points but image does not."", ""similarity"": 0.0, ""concept_complexity"": 0, ""image_complexity"": 0}, {""concept_id"": ""5_1"", ""is_minor"": false, ""message"": ""Preprocessing failed: Concept has more corner points than image."", ""similarity"": 0.0, ""concept_complexity"": 0, ""image_complexity"": 0}, {""concept_id"": ""9_2"", ""is_minor"": false, ""message"": ""Preprocessing failed: Concept has intersection points but image does not."", ""similarity"": 0.0, ""concept_complexity"": 0, ""image_complexity"": 0}]","{'ged_timeout': 5, 'skeletonization_threshold': 110, 'simplification_epsilon': 4.55, 'comparison_method': 'ged', 'fgw_alpha': 0.5, 'image_path': '/opt/nuclio/shared_storage/mnist_all/7/mnist_test_7_00057.png', 'image_id': '54715ffa-828b-4af1-be68-3cff69cfebee', 'diagnostic_weight_epsilon': 1.0, 'range_penalty_factor': 0.5, 'node_costs': {'NO_COST': 0.0, 'MINOR': 0.65, 'GENERAL': 0.75, 'SEVERE': 1.0, 'NO_MATCH': 1.5, 'IMPOSSIBLE': 10.0}, 'features': ['normalized_x', 'normalized_y', 'distance_to_centroid', 'horizontal_direction', 'vertical_direction', 'angle_with_ox', 'junction_angle_min', 'is_endpoint', 'is_corner', 'length_ratio_to_max', 'eccentricity', 'avg_neighbor_vector_length', 'neighbor_endpoint_count', 'neighbor_junction_count'], 'mlflow_experiment_id': '4', 'mlflow_run_id': 'b586b24a868744d3aff0659ed46c898f', 'session_id': '88153d82-e042-4c76-9b10-1555367f1646', 'image_width': 100, 'image_height': 100}","{'skeletonization_time_ms': 60.201584, 'contour_analysis_time_ms': 840.805292, 'classification_time_ms': 225.579125}",4,False
success,6648cf65-65df-4a1e-bfb4-979aae9ebe30,,/opt/nuclio/shared_storage/mnist_all/5/mnist_test_5_00198.png,5,"[{""concept_id"": ""4_1"", ""is_minor"": true, ""message"": ""Similarity between image and concept 4_1: 0.4794"", ""similarity"": 0.4794, ""concept_complexity"": 16, ""image_complexity"": 40}, {""concept_id"": ""9_2"", ""is_minor"": true, ""message"": ""Similarity between image and concept 9_2: 0.4631"", ""similarity"": 0.4631, ""concept_complexity"": 16, ""image_complexity"": 40}, {""concept_id"": ""8_2"", ""is_minor"": true, ""message"": ""Similarity between image and concept 8_2: 0.433"", ""similarity"": 0.433, ""concept_complexity"": 20, ""image_complexity"": 40}, {""concept_id"": ""3_1"", ""is_minor"": true, ""message"": ""Similarity between image and concept 3_1: 0.3859"", ""similarity"": 0.3859, ""concept_complexity"": 21, ""image_complexity"": 40}, {""concept_id"": ""6_1"", ""is_minor"": true, ""message"": ""Similarity between image and concept 6_1: 0.3328"", ""similarity"": 0.3328, ""concept_complexity"": 20, ""image_complexity"": 40}, {""concept_id"": ""7_1"", ""is_minor"": true, ""message"": ""Similarity between image and concept 7_1: 0.4002"", ""similarity"": 0.4002, ""concept_complexity"": 9, ""image_complexity"": 40}, {""concept_id"": ""8_1"", ""is_minor"": true, ""message"": ""Similarity between image and concept 8_1: 0.2565"", ""similarity"": 0.2565, ""concept_complexity"": 27, ""image_complexity"": 40}, {""concept_id"": ""0_1"", ""is_minor"": true, ""message"": ""Similarity between image and concept 0_1: 0.2698"", ""similarity"": 0.2698, ""concept_complexity"": 20, ""image_complexity"": 40}, {""concept_id"": ""1_3"", ""is_minor"": true, ""message"": ""Similarity between image and concept 1_3: 0.213"", ""similarity"": 0.213, ""concept_complexity"": 5, ""image_complexity"": 40}, {""concept_id"": ""1_1"", ""is_minor"": false, ""message"": ""Preprocessing failed: Concept has more endpoints than image."", ""similarity"": 0.0, ""concept_complexity"": 0, ""image_complexity"": 0}, {""concept_id"": ""2_1"", ""is_minor"": false, ""message"": ""Preprocessing failed: Concept has endpoints but image does not."", ""similarity"": 0.0, ""concept_complexity"": 0, ""image_complexity"": 0}, {""concept_id"": ""2_2"", ""is_minor"": false, ""message"": ""Preprocessing failed: Concept has corner points but image does not."", ""similarity"": 0.0, ""concept_complexity"": 0, ""image_complexity"": 0}, {""concept_id"": ""4_2"", ""is_minor"": false, ""message"": ""Preprocessing failed: Concept has more endpoints than image."", ""similarity"": 0.0, ""concept_complexity"": 0, ""image_complexity"": 0}, {""concept_id"": ""5_1"", ""is_minor"": false, ""message"": ""Preprocessing failed: Concept has endpoints but image does not."", ""similarity"": 0.0, ""concept_complexity"": 0, ""image_complexity"": 0}]","{'ged_timeout': 5, 'skeletonization_threshold': 110, 'simplification_epsilon': 4.55, 'comparison_method': 'ged', 'fgw_alpha': 0.5, 'image_path': '/opt/nuclio/shared_storage/mnist_all/5/mnist_test_5_00198.png', 'image_id': '6648cf65-65df-4a1e-bfb4-979aae9ebe30', 'diagnostic_weight_epsilon': 1.0, 'range_penalty_factor': 0.5, 'node_costs': {'NO_COST': 0.0, 'MINOR': 0.65, 'GENERAL': 0.75, 'SEVERE': 1.0, 'NO_MATCH': 1.5, 'IMPOSSIBLE': 10.0}, 'features': ['normalized_x', 'normalized_y', 'distance_to_centroid', 'horizontal_direction', 'vertical_direction', 'angle_with_ox', 'junction_angle_min', 'is_endpoint', 'is_corner', 'length_ratio_to_max', 'eccentricity', 'avg_neighbor_vector_length', 'neighbor_endpoint_count', 'neighbor_junction_count'], 'mlflow_experiment_id': '4', 'mlflow_run_id': 'b586b24a868744d3aff0659ed46c898f', 'session_id': '0cce88fe-ed58-43d6-9563-ed90c2313e49', 'image_width': 100, 'image_height': 100}","{'skeletonization_time_ms': 165.810417, 'contour_analysis_time_ms': 407.991333, 'classification_time_ms': 1032.840042}",4,False
success,31bab859-e153-4394-8228-21ff0b3bf17a,,/opt/nuclio/shared_storage/mnist_all/7/mnist_test_7_00803.png,7,"[{""concept_id"": ""4_2"", ""is_minor"": true, ""message"": ""Similarity between image and concept 4_2: 0.5136"", ""similarity"": 0.5136, ""concept_complexity"": 13, ""image_complexity"": 21}, {""concept_id"": ""7_1"", ""is_minor"": true, ""message"": ""Similarity between image and concept 7_1: 0.5285"", ""similarity"": 0.5285, ""concept_complexity"": 9, ""image_complexity"": 21}, {""concept_id"": ""2_1"", ""is_minor"": true, ""message"": ""Similarity between image and concept 2_1: 0.4515"", ""similarity"": 0.4515, ""concept_complexity"": 13, ""image_complexity"": 21}, {""concept_id"": ""1_1"", ""is_minor"": true, ""message"": ""Similarity between image and concept 1_1: 0.3938"", ""similarity"": 0.3938, ""concept_complexity"": 13, ""image_complexity"": 21}, {""concept_id"": ""5_1"", ""is_minor"": true, ""message"": ""Similarity between image and concept 5_1: 0.3497"", ""similarity"": 0.3497, ""concept_complexity"": 17, ""image_complexity"": 21}, {""concept_id"": ""1_3"", ""is_minor"": true, ""message"": ""Similarity between image and concept 1_3: 0.3229"", ""similarity"": 0.3229, ""concept_complexity"": 5, ""image_complexity"": 21}, {""concept_id"": ""0_1"", ""is_minor"": false, ""message"": ""Preprocessing failed: Concept has corner points but image does not."", ""similarity"": 0.0, ""concept_complexity"": 0, ""image_complexity"": 0}, {""concept_id"": ""2_2"", ""is_minor"": false, ""message"": ""Preprocessing failed: Concept has intersection points but image does not."", ""similarity"": 0.0, ""concept_complexity"": 0, ""image_complexity"": 0}, {""concept_id"": ""3_1"", ""is_minor"": false, ""message"": ""Preprocessing failed: Concept has more corner points than image."", ""similarity"": 0.0, ""concept_complexity"": 0, ""image_complexity"": 0}, {""concept_id"": ""4_1"", ""is_minor"": false, ""message"": ""Preprocessing failed: Concept has intersection points but image does not."", ""similarity"": 0.0, ""concept_complexity"": 0, ""image_complexity"": 0}, {""concept_id"": ""6_1"", ""is_minor"": false, ""message"": ""Preprocessing failed: Concept has intersection points but image does not."", ""similarity"": 0.0, ""concept_complexity"": 0, ""image_complexity"": 0}, {""concept_id"": ""8_2"", ""is_minor"": false, ""message"": ""Preprocessing failed: Concept has intersection points but image does not."", ""similarity"": 0.0, ""concept_complexity"": 0, ""image_complexity"": 0}, {""concept_id"": ""9_2"", ""is_minor"": false, ""message"": ""Preprocessing failed: Concept has intersection points but image does not."", ""similarity"": 0.0, ""concept_complexity"": 0, ""image_complexity"": 0}]","{'ged_timeout': 5, 'skeletonization_threshold': 110, 'simplification_epsilon': 4.55, 'comparison_method': 'ged', 'fgw_alpha': 0.5, 'image_path': '/opt/nuclio/shared_storage/mnist_all/7/mnist_test_7_00803.png', 'image_id': '31bab859-e153-4394-8228-21ff0b3bf17a', 'diagnostic_weight_epsilon': 1.0, 'range_penalty_factor': 0.5, 'node_costs': {'NO_COST': 0.0, 'MINOR': 0.65, 'GENERAL': 0.75, 'SEVERE': 1.0, 'NO_MATCH': 1.5, 'IMPOSSIBLE': 10.0}, 'features': ['normalized_x', 'normalized_y', 'distance_to_centroid', 'horizontal_direction', 'vertical_direction', 'angle_with_ox', 'junction_angle_min', 'is_endpoint', 'is_corner', 'length_ratio_to_max', 'eccentricity', 'avg_neighbor_vector_length', 'neighbor_endpoint_count', 'neighbor_junction_count'], 'mlflow_experiment_id': '4', 'mlflow_run_id': 'b586b24a868744d3aff0659ed46c898f', 'session_id': 'c3cab09b-5d1e-4cc1-8f5a-0747740c122e', 'image_width': 100, 'image_height': 100}","{'skeletonization_time_ms': 151.306625, 'contour_analysis_time_ms': 611.604459, 'classification_time_ms': 316.483917}",4,False
success,d8479002-9fea-4fe6-a4f9-b057db722f55,,/opt/nuclio/shared_storage/mnist_all/7/mnist_test_7_00344.png,7,"[{""concept_id"": ""4_2"", ""is_minor"": true, ""message"": ""Similarity between image and concept 4_2: 0.5667"", ""similarity"": 0.5667, ""concept_complexity"": 13, ""image_complexity"": 29}, {""concept_id"": ""2_1"", ""is_minor"": true, ""message"": ""Similarity between image and concept 2_1: 0.4484"", ""similarity"": 0.4484, ""concept_complexity"": 13, ""image_complexity"": 29}, {""concept_id"": ""5_1"", ""is_minor"": true, ""message"": ""Similarity between image and concept 5_1: 0.4181"", ""similarity"": 0.4181, ""concept_complexity"": 17, ""image_complexity"": 29}, {""concept_id"": ""1_1"", ""is_minor"": true, ""message"": ""Similarity between image and concept 1_1: 0.3926"", ""similarity"": 0.3926, ""concept_complexity"": 13, ""image_complexity"": 29}, {""concept_id"": ""3_1"", ""is_minor"": true, ""message"": ""Similarity between image and concept 3_1: 0.3405"", ""similarity"": 0.3405, ""concept_complexity"": 21, ""image_complexity"": 29}, {""concept_id"": ""7_1"", ""is_minor"": true, ""message"": ""Similarity between image and concept 7_1: 0.4067"", ""similarity"": 0.4067, ""concept_complexity"": 9, ""image_complexity"": 29}, {""concept_id"": ""1_3"", ""is_minor"": true, ""message"": ""Similarity between image and concept 1_3: 0.2675"", ""similarity"": 0.2675, ""concept_complexity"": 5, ""image_complexity"": 29}, {""concept_id"": ""0_1"", ""is_minor"": false, ""message"": ""Preprocessing failed: Concept has corner points but image does not."", ""similarity"": 0.0, ""concept_complexity"": 0, ""image_complexity"": 0}, {""concept_id"": ""2_2"", ""is_minor"": false, ""message"": ""Preprocessing failed: Concept has intersection points but image does not."", ""similarity"": 0.0, ""concept_complexity"": 0, ""image_complexity"": 0}, {""concept_id"": ""4_1"", ""is_minor"": false, ""message"": ""Preprocessing failed: Concept has intersection points but image does not."", ""similarity"": 0.0, ""concept_complexity"": 0, ""image_complexity"": 0}, {""concept_id"": ""6_1"", ""is_minor"": false, ""message"": ""Preprocessing failed: Concept has intersection points but image does not."", ""similarity"": 0.0, ""concept_complexity"": 0, ""image_complexity"": 0}, {""concept_id"": ""8_1"", ""is_minor"": false, ""message"": ""Preprocessing failed: Concept has corner points but image does not."", ""similarity"": 0.0, ""concept_complexity"": 0, ""image_complexity"": 0}, {""concept_id"": ""8_2"", ""is_minor"": false, ""message"": ""Preprocessing failed: Concept has intersection points but image does not."", ""similarity"": 0.0, ""concept_complexity"": 0, ""image_complexity"": 0}, {""concept_id"": ""9_2"", ""is_minor"": false, ""message"": ""Preprocessing failed: Concept has intersection points but image does not."", ""similarity"": 0.0, ""concept_complexity"": 0, ""image_complexity"": 0}]","{'ged_timeout': 5, 'skeletonization_threshold': 110, 'simplification_epsilon': 4.55, 'comparison_method': 'ged', 'fgw_alpha': 0.5, 'image_path': '/opt/nuclio/shared_storage/mnist_all/7/mnist_test_7_00344.png', 'image_id': 'd8479002-9fea-4fe6-a4f9-b057db722f55', 'diagnostic_weight_epsilon': 1.0, 'range_penalty_factor': 0.5, 'node_costs': {'NO_COST': 0.0, 'MINOR': 0.65, 'GENERAL': 0.75, 'SEVERE': 1.0, 'NO_MATCH': 1.5, 'IMPOSSIBLE': 10.0}, 'features': ['normalized_x', 'normalized_y', 'distance_to_centroid', 'horizontal_direction', 'vertical_direction', 'angle_with_ox', 'junction_angle_min', 'is_endpoint', 'is_corner', 'length_ratio_to_max', 'eccentricity', 'avg_neighbor_vector_length', 'neighbor_endpoint_count', 'neighbor_junction_count'], 'mlflow_experiment_id': '4', 'mlflow_run_id': 'b586b24a868744d3aff0659ed46c898f', 'session_id': '725652d6-8878-4ccc-8ccd-77af50d79e04', 'image_width': 100, 'image_height': 100}","{'skeletonization_time_ms': 243.888125, 'contour_analysis_time_ms': 781.07675, 'classification_time_ms': 439.835458}",4,False
success,1fc1d492-d3eb-4cf5-87fa-097d15fee595,,/opt/nuclio/shared_storage/mnist_all/7/mnist_test_7_00028.png,7,"[{""concept_id"": ""4_2"", ""is_minor"": true, ""message"": ""Similarity between image and concept 4_2: 0.5402"", ""similarity"": 0.5402, ""concept_complexity"": 13, ""image_complexity"": 21}, {""concept_id"": ""7_1"", ""is_minor"": true, ""message"": ""Similarity between image and concept 7_1: 0.5302"", ""similarity"": 0.5302, ""concept_complexity"": 9, ""image_complexity"": 21}, {""concept_id"": ""2_1"", ""is_minor"": true, ""message"": ""Similarity between image and concept 2_1: 0.4708"", ""similarity"": 0.4708, ""concept_complexity"": 13, ""image_complexity"": 21}, {""concept_id"": ""1_1"", ""is_minor"": true, ""message"": ""Similarity between image and concept 1_1: 0.442"", ""similarity"": 0.442, ""concept_complexity"": 13, ""image_complexity"": 21}, {""concept_id"": ""1_3"", ""is_minor"": true, ""message"": ""Similarity between image and concept 1_3: 0.3761"", ""similarity"": 0.3761, ""concept_complexity"": 5, ""image_complexity"": 21}, {""concept_id"": ""0_1"", ""is_minor"": false, ""message"": ""Preprocessing failed: Concept has corner points but image does not."", ""similarity"": 0.0, ""concept_complexity"": 0, ""image_complexity"": 0}, {""concept_id"": ""2_2"", ""is_minor"": false, ""message"": ""Preprocessing failed: Concept has intersection points but image does not."", ""similarity"": 0.0, ""concept_complexity"": 0, ""image_complexity"": 0}, {""concept_id"": ""3_1"", ""is_minor"": false, ""message"": ""Preprocessing failed: Concept has more corner points than image."", ""similarity"": 0.0, ""concept_complexity"": 0, ""image_complexity"": 0}, {""concept_id"": ""4_1"", ""is_minor"": false, ""message"": ""Preprocessing failed: Concept has intersection points but image does not."", ""similarity"": 0.0, ""concept_complexity"": 0, ""image_complexity"": 0}, {""concept_id"": ""5_1"", ""is_minor"": false, ""message"": ""Preprocessing failed: Concept has more corner points than image."", ""similarity"": 0.0, ""concept_complexity"": 0, ""image_complexity"": 0}, {""concept_id"": ""6_1"", ""is_minor"": false, ""message"": ""Preprocessing failed: Concept has intersection points but image does not."", ""similarity"": 0.0, ""concept_complexity"": 0, ""image_complexity"": 0}, {""concept_id"": ""8_2"", ""is_minor"": false, ""message"": ""Preprocessing failed: Concept has intersection points but image does not."", ""similarity"": 0.0, ""concept_complexity"": 0, ""image_complexity"": 0}, {""concept_id"": ""9_2"", ""is_minor"": false, ""message"": ""Preprocessing failed: Concept has intersection points but image does not."", ""similarity"": 0.0, ""concept_complexity"": 0, ""image_complexity"": 0}]","{'ged_timeout': 5, 'skeletonization_threshold': 110, 'simplification_epsilon': 4.55, 'comparison_method': 'ged', 'fgw_alpha': 0.5, 'image_path': '/opt/nuclio/shared_storage/mnist_all/7/mnist_test_7_00028.png', 'image_id': '1fc1d492-d3eb-4cf5-87fa-097d15fee595', 'diagnostic_weight_epsilon': 1.0, 'range_penalty_factor': 0.5, 'node_costs': {'NO_COST': 0.0, 'MINOR': 0.65, 'GENERAL': 0.75, 'SEVERE': 1.0, 'NO_MATCH': 1.5, 'IMPOSSIBLE': 10.0}, 'features': ['normalized_x', 'normalized_y', 'distance_to_centroid', 'horizontal_direction', 'vertical_direction', 'angle_with_ox', 'junction_angle_min', 'is_endpoint', 'is_corner', 'length_ratio_to_max', 'eccentricity', 'avg_neighbor_vector_length', 'neighbor_endpoint_count', 'neighbor_junction_count'], 'mlflow_experiment_id': '4', 'mlflow_run_id': 'b586b24a868744d3aff0659ed46c898f', 'session_id': '7ec0e596-7b17-4a8f-a84b-bf4977e88b17', 'image_width': 100, 'image_height': 100}","{'skeletonization_time_ms': 57.703583, 'contour_analysis_time_ms': 561.769334, 'classification_time_ms': 143.509292}",4,False
success,b5964610-bdc5-4d6e-954c-64bbff72b8e5,,/opt/nuclio/shared_storage/mnist_all/6/mnist_test_6_00112.png,6,"[{""concept_id"": ""5_1"", ""is_minor"": true, ""message"": ""Similarity between image and concept 5_1: 0.4463"", ""similarity"": 0.4463, ""concept_complexity"": 17, ""image_complexity"": 25}, {""concept_id"": ""2_1"", ""is_minor"": true, ""message"": ""Similarity between image and concept 2_1: 0.4338"", ""similarity"": 0.4338, ""concept_complexity"": 13, ""image_complexity"": 25}, {""concept_id"": ""3_1"", ""is_minor"": true, ""message"": ""Similarity between image and concept 3_1: 0.3769"", ""similarity"": 0.3769, ""concept_complexity"": 21, ""image_complexity"": 25}, {""concept_id"": ""7_1"", ""is_minor"": true, ""message"": ""Similarity between image and concept 7_1: 0.4451"", ""similarity"": 0.4451, ""concept_complexity"": 9, ""image_complexity"": 25}, {""concept_id"": ""1_3"", ""is_minor"": true, ""message"": ""Similarity between image and concept 1_3: 0.4639"", ""similarity"": 0.4639, ""concept_complexity"": 5, ""image_complexity"": 25}, {""concept_id"": ""0_1"", ""is_minor"": false, ""message"": ""Preprocessing failed: Concept has corner points but image does not."", ""similarity"": 0.0, ""concept_complexity"": 0, ""image_complexity"": 0}, {""concept_id"": ""1_1"", ""is_minor"": false, ""message"": ""Preprocessing failed: Concept has more endpoints than image."", ""similarity"": 0.0, ""concept_complexity"": 0, ""image_complexity"": 0}, {""concept_id"": ""2_2"", ""is_minor"": false, ""message"": ""Preprocessing failed: Concept has intersection points but image does not."", ""similarity"": 0.0, ""concept_complexity"": 0, ""image_complexity"": 0}, {""concept_id"": ""4_1"", ""is_minor"": false, ""message"": ""Preprocessing failed: Concept has intersection points but image does not."", ""similarity"": 0.0, ""concept_complexity"": 0, ""image_complexity"": 0}, {""concept_id"": ""4_2"", ""is_minor"": false, ""message"": ""Preprocessing failed: Concept has more endpoints than image."", ""similarity"": 0.0, ""concept_complexity"": 0, ""image_complexity"": 0}, {""concept_id"": ""6_1"", ""is_minor"": false, ""message"": ""Preprocessing failed: Concept has intersection points but image does not."", ""similarity"": 0.0, ""concept_complexity"": 0, ""image_complexity"": 0}, {""concept_id"": ""8_2"", ""is_minor"": false, ""message"": ""Preprocessing failed: Concept has intersection points but image does not."", ""similarity"": 0.0, ""concept_complexity"": 0, ""image_complexity"": 0}, {""concept_id"": ""9_2"", ""is_minor"": false, ""message"": ""Preprocessing failed: Concept has intersection points but image does not."", ""similarity"": 0.0, ""concept_complexity"": 0, ""image_complexity"": 0}]","{'ged_timeout': 5, 'skeletonization_threshold': 110, 'simplification_epsilon': 4.55, 'comparison_method': 'ged', 'fgw_alpha': 0.5, 'image_path': '/opt/nuclio/shared_storage/mnist_all/6/mnist_test_6_00112.png', 'image_id': 'b5964610-bdc5-4d6e-954c-64bbff72b8e5', 'diagnostic_weight_epsilon': 1.0, 'range_penalty_factor': 0.5, 'node_costs': {'NO_COST': 0.0, 'MINOR': 0.65, 'GENERAL': 0.75, 'SEVERE': 1.0, 'NO_MATCH': 1.5, 'IMPOSSIBLE': 10.0}, 'features': ['normalized_x', 'normalized_y', 'distance_to_centroid', 'horizontal_direction', 'vertical_direction', 'angle_with_ox', 'junction_angle_min', 'is_endpoint', 'is_corner', 'length_ratio_to_max', 'eccentricity', 'avg_neighbor_vector_length', 'neighbor_endpoint_count', 'neighbor_junction_count'], 'mlflow_experiment_id': '4', 'mlflow_run_id': 'b586b24a868744d3aff0659ed46c898f', 'session_id': '5e7ceaa2-1a0a-44b2-b0c5-95bd1f23dbfd', 'image_width': 100, 'image_height': 100}","{'skeletonization_time_ms': 434.222083, 'contour_analysis_time_ms': 1246.544917, 'classification_time_ms': 1439.852542}",5,False
success,157587ac-66c9-458f-81f1-c03bbaba7405,,/opt/nuclio/shared_storage/mnist_all/7/mnist_test_7_00100.png,7,"[{""concept_id"": ""4_2"", ""is_minor"": true, ""message"": ""Similarity between image and concept 4_2: 0.598"", ""similarity"": 0.598, ""concept_complexity"": 13, ""image_complexity"": 21}, {""concept_id"": ""7_1"", ""is_minor"": true, ""message"": ""Similarity between image and concept 7_1: 0.5637"", ""similarity"": 0.5637, ""concept_complexity"": 9, ""image_complexity"": 21}, {""concept_id"": ""1_1"", ""is_minor"": true, ""message"": ""Similarity between image and concept 1_1: 0.428"", ""similarity"": 0.428, ""concept_complexity"": 13, ""image_complexity"": 21}, {""concept_id"": ""2_1"", ""is_minor"": true, ""message"": ""Similarity between image and concept 2_1: 0.3728"", ""similarity"": 0.3728, ""concept_complexity"": 13, ""image_complexity"": 21}, {""concept_id"": ""1_3"", ""is_minor"": true, ""message"": ""Similarity between image and concept 1_3: 0.3775"", ""similarity"": 0.3775, ""concept_complexity"": 5, ""image_complexity"": 21}, {""concept_id"": ""0_1"", ""is_minor"": false, ""message"": ""Preprocessing failed: Concept has corner points but image does not."", ""similarity"": 0.0, ""concept_complexity"": 0, ""image_complexity"": 0}, {""concept_id"": ""2_2"", ""is_minor"": false, ""message"": ""Preprocessing failed: Concept has intersection points but image does not."", ""similarity"": 0.0, ""concept_complexity"": 0, ""image_complexity"": 0}, {""concept_id"": ""3_1"", ""is_minor"": false, ""message"": ""Preprocessing failed: Concept has more corner points than image."", ""similarity"": 0.0, ""concept_complexity"": 0, ""image_complexity"": 0}, {""concept_id"": ""4_1"", ""is_minor"": false, ""message"": ""Preprocessing failed: Concept has intersection points but image does not."", ""similarity"": 0.0, ""concept_complexity"": 0, ""image_complexity"": 0}, {""concept_id"": ""5_1"", ""is_minor"": false, ""message"": ""Preprocessing failed: Concept has more corner points than image."", ""similarity"": 0.0, ""concept_complexity"": 0, ""image_complexity"": 0}, {""concept_id"": ""6_1"", ""is_minor"": false, ""message"": ""Preprocessing failed: Concept has intersection points but image does not."", ""similarity"": 0.0, ""concept_complexity"": 0, ""image_complexity"": 0}, {""concept_id"": ""8_2"", ""is_minor"": false, ""message"": ""Preprocessing failed: Concept has intersection points but image does not."", ""similarity"": 0.0, ""concept_complexity"": 0, ""image_complexity"": 0}, {""concept_id"": ""9_2"", ""is_minor"": false, ""message"": ""Preprocessing failed: Concept has intersection points but image does not."", ""similarity"": 0.0, ""concept_complexity"": 0, ""image_complexity"": 0}]","{'ged_timeout': 5, 'skeletonization_threshold': 110, 'simplification_epsilon': 4.55, 'comparison_method': 'ged', 'fgw_alpha': 0.5, 'image_path': '/opt/nuclio/shared_storage/mnist_all/7/mnist_test_7_00100.png', 'image_id': '157587ac-66c9-458f-81f1-c03bbaba7405', 'diagnostic_weight_epsilon': 1.0, 'range_penalty_factor': 0.5, 'node_costs': {'NO_COST': 0.0, 'MINOR': 0.65, 'GENERAL': 0.75, 'SEVERE': 1.0, 'NO_MATCH': 1.5, 'IMPOSSIBLE': 10.0}, 'features': ['normalized_x', 'normalized_y', 'distance_to_centroid', 'horizontal_direction', 'vertical_direction', 'angle_with_ox', 'junction_angle_min', 'is_endpoint', 'is_corner', 'length_ratio_to_max', 'eccentricity', 'avg_neighbor_vector_length', 'neighbor_endpoint_count', 'neighbor_junction_count'], 'mlflow_experiment_id': '4', 'mlflow_run_id': 'b586b24a868744d3aff0659ed46c898f', 'session_id': 'e6c2050a-f160-4db4-8240-60e190a2d21f', 'image_width': 100, 'image_height': 100}","{'skeletonization_time_ms': 151.420834, 'contour_analysis_time_ms': 713.239292, 'classification_time_ms': 170.108541}",4,False
success,32bb9902-f58e-43a5-9ffe-4f6027ff4f9a,,/opt/nuclio/shared_storage/mnist_all/8/mnist_test_8_00852.png,8,"[{""concept_id"": ""6_1"", ""is_minor"": true, ""message"": ""Similarity between image and concept 6_1: 0.56"", ""similarity"": 0.56, ""concept_complexity"": 20, ""image_complexity"": 35}, {""concept_id"": ""4_1"", ""is_minor"": true, ""message"": ""Similarity between image and concept 4_1: 0.5285"", ""similarity"": 0.5285, ""concept_complexity"": 16, ""image_complexity"": 35}, {""concept_id"": ""9_2"", ""is_minor"": true, ""message"": ""Similarity between image and concept 9_2: 0.5236"", ""similarity"": 0.5236, ""concept_complexity"": 16, ""image_complexity"": 35}, {""concept_id"": ""8_1"", ""is_minor"": true, ""message"": ""Similarity between image and concept 8_1: 0.1844"", ""similarity"": 0.1844, ""concept_complexity"": 27, ""image_complexity"": 35}, {""concept_id"": ""0_1"", ""is_minor"": true, ""message"": ""Similarity between image and concept 0_1: 0.1901"", ""similarity"": 0.1901, ""concept_complexity"": 20, ""image_complexity"": 35}, {""concept_id"": ""1_1"", ""is_minor"": false, ""message"": ""Preprocessing failed: Concept has endpoints but image does not."", ""similarity"": 0.0, ""concept_complexity"": 0, ""image_complexity"": 0}, {""concept_id"": ""1_3"", ""is_minor"": false, ""message"": ""Preprocessing failed: Concept has endpoints but image does not."", ""similarity"": 0.0, ""concept_complexity"": 0, ""image_complexity"": 0}, {""concept_id"": ""2_1"", ""is_minor"": false, ""message"": ""Preprocessing failed: Concept has endpoints but image does not."", ""similarity"": 0.0, ""concept_complexity"": 0, ""image_complexity"": 0}, {""concept_id"": ""2_2"", ""is_minor"": false, ""message"": ""Preprocessing failed: Concept has corner points but image does not."", ""similarity"": 0.0, ""concept_complexity"": 0, ""image_complexity"": 0}, {""concept_id"": ""3_1"", ""is_minor"": false, ""message"": ""Preprocessing failed: Concept has endpoints but image does not."", ""similarity"": 0.0, ""concept_complexity"": 0, ""image_complexity"": 0}, {""concept_id"": ""4_2"", ""is_minor"": false, ""message"": ""Preprocessing failed: Concept has endpoints but image does not."", ""similarity"": 0.0, ""concept_complexity"": 0, ""image_complexity"": 0}, {""concept_id"": ""5_1"", ""is_minor"": false, ""message"": ""Preprocessing failed: Concept has endpoints but image does not."", ""similarity"": 0.0, ""concept_complexity"": 0, ""image_complexity"": 0}, {""concept_id"": ""7_1"", ""is_minor"": false, ""message"": ""Preprocessing failed: Concept has endpoints but image does not."", ""similarity"": 0.0, ""concept_complexity"": 0, ""image_complexity"": 0}, {""concept_id"": ""8_2"", ""is_minor"": false, ""message"": ""Preprocessing failed: Concept has endpoints but image does not."", ""similarity"": 0.0, ""concept_complexity"": 0, ""image_complexity"": 0}]","{'ged_timeout': 5, 'skeletonization_threshold': 110, 'simplification_epsilon': 4.55, 'comparison_method': 'ged', 'fgw_alpha': 0.5, 'image_path': '/opt/nuclio/shared_storage/mnist_all/8/mnist_test_8_00852.png', 'image_id': '32bb9902-f58e-43a5-9ffe-4f6027ff4f9a', 'diagnostic_weight_epsilon': 1.0, 'range_penalty_factor': 0.5, 'node_costs': {'NO_COST': 0.0, 'MINOR': 0.65, 'GENERAL': 0.75, 'SEVERE': 1.0, 'NO_MATCH': 1.5, 'IMPOSSIBLE': 10.0}, 'features': ['normalized_x', 'normalized_y', 'distance_to_centroid', 'horizontal_direction', 'vertical_direction', 'angle_with_ox', 'junction_angle_min', 'is_endpoint', 'is_corner', 'length_ratio_to_max', 'eccentricity', 'avg_neighbor_vector_length', 'neighbor_endpoint_count', 'neighbor_junction_count'], 'mlflow_experiment_id': '4', 'mlflow_run_id': 'b586b24a868744d3aff0659ed46c898f', 'session_id': '02c4b53c-c60b-42dc-b798-c443a8b25fd5', 'image_width': 100, 'image_height': 100}","{'skeletonization_time_ms': 103.796541, 'contour_analysis_time_ms': 624.699625, 'classification_time_ms': 782.860667}",6,False
success,64631407-b5bc-4697-a453-dc58a9a9e0e8,,/opt/nuclio/shared_storage/mnist_all/7/mnist_test_7_00339.png,7,"[{""concept_id"": ""4_2"", ""is_minor"": true, ""message"": ""Similarity between image and concept 4_2: 0.5838"", ""similarity"": 0.5838, ""concept_complexity"": 13, ""image_complexity"": 21}, {""concept_id"": ""7_1"", ""is_minor"": true, ""message"": ""Similarity between image and concept 7_1: 0.4685"", ""similarity"": 0.4685, ""concept_complexity"": 9, ""image_complexity"": 21}, {""concept_id"": ""2_1"", ""is_minor"": true, ""message"": ""Similarity between image and concept 2_1: 0.4202"", ""similarity"": 0.4202, ""concept_complexity"": 13, ""image_complexity"": 21}, {""concept_id"": ""1_1"", ""is_minor"": true, ""message"": ""Similarity between image and concept 1_1: 0.3487"", ""similarity"": 0.3487, ""concept_complexity"": 13, ""image_complexity"": 21}, {""concept_id"": ""1_3"", ""is_minor"": true, ""message"": ""Similarity between image and concept 1_3: 0.4112"", ""similarity"": 0.4112, ""concept_complexity"": 5, ""image_complexity"": 21}, {""concept_id"": ""0_1"", ""is_minor"": false, ""message"": ""Preprocessing failed: Concept has corner points but image does not."", ""similarity"": 0.0, ""concept_complexity"": 0, ""image_complexity"": 0}, {""concept_id"": ""2_2"", ""is_minor"": false, ""message"": ""Preprocessing failed: Concept has intersection points but image does not."", ""similarity"": 0.0, ""concept_complexity"": 0, ""image_complexity"": 0}, {""concept_id"": ""3_1"", ""is_minor"": false, ""message"": ""Preprocessing failed: Concept has more corner points than image."", ""similarity"": 0.0, ""concept_complexity"": 0, ""image_complexity"": 0}, {""concept_id"": ""4_1"", ""is_minor"": false, ""message"": ""Preprocessing failed: Concept has intersection points but image does not."", ""similarity"": 0.0, ""concept_complexity"": 0, ""image_complexity"": 0}, {""concept_id"": ""5_1"", ""is_minor"": false, ""message"": ""Preprocessing failed: Concept has more corner points than image."", ""similarity"": 0.0, ""concept_complexity"": 0, ""image_complexity"": 0}, {""concept_id"": ""6_1"", ""is_minor"": false, ""message"": ""Preprocessing failed: Concept has intersection points but image does not."", ""similarity"": 0.0, ""concept_complexity"": 0, ""image_complexity"": 0}, {""concept_id"": ""8_2"", ""is_minor"": false, ""message"": ""Preprocessing failed: Concept has intersection points but image does not."", ""similarity"": 0.0, ""concept_complexity"": 0, ""image_complexity"": 0}, {""concept_id"": ""9_2"", ""is_minor"": false, ""message"": ""Preprocessing failed: Concept has intersection points but image does not."", ""similarity"": 0.0, ""concept_complexity"": 0, ""image_complexity"": 0}]","{'ged_timeout': 5, 'skeletonization_threshold': 110, 'simplification_epsilon': 4.55, 'comparison_method': 'ged', 'fgw_alpha': 0.5, 'image_path': '/opt/nuclio/shared_storage/mnist_all/7/mnist_test_7_00339.png', 'image_id': '64631407-b5bc-4697-a453-dc58a9a9e0e8', 'diagnostic_weight_epsilon': 1.0, 'range_penalty_factor': 0.5, 'node_costs': {'NO_COST': 0.0, 'MINOR': 0.65, 'GENERAL': 0.75, 'SEVERE': 1.0, 'NO_MATCH': 1.5, 'IMPOSSIBLE': 10.0}, 'features': ['normalized_x', 'normalized_y', 'distance_to_centroid', 'horizontal_direction', 'vertical_direction', 'angle_with_ox', 'junction_angle_min', 'is_endpoint', 'is_corner', 'length_ratio_to_max', 'eccentricity', 'avg_neighbor_vector_length', 'neighbor_endpoint_count', 'neighbor_junction_count'], 'mlflow_experiment_id': '4', 'mlflow_run_id': 'b586b24a868744d3aff0659ed46c898f', 'session_id': '976dabcc-7bac-4c53-b48d-97f7435b5e64', 'image_width': 100, 'image_height': 100}","{'skeletonization_time_ms': 94.673125, 'contour_analysis_time_ms': 782.037709, 'classification_time_ms': 238.719583}",4,False
success,b2c31a3f-dfd9-478c-9e7c-23722f0641a7,,/opt/nuclio/shared_storage/mnist_all/7/mnist_test_7_00433.png,7,"[{""concept_id"": ""4_2"", ""is_minor"": true, ""message"": ""Similarity between image and concept 4_2: 0.6686"", ""similarity"": 0.6686, ""concept_complexity"": 13, ""image_complexity"": 21}, {""concept_id"": ""7_1"", ""is_minor"": true, ""message"": ""Similarity between image and concept 7_1: 0.5701"", ""similarity"": 0.5701, ""concept_complexity"": 9, ""image_complexity"": 21}, {""concept_id"": ""1_1"", ""is_minor"": true, ""message"": ""Similarity between image and concept 1_1: 0.3979"", ""similarity"": 0.3979, ""concept_complexity"": 13, ""image_complexity"": 21}, {""concept_id"": ""2_1"", ""is_minor"": true, ""message"": ""Similarity between image and concept 2_1: 0.3621"", ""similarity"": 0.3621, ""concept_complexity"": 13, ""image_complexity"": 21}, {""concept_id"": ""1_3"", ""is_minor"": true, ""message"": ""Similarity between image and concept 1_3: 0.3761"", ""similarity"": 0.3761, ""concept_complexity"": 5, ""image_complexity"": 21}, {""concept_id"": ""0_1"", ""is_minor"": false, ""message"": ""Preprocessing failed: Concept has corner points but image does not."", ""similarity"": 0.0, ""concept_complexity"": 0, ""image_complexity"": 0}, {""concept_id"": ""2_2"", ""is_minor"": false, ""message"": ""Preprocessing failed: Concept has intersection points but image does not."", ""similarity"": 0.0, ""concept_complexity"": 0, ""image_complexity"": 0}, {""concept_id"": ""3_1"", ""is_minor"": false, ""message"": ""Preprocessing failed: Concept has more corner points than image."", ""similarity"": 0.0, ""concept_complexity"": 0, ""image_complexity"": 0}, {""concept_id"": ""4_1"", ""is_minor"": false, ""message"": ""Preprocessing failed: Concept has intersection points but image does not."", ""similarity"": 0.0, ""concept_complexity"": 0, ""image_complexity"": 0}, {""concept_id"": ""5_1"", ""is_minor"": false, ""message"": ""Preprocessing failed: Concept has more corner points than image."", ""similarity"": 0.0, ""concept_complexity"": 0, ""image_complexity"": 0}, {""concept_id"": ""6_1"", ""is_minor"": false, ""message"": ""Preprocessing failed: Concept has intersection points but image does not."", ""similarity"": 0.0, ""concept_complexity"": 0, ""image_complexity"": 0}, {""concept_id"": ""8_2"", ""is_minor"": false, ""message"": ""Preprocessing failed: Concept has intersection points but image does not."", ""similarity"": 0.0, ""concept_complexity"": 0, ""image_complexity"": 0}, {""concept_id"": ""9_2"", ""is_minor"": false, ""message"": ""Preprocessing failed: Concept has intersection points but image does not."", ""similarity"": 0.0, ""concept_complexity"": 0, ""image_complexity"": 0}]","{'ged_timeout': 5, 'skeletonization_threshold': 110, 'simplification_epsilon': 4.55, 'comparison_method': 'ged', 'fgw_alpha': 0.5, 'image_path': '/opt/nuclio/shared_storage/mnist_all/7/mnist_test_7_00433.png', 'image_id': 'b2c31a3f-dfd9-478c-9e7c-23722f0641a7', 'diagnostic_weight_epsilon': 1.0, 'range_penalty_factor': 0.5, 'node_costs': {'NO_COST': 0.0, 'MINOR': 0.65, 'GENERAL': 0.75, 'SEVERE': 1.0, 'NO_MATCH': 1.5, 'IMPOSSIBLE': 10.0}, 'features': ['normalized_x', 'normalized_y', 'distance_to_centroid', 'horizontal_direction', 'vertical_direction', 'angle_with_ox', 'junction_angle_min', 'is_endpoint', 'is_corner', 'length_ratio_to_max', 'eccentricity', 'avg_neighbor_vector_length', 'neighbor_endpoint_count', 'neighbor_junction_count'], 'mlflow_experiment_id': '4', 'mlflow_run_id': 'b586b24a868744d3aff0659ed46c898f', 'session_id': 'db58b461-e04c-49e3-97f5-538bfcdc2309', 'image_width': 100, 'image_height': 100}","{'skeletonization_time_ms': 125.79775, 'contour_analysis_time_ms': 860.910876, 'classification_time_ms': 185.777291}",4,False
success,a3fce517-f6f3-4046-9f7f-ed8b9d6e45f6,,/opt/nuclio/shared_storage/mnist_all/7/mnist_test_7_00200.png,7,"[{""concept_id"": ""4_2"", ""is_minor"": true, ""message"": ""Similarity between image and concept 4_2: 0.4884"", ""similarity"": 0.4884, ""concept_complexity"": 13, ""image_complexity"": 21}, {""concept_id"": ""7_1"", ""is_minor"": true, ""message"": ""Similarity between image and concept 7_1: 0.511"", ""similarity"": 0.511, ""concept_complexity"": 9, ""image_complexity"": 21}, {""concept_id"": ""2_1"", ""is_minor"": true, ""message"": ""Similarity between image and concept 2_1: 0.3968"", ""similarity"": 0.3968, ""concept_complexity"": 13, ""image_complexity"": 21}, {""concept_id"": ""5_1"", ""is_minor"": true, ""message"": ""Similarity between image and concept 5_1: 0.3431"", ""similarity"": 0.3431, ""concept_complexity"": 17, ""image_complexity"": 21}, {""concept_id"": ""1_1"", ""is_minor"": true, ""message"": ""Similarity between image and concept 1_1: 0.3385"", ""similarity"": 0.3385, ""concept_complexity"": 13, ""image_complexity"": 21}, {""concept_id"": ""1_3"", ""is_minor"": true, ""message"": ""Similarity between image and concept 1_3: 0.3163"", ""similarity"": 0.3163, ""concept_complexity"": 5, ""image_complexity"": 21}, {""concept_id"": ""0_1"", ""is_minor"": false, ""message"": ""Preprocessing failed: Concept has corner points but image does not."", ""similarity"": 0.0, ""concept_complexity"": 0, ""image_complexity"": 0}, {""concept_id"": ""2_2"", ""is_minor"": false, ""message"": ""Preprocessing failed: Concept has intersection points but image does not."", ""similarity"": 0.0, ""concept_complexity"": 0, ""image_complexity"": 0}, {""concept_id"": ""3_1"", ""is_minor"": false, ""message"": ""Preprocessing failed: Concept has more corner points than image."", ""similarity"": 0.0, ""concept_complexity"": 0, ""image_complexity"": 0}, {""concept_id"": ""4_1"", ""is_minor"": false, ""message"": ""Preprocessing failed: Concept has intersection points but image does not."", ""similarity"": 0.0, ""concept_complexity"": 0, ""image_complexity"": 0}, {""concept_id"": ""6_1"", ""is_minor"": false, ""message"": ""Preprocessing failed: Concept has intersection points but image does not."", ""similarity"": 0.0, ""concept_complexity"": 0, ""image_complexity"": 0}, {""concept_id"": ""8_2"", ""is_minor"": false, ""message"": ""Preprocessing failed: Concept has intersection points but image does not."", ""similarity"": 0.0, ""concept_complexity"": 0, ""image_complexity"": 0}, {""concept_id"": ""9_2"", ""is_minor"": false, ""message"": ""Preprocessing failed: Concept has intersection points but image does not."", ""similarity"": 0.0, ""concept_complexity"": 0, ""image_complexity"": 0}]","{'ged_timeout': 5, 'skeletonization_threshold': 110, 'simplification_epsilon': 4.55, 'comparison_method': 'ged', 'fgw_alpha': 0.5, 'image_path': '/opt/nuclio/shared_storage/mnist_all/7/mnist_test_7_00200.png', 'image_id': 'a3fce517-f6f3-4046-9f7f-ed8b9d6e45f6', 'diagnostic_weight_epsilon': 1.0, 'range_penalty_factor': 0.5, 'node_costs': {'NO_COST': 0.0, 'MINOR': 0.65, 'GENERAL': 0.75, 'SEVERE': 1.0, 'NO_MATCH': 1.5, 'IMPOSSIBLE': 10.0}, 'features': ['normalized_x', 'normalized_y', 'distance_to_centroid', 'horizontal_direction', 'vertical_direction', 'angle_with_ox', 'junction_angle_min', 'is_endpoint', 'is_corner', 'length_ratio_to_max', 'eccentricity', 'avg_neighbor_vector_length', 'neighbor_endpoint_count', 'neighbor_junction_count'], 'mlflow_experiment_id': '4', 'mlflow_run_id': 'b586b24a868744d3aff0659ed46c898f', 'session_id': 'aa56dfe9-3fcd-4b85-845e-fa8b5752ec85', 'image_width': 100, 'image_height': 100}","{'skeletonization_time_ms': 152.615208, 'contour_analysis_time_ms': 587.816417, 'classification_time_ms': 171.498084}",4,False
success,9872d0b2-4edd-4ad3-973d-7d9359284313,,/opt/nuclio/shared_storage/mnist_all/7/mnist_test_7_00488.png,7,"[{""concept_id"": ""2_1"", ""is_minor"": true, ""message"": ""Similarity between image and concept 2_1: 0.5212"", ""similarity"": 0.5212, ""concept_complexity"": 13, ""image_complexity"": 21}, {""concept_id"": ""7_1"", ""is_minor"": true, ""message"": ""Similarity between image and concept 7_1: 0.5149"", ""similarity"": 0.5149, ""concept_complexity"": 9, ""image_complexity"": 21}, {""concept_id"": ""5_1"", ""is_minor"": true, ""message"": ""Similarity between image and concept 5_1: 0.4395"", ""similarity"": 0.4395, ""concept_complexity"": 17, ""image_complexity"": 21}, {""concept_id"": ""3_1"", ""is_minor"": true, ""message"": ""Similarity between image and concept 3_1: 0.3716"", ""similarity"": 0.3716, ""concept_complexity"": 21, ""image_complexity"": 21}, {""concept_id"": ""1_3"", ""is_minor"": true, ""message"": ""Similarity between image and concept 1_3: 0.4598"", ""similarity"": 0.4598, ""concept_complexity"": 5, ""image_complexity"": 21}, {""concept_id"": ""0_1"", ""is_minor"": false, ""message"": ""Preprocessing failed: Concept has corner points but image does not."", ""similarity"": 0.0, ""concept_complexity"": 0, ""image_complexity"": 0}, {""concept_id"": ""1_1"", ""is_minor"": false, ""message"": ""Preprocessing failed: Concept has more endpoints than image."", ""similarity"": 0.0, ""concept_complexity"": 0, ""image_complexity"": 0}, {""concept_id"": ""2_2"", ""is_minor"": false, ""message"": ""Preprocessing failed: Concept has intersection points but image does not."", ""similarity"": 0.0, ""concept_complexity"": 0, ""image_complexity"": 0}, {""concept_id"": ""4_1"", ""is_minor"": false, ""message"": ""Preprocessing failed: Concept has intersection points but image does not."", ""similarity"": 0.0, ""concept_complexity"": 0, ""image_complexity"": 0}, {""concept_id"": ""4_2"", ""is_minor"": false, ""message"": ""Preprocessing failed: Concept has more endpoints than image."", ""similarity"": 0.0, ""concept_complexity"": 0, ""image_complexity"": 0}, {""concept_id"": ""6_1"", ""is_minor"": false, ""message"": ""Preprocessing failed: Concept has intersection points but image does not."", ""similarity"": 0.0, ""concept_complexity"": 0, ""image_complexity"": 0}, {""concept_id"": ""8_2"", ""is_minor"": false, ""message"": ""Preprocessing failed: Concept has intersection points but image does not."", ""similarity"": 0.0, ""concept_complexity"": 0, ""image_complexity"": 0}, {""concept_id"": ""9_2"", ""is_minor"": false, ""message"": ""Preprocessing failed: Concept has intersection points but image does not."", ""similarity"": 0.0, ""concept_complexity"": 0, ""image_complexity"": 0}]","{'ged_timeout': 5, 'skeletonization_threshold': 110, 'simplification_epsilon': 4.55, 'comparison_method': 'ged', 'fgw_alpha': 0.5, 'image_path': '/opt/nuclio/shared_storage/mnist_all/7/mnist_test_7_00488.png', 'image_id': '9872d0b2-4edd-4ad3-973d-7d9359284313', 'diagnostic_weight_epsilon': 1.0, 'range_penalty_factor': 0.5, 'node_costs': {'NO_COST': 0.0, 'MINOR': 0.65, 'GENERAL': 0.75, 'SEVERE': 1.0, 'NO_MATCH': 1.5, 'IMPOSSIBLE': 10.0}, 'features': ['normalized_x', 'normalized_y', 'distance_to_centroid', 'horizontal_direction', 'vertical_direction', 'angle_with_ox', 'junction_angle_min', 'is_endpoint', 'is_corner', 'length_ratio_to_max', 'eccentricity', 'avg_neighbor_vector_length', 'neighbor_endpoint_count', 'neighbor_junction_count'], 'mlflow_experiment_id': '4', 'mlflow_run_id': 'b586b24a868744d3aff0659ed46c898f', 'session_id': '548471cf-a9bd-4038-8ee8-411a4a5ff769', 'image_width': 100, 'image_height': 100}","{'skeletonization_time_ms': 154.67625, 'contour_analysis_time_ms': 648.869917, 'classification_time_ms': 408.964083}",2,False
success,34187556-1e72-48e1-81cb-04e48b9ce226,,/opt/nuclio/shared_storage/mnist_all/7/mnist_test_7_00224.png,7,"[{""concept_id"": ""2_1"", ""is_minor"": true, ""message"": ""Similarity between image and concept 2_1: 0.5186"", ""similarity"": 0.5186, ""concept_complexity"": 13, ""image_complexity"": 29}, {""concept_id"": ""3_1"", ""is_minor"": true, ""message"": ""Similarity between image and concept 3_1: 0.4237"", ""similarity"": 0.4237, ""concept_complexity"": 21, ""image_complexity"": 29}, {""concept_id"": ""5_1"", ""is_minor"": true, ""message"": ""Similarity between image and concept 5_1: 0.4295"", ""similarity"": 0.4295, ""concept_complexity"": 17, ""image_complexity"": 29}, {""concept_id"": ""7_1"", ""is_minor"": true, ""message"": ""Similarity between image and concept 7_1: 0.4746"", ""similarity"": 0.4746, ""concept_complexity"": 9, ""image_complexity"": 29}, {""concept_id"": ""4_2"", ""is_minor"": true, ""message"": ""Similarity between image and concept 4_2: 0.4371"", ""similarity"": 0.4371, ""concept_complexity"": 13, ""image_complexity"": 29}, {""concept_id"": ""1_1"", ""is_minor"": true, ""message"": ""Similarity between image and concept 1_1: 0.3598"", ""similarity"": 0.3598, ""concept_complexity"": 13, ""image_complexity"": 29}, {""concept_id"": ""1_3"", ""is_minor"": true, ""message"": ""Similarity between image and concept 1_3: 0.4383"", ""similarity"": 0.4383, ""concept_complexity"": 5, ""image_complexity"": 29}, {""concept_id"": ""0_1"", ""is_minor"": false, ""message"": ""Preprocessing failed: Concept has corner points but image does not."", ""similarity"": 0.0, ""concept_complexity"": 0, ""image_complexity"": 0}, {""concept_id"": ""2_2"", ""is_minor"": false, ""message"": ""Preprocessing failed: Concept has intersection points but image does not."", ""similarity"": 0.0, ""concept_complexity"": 0, ""image_complexity"": 0}, {""concept_id"": ""4_1"", ""is_minor"": false, ""message"": ""Preprocessing failed: Concept has intersection points but image does not."", ""similarity"": 0.0, ""concept_complexity"": 0, ""image_complexity"": 0}, {""concept_id"": ""6_1"", ""is_minor"": false, ""message"": ""Preprocessing failed: Concept has intersection points but image does not."", ""similarity"": 0.0, ""concept_complexity"": 0, ""image_complexity"": 0}, {""concept_id"": ""8_1"", ""is_minor"": false, ""message"": ""Preprocessing failed: Concept has corner points but image does not."", ""similarity"": 0.0, ""concept_complexity"": 0, ""image_complexity"": 0}, {""concept_id"": ""8_2"", ""is_minor"": false, ""message"": ""Preprocessing failed: Concept has intersection points but image does not."", ""similarity"": 0.0, ""concept_complexity"": 0, ""image_complexity"": 0}, {""concept_id"": ""9_2"", ""is_minor"": false, ""message"": ""Preprocessing failed: Concept has intersection points but image does not."", ""similarity"": 0.0, ""concept_complexity"": 0, ""image_complexity"": 0}]","{'ged_timeout': 5, 'skeletonization_threshold': 110, 'simplification_epsilon': 4.55, 'comparison_method': 'ged', 'fgw_alpha': 0.5, 'image_path': '/opt/nuclio/shared_storage/mnist_all/7/mnist_test_7_00224.png', 'image_id': '34187556-1e72-48e1-81cb-04e48b9ce226', 'diagnostic_weight_epsilon': 1.0, 'range_penalty_factor': 0.5, 'node_costs': {'NO_COST': 0.0, 'MINOR': 0.65, 'GENERAL': 0.75, 'SEVERE': 1.0, 'NO_MATCH': 1.5, 'IMPOSSIBLE': 10.0}, 'features': ['normalized_x', 'normalized_y', 'distance_to_centroid', 'horizontal_direction', 'vertical_direction', 'angle_with_ox', 'junction_angle_min', 'is_endpoint', 'is_corner', 'length_ratio_to_max', 'eccentricity', 'avg_neighbor_vector_length', 'neighbor_endpoint_count', 'neighbor_junction_count'], 'mlflow_experiment_id': '4', 'mlflow_run_id': 'b586b24a868744d3aff0659ed46c898f', 'session_id': '46b0709c-549a-495b-94c0-2712f9191f78', 'image_width': 100, 'image_height': 100}","{'skeletonization_time_ms': 165.315459, 'contour_analysis_time_ms': 507.675, 'classification_time_ms': 651.538876}",2,False
success,da15a56f-af71-4a72-a3a1-6d154bbf80e1,,/opt/nuclio/shared_storage/mnist_all/7/mnist_test_7_00683.png,7,"[{""concept_id"": ""2_1"", ""is_minor"": true, ""message"": ""Similarity between image and concept 2_1: 0.5372"", ""similarity"": 0.5372, ""concept_complexity"": 13, ""image_complexity"": 21}, {""concept_id"": ""7_1"", ""is_minor"": true, ""message"": ""Similarity between image and concept 7_1: 0.5329"", ""similarity"": 0.5329, ""concept_complexity"": 9, ""image_complexity"": 21}, {""concept_id"": ""4_2"", ""is_minor"": true, ""message"": ""Similarity between image and concept 4_2: 0.4785"", ""similarity"": 0.4785, ""concept_complexity"": 13, ""image_complexity"": 21}, {""concept_id"": ""5_1"", ""is_minor"": true, ""message"": ""Similarity between image and concept 5_1: 0.3406"", ""similarity"": 0.3406, ""concept_complexity"": 17, ""image_complexity"": 21}, {""concept_id"": ""1_3"", ""is_minor"": true, ""message"": ""Similarity between image and concept 1_3: 0.3912"", ""similarity"": 0.3912, ""concept_complexity"": 5, ""image_complexity"": 21}, {""concept_id"": ""1_1"", ""is_minor"": true, ""message"": ""Similarity between image and concept 1_1: 0.2766"", ""similarity"": 0.2766, ""concept_complexity"": 13, ""image_complexity"": 21}, {""concept_id"": ""0_1"", ""is_minor"": false, ""message"": ""Preprocessing failed: Concept has corner points but image does not."", ""similarity"": 0.0, ""concept_complexity"": 0, ""image_complexity"": 0}, {""concept_id"": ""2_2"", ""is_minor"": false, ""message"": ""Preprocessing failed: Concept has intersection points but image does not."", ""similarity"": 0.0, ""concept_complexity"": 0, ""image_complexity"": 0}, {""concept_id"": ""3_1"", ""is_minor"": false, ""message"": ""Preprocessing failed: Concept has more corner points than image."", ""similarity"": 0.0, ""concept_complexity"": 0, ""image_complexity"": 0}, {""concept_id"": ""4_1"", ""is_minor"": false, ""message"": ""Preprocessing failed: Concept has intersection points but image does not."", ""similarity"": 0.0, ""concept_complexity"": 0, ""image_complexity"": 0}, {""concept_id"": ""6_1"", ""is_minor"": false, ""message"": ""Preprocessing failed: Concept has intersection points but image does not."", ""similarity"": 0.0, ""concept_complexity"": 0, ""image_complexity"": 0}, {""concept_id"": ""8_2"", ""is_minor"": false, ""message"": ""Preprocessing failed: Concept has intersection points but image does not."", ""similarity"": 0.0, ""concept_complexity"": 0, ""image_complexity"": 0}, {""concept_id"": ""9_2"", ""is_minor"": false, ""message"": ""Preprocessing failed: Concept has intersection points but image does not."", ""similarity"": 0.0, ""concept_complexity"": 0, ""image_complexity"": 0}]","{'ged_timeout': 5, 'skeletonization_threshold': 110, 'simplification_epsilon': 4.55, 'comparison_method': 'ged', 'fgw_alpha': 0.5, 'image_path': '/opt/nuclio/shared_storage/mnist_all/7/mnist_test_7_00683.png', 'image_id': 'da15a56f-af71-4a72-a3a1-6d154bbf80e1', 'diagnostic_weight_epsilon': 1.0, 'range_penalty_factor': 0.5, 'node_costs': {'NO_COST': 0.0, 'MINOR': 0.65, 'GENERAL': 0.75, 'SEVERE': 1.0, 'NO_MATCH': 1.5, 'IMPOSSIBLE': 10.0}, 'features': ['normalized_x', 'normalized_y', 'distance_to_centroid', 'horizontal_direction', 'vertical_direction', 'angle_with_ox', 'junction_angle_min', 'is_endpoint', 'is_corner', 'length_ratio_to_max', 'eccentricity', 'avg_neighbor_vector_length', 'neighbor_endpoint_count', 'neighbor_junction_count'], 'mlflow_experiment_id': '4', 'mlflow_run_id': 'b586b24a868744d3aff0659ed46c898f', 'session_id': '034aaa96-5881-4d64-9e60-b7b249331af2', 'image_width': 100, 'image_height': 100}","{'skeletonization_time_ms': 131.809, 'contour_analysis_time_ms': 297.032208, 'classification_time_ms': 158.809625}",2,False
success,4e4eb4e8-1017-476b-a16b-2c3c92b94c80,,/opt/nuclio/shared_storage/mnist_all/8/mnist_test_8_00104.png,8,"[{""concept_id"": ""6_1"", ""is_minor"": true, ""message"": ""Similarity between image and concept 6_1: 0.5966"", ""similarity"": 0.5966, ""concept_complexity"": 20, ""image_complexity"": 43}, {""concept_id"": ""4_1"", ""is_minor"": true, ""message"": ""Similarity between image and concept 4_1: 0.5634"", ""similarity"": 0.5634, ""concept_complexity"": 16, ""image_complexity"": 43}, {""concept_id"": ""9_2"", ""is_minor"": true, ""message"": ""Similarity between image and concept 9_2: 0.5205"", ""similarity"": 0.5205, ""concept_complexity"": 16, ""image_complexity"": 43}, {""concept_id"": ""8_1"", ""is_minor"": true, ""message"": ""Similarity between image and concept 8_1: 0.1843"", ""similarity"": 0.1843, ""concept_complexity"": 27, ""image_complexity"": 43}, {""concept_id"": ""0_1"", ""is_minor"": true, ""message"": ""Similarity between image and concept 0_1: 0.1877"", ""similarity"": 0.1877, ""concept_complexity"": 20, ""image_complexity"": 43}, {""concept_id"": ""1_1"", ""is_minor"": false, ""message"": ""Preprocessing failed: Concept has endpoints but image does not."", ""similarity"": 0.0, ""concept_complexity"": 0, ""image_complexity"": 0}, {""concept_id"": ""1_3"", ""is_minor"": false, ""message"": ""Preprocessing failed: Concept has endpoints but image does not."", ""similarity"": 0.0, ""concept_complexity"": 0, ""image_complexity"": 0}, {""concept_id"": ""2_1"", ""is_minor"": false, ""message"": ""Preprocessing failed: Concept has endpoints but image does not."", ""similarity"": 0.0, ""concept_complexity"": 0, ""image_complexity"": 0}, {""concept_id"": ""2_2"", ""is_minor"": false, ""message"": ""Preprocessing failed: Concept has corner points but image does not."", ""similarity"": 0.0, ""concept_complexity"": 0, ""image_complexity"": 0}, {""concept_id"": ""3_1"", ""is_minor"": false, ""message"": ""Preprocessing failed: Concept has endpoints but image does not."", ""similarity"": 0.0, ""concept_complexity"": 0, ""image_complexity"": 0}, {""concept_id"": ""4_2"", ""is_minor"": false, ""message"": ""Preprocessing failed: Concept has endpoints but image does not."", ""similarity"": 0.0, ""concept_complexity"": 0, ""image_complexity"": 0}, {""concept_id"": ""5_1"", ""is_minor"": false, ""message"": ""Preprocessing failed: Concept has endpoints but image does not."", ""similarity"": 0.0, ""concept_complexity"": 0, ""image_complexity"": 0}, {""concept_id"": ""7_1"", ""is_minor"": false, ""message"": ""Preprocessing failed: Concept has endpoints but image does not."", ""similarity"": 0.0, ""concept_complexity"": 0, ""image_complexity"": 0}, {""concept_id"": ""8_2"", ""is_minor"": false, ""message"": ""Preprocessing failed: Concept has endpoints but image does not."", ""similarity"": 0.0, ""concept_complexity"": 0, ""image_complexity"": 0}]","{'ged_timeout': 5, 'skeletonization_threshold': 110, 'simplification_epsilon': 4.55, 'comparison_method': 'ged', 'fgw_alpha': 0.5, 'image_path': '/opt/nuclio/shared_storage/mnist_all/8/mnist_test_8_00104.png', 'image_id': '4e4eb4e8-1017-476b-a16b-2c3c92b94c80', 'diagnostic_weight_epsilon': 1.0, 'range_penalty_factor': 0.5, 'node_costs': {'NO_COST': 0.0, 'MINOR': 0.65, 'GENERAL': 0.75, 'SEVERE': 1.0, 'NO_MATCH': 1.5, 'IMPOSSIBLE': 10.0}, 'features': ['normalized_x', 'normalized_y', 'distance_to_centroid', 'horizontal_direction', 'vertical_direction', 'angle_with_ox', 'junction_angle_min', 'is_endpoint', 'is_corner', 'length_ratio_to_max', 'eccentricity', 'avg_neighbor_vector_length', 'neighbor_endpoint_count', 'neighbor_junction_count'], 'mlflow_experiment_id': '4', 'mlflow_run_id': 'b586b24a868744d3aff0659ed46c898f', 'session_id': 'dd245239-e63e-45c6-8acd-421330f08526', 'image_width': 100, 'image_height': 100}","{'skeletonization_time_ms': 169.377083, 'contour_analysis_time_ms': 457.947417, 'classification_time_ms': 1309.155361}",6,False
success,df031857-f6dc-484c-ae36-05d5eb6b28ba,,/opt/nuclio/shared_storage/mnist_all/7/mnist_test_7_00480.png,7,"[{""concept_id"": ""4_2"", ""is_minor"": true, ""message"": ""Similarity between image and concept 4_2: 0.5198"", ""similarity"": 0.5198, ""concept_complexity"": 13, ""image_complexity"": 21}, {""concept_id"": ""2_1"", ""is_minor"": true, ""message"": ""Similarity between image and concept 2_1: 0.4036"", ""similarity"": 0.4036, ""concept_complexity"": 13, ""image_complexity"": 21}, {""concept_id"": ""7_1"", ""is_minor"": true, ""message"": ""Similarity between image and concept 7_1: 0.4296"", ""similarity"": 0.4296, ""concept_complexity"": 9, ""image_complexity"": 21}, {""concept_id"": ""1_1"", ""is_minor"": true, ""message"": ""Similarity between image and concept 1_1: 0.3728"", ""similarity"": 0.3728, ""concept_complexity"": 13, ""image_complexity"": 21}, {""concept_id"": ""1_3"", ""is_minor"": true, ""message"": ""Similarity between image and concept 1_3: 0.3346"", ""similarity"": 0.3346, ""concept_complexity"": 5, ""image_complexity"": 21}, {""concept_id"": ""0_1"", ""is_minor"": false, ""message"": ""Preprocessing failed: Concept has corner points but image does not."", ""similarity"": 0.0, ""concept_complexity"": 0, ""image_complexity"": 0}, {""concept_id"": ""2_2"", ""is_minor"": false, ""message"": ""Preprocessing failed: Concept has intersection points but image does not."", ""similarity"": 0.0, ""concept_complexity"": 0, ""image_complexity"": 0}, {""concept_id"": ""3_1"", ""is_minor"": false, ""message"": ""Preprocessing failed: Concept has more corner points than image."", ""similarity"": 0.0, ""concept_complexity"": 0, ""image_complexity"": 0}, {""concept_id"": ""4_1"", ""is_minor"": false, ""message"": ""Preprocessing failed: Concept has intersection points but image does not."", ""similarity"": 0.0, ""concept_complexity"": 0, ""image_complexity"": 0}, {""concept_id"": ""5_1"", ""is_minor"": false, ""message"": ""Preprocessing failed: Concept has more corner points than image."", ""similarity"": 0.0, ""concept_complexity"": 0, ""image_complexity"": 0}, {""concept_id"": ""6_1"", ""is_minor"": false, ""message"": ""Preprocessing failed: Concept has intersection points but image does not."", ""similarity"": 0.0, ""concept_complexity"": 0, ""image_complexity"": 0}, {""concept_id"": ""8_2"", ""is_minor"": false, ""message"": ""Preprocessing failed: Concept has intersection points but image does not."", ""similarity"": 0.0, ""concept_complexity"": 0, ""image_complexity"": 0}, {""concept_id"": ""9_2"", ""is_minor"": false, ""message"": ""Preprocessing failed: Concept has intersection points but image does not."", ""similarity"": 0.0, ""concept_complexity"": 0, ""image_complexity"": 0}]","{'ged_timeout': 5, 'skeletonization_threshold': 110, 'simplification_epsilon': 4.55, 'comparison_method': 'ged', 'fgw_alpha': 0.5, 'image_path': '/opt/nuclio/shared_storage/mnist_all/7/mnist_test_7_00480.png', 'image_id': 'df031857-f6dc-484c-ae36-05d5eb6b28ba', 'diagnostic_weight_epsilon': 1.0, 'range_penalty_factor': 0.5, 'node_costs': {'NO_COST': 0.0, 'MINOR': 0.65, 'GENERAL': 0.75, 'SEVERE': 1.0, 'NO_MATCH': 1.5, 'IMPOSSIBLE': 10.0}, 'features': ['normalized_x', 'normalized_y', 'distance_to_centroid', 'horizontal_direction', 'vertical_direction', 'angle_with_ox', 'junction_angle_min', 'is_endpoint', 'is_corner', 'length_ratio_to_max', 'eccentricity', 'avg_neighbor_vector_length', 'neighbor_endpoint_count', 'neighbor_junction_count'], 'mlflow_experiment_id': '4', 'mlflow_run_id': 'b586b24a868744d3aff0659ed46c898f', 'session_id': 'ac8d580d-bb79-49f5-bb19-47dfa2b6e7ae', 'image_width': 100, 'image_height': 100}","{'skeletonization_time_ms': 195.286042, 'contour_analysis_time_ms': 885.092667, 'classification_time_ms': 288.133542}",4,False
success,613d76ec-e4e8-49ae-821f-8076784aac2c,,/opt/nuclio/shared_storage/mnist_all/8/mnist_test_8_00791.png,8,"[{""concept_id"": ""6_1"", ""is_minor"": true, ""message"": ""Similarity between image and concept 6_1: 0.5455"", ""similarity"": 0.5455, ""concept_complexity"": 20, ""image_complexity"": 28}, {""concept_id"": ""4_1"", ""is_minor"": true, ""message"": ""Similarity between image and concept 4_1: 0.5541"", ""similarity"": 0.5541, ""concept_complexity"": 16, ""image_complexity"": 28}, {""concept_id"": ""0_1"", ""is_minor"": true, ""message"": ""Similarity between image and concept 0_1: 0.5289"", ""similarity"": 0.5289, ""concept_complexity"": 20, ""image_complexity"": 28}, {""concept_id"": ""9_2"", ""is_minor"": true, ""message"": ""Similarity between image and concept 9_2: 0.5269"", ""similarity"": 0.5269, ""concept_complexity"": 16, ""image_complexity"": 28}, {""concept_id"": ""8_1"", ""is_minor"": true, ""message"": ""Similarity between image and concept 8_1: 0.4578"", ""similarity"": 0.4578, ""concept_complexity"": 27, ""image_complexity"": 28}, {""concept_id"": ""1_1"", ""is_minor"": false, ""message"": ""Preprocessing failed: Concept has endpoints but image does not."", ""similarity"": 0.0, ""concept_complexity"": 0, ""image_complexity"": 0}, {""concept_id"": ""1_3"", ""is_minor"": false, ""message"": ""Preprocessing failed: Concept has endpoints but image does not."", ""similarity"": 0.0, ""concept_complexity"": 0, ""image_complexity"": 0}, {""concept_id"": ""2_1"", ""is_minor"": false, ""message"": ""Preprocessing failed: Concept has endpoints but image does not."", ""similarity"": 0.0, ""concept_complexity"": 0, ""image_complexity"": 0}, {""concept_id"": ""2_2"", ""is_minor"": false, ""message"": ""Preprocessing failed: Concept has corner points but image does not."", ""similarity"": 0.0, ""concept_complexity"": 0, ""image_complexity"": 0}, {""concept_id"": ""3_1"", ""is_minor"": false, ""message"": ""Preprocessing failed: Concept has endpoints but image does not."", ""similarity"": 0.0, ""concept_complexity"": 0, ""image_complexity"": 0}, {""concept_id"": ""4_2"", ""is_minor"": false, ""message"": ""Preprocessing failed: Concept has endpoints but image does not."", ""similarity"": 0.0, ""concept_complexity"": 0, ""image_complexity"": 0}, {""concept_id"": ""5_1"", ""is_minor"": false, ""message"": ""Preprocessing failed: Concept has endpoints but image does not."", ""similarity"": 0.0, ""concept_complexity"": 0, ""image_complexity"": 0}, {""concept_id"": ""7_1"", ""is_minor"": false, ""message"": ""Preprocessing failed: Concept has endpoints but image does not."", ""similarity"": 0.0, ""concept_complexity"": 0, ""image_complexity"": 0}, {""concept_id"": ""8_2"", ""is_minor"": false, ""message"": ""Preprocessing failed: Concept has endpoints but image does not."", ""similarity"": 0.0, ""concept_complexity"": 0, ""image_complexity"": 0}]","{'ged_timeout': 5, 'skeletonization_threshold': 110, 'simplification_epsilon': 4.55, 'comparison_method': 'ged', 'fgw_alpha': 0.5, 'image_path': '/opt/nuclio/shared_storage/mnist_all/8/mnist_test_8_00791.png', 'image_id': '613d76ec-e4e8-49ae-821f-8076784aac2c', 'diagnostic_weight_epsilon': 1.0, 'range_penalty_factor': 0.5, 'node_costs': {'NO_COST': 0.0, 'MINOR': 0.65, 'GENERAL': 0.75, 'SEVERE': 1.0, 'NO_MATCH': 1.5, 'IMPOSSIBLE': 10.0}, 'features': ['normalized_x', 'normalized_y', 'distance_to_centroid', 'horizontal_direction', 'vertical_direction', 'angle_with_ox', 'junction_angle_min', 'is_endpoint', 'is_corner', 'length_ratio_to_max', 'eccentricity', 'avg_neighbor_vector_length', 'neighbor_endpoint_count', 'neighbor_junction_count'], 'mlflow_experiment_id': '4', 'mlflow_run_id': 'b586b24a868744d3aff0659ed46c898f', 'session_id': '51ab4929-0209-4a35-ae42-286aaf7d389c', 'image_width': 100, 'image_height': 100}","{'skeletonization_time_ms': 144.516375, 'contour_analysis_time_ms': 332.104292, 'classification_time_ms': 2550.688502}",6,False
success,f231e86a-baa8-4ed9-b5b0-5f65facc8a4d,,/opt/nuclio/shared_storage/mnist_all/6/mnist_test_6_00199.png,6,"[{""concept_id"": ""0_1"", ""is_minor"": true, ""message"": ""Similarity between image and concept 0_1: 0.4724"", ""similarity"": 0.4724, ""concept_complexity"": 20, ""image_complexity"": 28}, {""concept_id"": ""2_2"", ""is_minor"": true, ""message"": ""Similarity between image and concept 2_2: 0.4382"", ""similarity"": 0.4382, ""concept_complexity"": 20, ""image_complexity"": 28}, {""concept_id"": ""8_1"", ""is_minor"": true, ""message"": ""Similarity between image and concept 8_1: 0.3834"", ""similarity"": 0.3834, ""concept_complexity"": 27, ""image_complexity"": 28}, {""concept_id"": ""4_1"", ""is_minor"": true, ""message"": ""Similarity between image and concept 4_1: 0.3971"", ""similarity"": 0.3971, ""concept_complexity"": 16, ""image_complexity"": 28}, {""concept_id"": ""9_2"", ""is_minor"": true, ""message"": ""Similarity between image and concept 9_2: 0.3966"", ""similarity"": 0.3966, ""concept_complexity"": 16, ""image_complexity"": 28}, {""concept_id"": ""1_1"", ""is_minor"": false, ""message"": ""Preprocessing failed: Concept has endpoints but image does not."", ""similarity"": 0.0, ""concept_complexity"": 0, ""image_complexity"": 0}, {""concept_id"": ""1_3"", ""is_minor"": false, ""message"": ""Preprocessing failed: Concept has endpoints but image does not."", ""similarity"": 0.0, ""concept_complexity"": 0, ""image_complexity"": 0}, {""concept_id"": ""2_1"", ""is_minor"": false, ""message"": ""Preprocessing failed: Concept has endpoints but image does not."", ""similarity"": 0.0, ""concept_complexity"": 0, ""image_complexity"": 0}, {""concept_id"": ""3_1"", ""is_minor"": false, ""message"": ""Preprocessing failed: Concept has endpoints but image does not."", ""similarity"": 0.0, ""concept_complexity"": 0, ""image_complexity"": 0}, {""concept_id"": ""4_2"", ""is_minor"": false, ""message"": ""Preprocessing failed: Concept has endpoints but image does not."", ""similarity"": 0.0, ""concept_complexity"": 0, ""image_complexity"": 0}, {""concept_id"": ""5_1"", ""is_minor"": false, ""message"": ""Preprocessing failed: Concept has endpoints but image does not."", ""similarity"": 0.0, ""concept_complexity"": 0, ""image_complexity"": 0}, {""concept_id"": ""6_1"", ""is_minor"": false, ""message"": ""Preprocessing failed: Concept has more corner points than image."", ""similarity"": 0.0, ""concept_complexity"": 0, ""image_complexity"": 0}, {""concept_id"": ""7_1"", ""is_minor"": false, ""message"": ""Preprocessing failed: Concept has endpoints but image does not."", ""similarity"": 0.0, ""concept_complexity"": 0, ""image_complexity"": 0}, {""concept_id"": ""8_2"", ""is_minor"": false, ""message"": ""Preprocessing failed: Concept has endpoints but image does not."", ""similarity"": 0.0, ""concept_complexity"": 0, ""image_complexity"": 0}]","{'ged_timeout': 5, 'skeletonization_threshold': 110, 'simplification_epsilon': 4.55, 'comparison_method': 'ged', 'fgw_alpha': 0.5, 'image_path': '/opt/nuclio/shared_storage/mnist_all/6/mnist_test_6_00199.png', 'image_id': 'f231e86a-baa8-4ed9-b5b0-5f65facc8a4d', 'diagnostic_weight_epsilon': 1.0, 'range_penalty_factor': 0.5, 'node_costs': {'NO_COST': 0.0, 'MINOR': 0.65, 'GENERAL': 0.75, 'SEVERE': 1.0, 'NO_MATCH': 1.5, 'IMPOSSIBLE': 10.0}, 'features': ['normalized_x', 'normalized_y', 'distance_to_centroid', 'horizontal_direction', 'vertical_direction', 'angle_with_ox', 'junction_angle_min', 'is_endpoint', 'is_corner', 'length_ratio_to_max', 'eccentricity', 'avg_neighbor_vector_length', 'neighbor_endpoint_count', 'neighbor_junction_count'], 'mlflow_experiment_id': '4', 'mlflow_run_id': 'b586b24a868744d3aff0659ed46c898f', 'session_id': 'a7e5ba20-4829-4456-b8d4-af8a144d9ec6', 'image_width': 100, 'image_height': 100}","{'skeletonization_time_ms': 142.573709, 'contour_analysis_time_ms': 471.963834, 'classification_time_ms': 619.266958}",0,False
success,7596a3cd-636e-4e09-8df4-86d089b2b48d,,/opt/nuclio/shared_storage/mnist_all/7/mnist_test_7_00347.png,7,"[{""concept_id"": ""4_2"", ""is_minor"": true, ""message"": ""Similarity between image and concept 4_2: 0.5856"", ""similarity"": 0.5856, ""concept_complexity"": 13, ""image_complexity"": 21}, {""concept_id"": ""7_1"", ""is_minor"": true, ""message"": ""Similarity between image and concept 7_1: 0.538"", ""similarity"": 0.538, ""concept_complexity"": 9, ""image_complexity"": 21}, {""concept_id"": ""1_1"", ""is_minor"": true, ""message"": ""Similarity between image and concept 1_1: 0.4419"", ""similarity"": 0.4419, ""concept_complexity"": 13, ""image_complexity"": 21}, {""concept_id"": ""2_1"", ""is_minor"": true, ""message"": ""Similarity between image and concept 2_1: 0.4209"", ""similarity"": 0.4209, ""concept_complexity"": 13, ""image_complexity"": 21}, {""concept_id"": ""1_3"", ""is_minor"": true, ""message"": ""Similarity between image and concept 1_3: 0.3542"", ""similarity"": 0.3542, ""concept_complexity"": 5, ""image_complexity"": 21}, {""concept_id"": ""0_1"", ""is_minor"": false, ""message"": ""Preprocessing failed: Concept has corner points but image does not."", ""similarity"": 0.0, ""concept_complexity"": 0, ""image_complexity"": 0}, {""concept_id"": ""2_2"", ""is_minor"": false, ""message"": ""Preprocessing failed: Concept has intersection points but image does not."", ""similarity"": 0.0, ""concept_complexity"": 0, ""image_complexity"": 0}, {""concept_id"": ""3_1"", ""is_minor"": false, ""message"": ""Preprocessing failed: Concept has more corner points than image."", ""similarity"": 0.0, ""concept_complexity"": 0, ""image_complexity"": 0}, {""concept_id"": ""4_1"", ""is_minor"": false, ""message"": ""Preprocessing failed: Concept has intersection points but image does not."", ""similarity"": 0.0, ""concept_complexity"": 0, ""image_complexity"": 0}, {""concept_id"": ""5_1"", ""is_minor"": false, ""message"": ""Preprocessing failed: Concept has more corner points than image."", ""similarity"": 0.0, ""concept_complexity"": 0, ""image_complexity"": 0}, {""concept_id"": ""6_1"", ""is_minor"": false, ""message"": ""Preprocessing failed: Concept has intersection points but image does not."", ""similarity"": 0.0, ""concept_complexity"": 0, ""image_complexity"": 0}, {""concept_id"": ""8_2"", ""is_minor"": false, ""message"": ""Preprocessing failed: Concept has intersection points but image does not."", ""similarity"": 0.0, ""concept_complexity"": 0, ""image_complexity"": 0}, {""concept_id"": ""9_2"", ""is_minor"": false, ""message"": ""Preprocessing failed: Concept has intersection points but image does not."", ""similarity"": 0.0, ""concept_complexity"": 0, ""image_complexity"": 0}]","{'ged_timeout': 5, 'skeletonization_threshold': 110, 'simplification_epsilon': 4.55, 'comparison_method': 'ged', 'fgw_alpha': 0.5, 'image_path': '/opt/nuclio/shared_storage/mnist_all/7/mnist_test_7_00347.png', 'image_id': '7596a3cd-636e-4e09-8df4-86d089b2b48d', 'diagnostic_weight_epsilon': 1.0, 'range_penalty_factor': 0.5, 'node_costs': {'NO_COST': 0.0, 'MINOR': 0.65, 'GENERAL': 0.75, 'SEVERE': 1.0, 'NO_MATCH': 1.5, 'IMPOSSIBLE': 10.0}, 'features': ['normalized_x', 'normalized_y', 'distance_to_centroid', 'horizontal_direction', 'vertical_direction', 'angle_with_ox', 'junction_angle_min', 'is_endpoint', 'is_corner', 'length_ratio_to_max', 'eccentricity', 'avg_neighbor_vector_length', 'neighbor_endpoint_count', 'neighbor_junction_count'], 'mlflow_experiment_id': '4', 'mlflow_run_id': 'b586b24a868744d3aff0659ed46c898f', 'session_id': '1428356e-edce-4a77-95f5-681349ecd3fc', 'image_width': 100, 'image_height': 100}","{'skeletonization_time_ms': 83.277959, 'contour_analysis_time_ms': 831.805667, 'classification_time_ms': 409.570417}",4,False
success,98e7c7dd-75ef-4eff-b114-2952a7e84fbb,,/opt/nuclio/shared_storage/mnist_all/7/mnist_test_7_00131.png,7,"[{""concept_id"": ""4_2"", ""is_minor"": true, ""message"": ""Similarity between image and concept 4_2: 0.5443"", ""similarity"": 0.5443, ""concept_complexity"": 13, ""image_complexity"": 21}, {""concept_id"": ""7_1"", ""is_minor"": true, ""message"": ""Similarity between image and concept 7_1: 0.5698"", ""similarity"": 0.5698, ""concept_complexity"": 9, ""image_complexity"": 21}, {""concept_id"": ""2_1"", ""is_minor"": true, ""message"": ""Similarity between image and concept 2_1: 0.4621"", ""similarity"": 0.4621, ""concept_complexity"": 13, ""image_complexity"": 21}, {""concept_id"": ""1_1"", ""is_minor"": true, ""message"": ""Similarity between image and concept 1_1: 0.3729"", ""similarity"": 0.3729, ""concept_complexity"": 13, ""image_complexity"": 21}, {""concept_id"": ""1_3"", ""is_minor"": true, ""message"": ""Similarity between image and concept 1_3: 0.3692"", ""similarity"": 0.3692, ""concept_complexity"": 5, ""image_complexity"": 21}, {""concept_id"": ""0_1"", ""is_minor"": false, ""message"": ""Preprocessing failed: Concept has corner points but image does not."", ""similarity"": 0.0, ""concept_complexity"": 0, ""image_complexity"": 0}, {""concept_id"": ""2_2"", ""is_minor"": false, ""message"": ""Preprocessing failed: Concept has intersection points but image does not."", ""similarity"": 0.0, ""concept_complexity"": 0, ""image_complexity"": 0}, {""concept_id"": ""3_1"", ""is_minor"": false, ""message"": ""Preprocessing failed: Concept has more corner points than image."", ""similarity"": 0.0, ""concept_complexity"": 0, ""image_complexity"": 0}, {""concept_id"": ""4_1"", ""is_minor"": false, ""message"": ""Preprocessing failed: Concept has intersection points but image does not."", ""similarity"": 0.0, ""concept_complexity"": 0, ""image_complexity"": 0}, {""concept_id"": ""5_1"", ""is_minor"": false, ""message"": ""Preprocessing failed: Concept has more corner points than image."", ""similarity"": 0.0, ""concept_complexity"": 0, ""image_complexity"": 0}, {""concept_id"": ""6_1"", ""is_minor"": false, ""message"": ""Preprocessing failed: Concept has intersection points but image does not."", ""similarity"": 0.0, ""concept_complexity"": 0, ""image_complexity"": 0}, {""concept_id"": ""8_2"", ""is_minor"": false, ""message"": ""Preprocessing failed: Concept has intersection points but image does not."", ""similarity"": 0.0, ""concept_complexity"": 0, ""image_complexity"": 0}, {""concept_id"": ""9_2"", ""is_minor"": false, ""message"": ""Preprocessing failed: Concept has intersection points but image does not."", ""similarity"": 0.0, ""concept_complexity"": 0, ""image_complexity"": 0}]","{'ged_timeout': 5, 'skeletonization_threshold': 110, 'simplification_epsilon': 4.55, 'comparison_method': 'ged', 'fgw_alpha': 0.5, 'image_path': '/opt/nuclio/shared_storage/mnist_all/7/mnist_test_7_00131.png', 'image_id': '98e7c7dd-75ef-4eff-b114-2952a7e84fbb', 'diagnostic_weight_epsilon': 1.0, 'range_penalty_factor': 0.5, 'node_costs': {'NO_COST': 0.0, 'MINOR': 0.65, 'GENERAL': 0.75, 'SEVERE': 1.0, 'NO_MATCH': 1.5, 'IMPOSSIBLE': 10.0}, 'features': ['normalized_x', 'normalized_y', 'distance_to_centroid', 'horizontal_direction', 'vertical_direction', 'angle_with_ox', 'junction_angle_min', 'is_endpoint', 'is_corner', 'length_ratio_to_max', 'eccentricity', 'avg_neighbor_vector_length', 'neighbor_endpoint_count', 'neighbor_junction_count'], 'mlflow_experiment_id': '4', 'mlflow_run_id': 'b586b24a868744d3aff0659ed46c898f', 'session_id': 'dde804a9-354b-4185-872a-4a40eb567b9a', 'image_width': 100, 'image_height': 100}","{'skeletonization_time_ms': 70.926083, 'contour_analysis_time_ms': 718.810792, 'classification_time_ms': 320.024125}",4,False
success,02be034a-65fe-4d1e-b7ff-15149eebae17,,/opt/nuclio/shared_storage/mnist_all/8/mnist_test_8_00705.png,8,"[{""concept_id"": ""6_1"", ""is_minor"": true, ""message"": ""Similarity between image and concept 6_1: 0.5396"", ""similarity"": 0.5396, ""concept_complexity"": 20, ""image_complexity"": 39}, {""concept_id"": ""4_1"", ""is_minor"": true, ""message"": ""Similarity between image and concept 4_1: 0.523"", ""similarity"": 0.523, ""concept_complexity"": 16, ""image_complexity"": 39}, {""concept_id"": ""9_2"", ""is_minor"": true, ""message"": ""Similarity between image and concept 9_2: 0.4905"", ""similarity"": 0.4905, ""concept_complexity"": 16, ""image_complexity"": 39}, {""concept_id"": ""8_1"", ""is_minor"": true, ""message"": ""Similarity between image and concept 8_1: 0.1973"", ""similarity"": 0.1973, ""concept_complexity"": 27, ""image_complexity"": 39}, {""concept_id"": ""0_1"", ""is_minor"": true, ""message"": ""Similarity between image and concept 0_1: 0.1977"", ""similarity"": 0.1977, ""concept_complexity"": 20, ""image_complexity"": 39}, {""concept_id"": ""1_1"", ""is_minor"": false, ""message"": ""Preprocessing failed: Concept has endpoints but image does not."", ""similarity"": 0.0, ""concept_complexity"": 0, ""image_complexity"": 0}, {""concept_id"": ""1_3"", ""is_minor"": false, ""message"": ""Preprocessing failed: Concept has endpoints but image does not."", ""similarity"": 0.0, ""concept_complexity"": 0, ""image_complexity"": 0}, {""concept_id"": ""2_1"", ""is_minor"": false, ""message"": ""Preprocessing failed: Concept has endpoints but image does not."", ""similarity"": 0.0, ""concept_complexity"": 0, ""image_complexity"": 0}, {""concept_id"": ""2_2"", ""is_minor"": false, ""message"": ""Preprocessing failed: Concept has corner points but image does not."", ""similarity"": 0.0, ""concept_complexity"": 0, ""image_complexity"": 0}, {""concept_id"": ""3_1"", ""is_minor"": false, ""message"": ""Preprocessing failed: Concept has endpoints but image does not."", ""similarity"": 0.0, ""concept_complexity"": 0, ""image_complexity"": 0}, {""concept_id"": ""4_2"", ""is_minor"": false, ""message"": ""Preprocessing failed: Concept has endpoints but image does not."", ""similarity"": 0.0, ""concept_complexity"": 0, ""image_complexity"": 0}, {""concept_id"": ""5_1"", ""is_minor"": false, ""message"": ""Preprocessing failed: Concept has endpoints but image does not."", ""similarity"": 0.0, ""concept_complexity"": 0, ""image_complexity"": 0}, {""concept_id"": ""7_1"", ""is_minor"": false, ""message"": ""Preprocessing failed: Concept has endpoints but image does not."", ""similarity"": 0.0, ""concept_complexity"": 0, ""image_complexity"": 0}, {""concept_id"": ""8_2"", ""is_minor"": false, ""message"": ""Preprocessing failed: Concept has endpoints but image does not."", ""similarity"": 0.0, ""concept_complexity"": 0, ""image_complexity"": 0}]","{'ged_timeout': 5, 'skeletonization_threshold': 110, 'simplification_epsilon': 4.55, 'comparison_method': 'ged', 'fgw_alpha': 0.5, 'image_path': '/opt/nuclio/shared_storage/mnist_all/8/mnist_test_8_00705.png', 'image_id': '02be034a-65fe-4d1e-b7ff-15149eebae17', 'diagnostic_weight_epsilon': 1.0, 'range_penalty_factor': 0.5, 'node_costs': {'NO_COST': 0.0, 'MINOR': 0.65, 'GENERAL': 0.75, 'SEVERE': 1.0, 'NO_MATCH': 1.5, 'IMPOSSIBLE': 10.0}, 'features': ['normalized_x', 'normalized_y', 'distance_to_centroid', 'horizontal_direction', 'vertical_direction', 'angle_with_ox', 'junction_angle_min', 'is_endpoint', 'is_corner', 'length_ratio_to_max', 'eccentricity', 'avg_neighbor_vector_length', 'neighbor_endpoint_count', 'neighbor_junction_count'], 'mlflow_experiment_id': '4', 'mlflow_run_id': 'b586b24a868744d3aff0659ed46c898f', 'session_id': '1dd0fc0c-d6f9-4c4a-acb0-ca7c6c8fe58b', 'image_width': 100, 'image_height': 100}","{'skeletonization_time_ms': 115.774, 'contour_analysis_time_ms': 289.269875, 'classification_time_ms': 1542.060209}",6,False
success,4e4af5fa-f2e2-4082-a32c-5eddd0ef4df6,,/opt/nuclio/shared_storage/mnist_all/7/mnist_test_7_00492.png,7,"[{""concept_id"": ""4_2"", ""is_minor"": true, ""message"": ""Similarity between image and concept 4_2: 0.5606"", ""similarity"": 0.5606, ""concept_complexity"": 13, ""image_complexity"": 21}, {""concept_id"": ""7_1"", ""is_minor"": true, ""message"": ""Similarity between image and concept 7_1: 0.5785"", ""similarity"": 0.5785, ""concept_complexity"": 9, ""image_complexity"": 21}, {""concept_id"": ""1_1"", ""is_minor"": true, ""message"": ""Similarity between image and concept 1_1: 0.4132"", ""similarity"": 0.4132, ""concept_complexity"": 13, ""image_complexity"": 21}, {""concept_id"": ""2_1"", ""is_minor"": true, ""message"": ""Similarity between image and concept 2_1: 0.3405"", ""similarity"": 0.3405, ""concept_complexity"": 13, ""image_complexity"": 21}, {""concept_id"": ""1_3"", ""is_minor"": true, ""message"": ""Similarity between image and concept 1_3: 0.3458"", ""similarity"": 0.3458, ""concept_complexity"": 5, ""image_complexity"": 21}, {""concept_id"": ""0_1"", ""is_minor"": false, ""message"": ""Preprocessing failed: Concept has corner points but image does not."", ""similarity"": 0.0, ""concept_complexity"": 0, ""image_complexity"": 0}, {""concept_id"": ""2_2"", ""is_minor"": false, ""message"": ""Preprocessing failed: Concept has intersection points but image does not."", ""similarity"": 0.0, ""concept_complexity"": 0, ""image_complexity"": 0}, {""concept_id"": ""3_1"", ""is_minor"": false, ""message"": ""Preprocessing failed: Concept has more corner points than image."", ""similarity"": 0.0, ""concept_complexity"": 0, ""image_complexity"": 0}, {""concept_id"": ""4_1"", ""is_minor"": false, ""message"": ""Preprocessing failed: Concept has intersection points but image does not."", ""similarity"": 0.0, ""concept_complexity"": 0, ""image_complexity"": 0}, {""concept_id"": ""5_1"", ""is_minor"": false, ""message"": ""Preprocessing failed: Concept has more corner points than image."", ""similarity"": 0.0, ""concept_complexity"": 0, ""image_complexity"": 0}, {""concept_id"": ""6_1"", ""is_minor"": false, ""message"": ""Preprocessing failed: Concept has intersection points but image does not."", ""similarity"": 0.0, ""concept_complexity"": 0, ""image_complexity"": 0}, {""concept_id"": ""8_2"", ""is_minor"": false, ""message"": ""Preprocessing failed: Concept has intersection points but image does not."", ""similarity"": 0.0, ""concept_complexity"": 0, ""image_complexity"": 0}, {""concept_id"": ""9_2"", ""is_minor"": false, ""message"": ""Preprocessing failed: Concept has intersection points but image does not."", ""similarity"": 0.0, ""concept_complexity"": 0, ""image_complexity"": 0}]","{'ged_timeout': 5, 'skeletonization_threshold': 110, 'simplification_epsilon': 4.55, 'comparison_method': 'ged', 'fgw_alpha': 0.5, 'image_path': '/opt/nuclio/shared_storage/mnist_all/7/mnist_test_7_00492.png', 'image_id': '4e4af5fa-f2e2-4082-a32c-5eddd0ef4df6', 'diagnostic_weight_epsilon': 1.0, 'range_penalty_factor': 0.5, 'node_costs': {'NO_COST': 0.0, 'MINOR': 0.65, 'GENERAL': 0.75, 'SEVERE': 1.0, 'NO_MATCH': 1.5, 'IMPOSSIBLE': 10.0}, 'features': ['normalized_x', 'normalized_y', 'distance_to_centroid', 'horizontal_direction', 'vertical_direction', 'angle_with_ox', 'junction_angle_min', 'is_endpoint', 'is_corner', 'length_ratio_to_max', 'eccentricity', 'avg_neighbor_vector_length', 'neighbor_endpoint_count', 'neighbor_junction_count'], 'mlflow_experiment_id': '4', 'mlflow_run_id': 'b586b24a868744d3aff0659ed46c898f', 'session_id': '04c668e9-1479-4bc6-bec0-726ac3416674', 'image_width': 100, 'image_height': 100}","{'skeletonization_time_ms': 286.078376, 'contour_analysis_time_ms': 339.953708, 'classification_time_ms': 385.362375}",4,False
success,7dcff00d-b68f-44c8-9cc9-e3d2b3517722,,/opt/nuclio/shared_storage/mnist_all/7/mnist_test_7_00469.png,7,"[{""concept_id"": ""4_2"", ""is_minor"": true, ""message"": ""Similarity between image and concept 4_2: 0.5602"", ""similarity"": 0.5602, ""concept_complexity"": 13, ""image_complexity"": 21}, {""concept_id"": ""7_1"", ""is_minor"": true, ""message"": ""Similarity between image and concept 7_1: 0.4902"", ""similarity"": 0.4902, ""concept_complexity"": 9, ""image_complexity"": 21}, {""concept_id"": ""2_1"", ""is_minor"": true, ""message"": ""Similarity between image and concept 2_1: 0.4122"", ""similarity"": 0.4122, ""concept_complexity"": 13, ""image_complexity"": 21}, {""concept_id"": ""1_1"", ""is_minor"": true, ""message"": ""Similarity between image and concept 1_1: 0.3398"", ""similarity"": 0.3398, ""concept_complexity"": 13, ""image_complexity"": 21}, {""concept_id"": ""1_3"", ""is_minor"": true, ""message"": ""Similarity between image and concept 1_3: 0.4111"", ""similarity"": 0.4111, ""concept_complexity"": 5, ""image_complexity"": 21}, {""concept_id"": ""0_1"", ""is_minor"": false, ""message"": ""Preprocessing failed: Concept has corner points but image does not."", ""similarity"": 0.0, ""concept_complexity"": 0, ""image_complexity"": 0}, {""concept_id"": ""2_2"", ""is_minor"": false, ""message"": ""Preprocessing failed: Concept has intersection points but image does not."", ""similarity"": 0.0, ""concept_complexity"": 0, ""image_complexity"": 0}, {""concept_id"": ""3_1"", ""is_minor"": false, ""message"": ""Preprocessing failed: Concept has more corner points than image."", ""similarity"": 0.0, ""concept_complexity"": 0, ""image_complexity"": 0}, {""concept_id"": ""4_1"", ""is_minor"": false, ""message"": ""Preprocessing failed: Concept has intersection points but image does not."", ""similarity"": 0.0, ""concept_complexity"": 0, ""image_complexity"": 0}, {""concept_id"": ""5_1"", ""is_minor"": false, ""message"": ""Preprocessing failed: Concept has more corner points than image."", ""similarity"": 0.0, ""concept_complexity"": 0, ""image_complexity"": 0}, {""concept_id"": ""6_1"", ""is_minor"": false, ""message"": ""Preprocessing failed: Concept has intersection points but image does not."", ""similarity"": 0.0, ""concept_complexity"": 0, ""image_complexity"": 0}, {""concept_id"": ""8_2"", ""is_minor"": false, ""message"": ""Preprocessing failed: Concept has intersection points but image does not."", ""similarity"": 0.0, ""concept_complexity"": 0, ""image_complexity"": 0}, {""concept_id"": ""9_2"", ""is_minor"": false, ""message"": ""Preprocessing failed: Concept has intersection points but image does not."", ""similarity"": 0.0, ""concept_complexity"": 0, ""image_complexity"": 0}]","{'ged_timeout': 5, 'skeletonization_threshold': 110, 'simplification_epsilon': 4.55, 'comparison_method': 'ged', 'fgw_alpha': 0.5, 'image_path': '/opt/nuclio/shared_storage/mnist_all/7/mnist_test_7_00469.png', 'image_id': '7dcff00d-b68f-44c8-9cc9-e3d2b3517722', 'diagnostic_weight_epsilon': 1.0, 'range_penalty_factor': 0.5, 'node_costs': {'NO_COST': 0.0, 'MINOR': 0.65, 'GENERAL': 0.75, 'SEVERE': 1.0, 'NO_MATCH': 1.5, 'IMPOSSIBLE': 10.0}, 'features': ['normalized_x', 'normalized_y', 'distance_to_centroid', 'horizontal_direction', 'vertical_direction', 'angle_with_ox', 'junction_angle_min', 'is_endpoint', 'is_corner', 'length_ratio_to_max', 'eccentricity', 'avg_neighbor_vector_length', 'neighbor_endpoint_count', 'neighbor_junction_count'], 'mlflow_experiment_id': '4', 'mlflow_run_id': 'b586b24a868744d3aff0659ed46c898f', 'session_id': '62832c6b-59c9-48b6-b9b4-224a64947680', 'image_width': 100, 'image_height': 100}","{'skeletonization_time_ms': 172.400625, 'contour_analysis_time_ms': 1245.6825, 'classification_time_ms': 497.999833}",4,False
success,e396dfbd-abfb-4c8d-a8aa-2b8f9bb26b62,,/opt/nuclio/shared_storage/mnist_all/8/mnist_test_8_00436.png,8,"[{""concept_id"": ""6_1"", ""is_minor"": true, ""message"": ""Similarity between image and concept 6_1: 0.6052"", ""similarity"": 0.6052, ""concept_complexity"": 20, ""image_complexity"": 39}, {""concept_id"": ""9_2"", ""is_minor"": true, ""message"": ""Similarity between image and concept 9_2: 0.549"", ""similarity"": 0.549, ""concept_complexity"": 16, ""image_complexity"": 39}, {""concept_id"": ""4_1"", ""is_minor"": true, ""message"": ""Similarity between image and concept 4_1: 0.5011"", ""similarity"": 0.5011, ""concept_complexity"": 16, ""image_complexity"": 39}, {""concept_id"": ""8_1"", ""is_minor"": true, ""message"": ""Similarity between image and concept 8_1: 0.1974"", ""similarity"": 0.1974, ""concept_complexity"": 27, ""image_complexity"": 39}, {""concept_id"": ""0_1"", ""is_minor"": true, ""message"": ""Similarity between image and concept 0_1: 0.2064"", ""similarity"": 0.2064, ""concept_complexity"": 20, ""image_complexity"": 39}, {""concept_id"": ""1_1"", ""is_minor"": false, ""message"": ""Preprocessing failed: Concept has endpoints but image does not."", ""similarity"": 0.0, ""concept_complexity"": 0, ""image_complexity"": 0}, {""concept_id"": ""1_3"", ""is_minor"": false, ""message"": ""Preprocessing failed: Concept has endpoints but image does not."", ""similarity"": 0.0, ""concept_complexity"": 0, ""image_complexity"": 0}, {""concept_id"": ""2_1"", ""is_minor"": false, ""message"": ""Preprocessing failed: Concept has endpoints but image does not."", ""similarity"": 0.0, ""concept_complexity"": 0, ""image_complexity"": 0}, {""concept_id"": ""2_2"", ""is_minor"": false, ""message"": ""Preprocessing failed: Concept has corner points but image does not."", ""similarity"": 0.0, ""concept_complexity"": 0, ""image_complexity"": 0}, {""concept_id"": ""3_1"", ""is_minor"": false, ""message"": ""Preprocessing failed: Concept has endpoints but image does not."", ""similarity"": 0.0, ""concept_complexity"": 0, ""image_complexity"": 0}, {""concept_id"": ""4_2"", ""is_minor"": false, ""message"": ""Preprocessing failed: Concept has endpoints but image does not."", ""similarity"": 0.0, ""concept_complexity"": 0, ""image_complexity"": 0}, {""concept_id"": ""5_1"", ""is_minor"": false, ""message"": ""Preprocessing failed: Concept has endpoints but image does not."", ""similarity"": 0.0, ""concept_complexity"": 0, ""image_complexity"": 0}, {""concept_id"": ""7_1"", ""is_minor"": false, ""message"": ""Preprocessing failed: Concept has endpoints but image does not."", ""similarity"": 0.0, ""concept_complexity"": 0, ""image_complexity"": 0}, {""concept_id"": ""8_2"", ""is_minor"": false, ""message"": ""Preprocessing failed: Concept has endpoints but image does not."", ""similarity"": 0.0, ""concept_complexity"": 0, ""image_complexity"": 0}]","{'ged_timeout': 5, 'skeletonization_threshold': 110, 'simplification_epsilon': 4.55, 'comparison_method': 'ged', 'fgw_alpha': 0.5, 'image_path': '/opt/nuclio/shared_storage/mnist_all/8/mnist_test_8_00436.png', 'image_id': 'e396dfbd-abfb-4c8d-a8aa-2b8f9bb26b62', 'diagnostic_weight_epsilon': 1.0, 'range_penalty_factor': 0.5, 'node_costs': {'NO_COST': 0.0, 'MINOR': 0.65, 'GENERAL': 0.75, 'SEVERE': 1.0, 'NO_MATCH': 1.5, 'IMPOSSIBLE': 10.0}, 'features': ['normalized_x', 'normalized_y', 'distance_to_centroid', 'horizontal_direction', 'vertical_direction', 'angle_with_ox', 'junction_angle_min', 'is_endpoint', 'is_corner', 'length_ratio_to_max', 'eccentricity', 'avg_neighbor_vector_length', 'neighbor_endpoint_count', 'neighbor_junction_count'], 'mlflow_experiment_id': '4', 'mlflow_run_id': 'b586b24a868744d3aff0659ed46c898f', 'session_id': '9c6ede16-eb2b-4286-9e5c-a9e79a6df2e1', 'image_width': 100, 'image_height': 100}","{'skeletonization_time_ms': 528.360667, 'contour_analysis_time_ms': 731.613626, 'classification_time_ms': 1106.531793}",6,False
success,651d1ec1-5e97-44c2-aa76-58480d5ae50f,,/opt/nuclio/shared_storage/mnist_all/8/mnist_test_8_00098.png,8,"[{""concept_id"": ""4_1"", ""is_minor"": true, ""message"": ""Similarity between image and concept 4_1: 0.5751"", ""similarity"": 0.5751, ""concept_complexity"": 16, ""image_complexity"": 38}, {""concept_id"": ""9_2"", ""is_minor"": true, ""message"": ""Similarity between image and concept 9_2: 0.5438"", ""similarity"": 0.5438, ""concept_complexity"": 16, ""image_complexity"": 38}, {""concept_id"": ""6_1"", ""is_minor"": true, ""message"": ""Similarity between image and concept 6_1: 0.4788"", ""similarity"": 0.4788, ""concept_complexity"": 20, ""image_complexity"": 38}, {""concept_id"": ""0_1"", ""is_minor"": true, ""message"": ""Similarity between image and concept 0_1: 0.4767"", ""similarity"": 0.4767, ""concept_complexity"": 20, ""image_complexity"": 38}, {""concept_id"": ""2_2"", ""is_minor"": true, ""message"": ""Similarity between image and concept 2_2: 0.4414"", ""similarity"": 0.4414, ""concept_complexity"": 20, ""image_complexity"": 38}, {""concept_id"": ""8_1"", ""is_minor"": true, ""message"": ""Similarity between image and concept 8_1: 0.3162"", ""similarity"": 0.3162, ""concept_complexity"": 27, ""image_complexity"": 38}, {""concept_id"": ""1_1"", ""is_minor"": false, ""message"": ""Preprocessing failed: Concept has endpoints but image does not."", ""similarity"": 0.0, ""concept_complexity"": 0, ""image_complexity"": 0}, {""concept_id"": ""1_3"", ""is_minor"": false, ""message"": ""Preprocessing failed: Concept has endpoints but image does not."", ""similarity"": 0.0, ""concept_complexity"": 0, ""image_complexity"": 0}, {""concept_id"": ""2_1"", ""is_minor"": false, ""message"": ""Preprocessing failed: Concept has endpoints but image does not."", ""similarity"": 0.0, ""concept_complexity"": 0, ""image_complexity"": 0}, {""concept_id"": ""3_1"", ""is_minor"": false, ""message"": ""Preprocessing failed: Concept has endpoints but image does not."", ""similarity"": 0.0, ""concept_complexity"": 0, ""image_complexity"": 0}, {""concept_id"": ""4_2"", ""is_minor"": false, ""message"": ""Preprocessing failed: Concept has endpoints but image does not."", ""similarity"": 0.0, ""concept_complexity"": 0, ""image_complexity"": 0}, {""concept_id"": ""5_1"", ""is_minor"": false, ""message"": ""Preprocessing failed: Concept has endpoints but image does not."", ""similarity"": 0.0, ""concept_complexity"": 0, ""image_complexity"": 0}, {""concept_id"": ""7_1"", ""is_minor"": false, ""message"": ""Preprocessing failed: Concept has endpoints but image does not."", ""similarity"": 0.0, ""concept_complexity"": 0, ""image_complexity"": 0}, {""concept_id"": ""8_2"", ""is_minor"": false, ""message"": ""Preprocessing failed: Concept has endpoints but image does not."", ""similarity"": 0.0, ""concept_complexity"": 0, ""image_complexity"": 0}]","{'ged_timeout': 5, 'skeletonization_threshold': 110, 'simplification_epsilon': 4.55, 'comparison_method': 'ged', 'fgw_alpha': 0.5, 'image_path': '/opt/nuclio/shared_storage/mnist_all/8/mnist_test_8_00098.png', 'image_id': '651d1ec1-5e97-44c2-aa76-58480d5ae50f', 'diagnostic_weight_epsilon': 1.0, 'range_penalty_factor': 0.5, 'node_costs': {'NO_COST': 0.0, 'MINOR': 0.65, 'GENERAL': 0.75, 'SEVERE': 1.0, 'NO_MATCH': 1.5, 'IMPOSSIBLE': 10.0}, 'features': ['normalized_x', 'normalized_y', 'distance_to_centroid', 'horizontal_direction', 'vertical_direction', 'angle_with_ox', 'junction_angle_min', 'is_endpoint', 'is_corner', 'length_ratio_to_max', 'eccentricity', 'avg_neighbor_vector_length', 'neighbor_endpoint_count', 'neighbor_junction_count'], 'mlflow_experiment_id': '4', 'mlflow_run_id': 'b586b24a868744d3aff0659ed46c898f', 'session_id': '21e07344-cf2c-4d15-8d79-ee34d356cff1', 'image_width': 100, 'image_height': 100}","{'skeletonization_time_ms': 113.977875, 'contour_analysis_time_ms': 570.168251, 'classification_time_ms': 3521.41146}",4,False
success,2bfeea42-9f62-4edf-a523-7be99bc60f1b,,/opt/nuclio/shared_storage/mnist_all/7/mnist_test_7_00662.png,7,"[{""concept_id"": ""1_1"", ""is_minor"": true, ""message"": ""Similarity between image and concept 1_1: 0.6335"", ""similarity"": 0.6335, ""concept_complexity"": 13, ""image_complexity"": 17}, {""concept_id"": ""4_2"", ""is_minor"": true, ""message"": ""Similarity between image and concept 4_2: 0.5327"", ""similarity"": 0.5327, ""concept_complexity"": 13, ""image_complexity"": 17}, {""concept_id"": ""7_1"", ""is_minor"": true, ""message"": ""Similarity between image and concept 7_1: 0.4938"", ""similarity"": 0.4938, ""concept_complexity"": 9, ""image_complexity"": 17}, {""concept_id"": ""2_1"", ""is_minor"": true, ""message"": ""Similarity between image and concept 2_1: 0.4066"", ""similarity"": 0.4066, ""concept_complexity"": 13, ""image_complexity"": 17}, {""concept_id"": ""1_3"", ""is_minor"": true, ""message"": ""Similarity between image and concept 1_3: 0.3416"", ""similarity"": 0.3416, ""concept_complexity"": 5, ""image_complexity"": 17}, {""concept_id"": ""4_1"", ""is_minor"": false, ""message"": ""Preprocessing failed: Concept has intersection points but image does not."", ""similarity"": 0.0, ""concept_complexity"": 0, ""image_complexity"": 0}, {""concept_id"": ""5_1"", ""is_minor"": false, ""message"": ""Preprocessing failed: Concept has more corner points than image."", ""similarity"": 0.0, ""concept_complexity"": 0, ""image_complexity"": 0}, {""concept_id"": ""9_2"", ""is_minor"": false, ""message"": ""Preprocessing failed: Concept has intersection points but image does not."", ""similarity"": 0.0, ""concept_complexity"": 0, ""image_complexity"": 0}]","{'ged_timeout': 5, 'skeletonization_threshold': 110, 'simplification_epsilon': 4.55, 'comparison_method': 'ged', 'fgw_alpha': 0.5, 'image_path': '/opt/nuclio/shared_storage/mnist_all/7/mnist_test_7_00662.png', 'image_id': '2bfeea42-9f62-4edf-a523-7be99bc60f1b', 'diagnostic_weight_epsilon': 1.0, 'range_penalty_factor': 0.5, 'node_costs': {'NO_COST': 0.0, 'MINOR': 0.65, 'GENERAL': 0.75, 'SEVERE': 1.0, 'NO_MATCH': 1.5, 'IMPOSSIBLE': 10.0}, 'features': ['normalized_x', 'normalized_y', 'distance_to_centroid', 'horizontal_direction', 'vertical_direction', 'angle_with_ox', 'junction_angle_min', 'is_endpoint', 'is_corner', 'length_ratio_to_max', 'eccentricity', 'avg_neighbor_vector_length', 'neighbor_endpoint_count', 'neighbor_junction_count'], 'mlflow_experiment_id': '4', 'mlflow_run_id': 'b586b24a868744d3aff0659ed46c898f', 'session_id': '2f6f79aa-9a8e-41d7-a9d1-d200f2f021b7', 'image_width': 100, 'image_height': 100}","{'skeletonization_time_ms': 89.847375, 'contour_analysis_time_ms': 587.401083, 'classification_time_ms': 204.07925}",1,False
success,6c7227d7-b078-4a01-a1ff-de21829af137,,/opt/nuclio/shared_storage/mnist_all/7/mnist_test_7_00384.png,7,"[{""concept_id"": ""4_2"", ""is_minor"": true, ""message"": ""Similarity between image and concept 4_2: 0.6007"", ""similarity"": 0.6007, ""concept_complexity"": 13, ""image_complexity"": 21}, {""concept_id"": ""7_1"", ""is_minor"": true, ""message"": ""Similarity between image and concept 7_1: 0.5328"", ""similarity"": 0.5328, ""concept_complexity"": 9, ""image_complexity"": 21}, {""concept_id"": ""2_1"", ""is_minor"": true, ""message"": ""Similarity between image and concept 2_1: 0.373"", ""similarity"": 0.373, ""concept_complexity"": 13, ""image_complexity"": 21}, {""concept_id"": ""1_1"", ""is_minor"": true, ""message"": ""Similarity between image and concept 1_1: 0.362"", ""similarity"": 0.362, ""concept_complexity"": 13, ""image_complexity"": 21}, {""concept_id"": ""1_3"", ""is_minor"": true, ""message"": ""Similarity between image and concept 1_3: 0.347"", ""similarity"": 0.347, ""concept_complexity"": 5, ""image_complexity"": 21}, {""concept_id"": ""0_1"", ""is_minor"": false, ""message"": ""Preprocessing failed: Concept has corner points but image does not."", ""similarity"": 0.0, ""concept_complexity"": 0, ""image_complexity"": 0}, {""concept_id"": ""2_2"", ""is_minor"": false, ""message"": ""Preprocessing failed: Concept has intersection points but image does not."", ""similarity"": 0.0, ""concept_complexity"": 0, ""image_complexity"": 0}, {""concept_id"": ""3_1"", ""is_minor"": false, ""message"": ""Preprocessing failed: Concept has more corner points than image."", ""similarity"": 0.0, ""concept_complexity"": 0, ""image_complexity"": 0}, {""concept_id"": ""4_1"", ""is_minor"": false, ""message"": ""Preprocessing failed: Concept has intersection points but image does not."", ""similarity"": 0.0, ""concept_complexity"": 0, ""image_complexity"": 0}, {""concept_id"": ""5_1"", ""is_minor"": false, ""message"": ""Preprocessing failed: Concept has more corner points than image."", ""similarity"": 0.0, ""concept_complexity"": 0, ""image_complexity"": 0}, {""concept_id"": ""6_1"", ""is_minor"": false, ""message"": ""Preprocessing failed: Concept has intersection points but image does not."", ""similarity"": 0.0, ""concept_complexity"": 0, ""image_complexity"": 0}, {""concept_id"": ""8_2"", ""is_minor"": false, ""message"": ""Preprocessing failed: Concept has intersection points but image does not."", ""similarity"": 0.0, ""concept_complexity"": 0, ""image_complexity"": 0}, {""concept_id"": ""9_2"", ""is_minor"": false, ""message"": ""Preprocessing failed: Concept has intersection points but image does not."", ""similarity"": 0.0, ""concept_complexity"": 0, ""image_complexity"": 0}]","{'ged_timeout': 5, 'skeletonization_threshold': 110, 'simplification_epsilon': 4.55, 'comparison_method': 'ged', 'fgw_alpha': 0.5, 'image_path': '/opt/nuclio/shared_storage/mnist_all/7/mnist_test_7_00384.png', 'image_id': '6c7227d7-b078-4a01-a1ff-de21829af137', 'diagnostic_weight_epsilon': 1.0, 'range_penalty_factor': 0.5, 'node_costs': {'NO_COST': 0.0, 'MINOR': 0.65, 'GENERAL': 0.75, 'SEVERE': 1.0, 'NO_MATCH': 1.5, 'IMPOSSIBLE': 10.0}, 'features': ['normalized_x', 'normalized_y', 'distance_to_centroid', 'horizontal_direction', 'vertical_direction', 'angle_with_ox', 'junction_angle_min', 'is_endpoint', 'is_corner', 'length_ratio_to_max', 'eccentricity', 'avg_neighbor_vector_length', 'neighbor_endpoint_count', 'neighbor_junction_count'], 'mlflow_experiment_id': '4', 'mlflow_run_id': 'b586b24a868744d3aff0659ed46c898f', 'session_id': '4cbaa106-710a-4758-9289-a14d79dda3d9', 'image_width': 100, 'image_height': 100}","{'skeletonization_time_ms': 109.969791, 'contour_analysis_time_ms': 2095.429918, 'classification_time_ms': 299.132208}",4,False
success,6bf23d49-697c-4170-9f4c-b3195c27d2fe,,/opt/nuclio/shared_storage/mnist_all/8/mnist_test_8_00679.png,8,"[{""concept_id"": ""4_1"", ""is_minor"": true, ""message"": ""Similarity between image and concept 4_1: 0.5932"", ""similarity"": 0.5932, ""concept_complexity"": 16, ""image_complexity"": 39}, {""concept_id"": ""6_1"", ""is_minor"": true, ""message"": ""Similarity between image and concept 6_1: 0.5294"", ""similarity"": 0.5294, ""concept_complexity"": 20, ""image_complexity"": 39}, {""concept_id"": ""9_2"", ""is_minor"": true, ""message"": ""Similarity between image and concept 9_2: 0.517"", ""similarity"": 0.517, ""concept_complexity"": 16, ""image_complexity"": 39}, {""concept_id"": ""8_1"", ""is_minor"": true, ""message"": ""Similarity between image and concept 8_1: 0.1973"", ""similarity"": 0.1973, ""concept_complexity"": 27, ""image_complexity"": 39}, {""concept_id"": ""0_1"", ""is_minor"": true, ""message"": ""Similarity between image and concept 0_1: 0.2067"", ""similarity"": 0.2067, ""concept_complexity"": 20, ""image_complexity"": 39}, {""concept_id"": ""1_1"", ""is_minor"": false, ""message"": ""Preprocessing failed: Concept has endpoints but image does not."", ""similarity"": 0.0, ""concept_complexity"": 0, ""image_complexity"": 0}, {""concept_id"": ""1_3"", ""is_minor"": false, ""message"": ""Preprocessing failed: Concept has endpoints but image does not."", ""similarity"": 0.0, ""concept_complexity"": 0, ""image_complexity"": 0}, {""concept_id"": ""2_1"", ""is_minor"": false, ""message"": ""Preprocessing failed: Concept has endpoints but image does not."", ""similarity"": 0.0, ""concept_complexity"": 0, ""image_complexity"": 0}, {""concept_id"": ""2_2"", ""is_minor"": false, ""message"": ""Preprocessing failed: Concept has corner points but image does not."", ""similarity"": 0.0, ""concept_complexity"": 0, ""image_complexity"": 0}, {""concept_id"": ""3_1"", ""is_minor"": false, ""message"": ""Preprocessing failed: Concept has endpoints but image does not."", ""similarity"": 0.0, ""concept_complexity"": 0, ""image_complexity"": 0}, {""concept_id"": ""4_2"", ""is_minor"": false, ""message"": ""Preprocessing failed: Concept has endpoints but image does not."", ""similarity"": 0.0, ""concept_complexity"": 0, ""image_complexity"": 0}, {""concept_id"": ""5_1"", ""is_minor"": false, ""message"": ""Preprocessing failed: Concept has endpoints but image does not."", ""similarity"": 0.0, ""concept_complexity"": 0, ""image_complexity"": 0}, {""concept_id"": ""7_1"", ""is_minor"": false, ""message"": ""Preprocessing failed: Concept has endpoints but image does not."", ""similarity"": 0.0, ""concept_complexity"": 0, ""image_complexity"": 0}, {""concept_id"": ""8_2"", ""is_minor"": false, ""message"": ""Preprocessing failed: Concept has endpoints but image does not."", ""similarity"": 0.0, ""concept_complexity"": 0, ""image_complexity"": 0}]","{'ged_timeout': 5, 'skeletonization_threshold': 110, 'simplification_epsilon': 4.55, 'comparison_method': 'ged', 'fgw_alpha': 0.5, 'image_path': '/opt/nuclio/shared_storage/mnist_all/8/mnist_test_8_00679.png', 'image_id': '6bf23d49-697c-4170-9f4c-b3195c27d2fe', 'diagnostic_weight_epsilon': 1.0, 'range_penalty_factor': 0.5, 'node_costs': {'NO_COST': 0.0, 'MINOR': 0.65, 'GENERAL': 0.75, 'SEVERE': 1.0, 'NO_MATCH': 1.5, 'IMPOSSIBLE': 10.0}, 'features': ['normalized_x', 'normalized_y', 'distance_to_centroid', 'horizontal_direction', 'vertical_direction', 'angle_with_ox', 'junction_angle_min', 'is_endpoint', 'is_corner', 'length_ratio_to_max', 'eccentricity', 'avg_neighbor_vector_length', 'neighbor_endpoint_count', 'neighbor_junction_count'], 'mlflow_experiment_id': '4', 'mlflow_run_id': 'b586b24a868744d3aff0659ed46c898f', 'session_id': 'c461a0ca-1fbd-4ff1-a0d5-890f8c8b02dd', 'image_width': 100, 'image_height': 100}","{'skeletonization_time_ms': 239.404792, 'contour_analysis_time_ms': 1555.425917, 'classification_time_ms': 2353.725418}",4,False
success,6f34e7bc-9cfb-4ef6-97c0-02da447a1d40,,/opt/nuclio/shared_storage/mnist_all/8/mnist_test_8_00816.png,8,"[{""concept_id"": ""6_1"", ""is_minor"": true, ""message"": ""Similarity between image and concept 6_1: 0.5844"", ""similarity"": 0.5844, ""concept_complexity"": 20, ""image_complexity"": 39}, {""concept_id"": ""4_1"", ""is_minor"": true, ""message"": ""Similarity between image and concept 4_1: 0.5361"", ""similarity"": 0.5361, ""concept_complexity"": 16, ""image_complexity"": 39}, {""concept_id"": ""9_2"", ""is_minor"": true, ""message"": ""Similarity between image and concept 9_2: 0.5246"", ""similarity"": 0.5246, ""concept_complexity"": 16, ""image_complexity"": 39}, {""concept_id"": ""8_1"", ""is_minor"": true, ""message"": ""Similarity between image and concept 8_1: 0.1973"", ""similarity"": 0.1973, ""concept_complexity"": 27, ""image_complexity"": 39}, {""concept_id"": ""0_1"", ""is_minor"": true, ""message"": ""Similarity between image and concept 0_1: 0.2096"", ""similarity"": 0.2096, ""concept_complexity"": 20, ""image_complexity"": 39}, {""concept_id"": ""1_1"", ""is_minor"": false, ""message"": ""Preprocessing failed: Concept has endpoints but image does not."", ""similarity"": 0.0, ""concept_complexity"": 0, ""image_complexity"": 0}, {""concept_id"": ""1_3"", ""is_minor"": false, ""message"": ""Preprocessing failed: Concept has endpoints but image does not."", ""similarity"": 0.0, ""concept_complexity"": 0, ""image_complexity"": 0}, {""concept_id"": ""2_1"", ""is_minor"": false, ""message"": ""Preprocessing failed: Concept has endpoints but image does not."", ""similarity"": 0.0, ""concept_complexity"": 0, ""image_complexity"": 0}, {""concept_id"": ""2_2"", ""is_minor"": false, ""message"": ""Preprocessing failed: Concept has corner points but image does not."", ""similarity"": 0.0, ""concept_complexity"": 0, ""image_complexity"": 0}, {""concept_id"": ""3_1"", ""is_minor"": false, ""message"": ""Preprocessing failed: Concept has endpoints but image does not."", ""similarity"": 0.0, ""concept_complexity"": 0, ""image_complexity"": 0}, {""concept_id"": ""4_2"", ""is_minor"": false, ""message"": ""Preprocessing failed: Concept has endpoints but image does not."", ""similarity"": 0.0, ""concept_complexity"": 0, ""image_complexity"": 0}, {""concept_id"": ""5_1"", ""is_minor"": false, ""message"": ""Preprocessing failed: Concept has endpoints but image does not."", ""similarity"": 0.0, ""concept_complexity"": 0, ""image_complexity"": 0}, {""concept_id"": ""7_1"", ""is_minor"": false, ""message"": ""Preprocessing failed: Concept has endpoints but image does not."", ""similarity"": 0.0, ""concept_complexity"": 0, ""image_complexity"": 0}, {""concept_id"": ""8_2"", ""is_minor"": false, ""message"": ""Preprocessing failed: Concept has endpoints but image does not."", ""similarity"": 0.0, ""concept_complexity"": 0, ""image_complexity"": 0}]","{'ged_timeout': 5, 'skeletonization_threshold': 110, 'simplification_epsilon': 4.55, 'comparison_method': 'ged', 'fgw_alpha': 0.5, 'image_path': '/opt/nuclio/shared_storage/mnist_all/8/mnist_test_8_00816.png', 'image_id': '6f34e7bc-9cfb-4ef6-97c0-02da447a1d40', 'diagnostic_weight_epsilon': 1.0, 'range_penalty_factor': 0.5, 'node_costs': {'NO_COST': 0.0, 'MINOR': 0.65, 'GENERAL': 0.75, 'SEVERE': 1.0, 'NO_MATCH': 1.5, 'IMPOSSIBLE': 10.0}, 'features': ['normalized_x', 'normalized_y', 'distance_to_centroid', 'horizontal_direction', 'vertical_direction', 'angle_with_ox', 'junction_angle_min', 'is_endpoint', 'is_corner', 'length_ratio_to_max', 'eccentricity', 'avg_neighbor_vector_length', 'neighbor_endpoint_count', 'neighbor_junction_count'], 'mlflow_experiment_id': '4', 'mlflow_run_id': 'b586b24a868744d3aff0659ed46c898f', 'session_id': '4bdfc488-0d99-4f59-b370-6bbf92266aaa', 'image_width': 100, 'image_height': 100}","{'skeletonization_time_ms': 249.426125, 'contour_analysis_time_ms': 1626.044209, 'classification_time_ms': 1274.736542}",6,False
success,dbf3a4ce-9b79-4035-8ac0-d18017a4ca54,,/opt/nuclio/shared_storage/mnist_all/7/mnist_test_7_00594.png,7,"[{""concept_id"": ""4_2"", ""is_minor"": true, ""message"": ""Similarity between image and concept 4_2: 0.5439"", ""similarity"": 0.5439, ""concept_complexity"": 13, ""image_complexity"": 29}, {""concept_id"": ""7_1"", ""is_minor"": true, ""message"": ""Similarity between image and concept 7_1: 0.5184"", ""similarity"": 0.5184, ""concept_complexity"": 9, ""image_complexity"": 29}, {""concept_id"": ""5_1"", ""is_minor"": true, ""message"": ""Similarity between image and concept 5_1: 0.4484"", ""similarity"": 0.4484, ""concept_complexity"": 17, ""image_complexity"": 29}, {""concept_id"": ""2_1"", ""is_minor"": true, ""message"": ""Similarity between image and concept 2_1: 0.469"", ""similarity"": 0.469, ""concept_complexity"": 13, ""image_complexity"": 29}, {""concept_id"": ""3_1"", ""is_minor"": true, ""message"": ""Similarity between image and concept 3_1: 0.3791"", ""similarity"": 0.3791, ""concept_complexity"": 21, ""image_complexity"": 29}, {""concept_id"": ""1_1"", ""is_minor"": true, ""message"": ""Similarity between image and concept 1_1: 0.3696"", ""similarity"": 0.3696, ""concept_complexity"": 13, ""image_complexity"": 29}, {""concept_id"": ""1_3"", ""is_minor"": true, ""message"": ""Similarity between image and concept 1_3: 0.4119"", ""similarity"": 0.4119, ""concept_complexity"": 5, ""image_complexity"": 29}, {""concept_id"": ""0_1"", ""is_minor"": false, ""message"": ""Preprocessing failed: Concept has corner points but image does not."", ""similarity"": 0.0, ""concept_complexity"": 0, ""image_complexity"": 0}, {""concept_id"": ""2_2"", ""is_minor"": false, ""message"": ""Preprocessing failed: Concept has intersection points but image does not."", ""similarity"": 0.0, ""concept_complexity"": 0, ""image_complexity"": 0}, {""concept_id"": ""4_1"", ""is_minor"": false, ""message"": ""Preprocessing failed: Concept has intersection points but image does not."", ""similarity"": 0.0, ""concept_complexity"": 0, ""image_complexity"": 0}, {""concept_id"": ""6_1"", ""is_minor"": false, ""message"": ""Preprocessing failed: Concept has intersection points but image does not."", ""similarity"": 0.0, ""concept_complexity"": 0, ""image_complexity"": 0}, {""concept_id"": ""8_1"", ""is_minor"": false, ""message"": ""Preprocessing failed: Concept has corner points but image does not."", ""similarity"": 0.0, ""concept_complexity"": 0, ""image_complexity"": 0}, {""concept_id"": ""8_2"", ""is_minor"": false, ""message"": ""Preprocessing failed: Concept has intersection points but image does not."", ""similarity"": 0.0, ""concept_complexity"": 0, ""image_complexity"": 0}, {""concept_id"": ""9_2"", ""is_minor"": false, ""message"": ""Preprocessing failed: Concept has intersection points but image does not."", ""similarity"": 0.0, ""concept_complexity"": 0, ""image_complexity"": 0}]","{'ged_timeout': 5, 'skeletonization_threshold': 110, 'simplification_epsilon': 4.55, 'comparison_method': 'ged', 'fgw_alpha': 0.5, 'image_path': '/opt/nuclio/shared_storage/mnist_all/7/mnist_test_7_00594.png', 'image_id': 'dbf3a4ce-9b79-4035-8ac0-d18017a4ca54', 'diagnostic_weight_epsilon': 1.0, 'range_penalty_factor': 0.5, 'node_costs': {'NO_COST': 0.0, 'MINOR': 0.65, 'GENERAL': 0.75, 'SEVERE': 1.0, 'NO_MATCH': 1.5, 'IMPOSSIBLE': 10.0}, 'features': ['normalized_x', 'normalized_y', 'distance_to_centroid', 'horizontal_direction', 'vertical_direction', 'angle_with_ox', 'junction_angle_min', 'is_endpoint', 'is_corner', 'length_ratio_to_max', 'eccentricity', 'avg_neighbor_vector_length', 'neighbor_endpoint_count', 'neighbor_junction_count'], 'mlflow_experiment_id': '4', 'mlflow_run_id': 'b586b24a868744d3aff0659ed46c898f', 'session_id': 'c58e0e45-653c-4d94-9871-fbfd6947b16b', 'image_width': 100, 'image_height': 100}","{'skeletonization_time_ms': 280.037416, 'contour_analysis_time_ms': 386.87925, 'classification_time_ms': 259.258792}",4,False
success,8f04a655-0dd2-41da-ad6b-7c0a2a009671,,/opt/nuclio/shared_storage/mnist_all/9/mnist_test_9_00033.png,9,"[{""concept_id"": ""4_1"", ""is_minor"": true, ""message"": ""Similarity between image and concept 4_1: 0.6113"", ""similarity"": 0.6113, ""concept_complexity"": 16, ""image_complexity"": 24}, {""concept_id"": ""9_2"", ""is_minor"": true, ""message"": ""Similarity between image and concept 9_2: 0.5938"", ""similarity"": 0.5938, ""concept_complexity"": 16, ""image_complexity"": 24}, {""concept_id"": ""0_1"", ""is_minor"": true, ""message"": ""Similarity between image and concept 0_1: 0.4611"", ""similarity"": 0.4611, ""concept_complexity"": 20, ""image_complexity"": 24}, {""concept_id"": ""6_1"", ""is_minor"": true, ""message"": ""Similarity between image and concept 6_1: 0.4219"", ""similarity"": 0.4219, ""concept_complexity"": 20, ""image_complexity"": 24}, {""concept_id"": ""1_1"", ""is_minor"": false, ""message"": ""Preprocessing failed: Concept has endpoints but image does not."", ""similarity"": 0.0, ""concept_complexity"": 0, ""image_complexity"": 0}, {""concept_id"": ""1_3"", ""is_minor"": false, ""message"": ""Preprocessing failed: Concept has endpoints but image does not."", ""similarity"": 0.0, ""concept_complexity"": 0, ""image_complexity"": 0}, {""concept_id"": ""2_1"", ""is_minor"": false, ""message"": ""Preprocessing failed: Concept has endpoints but image does not."", ""similarity"": 0.0, ""concept_complexity"": 0, ""image_complexity"": 0}, {""concept_id"": ""2_2"", ""is_minor"": false, ""message"": ""Preprocessing failed: Concept has corner points but image does not."", ""similarity"": 0.0, ""concept_complexity"": 0, ""image_complexity"": 0}, {""concept_id"": ""3_1"", ""is_minor"": false, ""message"": ""Preprocessing failed: Concept has endpoints but image does not."", ""similarity"": 0.0, ""concept_complexity"": 0, ""image_complexity"": 0}, {""concept_id"": ""4_2"", ""is_minor"": false, ""message"": ""Preprocessing failed: Concept has endpoints but image does not."", ""similarity"": 0.0, ""concept_complexity"": 0, ""image_complexity"": 0}, {""concept_id"": ""5_1"", ""is_minor"": false, ""message"": ""Preprocessing failed: Concept has endpoints but image does not."", ""similarity"": 0.0, ""concept_complexity"": 0, ""image_complexity"": 0}, {""concept_id"": ""7_1"", ""is_minor"": false, ""message"": ""Preprocessing failed: Concept has endpoints but image does not."", ""similarity"": 0.0, ""concept_complexity"": 0, ""image_complexity"": 0}, {""concept_id"": ""8_2"", ""is_minor"": false, ""message"": ""Preprocessing failed: Concept has endpoints but image does not."", ""similarity"": 0.0, ""concept_complexity"": 0, ""image_complexity"": 0}]","{'ged_timeout': 5, 'skeletonization_threshold': 110, 'simplification_epsilon': 4.55, 'comparison_method': 'ged', 'fgw_alpha': 0.5, 'image_path': '/opt/nuclio/shared_storage/mnist_all/9/mnist_test_9_00033.png', 'image_id': '8f04a655-0dd2-41da-ad6b-7c0a2a009671', 'diagnostic_weight_epsilon': 1.0, 'range_penalty_factor': 0.5, 'node_costs': {'NO_COST': 0.0, 'MINOR': 0.65, 'GENERAL': 0.75, 'SEVERE': 1.0, 'NO_MATCH': 1.5, 'IMPOSSIBLE': 10.0}, 'features': ['normalized_x', 'normalized_y', 'distance_to_centroid', 'horizontal_direction', 'vertical_direction', 'angle_with_ox', 'junction_angle_min', 'is_endpoint', 'is_corner', 'length_ratio_to_max', 'eccentricity', 'avg_neighbor_vector_length', 'neighbor_endpoint_count', 'neighbor_junction_count'], 'mlflow_experiment_id': '4', 'mlflow_run_id': 'b586b24a868744d3aff0659ed46c898f', 'session_id': '02d94023-0bf9-41c7-8de3-f758e5f4be44', 'image_width': 100, 'image_height': 100}","{'skeletonization_time_ms': 199.998542, 'contour_analysis_time_ms': 562.506042, 'classification_time_ms': 303.829625}",4,False
success,35129b8e-f6f8-4806-be91-8bba5ffaf5b4,,/opt/nuclio/shared_storage/mnist_all/7/mnist_test_7_00232.png,7,"[{""concept_id"": ""2_1"", ""is_minor"": true, ""message"": ""Similarity between image and concept 2_1: 0.4917"", ""similarity"": 0.4917, ""concept_complexity"": 13, ""image_complexity"": 25}, {""concept_id"": ""3_1"", ""is_minor"": true, ""message"": ""Similarity between image and concept 3_1: 0.4415"", ""similarity"": 0.4415, ""concept_complexity"": 21, ""image_complexity"": 25}, {""concept_id"": ""7_1"", ""is_minor"": true, ""message"": ""Similarity between image and concept 7_1: 0.5107"", ""similarity"": 0.5107, ""concept_complexity"": 9, ""image_complexity"": 25}, {""concept_id"": ""5_1"", ""is_minor"": true, ""message"": ""Similarity between image and concept 5_1: 0.4311"", ""similarity"": 0.4311, ""concept_complexity"": 17, ""image_complexity"": 25}, {""concept_id"": ""1_3"", ""is_minor"": true, ""message"": ""Similarity between image and concept 1_3: 0.4553"", ""similarity"": 0.4553, ""concept_complexity"": 5, ""image_complexity"": 25}, {""concept_id"": ""0_1"", ""is_minor"": false, ""message"": ""Preprocessing failed: Concept has corner points but image does not."", ""similarity"": 0.0, ""concept_complexity"": 0, ""image_complexity"": 0}, {""concept_id"": ""1_1"", ""is_minor"": false, ""message"": ""Preprocessing failed: Concept has more endpoints than image."", ""similarity"": 0.0, ""concept_complexity"": 0, ""image_complexity"": 0}, {""concept_id"": ""2_2"", ""is_minor"": false, ""message"": ""Preprocessing failed: Concept has intersection points but image does not."", ""similarity"": 0.0, ""concept_complexity"": 0, ""image_complexity"": 0}, {""concept_id"": ""4_1"", ""is_minor"": false, ""message"": ""Preprocessing failed: Concept has intersection points but image does not."", ""similarity"": 0.0, ""concept_complexity"": 0, ""image_complexity"": 0}, {""concept_id"": ""4_2"", ""is_minor"": false, ""message"": ""Preprocessing failed: Concept has more endpoints than image."", ""similarity"": 0.0, ""concept_complexity"": 0, ""image_complexity"": 0}, {""concept_id"": ""6_1"", ""is_minor"": false, ""message"": ""Preprocessing failed: Concept has intersection points but image does not."", ""similarity"": 0.0, ""concept_complexity"": 0, ""image_complexity"": 0}, {""concept_id"": ""8_2"", ""is_minor"": false, ""message"": ""Preprocessing failed: Concept has intersection points but image does not."", ""similarity"": 0.0, ""concept_complexity"": 0, ""image_complexity"": 0}, {""concept_id"": ""9_2"", ""is_minor"": false, ""message"": ""Preprocessing failed: Concept has intersection points but image does not."", ""similarity"": 0.0, ""concept_complexity"": 0, ""image_complexity"": 0}]","{'ged_timeout': 5, 'skeletonization_threshold': 110, 'simplification_epsilon': 4.55, 'comparison_method': 'ged', 'fgw_alpha': 0.5, 'image_path': '/opt/nuclio/shared_storage/mnist_all/7/mnist_test_7_00232.png', 'image_id': '35129b8e-f6f8-4806-be91-8bba5ffaf5b4', 'diagnostic_weight_epsilon': 1.0, 'range_penalty_factor': 0.5, 'node_costs': {'NO_COST': 0.0, 'MINOR': 0.65, 'GENERAL': 0.75, 'SEVERE': 1.0, 'NO_MATCH': 1.5, 'IMPOSSIBLE': 10.0}, 'features': ['normalized_x', 'normalized_y', 'distance_to_centroid', 'horizontal_direction', 'vertical_direction', 'angle_with_ox', 'junction_angle_min', 'is_endpoint', 'is_corner', 'length_ratio_to_max', 'eccentricity', 'avg_neighbor_vector_length', 'neighbor_endpoint_count', 'neighbor_junction_count'], 'mlflow_experiment_id': '4', 'mlflow_run_id': 'b586b24a868744d3aff0659ed46c898f', 'session_id': '785e066b-c3b9-4387-bc05-3aa80af6f1b6', 'image_width': 100, 'image_height': 100}","{'skeletonization_time_ms': 112.416625, 'contour_analysis_time_ms': 974.060126, 'classification_time_ms': 293.53475}",2,False
success,3496f339-979b-4388-aef5-d7e38ce536bc,,/opt/nuclio/shared_storage/mnist_all/7/mnist_test_7_00850.png,7,"[{""concept_id"": ""4_2"", ""is_minor"": true, ""message"": ""Similarity between image and concept 4_2: 0.5261"", ""similarity"": 0.5261, ""concept_complexity"": 13, ""image_complexity"": 25}, {""concept_id"": ""2_1"", ""is_minor"": true, ""message"": ""Similarity between image and concept 2_1: 0.5099"", ""similarity"": 0.5099, ""concept_complexity"": 13, ""image_complexity"": 25}, {""concept_id"": ""7_1"", ""is_minor"": true, ""message"": ""Similarity between image and concept 7_1: 0.498"", ""similarity"": 0.498, ""concept_complexity"": 9, ""image_complexity"": 25}, {""concept_id"": ""3_1"", ""is_minor"": true, ""message"": ""Similarity between image and concept 3_1: 0.3672"", ""similarity"": 0.3672, ""concept_complexity"": 21, ""image_complexity"": 25}, {""concept_id"": ""1_1"", ""is_minor"": true, ""message"": ""Similarity between image and concept 1_1: 0.3554"", ""similarity"": 0.3554, ""concept_complexity"": 13, ""image_complexity"": 25}, {""concept_id"": ""1_3"", ""is_minor"": true, ""message"": ""Similarity between image and concept 1_3: 0.3677"", ""similarity"": 0.3677, ""concept_complexity"": 5, ""image_complexity"": 25}, {""concept_id"": ""0_1"", ""is_minor"": false, ""message"": ""Preprocessing failed: Concept has corner points but image does not."", ""similarity"": 0.0, ""concept_complexity"": 0, ""image_complexity"": 0}, {""concept_id"": ""2_2"", ""is_minor"": false, ""message"": ""Preprocessing failed: Concept has intersection points but image does not."", ""similarity"": 0.0, ""concept_complexity"": 0, ""image_complexity"": 0}, {""concept_id"": ""4_1"", ""is_minor"": false, ""message"": ""Preprocessing failed: Concept has intersection points but image does not."", ""similarity"": 0.0, ""concept_complexity"": 0, ""image_complexity"": 0}, {""concept_id"": ""5_1"", ""is_minor"": false, ""message"": ""Preprocessing failed: Concept has more corner points than image."", ""similarity"": 0.0, ""concept_complexity"": 0, ""image_complexity"": 0}, {""concept_id"": ""6_1"", ""is_minor"": false, ""message"": ""Preprocessing failed: Concept has intersection points but image does not."", ""similarity"": 0.0, ""concept_complexity"": 0, ""image_complexity"": 0}, {""concept_id"": ""8_2"", ""is_minor"": false, ""message"": ""Preprocessing failed: Concept has intersection points but image does not."", ""similarity"": 0.0, ""concept_complexity"": 0, ""image_complexity"": 0}, {""concept_id"": ""9_2"", ""is_minor"": false, ""message"": ""Preprocessing failed: Concept has intersection points but image does not."", ""similarity"": 0.0, ""concept_complexity"": 0, ""image_complexity"": 0}]","{'ged_timeout': 5, 'skeletonization_threshold': 110, 'simplification_epsilon': 4.55, 'comparison_method': 'ged', 'fgw_alpha': 0.5, 'image_path': '/opt/nuclio/shared_storage/mnist_all/7/mnist_test_7_00850.png', 'image_id': '3496f339-979b-4388-aef5-d7e38ce536bc', 'diagnostic_weight_epsilon': 1.0, 'range_penalty_factor': 0.5, 'node_costs': {'NO_COST': 0.0, 'MINOR': 0.65, 'GENERAL': 0.75, 'SEVERE': 1.0, 'NO_MATCH': 1.5, 'IMPOSSIBLE': 10.0}, 'features': ['normalized_x', 'normalized_y', 'distance_to_centroid', 'horizontal_direction', 'vertical_direction', 'angle_with_ox', 'junction_angle_min', 'is_endpoint', 'is_corner', 'length_ratio_to_max', 'eccentricity', 'avg_neighbor_vector_length', 'neighbor_endpoint_count', 'neighbor_junction_count'], 'mlflow_experiment_id': '4', 'mlflow_run_id': 'b586b24a868744d3aff0659ed46c898f', 'session_id': 'fb8980d6-2387-40fe-b16e-34c88a5656cb', 'image_width': 100, 'image_height': 100}","{'skeletonization_time_ms': 141.425459, 'contour_analysis_time_ms': 466.133626, 'classification_time_ms': 190.280583}",4,False
success,9c1fecc7-292d-4b71-8328-877849c37f61,,/opt/nuclio/shared_storage/mnist_all/8/mnist_test_8_00233.png,8,"[{""concept_id"": ""6_1"", ""is_minor"": true, ""message"": ""Similarity between image and concept 6_1: 0.5709"", ""similarity"": 0.5709, ""concept_complexity"": 20, ""image_complexity"": 43}, {""concept_id"": ""0_1"", ""is_minor"": true, ""message"": ""Similarity between image and concept 0_1: 0.5408"", ""similarity"": 0.5408, ""concept_complexity"": 20, ""image_complexity"": 43}, {""concept_id"": ""4_1"", ""is_minor"": true, ""message"": ""Similarity between image and concept 4_1: 0.5428"", ""similarity"": 0.5428, ""concept_complexity"": 16, ""image_complexity"": 43}, {""concept_id"": ""2_2"", ""is_minor"": true, ""message"": ""Similarity between image and concept 2_2: 0.5129"", ""similarity"": 0.5129, ""concept_complexity"": 20, ""image_complexity"": 43}, {""concept_id"": ""9_2"", ""is_minor"": true, ""message"": ""Similarity between image and concept 9_2: 0.5177"", ""similarity"": 0.5177, ""concept_complexity"": 16, ""image_complexity"": 43}, {""concept_id"": ""1_1"", ""is_minor"": false, ""message"": ""Preprocessing failed: Concept has endpoints but image does not."", ""similarity"": 0.0, ""concept_complexity"": 0, ""image_complexity"": 0}, {""concept_id"": ""1_3"", ""is_minor"": false, ""message"": ""Preprocessing failed: Concept has endpoints but image does not."", ""similarity"": 0.0, ""concept_complexity"": 0, ""image_complexity"": 0}, {""concept_id"": ""2_1"", ""is_minor"": false, ""message"": ""Preprocessing failed: Concept has endpoints but image does not."", ""similarity"": 0.0, ""concept_complexity"": 0, ""image_complexity"": 0}, {""concept_id"": ""3_1"", ""is_minor"": false, ""message"": ""Preprocessing failed: Concept has endpoints but image does not."", ""similarity"": 0.0, ""concept_complexity"": 0, ""image_complexity"": 0}, {""concept_id"": ""4_2"", ""is_minor"": false, ""message"": ""Preprocessing failed: Concept has endpoints but image does not."", ""similarity"": 0.0, ""concept_complexity"": 0, ""image_complexity"": 0}, {""concept_id"": ""5_1"", ""is_minor"": false, ""message"": ""Preprocessing failed: Concept has endpoints but image does not."", ""similarity"": 0.0, ""concept_complexity"": 0, ""image_complexity"": 0}, {""concept_id"": ""7_1"", ""is_minor"": false, ""message"": ""Preprocessing failed: Concept has endpoints but image does not."", ""similarity"": 0.0, ""concept_complexity"": 0, ""image_complexity"": 0}, {""concept_id"": ""8_1"", ""is_minor"": false, ""message"": ""Preprocessing failed: Concept has corner points but image does not."", ""similarity"": 0.0, ""concept_complexity"": 0, ""image_complexity"": 0}, {""concept_id"": ""8_2"", ""is_minor"": false, ""message"": ""Preprocessing failed: Concept has endpoints but image does not."", ""similarity"": 0.0, ""concept_complexity"": 0, ""image_complexity"": 0}]","{'ged_timeout': 5, 'skeletonization_threshold': 110, 'simplification_epsilon': 4.55, 'comparison_method': 'ged', 'fgw_alpha': 0.5, 'image_path': '/opt/nuclio/shared_storage/mnist_all/8/mnist_test_8_00233.png', 'image_id': '9c1fecc7-292d-4b71-8328-877849c37f61', 'diagnostic_weight_epsilon': 1.0, 'range_penalty_factor': 0.5, 'node_costs': {'NO_COST': 0.0, 'MINOR': 0.65, 'GENERAL': 0.75, 'SEVERE': 1.0, 'NO_MATCH': 1.5, 'IMPOSSIBLE': 10.0}, 'features': ['normalized_x', 'normalized_y', 'distance_to_centroid', 'horizontal_direction', 'vertical_direction', 'angle_with_ox', 'junction_angle_min', 'is_endpoint', 'is_corner', 'length_ratio_to_max', 'eccentricity', 'avg_neighbor_vector_length', 'neighbor_endpoint_count', 'neighbor_junction_count'], 'mlflow_experiment_id': '4', 'mlflow_run_id': 'b586b24a868744d3aff0659ed46c898f', 'session_id': '0c6ba6a6-c485-437e-bf6f-9695804da6eb', 'image_width': 100, 'image_height': 100}","{'skeletonization_time_ms': 140.777333, 'contour_analysis_time_ms': 731.367084, 'classification_time_ms': 2552.498167}",6,False
success,04c7ccef-9d5c-4a7a-8130-0654a78f0021,,/opt/nuclio/shared_storage/mnist_all/7/mnist_test_7_00911.png,7,"[{""concept_id"": ""4_2"", ""is_minor"": true, ""message"": ""Similarity between image and concept 4_2: 0.5388"", ""similarity"": 0.5388, ""concept_complexity"": 13, ""image_complexity"": 21}, {""concept_id"": ""2_1"", ""is_minor"": true, ""message"": ""Similarity between image and concept 2_1: 0.5008"", ""similarity"": 0.5008, ""concept_complexity"": 13, ""image_complexity"": 21}, {""concept_id"": ""7_1"", ""is_minor"": true, ""message"": ""Similarity between image and concept 7_1: 0.5248"", ""similarity"": 0.5248, ""concept_complexity"": 9, ""image_complexity"": 21}, {""concept_id"": ""1_1"", ""is_minor"": true, ""message"": ""Similarity between image and concept 1_1: 0.3554"", ""similarity"": 0.3554, ""concept_complexity"": 13, ""image_complexity"": 21}, {""concept_id"": ""1_3"", ""is_minor"": true, ""message"": ""Similarity between image and concept 1_3: 0.3923"", ""similarity"": 0.3923, ""concept_complexity"": 5, ""image_complexity"": 21}, {""concept_id"": ""0_1"", ""is_minor"": false, ""message"": ""Preprocessing failed: Concept has corner points but image does not."", ""similarity"": 0.0, ""concept_complexity"": 0, ""image_complexity"": 0}, {""concept_id"": ""2_2"", ""is_minor"": false, ""message"": ""Preprocessing failed: Concept has intersection points but image does not."", ""similarity"": 0.0, ""concept_complexity"": 0, ""image_complexity"": 0}, {""concept_id"": ""3_1"", ""is_minor"": false, ""message"": ""Preprocessing failed: Concept has more corner points than image."", ""similarity"": 0.0, ""concept_complexity"": 0, ""image_complexity"": 0}, {""concept_id"": ""4_1"", ""is_minor"": false, ""message"": ""Preprocessing failed: Concept has intersection points but image does not."", ""similarity"": 0.0, ""concept_complexity"": 0, ""image_complexity"": 0}, {""concept_id"": ""5_1"", ""is_minor"": false, ""message"": ""Preprocessing failed: Concept has more corner points than image."", ""similarity"": 0.0, ""concept_complexity"": 0, ""image_complexity"": 0}, {""concept_id"": ""6_1"", ""is_minor"": false, ""message"": ""Preprocessing failed: Concept has intersection points but image does not."", ""similarity"": 0.0, ""concept_complexity"": 0, ""image_complexity"": 0}, {""concept_id"": ""8_2"", ""is_minor"": false, ""message"": ""Preprocessing failed: Concept has intersection points but image does not."", ""similarity"": 0.0, ""concept_complexity"": 0, ""image_complexity"": 0}, {""concept_id"": ""9_2"", ""is_minor"": false, ""message"": ""Preprocessing failed: Concept has intersection points but image does not."", ""similarity"": 0.0, ""concept_complexity"": 0, ""image_complexity"": 0}]","{'ged_timeout': 5, 'skeletonization_threshold': 110, 'simplification_epsilon': 4.55, 'comparison_method': 'ged', 'fgw_alpha': 0.5, 'image_path': '/opt/nuclio/shared_storage/mnist_all/7/mnist_test_7_00911.png', 'image_id': '04c7ccef-9d5c-4a7a-8130-0654a78f0021', 'diagnostic_weight_epsilon': 1.0, 'range_penalty_factor': 0.5, 'node_costs': {'NO_COST': 0.0, 'MINOR': 0.65, 'GENERAL': 0.75, 'SEVERE': 1.0, 'NO_MATCH': 1.5, 'IMPOSSIBLE': 10.0}, 'features': ['normalized_x', 'normalized_y', 'distance_to_centroid', 'horizontal_direction', 'vertical_direction', 'angle_with_ox', 'junction_angle_min', 'is_endpoint', 'is_corner', 'length_ratio_to_max', 'eccentricity', 'avg_neighbor_vector_length', 'neighbor_endpoint_count', 'neighbor_junction_count'], 'mlflow_experiment_id': '4', 'mlflow_run_id': 'b586b24a868744d3aff0659ed46c898f', 'session_id': '033393ae-b9d1-4210-9bf4-072c1d4d4d02', 'image_width': 100, 'image_height': 100}","{'skeletonization_time_ms': 176.334958, 'contour_analysis_time_ms': 671.483334, 'classification_time_ms': 183.894126}",4,False
success,9fecb285-13de-42ed-ba44-090fb5fd0309,,/opt/nuclio/shared_storage/mnist_all/7/mnist_test_7_00356.png,7,"[{""concept_id"": ""2_1"", ""is_minor"": true, ""message"": ""Similarity between image and concept 2_1: 0.4977"", ""similarity"": 0.4977, ""concept_complexity"": 13, ""image_complexity"": 21}, {""concept_id"": ""7_1"", ""is_minor"": true, ""message"": ""Similarity between image and concept 7_1: 0.4997"", ""similarity"": 0.4997, ""concept_complexity"": 9, ""image_complexity"": 21}, {""concept_id"": ""5_1"", ""is_minor"": true, ""message"": ""Similarity between image and concept 5_1: 0.4211"", ""similarity"": 0.4211, ""concept_complexity"": 17, ""image_complexity"": 21}, {""concept_id"": ""3_1"", ""is_minor"": true, ""message"": ""Similarity between image and concept 3_1: 0.3802"", ""similarity"": 0.3802, ""concept_complexity"": 21, ""image_complexity"": 21}, {""concept_id"": ""1_3"", ""is_minor"": true, ""message"": ""Similarity between image and concept 1_3: 0.4367"", ""similarity"": 0.4367, ""concept_complexity"": 5, ""image_complexity"": 21}, {""concept_id"": ""0_1"", ""is_minor"": false, ""message"": ""Preprocessing failed: Concept has corner points but image does not."", ""similarity"": 0.0, ""concept_complexity"": 0, ""image_complexity"": 0}, {""concept_id"": ""1_1"", ""is_minor"": false, ""message"": ""Preprocessing failed: Concept has more endpoints than image."", ""similarity"": 0.0, ""concept_complexity"": 0, ""image_complexity"": 0}, {""concept_id"": ""2_2"", ""is_minor"": false, ""message"": ""Preprocessing failed: Concept has intersection points but image does not."", ""similarity"": 0.0, ""concept_complexity"": 0, ""image_complexity"": 0}, {""concept_id"": ""4_1"", ""is_minor"": false, ""message"": ""Preprocessing failed: Concept has intersection points but image does not."", ""similarity"": 0.0, ""concept_complexity"": 0, ""image_complexity"": 0}, {""concept_id"": ""4_2"", ""is_minor"": false, ""message"": ""Preprocessing failed: Concept has more endpoints than image."", ""similarity"": 0.0, ""concept_complexity"": 0, ""image_complexity"": 0}, {""concept_id"": ""6_1"", ""is_minor"": false, ""message"": ""Preprocessing failed: Concept has intersection points but image does not."", ""similarity"": 0.0, ""concept_complexity"": 0, ""image_complexity"": 0}, {""concept_id"": ""8_2"", ""is_minor"": false, ""message"": ""Preprocessing failed: Concept has intersection points but image does not."", ""similarity"": 0.0, ""concept_complexity"": 0, ""image_complexity"": 0}, {""concept_id"": ""9_2"", ""is_minor"": false, ""message"": ""Preprocessing failed: Concept has intersection points but image does not."", ""similarity"": 0.0, ""concept_complexity"": 0, ""image_complexity"": 0}]","{'ged_timeout': 5, 'skeletonization_threshold': 110, 'simplification_epsilon': 4.55, 'comparison_method': 'ged', 'fgw_alpha': 0.5, 'image_path': '/opt/nuclio/shared_storage/mnist_all/7/mnist_test_7_00356.png', 'image_id': '9fecb285-13de-42ed-ba44-090fb5fd0309', 'diagnostic_weight_epsilon': 1.0, 'range_penalty_factor': 0.5, 'node_costs': {'NO_COST': 0.0, 'MINOR': 0.65, 'GENERAL': 0.75, 'SEVERE': 1.0, 'NO_MATCH': 1.5, 'IMPOSSIBLE': 10.0}, 'features': ['normalized_x', 'normalized_y', 'distance_to_centroid', 'horizontal_direction', 'vertical_direction', 'angle_with_ox', 'junction_angle_min', 'is_endpoint', 'is_corner', 'length_ratio_to_max', 'eccentricity', 'avg_neighbor_vector_length', 'neighbor_endpoint_count', 'neighbor_junction_count'], 'mlflow_experiment_id': '4', 'mlflow_run_id': 'b586b24a868744d3aff0659ed46c898f', 'session_id': '8d6ff6e4-9575-4912-8be4-79d77e0d14e9', 'image_width': 100, 'image_height': 100}","{'skeletonization_time_ms': 125.859917, 'contour_analysis_time_ms': 1890.57896, 'classification_time_ms': 305.42}",2,False
success,fa3631c1-f0f2-41bf-8006-55665b3f9767,,/opt/nuclio/shared_storage/mnist_all/9/mnist_test_9_00465.png,9,"[{""concept_id"": ""4_1"", ""is_minor"": true, ""message"": ""Similarity between image and concept 4_1: 0.6323"", ""similarity"": 0.6323, ""concept_complexity"": 16, ""image_complexity"": 28}, {""concept_id"": ""9_2"", ""is_minor"": true, ""message"": ""Similarity between image and concept 9_2: 0.6106"", ""similarity"": 0.6106, ""concept_complexity"": 16, ""image_complexity"": 28}, {""concept_id"": ""8_2"", ""is_minor"": true, ""message"": ""Similarity between image and concept 8_2: 0.4601"", ""similarity"": 0.4601, ""concept_complexity"": 20, ""image_complexity"": 28}, {""concept_id"": ""0_1"", ""is_minor"": true, ""message"": ""Similarity between image and concept 0_1: 0.4509"", ""similarity"": 0.4509, ""concept_complexity"": 20, ""image_complexity"": 28}, {""concept_id"": ""8_1"", ""is_minor"": true, ""message"": ""Similarity between image and concept 8_1: 0.3591"", ""similarity"": 0.3591, ""concept_complexity"": 27, ""image_complexity"": 28}, {""concept_id"": ""6_1"", ""is_minor"": true, ""message"": ""Similarity between image and concept 6_1: 0.3754"", ""similarity"": 0.3754, ""concept_complexity"": 20, ""image_complexity"": 28}, {""concept_id"": ""1_3"", ""is_minor"": true, ""message"": ""Similarity between image and concept 1_3: 0.1804"", ""similarity"": 0.1804, ""concept_complexity"": 5, ""image_complexity"": 28}, {""concept_id"": ""1_1"", ""is_minor"": false, ""message"": ""Preprocessing failed: Concept has more endpoints than image."", ""similarity"": 0.0, ""concept_complexity"": 0, ""image_complexity"": 0}, {""concept_id"": ""2_1"", ""is_minor"": false, ""message"": ""Preprocessing failed: No path found for endpoint 2809546949450458842."", ""similarity"": 0.0, ""concept_complexity"": 0, ""image_complexity"": 0}, {""concept_id"": ""2_2"", ""is_minor"": false, ""message"": ""Preprocessing failed: Concept has corner points but image does not."", ""similarity"": 0.0, ""concept_complexity"": 0, ""image_complexity"": 0}, {""concept_id"": ""3_1"", ""is_minor"": false, ""message"": ""Preprocessing failed: Concept has endpoints but image does not."", ""similarity"": 0.0, ""concept_complexity"": 0, ""image_complexity"": 0}, {""concept_id"": ""4_2"", ""is_minor"": false, ""message"": ""Preprocessing failed: Concept has more endpoints than image."", ""similarity"": 0.0, ""concept_complexity"": 0, ""image_complexity"": 0}, {""concept_id"": ""5_1"", ""is_minor"": false, ""message"": ""Preprocessing failed: Concept has endpoints but image does not."", ""similarity"": 0.0, ""concept_complexity"": 0, ""image_complexity"": 0}, {""concept_id"": ""7_1"", ""is_minor"": false, ""message"": ""Preprocessing failed: Concept has endpoints but image does not."", ""similarity"": 0.0, ""concept_complexity"": 0, ""image_complexity"": 0}]","{'ged_timeout': 5, 'skeletonization_threshold': 110, 'simplification_epsilon': 4.55, 'comparison_method': 'ged', 'fgw_alpha': 0.5, 'image_path': '/opt/nuclio/shared_storage/mnist_all/9/mnist_test_9_00465.png', 'image_id': 'fa3631c1-f0f2-41bf-8006-55665b3f9767', 'diagnostic_weight_epsilon': 1.0, 'range_penalty_factor': 0.5, 'node_costs': {'NO_COST': 0.0, 'MINOR': 0.65, 'GENERAL': 0.75, 'SEVERE': 1.0, 'NO_MATCH': 1.5, 'IMPOSSIBLE': 10.0}, 'features': ['normalized_x', 'normalized_y', 'distance_to_centroid', 'horizontal_direction', 'vertical_direction', 'angle_with_ox', 'junction_angle_min', 'is_endpoint', 'is_corner', 'length_ratio_to_max', 'eccentricity', 'avg_neighbor_vector_length', 'neighbor_endpoint_count', 'neighbor_junction_count'], 'mlflow_experiment_id': '4', 'mlflow_run_id': 'b586b24a868744d3aff0659ed46c898f', 'session_id': '26deb2b4-099a-4bd7-b81e-2d81f2d3caac', 'image_width': 100, 'image_height': 100}","{'skeletonization_time_ms': 121.985708, 'contour_analysis_time_ms': 586.097792, 'classification_time_ms': 926.138945}",4,False
success,855d9f9b-2b36-4852-ae7e-fbdc9fe8e064,,/opt/nuclio/shared_storage/mnist_all/8/mnist_test_8_00549.png,8,"[{""concept_id"": ""6_1"", ""is_minor"": true, ""message"": ""Similarity between image and concept 6_1: 0.6631"", ""similarity"": 0.6631, ""concept_complexity"": 20, ""image_complexity"": 31}, {""concept_id"": ""8_1"", ""is_minor"": true, ""message"": ""Similarity between image and concept 8_1: 0.1913"", ""similarity"": 0.1913, ""concept_complexity"": 27, ""image_complexity"": 31}, {""concept_id"": ""0_1"", ""is_minor"": true, ""message"": ""Similarity between image and concept 0_1: 0.1977"", ""similarity"": 0.1977, ""concept_complexity"": 20, ""image_complexity"": 31}, {""concept_id"": ""1_1"", ""is_minor"": false, ""message"": ""Preprocessing failed: Concept has endpoints but image does not."", ""similarity"": 0.0, ""concept_complexity"": 0, ""image_complexity"": 0}, {""concept_id"": ""1_3"", ""is_minor"": false, ""message"": ""Preprocessing failed: Concept has endpoints but image does not."", ""similarity"": 0.0, ""concept_complexity"": 0, ""image_complexity"": 0}, {""concept_id"": ""2_1"", ""is_minor"": false, ""message"": ""Preprocessing failed: Concept has endpoints but image does not."", ""similarity"": 0.0, ""concept_complexity"": 0, ""image_complexity"": 0}, {""concept_id"": ""2_2"", ""is_minor"": false, ""message"": ""Preprocessing failed: Concept has corner points but image does not."", ""similarity"": 0.0, ""concept_complexity"": 0, ""image_complexity"": 0}, {""concept_id"": ""3_1"", ""is_minor"": false, ""message"": ""Preprocessing failed: Concept has endpoints but image does not."", ""similarity"": 0.0, ""concept_complexity"": 0, ""image_complexity"": 0}, {""concept_id"": ""4_1"", ""is_minor"": false, ""message"": ""Preprocessing failed: Concept has more corner points than image."", ""similarity"": 0.0, ""concept_complexity"": 0, ""image_complexity"": 0}, {""concept_id"": ""4_2"", ""is_minor"": false, ""message"": ""Preprocessing failed: Concept has endpoints but image does not."", ""similarity"": 0.0, ""concept_complexity"": 0, ""image_complexity"": 0}, {""concept_id"": ""5_1"", ""is_minor"": false, ""message"": ""Preprocessing failed: Concept has endpoints but image does not."", ""similarity"": 0.0, ""concept_complexity"": 0, ""image_complexity"": 0}, {""concept_id"": ""7_1"", ""is_minor"": false, ""message"": ""Preprocessing failed: Concept has endpoints but image does not."", ""similarity"": 0.0, ""concept_complexity"": 0, ""image_complexity"": 0}, {""concept_id"": ""8_2"", ""is_minor"": false, ""message"": ""Preprocessing failed: Concept has endpoints but image does not."", ""similarity"": 0.0, ""concept_complexity"": 0, ""image_complexity"": 0}, {""concept_id"": ""9_2"", ""is_minor"": false, ""message"": ""Preprocessing failed: Concept has more corner points than image."", ""similarity"": 0.0, ""concept_complexity"": 0, ""image_complexity"": 0}]","{'ged_timeout': 5, 'skeletonization_threshold': 110, 'simplification_epsilon': 4.55, 'comparison_method': 'ged', 'fgw_alpha': 0.5, 'image_path': '/opt/nuclio/shared_storage/mnist_all/8/mnist_test_8_00549.png', 'image_id': '855d9f9b-2b36-4852-ae7e-fbdc9fe8e064', 'diagnostic_weight_epsilon': 1.0, 'range_penalty_factor': 0.5, 'node_costs': {'NO_COST': 0.0, 'MINOR': 0.65, 'GENERAL': 0.75, 'SEVERE': 1.0, 'NO_MATCH': 1.5, 'IMPOSSIBLE': 10.0}, 'features': ['normalized_x', 'normalized_y', 'distance_to_centroid', 'horizontal_direction', 'vertical_direction', 'angle_with_ox', 'junction_angle_min', 'is_endpoint', 'is_corner', 'length_ratio_to_max', 'eccentricity', 'avg_neighbor_vector_length', 'neighbor_endpoint_count', 'neighbor_junction_count'], 'mlflow_experiment_id': '4', 'mlflow_run_id': 'b586b24a868744d3aff0659ed46c898f', 'session_id': '9510a922-436f-4295-bba7-b5ad76b09a84', 'image_width': 100, 'image_height': 100}","{'skeletonization_time_ms': 113.773, 'contour_analysis_time_ms': 1158.429195, 'classification_time_ms': 569.944417}",6,False
success,921e2ff3-bfc3-4ec8-842a-4a4521ec4c94,,/opt/nuclio/shared_storage/mnist_all/7/mnist_test_7_00436.png,7,"[{""concept_id"": ""4_2"", ""is_minor"": true, ""message"": ""Similarity between image and concept 4_2: 0.5388"", ""similarity"": 0.5388, ""concept_complexity"": 13, ""image_complexity"": 21}, {""concept_id"": ""7_1"", ""is_minor"": true, ""message"": ""Similarity between image and concept 7_1: 0.5494"", ""similarity"": 0.5494, ""concept_complexity"": 9, ""image_complexity"": 21}, {""concept_id"": ""5_1"", ""is_minor"": true, ""message"": ""Similarity between image and concept 5_1: 0.4407"", ""similarity"": 0.4407, ""concept_complexity"": 17, ""image_complexity"": 21}, {""concept_id"": ""2_1"", ""is_minor"": true, ""message"": ""Similarity between image and concept 2_1: 0.3617"", ""similarity"": 0.3617, ""concept_complexity"": 13, ""image_complexity"": 21}, {""concept_id"": ""1_1"", ""is_minor"": true, ""message"": ""Similarity between image and concept 1_1: 0.3575"", ""similarity"": 0.3575, ""concept_complexity"": 13, ""image_complexity"": 21}, {""concept_id"": ""1_3"", ""is_minor"": true, ""message"": ""Similarity between image and concept 1_3: 0.4275"", ""similarity"": 0.4275, ""concept_complexity"": 5, ""image_complexity"": 21}, {""concept_id"": ""0_1"", ""is_minor"": false, ""message"": ""Preprocessing failed: Concept has corner points but image does not."", ""similarity"": 0.0, ""concept_complexity"": 0, ""image_complexity"": 0}, {""concept_id"": ""2_2"", ""is_minor"": false, ""message"": ""Preprocessing failed: Concept has intersection points but image does not."", ""similarity"": 0.0, ""concept_complexity"": 0, ""image_complexity"": 0}, {""concept_id"": ""3_1"", ""is_minor"": false, ""message"": ""Preprocessing failed: Concept has more corner points than image."", ""similarity"": 0.0, ""concept_complexity"": 0, ""image_complexity"": 0}, {""concept_id"": ""4_1"", ""is_minor"": false, ""message"": ""Preprocessing failed: Concept has intersection points but image does not."", ""similarity"": 0.0, ""concept_complexity"": 0, ""image_complexity"": 0}, {""concept_id"": ""6_1"", ""is_minor"": false, ""message"": ""Preprocessing failed: Concept has intersection points but image does not."", ""similarity"": 0.0, ""concept_complexity"": 0, ""image_complexity"": 0}, {""concept_id"": ""8_2"", ""is_minor"": false, ""message"": ""Preprocessing failed: Concept has intersection points but image does not."", ""similarity"": 0.0, ""concept_complexity"": 0, ""image_complexity"": 0}, {""concept_id"": ""9_2"", ""is_minor"": false, ""message"": ""Preprocessing failed: Concept has intersection points but image does not."", ""similarity"": 0.0, ""concept_complexity"": 0, ""image_complexity"": 0}]","{'ged_timeout': 5, 'skeletonization_threshold': 110, 'simplification_epsilon': 4.55, 'comparison_method': 'ged', 'fgw_alpha': 0.5, 'image_path': '/opt/nuclio/shared_storage/mnist_all/7/mnist_test_7_00436.png', 'image_id': '921e2ff3-bfc3-4ec8-842a-4a4521ec4c94', 'diagnostic_weight_epsilon': 1.0, 'range_penalty_factor': 0.5, 'node_costs': {'NO_COST': 0.0, 'MINOR': 0.65, 'GENERAL': 0.75, 'SEVERE': 1.0, 'NO_MATCH': 1.5, 'IMPOSSIBLE': 10.0}, 'features': ['normalized_x', 'normalized_y', 'distance_to_centroid', 'horizontal_direction', 'vertical_direction', 'angle_with_ox', 'junction_angle_min', 'is_endpoint', 'is_corner', 'length_ratio_to_max', 'eccentricity', 'avg_neighbor_vector_length', 'neighbor_endpoint_count', 'neighbor_junction_count'], 'mlflow_experiment_id': '4', 'mlflow_run_id': 'b586b24a868744d3aff0659ed46c898f', 'session_id': 'eaa4389b-3af3-4aea-84ab-eccc018f69f1', 'image_width': 100, 'image_height': 100}","{'skeletonization_time_ms': 304.920417, 'contour_analysis_time_ms': 984.863293, 'classification_time_ms': 303.019542}",4,False
success,d46b0751-136d-4608-a6c8-bd206bcf36b0,,/opt/nuclio/shared_storage/mnist_all/7/mnist_test_7_00539.png,7,"[{""concept_id"": ""2_1"", ""is_minor"": true, ""message"": ""Similarity between image and concept 2_1: 0.5028"", ""similarity"": 0.5028, ""concept_complexity"": 13, ""image_complexity"": 17}, {""concept_id"": ""7_1"", ""is_minor"": true, ""message"": ""Similarity between image and concept 7_1: 0.524"", ""similarity"": 0.524, ""concept_complexity"": 9, ""image_complexity"": 17}, {""concept_id"": ""5_1"", ""is_minor"": true, ""message"": ""Similarity between image and concept 5_1: 0.3412"", ""similarity"": 0.3412, ""concept_complexity"": 17, ""image_complexity"": 17}, {""concept_id"": ""1_3"", ""is_minor"": true, ""message"": ""Similarity between image and concept 1_3: 0.397"", ""similarity"": 0.397, ""concept_complexity"": 5, ""image_complexity"": 17}, {""concept_id"": ""1_1"", ""is_minor"": false, ""message"": ""Preprocessing failed: Concept has more endpoints than image."", ""similarity"": 0.0, ""concept_complexity"": 0, ""image_complexity"": 0}, {""concept_id"": ""4_1"", ""is_minor"": false, ""message"": ""Preprocessing failed: Concept has intersection points but image does not."", ""similarity"": 0.0, ""concept_complexity"": 0, ""image_complexity"": 0}, {""concept_id"": ""4_2"", ""is_minor"": false, ""message"": ""Preprocessing failed: Concept has more endpoints than image."", ""similarity"": 0.0, ""concept_complexity"": 0, ""image_complexity"": 0}, {""concept_id"": ""9_2"", ""is_minor"": false, ""message"": ""Preprocessing failed: Concept has intersection points but image does not."", ""similarity"": 0.0, ""concept_complexity"": 0, ""image_complexity"": 0}]","{'ged_timeout': 5, 'skeletonization_threshold': 105, 'simplification_epsilon': 4.55, 'comparison_method': 'ged', 'fgw_alpha': 0.5, 'image_path': '/opt/nuclio/shared_storage/mnist_all/7/mnist_test_7_00539.png', 'image_id': 'd46b0751-136d-4608-a6c8-bd206bcf36b0', 'diagnostic_weight_epsilon': 1.0, 'range_penalty_factor': 0.5, 'node_costs': {'NO_COST': 0.0, 'MINOR': 0.65, 'GENERAL': 0.75, 'SEVERE': 1.0, 'NO_MATCH': 1.5, 'IMPOSSIBLE': 10.0}, 'features': ['normalized_x', 'normalized_y', 'distance_to_centroid', 'horizontal_direction', 'vertical_direction', 'angle_with_ox', 'junction_angle_min', 'is_endpoint', 'is_corner', 'length_ratio_to_max', 'eccentricity', 'avg_neighbor_vector_length', 'neighbor_endpoint_count', 'neighbor_junction_count'], 'mlflow_experiment_id': '4', 'mlflow_run_id': 'b586b24a868744d3aff0659ed46c898f', 'session_id': '34453c8a-dfc6-4949-90ad-902a76c5ed75', 'image_width': 100, 'image_height': 100}","{'skeletonization_time_ms': 310.545083, 'contour_analysis_time_ms': 1307.557959, 'classification_time_ms': 176.464875}",2,False
success,72c3aa25-2bbc-4107-ae18-cd1ec53582d5,,/opt/nuclio/shared_storage/mnist_all/7/mnist_test_7_00785.png,7,"[{""concept_id"": ""4_2"", ""is_minor"": true, ""message"": ""Similarity between image and concept 4_2: 0.5557"", ""similarity"": 0.5557, ""concept_complexity"": 13, ""image_complexity"": 17}, {""concept_id"": ""7_1"", ""is_minor"": true, ""message"": ""Similarity between image and concept 7_1: 0.524"", ""similarity"": 0.524, ""concept_complexity"": 9, ""image_complexity"": 17}, {""concept_id"": ""2_1"", ""is_minor"": true, ""message"": ""Similarity between image and concept 2_1: 0.4206"", ""similarity"": 0.4206, ""concept_complexity"": 13, ""image_complexity"": 17}, {""concept_id"": ""1_1"", ""is_minor"": true, ""message"": ""Similarity between image and concept 1_1: 0.4087"", ""similarity"": 0.4087, ""concept_complexity"": 13, ""image_complexity"": 17}, {""concept_id"": ""1_3"", ""is_minor"": true, ""message"": ""Similarity between image and concept 1_3: 0.3422"", ""similarity"": 0.3422, ""concept_complexity"": 5, ""image_complexity"": 17}, {""concept_id"": ""4_1"", ""is_minor"": false, ""message"": ""Preprocessing failed: Concept has intersection points but image does not."", ""similarity"": 0.0, ""concept_complexity"": 0, ""image_complexity"": 0}, {""concept_id"": ""5_1"", ""is_minor"": false, ""message"": ""Preprocessing failed: Concept has more corner points than image."", ""similarity"": 0.0, ""concept_complexity"": 0, ""image_complexity"": 0}, {""concept_id"": ""9_2"", ""is_minor"": false, ""message"": ""Preprocessing failed: Concept has intersection points but image does not."", ""similarity"": 0.0, ""concept_complexity"": 0, ""image_complexity"": 0}]","{'ged_timeout': 5, 'skeletonization_threshold': 110, 'simplification_epsilon': 4.55, 'comparison_method': 'ged', 'fgw_alpha': 0.5, 'image_path': '/opt/nuclio/shared_storage/mnist_all/7/mnist_test_7_00785.png', 'image_id': '72c3aa25-2bbc-4107-ae18-cd1ec53582d5', 'diagnostic_weight_epsilon': 1.0, 'range_penalty_factor': 0.5, 'node_costs': {'NO_COST': 0.0, 'MINOR': 0.65, 'GENERAL': 0.75, 'SEVERE': 1.0, 'NO_MATCH': 1.5, 'IMPOSSIBLE': 10.0}, 'features': ['normalized_x', 'normalized_y', 'distance_to_centroid', 'horizontal_direction', 'vertical_direction', 'angle_with_ox', 'junction_angle_min', 'is_endpoint', 'is_corner', 'length_ratio_to_max', 'eccentricity', 'avg_neighbor_vector_length', 'neighbor_endpoint_count', 'neighbor_junction_count'], 'mlflow_experiment_id': '4', 'mlflow_run_id': 'b586b24a868744d3aff0659ed46c898f', 'session_id': '38e64126-08c7-41ed-b52f-b0c92cd3eba7', 'image_width': 100, 'image_height': 100}","{'skeletonization_time_ms': 305.025167, 'contour_analysis_time_ms': 566.199376, 'classification_time_ms': 123.053}",4,False
success,7d48c40d-0c8b-4f6c-ba9a-c00a383b486e,,/opt/nuclio/shared_storage/mnist_all/7/mnist_test_7_00387.png,7,"[{""concept_id"": ""4_2"", ""is_minor"": true, ""message"": ""Similarity between image and concept 4_2: 0.6341"", ""similarity"": 0.6341, ""concept_complexity"": 13, ""image_complexity"": 17}, {""concept_id"": ""7_1"", ""is_minor"": true, ""message"": ""Similarity between image and concept 7_1: 0.6084"", ""similarity"": 0.6084, ""concept_complexity"": 9, ""image_complexity"": 17}, {""concept_id"": ""2_1"", ""is_minor"": true, ""message"": ""Similarity between image and concept 2_1: 0.4634"", ""similarity"": 0.4634, ""concept_complexity"": 13, ""image_complexity"": 17}, {""concept_id"": ""1_1"", ""is_minor"": true, ""message"": ""Similarity between image and concept 1_1: 0.3817"", ""similarity"": 0.3817, ""concept_complexity"": 13, ""image_complexity"": 17}, {""concept_id"": ""1_3"", ""is_minor"": true, ""message"": ""Similarity between image and concept 1_3: 0.3601"", ""similarity"": 0.3601, ""concept_complexity"": 5, ""image_complexity"": 17}, {""concept_id"": ""4_1"", ""is_minor"": false, ""message"": ""Preprocessing failed: Concept has intersection points but image does not."", ""similarity"": 0.0, ""concept_complexity"": 0, ""image_complexity"": 0}, {""concept_id"": ""5_1"", ""is_minor"": false, ""message"": ""Preprocessing failed: Concept has more corner points than image."", ""similarity"": 0.0, ""concept_complexity"": 0, ""image_complexity"": 0}, {""concept_id"": ""9_2"", ""is_minor"": false, ""message"": ""Preprocessing failed: Concept has intersection points but image does not."", ""similarity"": 0.0, ""concept_complexity"": 0, ""image_complexity"": 0}]","{'ged_timeout': 5, 'skeletonization_threshold': 110, 'simplification_epsilon': 4.55, 'comparison_method': 'ged', 'fgw_alpha': 0.5, 'image_path': '/opt/nuclio/shared_storage/mnist_all/7/mnist_test_7_00387.png', 'image_id': '7d48c40d-0c8b-4f6c-ba9a-c00a383b486e', 'diagnostic_weight_epsilon': 1.0, 'range_penalty_factor': 0.5, 'node_costs': {'NO_COST': 0.0, 'MINOR': 0.65, 'GENERAL': 0.75, 'SEVERE': 1.0, 'NO_MATCH': 1.5, 'IMPOSSIBLE': 10.0}, 'features': ['normalized_x', 'normalized_y', 'distance_to_centroid', 'horizontal_direction', 'vertical_direction', 'angle_with_ox', 'junction_angle_min', 'is_endpoint', 'is_corner', 'length_ratio_to_max', 'eccentricity', 'avg_neighbor_vector_length', 'neighbor_endpoint_count', 'neighbor_junction_count'], 'mlflow_experiment_id': '4', 'mlflow_run_id': 'b586b24a868744d3aff0659ed46c898f', 'session_id': '901fc434-1146-431f-b878-2f99d2e54064', 'image_width': 100, 'image_height': 100}","{'skeletonization_time_ms': 148.833, 'contour_analysis_time_ms': 748.098958, 'classification_time_ms': 82.654875}",4,False
success,b3d0b9f5-8897-414b-8055-93b2bd87c1fb,,/opt/nuclio/shared_storage/mnist_all/8/mnist_test_8_00812.png,8,"[{""concept_id"": ""6_1"", ""is_minor"": true, ""message"": ""Similarity between image and concept 6_1: 0.5366"", ""similarity"": 0.5366, ""concept_complexity"": 20, ""image_complexity"": 39}, {""concept_id"": ""9_2"", ""is_minor"": true, ""message"": ""Similarity between image and concept 9_2: 0.5304"", ""similarity"": 0.5304, ""concept_complexity"": 16, ""image_complexity"": 39}, {""concept_id"": ""4_1"", ""is_minor"": true, ""message"": ""Similarity between image and concept 4_1: 0.5012"", ""similarity"": 0.5012, ""concept_complexity"": 16, ""image_complexity"": 39}, {""concept_id"": ""8_1"", ""is_minor"": true, ""message"": ""Similarity between image and concept 8_1: 0.1972"", ""similarity"": 0.1972, ""concept_complexity"": 27, ""image_complexity"": 39}, {""concept_id"": ""0_1"", ""is_minor"": true, ""message"": ""Similarity between image and concept 0_1: 0.2065"", ""similarity"": 0.2065, ""concept_complexity"": 20, ""image_complexity"": 39}, {""concept_id"": ""1_1"", ""is_minor"": false, ""message"": ""Preprocessing failed: Concept has endpoints but image does not."", ""similarity"": 0.0, ""concept_complexity"": 0, ""image_complexity"": 0}, {""concept_id"": ""1_3"", ""is_minor"": false, ""message"": ""Preprocessing failed: Concept has endpoints but image does not."", ""similarity"": 0.0, ""concept_complexity"": 0, ""image_complexity"": 0}, {""concept_id"": ""2_1"", ""is_minor"": false, ""message"": ""Preprocessing failed: Concept has endpoints but image does not."", ""similarity"": 0.0, ""concept_complexity"": 0, ""image_complexity"": 0}, {""concept_id"": ""2_2"", ""is_minor"": false, ""message"": ""Preprocessing failed: Concept has corner points but image does not."", ""similarity"": 0.0, ""concept_complexity"": 0, ""image_complexity"": 0}, {""concept_id"": ""3_1"", ""is_minor"": false, ""message"": ""Preprocessing failed: Concept has endpoints but image does not."", ""similarity"": 0.0, ""concept_complexity"": 0, ""image_complexity"": 0}, {""concept_id"": ""4_2"", ""is_minor"": false, ""message"": ""Preprocessing failed: Concept has endpoints but image does not."", ""similarity"": 0.0, ""concept_complexity"": 0, ""image_complexity"": 0}, {""concept_id"": ""5_1"", ""is_minor"": false, ""message"": ""Preprocessing failed: Concept has endpoints but image does not."", ""similarity"": 0.0, ""concept_complexity"": 0, ""image_complexity"": 0}, {""concept_id"": ""7_1"", ""is_minor"": false, ""message"": ""Preprocessing failed: Concept has endpoints but image does not."", ""similarity"": 0.0, ""concept_complexity"": 0, ""image_complexity"": 0}, {""concept_id"": ""8_2"", ""is_minor"": false, ""message"": ""Preprocessing failed: Concept has endpoints but image does not."", ""similarity"": 0.0, ""concept_complexity"": 0, ""image_complexity"": 0}]","{'ged_timeout': 5, 'skeletonization_threshold': 110, 'simplification_epsilon': 4.55, 'comparison_method': 'ged', 'fgw_alpha': 0.5, 'image_path': '/opt/nuclio/shared_storage/mnist_all/8/mnist_test_8_00812.png', 'image_id': 'b3d0b9f5-8897-414b-8055-93b2bd87c1fb', 'diagnostic_weight_epsilon': 1.0, 'range_penalty_factor': 0.5, 'node_costs': {'NO_COST': 0.0, 'MINOR': 0.65, 'GENERAL': 0.75, 'SEVERE': 1.0, 'NO_MATCH': 1.5, 'IMPOSSIBLE': 10.0}, 'features': ['normalized_x', 'normalized_y', 'distance_to_centroid', 'horizontal_direction', 'vertical_direction', 'angle_with_ox', 'junction_angle_min', 'is_endpoint', 'is_corner', 'length_ratio_to_max', 'eccentricity', 'avg_neighbor_vector_length', 'neighbor_endpoint_count', 'neighbor_junction_count'], 'mlflow_experiment_id': '4', 'mlflow_run_id': 'b586b24a868744d3aff0659ed46c898f', 'session_id': '5be4dd5a-5fd1-4381-9a75-89580b4026e9', 'image_width': 100, 'image_height': 100}","{'skeletonization_time_ms': 139.319125, 'contour_analysis_time_ms': 1008.630459, 'classification_time_ms': 1128.504625}",6,False
success,403d8953-9143-4e87-8901-0eda71949ca6,,/opt/nuclio/shared_storage/mnist_all/8/mnist_test_8_00557.png,8,"[{""concept_id"": ""6_1"", ""is_minor"": true, ""message"": ""Similarity between image and concept 6_1: 0.6607"", ""similarity"": 0.6607, ""concept_complexity"": 20, ""image_complexity"": 24}, {""concept_id"": ""4_1"", ""is_minor"": true, ""message"": ""Similarity between image and concept 4_1: 0.519"", ""similarity"": 0.519, ""concept_complexity"": 16, ""image_complexity"": 24}, {""concept_id"": ""0_1"", ""is_minor"": true, ""message"": ""Similarity between image and concept 0_1: 0.4687"", ""similarity"": 0.4687, ""concept_complexity"": 20, ""image_complexity"": 24}, {""concept_id"": ""2_2"", ""is_minor"": true, ""message"": ""Similarity between image and concept 2_2: 0.411"", ""similarity"": 0.411, ""concept_complexity"": 20, ""image_complexity"": 24}, {""concept_id"": ""9_2"", ""is_minor"": true, ""message"": ""Similarity between image and concept 9_2: 0.4267"", ""similarity"": 0.4267, ""concept_complexity"": 16, ""image_complexity"": 24}, {""concept_id"": ""1_1"", ""is_minor"": false, ""message"": ""Preprocessing failed: Concept has endpoints but image does not."", ""similarity"": 0.0, ""concept_complexity"": 0, ""image_complexity"": 0}, {""concept_id"": ""1_3"", ""is_minor"": false, ""message"": ""Preprocessing failed: Concept has endpoints but image does not."", ""similarity"": 0.0, ""concept_complexity"": 0, ""image_complexity"": 0}, {""concept_id"": ""2_1"", ""is_minor"": false, ""message"": ""Preprocessing failed: Concept has endpoints but image does not."", ""similarity"": 0.0, ""concept_complexity"": 0, ""image_complexity"": 0}, {""concept_id"": ""3_1"", ""is_minor"": false, ""message"": ""Preprocessing failed: Concept has endpoints but image does not."", ""similarity"": 0.0, ""concept_complexity"": 0, ""image_complexity"": 0}, {""concept_id"": ""4_2"", ""is_minor"": false, ""message"": ""Preprocessing failed: Concept has endpoints but image does not."", ""similarity"": 0.0, ""concept_complexity"": 0, ""image_complexity"": 0}, {""concept_id"": ""5_1"", ""is_minor"": false, ""message"": ""Preprocessing failed: Concept has endpoints but image does not."", ""similarity"": 0.0, ""concept_complexity"": 0, ""image_complexity"": 0}, {""concept_id"": ""7_1"", ""is_minor"": false, ""message"": ""Preprocessing failed: Concept has endpoints but image does not."", ""similarity"": 0.0, ""concept_complexity"": 0, ""image_complexity"": 0}, {""concept_id"": ""8_2"", ""is_minor"": false, ""message"": ""Preprocessing failed: Concept has endpoints but image does not."", ""similarity"": 0.0, ""concept_complexity"": 0, ""image_complexity"": 0}]","{'ged_timeout': 5, 'skeletonization_threshold': 110, 'simplification_epsilon': 4.55, 'comparison_method': 'ged', 'fgw_alpha': 0.5, 'image_path': '/opt/nuclio/shared_storage/mnist_all/8/mnist_test_8_00557.png', 'image_id': '403d8953-9143-4e87-8901-0eda71949ca6', 'diagnostic_weight_epsilon': 1.0, 'range_penalty_factor': 0.5, 'node_costs': {'NO_COST': 0.0, 'MINOR': 0.65, 'GENERAL': 0.75, 'SEVERE': 1.0, 'NO_MATCH': 1.5, 'IMPOSSIBLE': 10.0}, 'features': ['normalized_x', 'normalized_y', 'distance_to_centroid', 'horizontal_direction', 'vertical_direction', 'angle_with_ox', 'junction_angle_min', 'is_endpoint', 'is_corner', 'length_ratio_to_max', 'eccentricity', 'avg_neighbor_vector_length', 'neighbor_endpoint_count', 'neighbor_junction_count'], 'mlflow_experiment_id': '4', 'mlflow_run_id': 'b586b24a868744d3aff0659ed46c898f', 'session_id': '272cbd97-5583-4c5c-a04e-e7e08d7889db', 'image_width': 100, 'image_height': 100}","{'skeletonization_time_ms': 263.017417, 'contour_analysis_time_ms': 415.160334, 'classification_time_ms': 191.636375}",6,False
success,b4b72b84-f22c-48e1-982e-191f9ed97eec,,/opt/nuclio/shared_storage/mnist_all/8/mnist_test_8_00397.png,8,"[{""concept_id"": ""6_1"", ""is_minor"": true, ""message"": ""Similarity between image and concept 6_1: 0.5657"", ""similarity"": 0.5657, ""concept_complexity"": 20, ""image_complexity"": 43}, {""concept_id"": ""4_1"", ""is_minor"": true, ""message"": ""Similarity between image and concept 4_1: 0.5449"", ""similarity"": 0.5449, ""concept_complexity"": 16, ""image_complexity"": 43}, {""concept_id"": ""9_2"", ""is_minor"": true, ""message"": ""Similarity between image and concept 9_2: 0.5266"", ""similarity"": 0.5266, ""concept_complexity"": 16, ""image_complexity"": 43}, {""concept_id"": ""8_1"", ""is_minor"": true, ""message"": ""Similarity between image and concept 8_1: 0.1826"", ""similarity"": 0.1826, ""concept_complexity"": 27, ""image_complexity"": 43}, {""concept_id"": ""0_1"", ""is_minor"": true, ""message"": ""Similarity between image and concept 0_1: 0.1804"", ""similarity"": 0.1804, ""concept_complexity"": 20, ""image_complexity"": 43}, {""concept_id"": ""1_1"", ""is_minor"": false, ""message"": ""Preprocessing failed: Concept has endpoints but image does not."", ""similarity"": 0.0, ""concept_complexity"": 0, ""image_complexity"": 0}, {""concept_id"": ""1_3"", ""is_minor"": false, ""message"": ""Preprocessing failed: Concept has endpoints but image does not."", ""similarity"": 0.0, ""concept_complexity"": 0, ""image_complexity"": 0}, {""concept_id"": ""2_1"", ""is_minor"": false, ""message"": ""Preprocessing failed: Concept has endpoints but image does not."", ""similarity"": 0.0, ""concept_complexity"": 0, ""image_complexity"": 0}, {""concept_id"": ""2_2"", ""is_minor"": false, ""message"": ""Preprocessing failed: Concept has corner points but image does not."", ""similarity"": 0.0, ""concept_complexity"": 0, ""image_complexity"": 0}, {""concept_id"": ""3_1"", ""is_minor"": false, ""message"": ""Preprocessing failed: Concept has endpoints but image does not."", ""similarity"": 0.0, ""concept_complexity"": 0, ""image_complexity"": 0}, {""concept_id"": ""4_2"", ""is_minor"": false, ""message"": ""Preprocessing failed: Concept has endpoints but image does not."", ""similarity"": 0.0, ""concept_complexity"": 0, ""image_complexity"": 0}, {""concept_id"": ""5_1"", ""is_minor"": false, ""message"": ""Preprocessing failed: Concept has endpoints but image does not."", ""similarity"": 0.0, ""concept_complexity"": 0, ""image_complexity"": 0}, {""concept_id"": ""7_1"", ""is_minor"": false, ""message"": ""Preprocessing failed: Concept has endpoints but image does not."", ""similarity"": 0.0, ""concept_complexity"": 0, ""image_complexity"": 0}, {""concept_id"": ""8_2"", ""is_minor"": false, ""message"": ""Preprocessing failed: Concept has endpoints but image does not."", ""similarity"": 0.0, ""concept_complexity"": 0, ""image_complexity"": 0}]","{'ged_timeout': 5, 'skeletonization_threshold': 110, 'simplification_epsilon': 4.55, 'comparison_method': 'ged', 'fgw_alpha': 0.5, 'image_path': '/opt/nuclio/shared_storage/mnist_all/8/mnist_test_8_00397.png', 'image_id': 'b4b72b84-f22c-48e1-982e-191f9ed97eec', 'diagnostic_weight_epsilon': 1.0, 'range_penalty_factor': 0.5, 'node_costs': {'NO_COST': 0.0, 'MINOR': 0.65, 'GENERAL': 0.75, 'SEVERE': 1.0, 'NO_MATCH': 1.5, 'IMPOSSIBLE': 10.0}, 'features': ['normalized_x', 'normalized_y', 'distance_to_centroid', 'horizontal_direction', 'vertical_direction', 'angle_with_ox', 'junction_angle_min', 'is_endpoint', 'is_corner', 'length_ratio_to_max', 'eccentricity', 'avg_neighbor_vector_length', 'neighbor_endpoint_count', 'neighbor_junction_count'], 'mlflow_experiment_id': '4', 'mlflow_run_id': 'b586b24a868744d3aff0659ed46c898f', 'session_id': '90fa0c83-44a9-43e9-92a9-cd11ffbe89c0', 'image_width': 100, 'image_height': 100}","{'skeletonization_time_ms': 138.170875, 'contour_analysis_time_ms': 732.533083, 'classification_time_ms': 914.089334}",6,False
success,020e7b1d-d66c-41ab-9863-505a6196ad06,,/opt/nuclio/shared_storage/mnist_all/8/mnist_test_8_00382.png,8,"[{""concept_id"": ""6_1"", ""is_minor"": true, ""message"": ""Similarity between image and concept 6_1: 0.5953"", ""similarity"": 0.5953, ""concept_complexity"": 20, ""image_complexity"": 28}, {""concept_id"": ""0_1"", ""is_minor"": true, ""message"": ""Similarity between image and concept 0_1: 0.5591"", ""similarity"": 0.5591, ""concept_complexity"": 20, ""image_complexity"": 28}, {""concept_id"": ""8_1"", ""is_minor"": true, ""message"": ""Similarity between image and concept 8_1: 0.461"", ""similarity"": 0.461, ""concept_complexity"": 27, ""image_complexity"": 28}, {""concept_id"": ""2_2"", ""is_minor"": true, ""message"": ""Similarity between image and concept 2_2: 0.457"", ""similarity"": 0.457, ""concept_complexity"": 20, ""image_complexity"": 28}, {""concept_id"": ""9_2"", ""is_minor"": true, ""message"": ""Similarity between image and concept 9_2: 0.4697"", ""similarity"": 0.4697, ""concept_complexity"": 16, ""image_complexity"": 28}, {""concept_id"": ""4_1"", ""is_minor"": true, ""message"": ""Similarity between image and concept 4_1: 0.4477"", ""similarity"": 0.4477, ""concept_complexity"": 16, ""image_complexity"": 28}, {""concept_id"": ""1_1"", ""is_minor"": false, ""message"": ""Preprocessing failed: Concept has endpoints but image does not."", ""similarity"": 0.0, ""concept_complexity"": 0, ""image_complexity"": 0}, {""concept_id"": ""1_3"", ""is_minor"": false, ""message"": ""Preprocessing failed: Concept has endpoints but image does not."", ""similarity"": 0.0, ""concept_complexity"": 0, ""image_complexity"": 0}, {""concept_id"": ""2_1"", ""is_minor"": false, ""message"": ""Preprocessing failed: Concept has endpoints but image does not."", ""similarity"": 0.0, ""concept_complexity"": 0, ""image_complexity"": 0}, {""concept_id"": ""3_1"", ""is_minor"": false, ""message"": ""Preprocessing failed: Concept has endpoints but image does not."", ""similarity"": 0.0, ""concept_complexity"": 0, ""image_complexity"": 0}, {""concept_id"": ""4_2"", ""is_minor"": false, ""message"": ""Preprocessing failed: Concept has endpoints but image does not."", ""similarity"": 0.0, ""concept_complexity"": 0, ""image_complexity"": 0}, {""concept_id"": ""5_1"", ""is_minor"": false, ""message"": ""Preprocessing failed: Concept has endpoints but image does not."", ""similarity"": 0.0, ""concept_complexity"": 0, ""image_complexity"": 0}, {""concept_id"": ""7_1"", ""is_minor"": false, ""message"": ""Preprocessing failed: Concept has endpoints but image does not."", ""similarity"": 0.0, ""concept_complexity"": 0, ""image_complexity"": 0}, {""concept_id"": ""8_2"", ""is_minor"": false, ""message"": ""Preprocessing failed: Concept has endpoints but image does not."", ""similarity"": 0.0, ""concept_complexity"": 0, ""image_complexity"": 0}]","{'ged_timeout': 5, 'skeletonization_threshold': 110, 'simplification_epsilon': 4.55, 'comparison_method': 'ged', 'fgw_alpha': 0.5, 'image_path': '/opt/nuclio/shared_storage/mnist_all/8/mnist_test_8_00382.png', 'image_id': '020e7b1d-d66c-41ab-9863-505a6196ad06', 'diagnostic_weight_epsilon': 1.0, 'range_penalty_factor': 0.5, 'node_costs': {'NO_COST': 0.0, 'MINOR': 0.65, 'GENERAL': 0.75, 'SEVERE': 1.0, 'NO_MATCH': 1.5, 'IMPOSSIBLE': 10.0}, 'features': ['normalized_x', 'normalized_y', 'distance_to_centroid', 'horizontal_direction', 'vertical_direction', 'angle_with_ox', 'junction_angle_min', 'is_endpoint', 'is_corner', 'length_ratio_to_max', 'eccentricity', 'avg_neighbor_vector_length', 'neighbor_endpoint_count', 'neighbor_junction_count'], 'mlflow_experiment_id': '4', 'mlflow_run_id': 'b586b24a868744d3aff0659ed46c898f', 'session_id': 'e8bb8443-6033-4826-8542-ed6824fe19b8', 'image_width': 100, 'image_height': 100}","{'skeletonization_time_ms': 104.857917, 'contour_analysis_time_ms': 838.811625, 'classification_time_ms': 1150.860959}",6,False
success,214e400d-2701-44ff-adb7-724a0d2af910,,/opt/nuclio/shared_storage/mnist_all/7/mnist_test_7_00353.png,7,"[{""concept_id"": ""2_1"", ""is_minor"": true, ""message"": ""Similarity between image and concept 2_1: 0.4957"", ""similarity"": 0.4957, ""concept_complexity"": 13, ""image_complexity"": 25}, {""concept_id"": ""4_2"", ""is_minor"": true, ""message"": ""Similarity between image and concept 4_2: 0.4902"", ""similarity"": 0.4902, ""concept_complexity"": 13, ""image_complexity"": 25}, {""concept_id"": ""7_1"", ""is_minor"": true, ""message"": ""Similarity between image and concept 7_1: 0.4503"", ""similarity"": 0.4503, ""concept_complexity"": 9, ""image_complexity"": 25}, {""concept_id"": ""5_1"", ""is_minor"": true, ""message"": ""Similarity between image and concept 5_1: 0.3926"", ""similarity"": 0.3926, ""concept_complexity"": 17, ""image_complexity"": 25}, {""concept_id"": ""3_1"", ""is_minor"": true, ""message"": ""Similarity between image and concept 3_1: 0.3308"", ""similarity"": 0.3308, ""concept_complexity"": 21, ""image_complexity"": 25}, {""concept_id"": ""1_1"", ""is_minor"": true, ""message"": ""Similarity between image and concept 1_1: 0.3465"", ""similarity"": 0.3465, ""concept_complexity"": 13, ""image_complexity"": 25}, {""concept_id"": ""1_3"", ""is_minor"": true, ""message"": ""Similarity between image and concept 1_3: 0.3898"", ""similarity"": 0.3898, ""concept_complexity"": 5, ""image_complexity"": 25}, {""concept_id"": ""0_1"", ""is_minor"": false, ""message"": ""Preprocessing failed: Concept has corner points but image does not."", ""similarity"": 0.0, ""concept_complexity"": 0, ""image_complexity"": 0}, {""concept_id"": ""2_2"", ""is_minor"": false, ""message"": ""Preprocessing failed: Concept has intersection points but image does not."", ""similarity"": 0.0, ""concept_complexity"": 0, ""image_complexity"": 0}, {""concept_id"": ""4_1"", ""is_minor"": false, ""message"": ""Preprocessing failed: Concept has intersection points but image does not."", ""similarity"": 0.0, ""concept_complexity"": 0, ""image_complexity"": 0}, {""concept_id"": ""6_1"", ""is_minor"": false, ""message"": ""Preprocessing failed: Concept has intersection points but image does not."", ""similarity"": 0.0, ""concept_complexity"": 0, ""image_complexity"": 0}, {""concept_id"": ""8_2"", ""is_minor"": false, ""message"": ""Preprocessing failed: Concept has intersection points but image does not."", ""similarity"": 0.0, ""concept_complexity"": 0, ""image_complexity"": 0}, {""concept_id"": ""9_2"", ""is_minor"": false, ""message"": ""Preprocessing failed: Concept has intersection points but image does not."", ""similarity"": 0.0, ""concept_complexity"": 0, ""image_complexity"": 0}]","{'ged_timeout': 5, 'skeletonization_threshold': 110, 'simplification_epsilon': 4.55, 'comparison_method': 'ged', 'fgw_alpha': 0.5, 'image_path': '/opt/nuclio/shared_storage/mnist_all/7/mnist_test_7_00353.png', 'image_id': '214e400d-2701-44ff-adb7-724a0d2af910', 'diagnostic_weight_epsilon': 1.0, 'range_penalty_factor': 0.5, 'node_costs': {'NO_COST': 0.0, 'MINOR': 0.65, 'GENERAL': 0.75, 'SEVERE': 1.0, 'NO_MATCH': 1.5, 'IMPOSSIBLE': 10.0}, 'features': ['normalized_x', 'normalized_y', 'distance_to_centroid', 'horizontal_direction', 'vertical_direction', 'angle_with_ox', 'junction_angle_min', 'is_endpoint', 'is_corner', 'length_ratio_to_max', 'eccentricity', 'avg_neighbor_vector_length', 'neighbor_endpoint_count', 'neighbor_junction_count'], 'mlflow_experiment_id': '4', 'mlflow_run_id': 'b586b24a868744d3aff0659ed46c898f', 'session_id': 'c3629c2d-ae06-41b2-92ff-7fa782570d51', 'image_width': 100, 'image_height': 100}","{'skeletonization_time_ms': 126.728625, 'contour_analysis_time_ms': 623.872875, 'classification_time_ms': 425.4215}",2,False
success,328245af-2b08-4e2b-b3bb-976f3f4b2cda,,/opt/nuclio/shared_storage/mnist_all/8/mnist_test_8_00781.png,8,"[{""concept_id"": ""4_1"", ""is_minor"": true, ""message"": ""Similarity between image and concept 4_1: 0.6337"", ""similarity"": 0.6337, ""concept_complexity"": 16, ""image_complexity"": 20}, {""concept_id"": ""9_2"", ""is_minor"": true, ""message"": ""Similarity between image and concept 9_2: 0.6306"", ""similarity"": 0.6306, ""concept_complexity"": 16, ""image_complexity"": 20}, {""concept_id"": ""6_1"", ""is_minor"": true, ""message"": ""Similarity between image and concept 6_1: 0.4101"", ""similarity"": 0.4101, ""concept_complexity"": 20, ""image_complexity"": 20}, {""concept_id"": ""0_1"", ""is_minor"": true, ""message"": ""Similarity between image and concept 0_1: 0.3205"", ""similarity"": 0.3205, ""concept_complexity"": 20, ""image_complexity"": 20}, {""concept_id"": ""1_1"", ""is_minor"": false, ""message"": ""Preprocessing failed: Concept has endpoints but image does not."", ""similarity"": 0.0, ""concept_complexity"": 0, ""image_complexity"": 0}, {""concept_id"": ""1_3"", ""is_minor"": false, ""message"": ""Preprocessing failed: Concept has endpoints but image does not."", ""similarity"": 0.0, ""concept_complexity"": 0, ""image_complexity"": 0}, {""concept_id"": ""2_1"", ""is_minor"": false, ""message"": ""Preprocessing failed: Concept has endpoints but image does not."", ""similarity"": 0.0, ""concept_complexity"": 0, ""image_complexity"": 0}, {""concept_id"": ""2_2"", ""is_minor"": false, ""message"": ""Preprocessing failed: Concept has corner points but image does not."", ""similarity"": 0.0, ""concept_complexity"": 0, ""image_complexity"": 0}, {""concept_id"": ""4_2"", ""is_minor"": false, ""message"": ""Preprocessing failed: Concept has endpoints but image does not."", ""similarity"": 0.0, ""concept_complexity"": 0, ""image_complexity"": 0}, {""concept_id"": ""5_1"", ""is_minor"": false, ""message"": ""Preprocessing failed: Concept has endpoints but image does not."", ""similarity"": 0.0, ""concept_complexity"": 0, ""image_complexity"": 0}, {""concept_id"": ""7_1"", ""is_minor"": false, ""message"": ""Preprocessing failed: Concept has endpoints but image does not."", ""similarity"": 0.0, ""concept_complexity"": 0, ""image_complexity"": 0}, {""concept_id"": ""8_2"", ""is_minor"": false, ""message"": ""Preprocessing failed: Concept has endpoints but image does not."", ""similarity"": 0.0, ""concept_complexity"": 0, ""image_complexity"": 0}]","{'ged_timeout': 5, 'skeletonization_threshold': 110, 'simplification_epsilon': 4.55, 'comparison_method': 'ged', 'fgw_alpha': 0.5, 'image_path': '/opt/nuclio/shared_storage/mnist_all/8/mnist_test_8_00781.png', 'image_id': '328245af-2b08-4e2b-b3bb-976f3f4b2cda', 'diagnostic_weight_epsilon': 1.0, 'range_penalty_factor': 0.5, 'node_costs': {'NO_COST': 0.0, 'MINOR': 0.65, 'GENERAL': 0.75, 'SEVERE': 1.0, 'NO_MATCH': 1.5, 'IMPOSSIBLE': 10.0}, 'features': ['normalized_x', 'normalized_y', 'distance_to_centroid', 'horizontal_direction', 'vertical_direction', 'angle_with_ox', 'junction_angle_min', 'is_endpoint', 'is_corner', 'length_ratio_to_max', 'eccentricity', 'avg_neighbor_vector_length', 'neighbor_endpoint_count', 'neighbor_junction_count'], 'mlflow_experiment_id': '4', 'mlflow_run_id': 'b586b24a868744d3aff0659ed46c898f', 'session_id': 'ebd37ce6-717d-41a7-9d05-46318ee43396', 'image_width': 100, 'image_height': 100}","{'skeletonization_time_ms': 256.693958, 'contour_analysis_time_ms': 273.776333, 'classification_time_ms': 127.364708}",4,False
success,f28ed4a1-6c89-4376-8268-3ac0aa8cb2e0,,/opt/nuclio/shared_storage/mnist_all/9/mnist_test_9_00165.png,9,"[{""concept_id"": ""4_1"", ""is_minor"": true, ""message"": ""Similarity between image and concept 4_1: 0.4978"", ""similarity"": 0.4978, ""concept_complexity"": 16, ""image_complexity"": 16}, {""concept_id"": ""9_2"", ""is_minor"": true, ""message"": ""Similarity between image and concept 9_2: 0.4942"", ""similarity"": 0.4942, ""concept_complexity"": 16, ""image_complexity"": 16}, {""concept_id"": ""1_1"", ""is_minor"": false, ""message"": ""Preprocessing failed: Concept has endpoints but image does not."", ""similarity"": 0.0, ""concept_complexity"": 0, ""image_complexity"": 0}, {""concept_id"": ""1_3"", ""is_minor"": false, ""message"": ""Preprocessing failed: Concept has endpoints but image does not."", ""similarity"": 0.0, ""concept_complexity"": 0, ""image_complexity"": 0}, {""concept_id"": ""2_1"", ""is_minor"": false, ""message"": ""Preprocessing failed: Concept has endpoints but image does not."", ""similarity"": 0.0, ""concept_complexity"": 0, ""image_complexity"": 0}, {""concept_id"": ""4_2"", ""is_minor"": false, ""message"": ""Preprocessing failed: Concept has endpoints but image does not."", ""similarity"": 0.0, ""concept_complexity"": 0, ""image_complexity"": 0}, {""concept_id"": ""7_1"", ""is_minor"": false, ""message"": ""Preprocessing failed: Concept has endpoints but image does not."", ""similarity"": 0.0, ""concept_complexity"": 0, ""image_complexity"": 0}]","{'ged_timeout': 5, 'skeletonization_threshold': 110, 'simplification_epsilon': 4.55, 'comparison_method': 'ged', 'fgw_alpha': 0.5, 'image_path': '/opt/nuclio/shared_storage/mnist_all/9/mnist_test_9_00165.png', 'image_id': 'f28ed4a1-6c89-4376-8268-3ac0aa8cb2e0', 'diagnostic_weight_epsilon': 1.0, 'range_penalty_factor': 0.5, 'node_costs': {'NO_COST': 0.0, 'MINOR': 0.65, 'GENERAL': 0.75, 'SEVERE': 1.0, 'NO_MATCH': 1.5, 'IMPOSSIBLE': 10.0}, 'features': ['normalized_x', 'normalized_y', 'distance_to_centroid', 'horizontal_direction', 'vertical_direction', 'angle_with_ox', 'junction_angle_min', 'is_endpoint', 'is_corner', 'length_ratio_to_max', 'eccentricity', 'avg_neighbor_vector_length', 'neighbor_endpoint_count', 'neighbor_junction_count'], 'mlflow_experiment_id': '4', 'mlflow_run_id': 'b586b24a868744d3aff0659ed46c898f', 'session_id': '9741482f-b981-473b-80da-90172019d87f', 'image_width': 100, 'image_height': 100}","{'skeletonization_time_ms': 174.265875, 'contour_analysis_time_ms': 978.548626, 'classification_time_ms': 154.962542}",4,False
success,2b5f7e42-aec9-47e1-a9e5-a06d03be2be1,,/opt/nuclio/shared_storage/mnist_all/8/mnist_test_8_00088.png,8,"[{""concept_id"": ""4_1"", ""is_minor"": true, ""message"": ""Similarity between image and concept 4_1: 0.5338"", ""similarity"": 0.5338, ""concept_complexity"": 16, ""image_complexity"": 31}, {""concept_id"": ""9_2"", ""is_minor"": true, ""message"": ""Similarity between image and concept 9_2: 0.5244"", ""similarity"": 0.5244, ""concept_complexity"": 16, ""image_complexity"": 31}, {""concept_id"": ""2_2"", ""is_minor"": true, ""message"": ""Similarity between image and concept 2_2: 0.4445"", ""similarity"": 0.4445, ""concept_complexity"": 20, ""image_complexity"": 31}, {""concept_id"": ""6_1"", ""is_minor"": true, ""message"": ""Similarity between image and concept 6_1: 0.443"", ""similarity"": 0.443, ""concept_complexity"": 20, ""image_complexity"": 31}, {""concept_id"": ""0_1"", ""is_minor"": false, ""message"": ""Preprocessing failed: Concept has more corner points than image."", ""similarity"": 0.0, ""concept_complexity"": 0, ""image_complexity"": 0}, {""concept_id"": ""1_1"", ""is_minor"": false, ""message"": ""Preprocessing failed: Concept has endpoints but image does not."", ""similarity"": 0.0, ""concept_complexity"": 0, ""image_complexity"": 0}, {""concept_id"": ""1_3"", ""is_minor"": false, ""message"": ""Preprocessing failed: Concept has endpoints but image does not."", ""similarity"": 0.0, ""concept_complexity"": 0, ""image_complexity"": 0}, {""concept_id"": ""2_1"", ""is_minor"": false, ""message"": ""Preprocessing failed: Concept has endpoints but image does not."", ""similarity"": 0.0, ""concept_complexity"": 0, ""image_complexity"": 0}, {""concept_id"": ""3_1"", ""is_minor"": false, ""message"": ""Preprocessing failed: Concept has endpoints but image does not."", ""similarity"": 0.0, ""concept_complexity"": 0, ""image_complexity"": 0}, {""concept_id"": ""4_2"", ""is_minor"": false, ""message"": ""Preprocessing failed: Concept has endpoints but image does not."", ""similarity"": 0.0, ""concept_complexity"": 0, ""image_complexity"": 0}, {""concept_id"": ""5_1"", ""is_minor"": false, ""message"": ""Preprocessing failed: Concept has endpoints but image does not."", ""similarity"": 0.0, ""concept_complexity"": 0, ""image_complexity"": 0}, {""concept_id"": ""7_1"", ""is_minor"": false, ""message"": ""Preprocessing failed: Concept has endpoints but image does not."", ""similarity"": 0.0, ""concept_complexity"": 0, ""image_complexity"": 0}, {""concept_id"": ""8_1"", ""is_minor"": false, ""message"": ""Preprocessing failed: Concept has more corner points than image."", ""similarity"": 0.0, ""concept_complexity"": 0, ""image_complexity"": 0}, {""concept_id"": ""8_2"", ""is_minor"": false, ""message"": ""Preprocessing failed: Concept has endpoints but image does not."", ""similarity"": 0.0, ""concept_complexity"": 0, ""image_complexity"": 0}]","{'ged_timeout': 5, 'skeletonization_threshold': 110, 'simplification_epsilon': 4.55, 'comparison_method': 'ged', 'fgw_alpha': 0.5, 'image_path': '/opt/nuclio/shared_storage/mnist_all/8/mnist_test_8_00088.png', 'image_id': '2b5f7e42-aec9-47e1-a9e5-a06d03be2be1', 'diagnostic_weight_epsilon': 1.0, 'range_penalty_factor': 0.5, 'node_costs': {'NO_COST': 0.0, 'MINOR': 0.65, 'GENERAL': 0.75, 'SEVERE': 1.0, 'NO_MATCH': 1.5, 'IMPOSSIBLE': 10.0}, 'features': ['normalized_x', 'normalized_y', 'distance_to_centroid', 'horizontal_direction', 'vertical_direction', 'angle_with_ox', 'junction_angle_min', 'is_endpoint', 'is_corner', 'length_ratio_to_max', 'eccentricity', 'avg_neighbor_vector_length', 'neighbor_endpoint_count', 'neighbor_junction_count'], 'mlflow_experiment_id': '4', 'mlflow_run_id': 'b586b24a868744d3aff0659ed46c898f', 'session_id': 'b487c372-7022-4293-8dc0-8414df1e3f16', 'image_width': 100, 'image_height': 100}","{'skeletonization_time_ms': 269.463792, 'contour_analysis_time_ms': 859.467042, 'classification_time_ms': 633.578333}",4,False
success,f488ca43-28ee-4e1d-a0a8-65c6a1e61eee,,/opt/nuclio/shared_storage/mnist_all/8/mnist_test_8_00183.png,8,"[{""concept_id"": ""6_1"", ""is_minor"": true, ""message"": ""Similarity between image and concept 6_1: 0.5452"", ""similarity"": 0.5452, ""concept_complexity"": 20, ""image_complexity"": 43}, {""concept_id"": ""9_2"", ""is_minor"": true, ""message"": ""Similarity between image and concept 9_2: 0.5065"", ""similarity"": 0.5065, ""concept_complexity"": 16, ""image_complexity"": 43}, {""concept_id"": ""0_1"", ""is_minor"": false, ""message"": ""Preprocessing failed: Concept has corner points but image does not."", ""similarity"": 0.0, ""concept_complexity"": 0, ""image_complexity"": 0}, {""concept_id"": ""1_1"", ""is_minor"": false, ""message"": ""Preprocessing failed: Concept has endpoints but image does not."", ""similarity"": 0.0, ""concept_complexity"": 0, ""image_complexity"": 0}, {""concept_id"": ""1_3"", ""is_minor"": false, ""message"": ""Preprocessing failed: Concept has endpoints but image does not."", ""similarity"": 0.0, ""concept_complexity"": 0, ""image_complexity"": 0}, {""concept_id"": ""2_1"", ""is_minor"": false, ""message"": ""Preprocessing failed: Concept has endpoints but image does not."", ""similarity"": 0.0, ""concept_complexity"": 0, ""image_complexity"": 0}, {""concept_id"": ""2_2"", ""is_minor"": false, ""message"": ""Preprocessing failed: Concept has intersection points but image does not."", ""similarity"": 0.0, ""concept_complexity"": 0, ""image_complexity"": 0}, {""concept_id"": ""3_1"", ""is_minor"": false, ""message"": ""Preprocessing failed: Concept has endpoints but image does not."", ""similarity"": 0.0, ""concept_complexity"": 0, ""image_complexity"": 0}, {""concept_id"": ""4_1"", ""is_minor"": false, ""message"": ""Preprocessing failed: Concept has intersection points but image does not."", ""similarity"": 0.0, ""concept_complexity"": 0, ""image_complexity"": 0}, {""concept_id"": ""4_2"", ""is_minor"": false, ""message"": ""Preprocessing failed: Concept has endpoints but image does not."", ""similarity"": 0.0, ""concept_complexity"": 0, ""image_complexity"": 0}, {""concept_id"": ""5_1"", ""is_minor"": false, ""message"": ""Preprocessing failed: Concept has endpoints but image does not."", ""similarity"": 0.0, ""concept_complexity"": 0, ""image_complexity"": 0}, {""concept_id"": ""7_1"", ""is_minor"": false, ""message"": ""Preprocessing failed: Concept has endpoints but image does not."", ""similarity"": 0.0, ""concept_complexity"": 0, ""image_complexity"": 0}, {""concept_id"": ""8_1"", ""is_minor"": false, ""message"": ""Preprocessing failed: Concept has corner points but image does not."", ""similarity"": 0.0, ""concept_complexity"": 0, ""image_complexity"": 0}, {""concept_id"": ""8_2"", ""is_minor"": false, ""message"": ""Preprocessing failed: Concept has endpoints but image does not."", ""similarity"": 0.0, ""concept_complexity"": 0, ""image_complexity"": 0}]","{'ged_timeout': 5, 'skeletonization_threshold': 110, 'simplification_epsilon': 4.55, 'comparison_method': 'ged', 'fgw_alpha': 0.5, 'image_path': '/opt/nuclio/shared_storage/mnist_all/8/mnist_test_8_00183.png', 'image_id': 'f488ca43-28ee-4e1d-a0a8-65c6a1e61eee', 'diagnostic_weight_epsilon': 1.0, 'range_penalty_factor': 0.5, 'node_costs': {'NO_COST': 0.0, 'MINOR': 0.65, 'GENERAL': 0.75, 'SEVERE': 1.0, 'NO_MATCH': 1.5, 'IMPOSSIBLE': 10.0}, 'features': ['normalized_x', 'normalized_y', 'distance_to_centroid', 'horizontal_direction', 'vertical_direction', 'angle_with_ox', 'junction_angle_min', 'is_endpoint', 'is_corner', 'length_ratio_to_max', 'eccentricity', 'avg_neighbor_vector_length', 'neighbor_endpoint_count', 'neighbor_junction_count'], 'mlflow_experiment_id': '4', 'mlflow_run_id': 'b586b24a868744d3aff0659ed46c898f', 'session_id': 'f7a604b4-2cc8-47fc-af96-7538469b6f94', 'image_width': 100, 'image_height': 100}","{'skeletonization_time_ms': 433.989542, 'contour_analysis_time_ms': 701.310958, 'classification_time_ms': 632.862334}",6,False
success,7dcabd41-7fa9-4163-b7e2-93e6ce5680f2,,/opt/nuclio/shared_storage/mnist_all/8/mnist_test_8_00408.png,8,"[{""concept_id"": ""0_1"", ""is_minor"": true, ""message"": ""Similarity between image and concept 0_1: 0.5364"", ""similarity"": 0.5364, ""concept_complexity"": 20, ""image_complexity"": 35}, {""concept_id"": ""1_1"", ""is_minor"": false, ""message"": ""Preprocessing failed: Concept has endpoints but image does not."", ""similarity"": 0.0, ""concept_complexity"": 0, ""image_complexity"": 0}, {""concept_id"": ""1_3"", ""is_minor"": false, ""message"": ""Preprocessing failed: Concept has endpoints but image does not."", ""similarity"": 0.0, ""concept_complexity"": 0, ""image_complexity"": 0}, {""concept_id"": ""2_1"", ""is_minor"": false, ""message"": ""Preprocessing failed: Concept has endpoints but image does not."", ""similarity"": 0.0, ""concept_complexity"": 0, ""image_complexity"": 0}, {""concept_id"": ""2_2"", ""is_minor"": false, ""message"": ""Preprocessing failed: Concept has intersection points but image does not."", ""similarity"": 0.0, ""concept_complexity"": 0, ""image_complexity"": 0}, {""concept_id"": ""3_1"", ""is_minor"": false, ""message"": ""Preprocessing failed: Concept has endpoints but image does not."", ""similarity"": 0.0, ""concept_complexity"": 0, ""image_complexity"": 0}, {""concept_id"": ""4_1"", ""is_minor"": false, ""message"": ""Preprocessing failed: Concept has intersection points but image does not."", ""similarity"": 0.0, ""concept_complexity"": 0, ""image_complexity"": 0}, {""concept_id"": ""4_2"", ""is_minor"": false, ""message"": ""Preprocessing failed: Concept has endpoints but image does not."", ""similarity"": 0.0, ""concept_complexity"": 0, ""image_complexity"": 0}, {""concept_id"": ""5_1"", ""is_minor"": false, ""message"": ""Preprocessing failed: Concept has endpoints but image does not."", ""similarity"": 0.0, ""concept_complexity"": 0, ""image_complexity"": 0}, {""concept_id"": ""6_1"", ""is_minor"": false, ""message"": ""Preprocessing failed: Concept has intersection points but image does not."", ""similarity"": 0.0, ""concept_complexity"": 0, ""image_complexity"": 0}, {""concept_id"": ""7_1"", ""is_minor"": false, ""message"": ""Preprocessing failed: Concept has endpoints but image does not."", ""similarity"": 0.0, ""concept_complexity"": 0, ""image_complexity"": 0}, {""concept_id"": ""8_1"", ""is_minor"": false, ""message"": ""Preprocessing failed: Concept has more corner points than image."", ""similarity"": 0.0, ""concept_complexity"": 0, ""image_complexity"": 0}, {""concept_id"": ""8_2"", ""is_minor"": false, ""message"": ""Preprocessing failed: Concept has endpoints but image does not."", ""similarity"": 0.0, ""concept_complexity"": 0, ""image_complexity"": 0}, {""concept_id"": ""9_2"", ""is_minor"": false, ""message"": ""Preprocessing failed: Concept has intersection points but image does not."", ""similarity"": 0.0, ""concept_complexity"": 0, ""image_complexity"": 0}]","{'ged_timeout': 5, 'skeletonization_threshold': 110, 'simplification_epsilon': 4.55, 'comparison_method': 'ged', 'fgw_alpha': 0.5, 'image_path': '/opt/nuclio/shared_storage/mnist_all/8/mnist_test_8_00408.png', 'image_id': '7dcabd41-7fa9-4163-b7e2-93e6ce5680f2', 'diagnostic_weight_epsilon': 1.0, 'range_penalty_factor': 0.5, 'node_costs': {'NO_COST': 0.0, 'MINOR': 0.65, 'GENERAL': 0.75, 'SEVERE': 1.0, 'NO_MATCH': 1.5, 'IMPOSSIBLE': 10.0}, 'features': ['normalized_x', 'normalized_y', 'distance_to_centroid', 'horizontal_direction', 'vertical_direction', 'angle_with_ox', 'junction_angle_min', 'is_endpoint', 'is_corner', 'length_ratio_to_max', 'eccentricity', 'avg_neighbor_vector_length', 'neighbor_endpoint_count', 'neighbor_junction_count'], 'mlflow_experiment_id': '4', 'mlflow_run_id': 'b586b24a868744d3aff0659ed46c898f', 'session_id': '75d85e90-7d81-4205-9d31-09b7f28c1a0c', 'image_width': 100, 'image_height': 100}","{'skeletonization_time_ms': 181.546583, 'contour_analysis_time_ms': 765.922458, 'classification_time_ms': 1566.961251}",0,False
success,b367b705-d75f-4ed3-983b-8cd9938e319b,,/opt/nuclio/shared_storage/mnist_all/6/mnist_test_6_00670.png,6,"[{""concept_id"": ""5_1"", ""is_minor"": true, ""message"": ""Similarity between image and concept 5_1: 0.4106"", ""similarity"": 0.4106, ""concept_complexity"": 17, ""image_complexity"": 21}, {""concept_id"": ""2_1"", ""is_minor"": true, ""message"": ""Similarity between image and concept 2_1: 0.3766"", ""similarity"": 0.3766, ""concept_complexity"": 13, ""image_complexity"": 21}, {""concept_id"": ""7_1"", ""is_minor"": true, ""message"": ""Similarity between image and concept 7_1: 0.4072"", ""similarity"": 0.4072, ""concept_complexity"": 9, ""image_complexity"": 21}, {""concept_id"": ""1_3"", ""is_minor"": true, ""message"": ""Similarity between image and concept 1_3: 0.4379"", ""similarity"": 0.4379, ""concept_complexity"": 5, ""image_complexity"": 21}, {""concept_id"": ""0_1"", ""is_minor"": false, ""message"": ""Preprocessing failed: Concept has corner points but image does not."", ""similarity"": 0.0, ""concept_complexity"": 0, ""image_complexity"": 0}, {""concept_id"": ""1_1"", ""is_minor"": false, ""message"": ""Preprocessing failed: Concept has more endpoints than image."", ""similarity"": 0.0, ""concept_complexity"": 0, ""image_complexity"": 0}, {""concept_id"": ""2_2"", ""is_minor"": false, ""message"": ""Preprocessing failed: Concept has intersection points but image does not."", ""similarity"": 0.0, ""concept_complexity"": 0, ""image_complexity"": 0}, {""concept_id"": ""3_1"", ""is_minor"": false, ""message"": ""Preprocessing failed: Concept has more corner points than image."", ""similarity"": 0.0, ""concept_complexity"": 0, ""image_complexity"": 0}, {""concept_id"": ""4_1"", ""is_minor"": false, ""message"": ""Preprocessing failed: Concept has intersection points but image does not."", ""similarity"": 0.0, ""concept_complexity"": 0, ""image_complexity"": 0}, {""concept_id"": ""4_2"", ""is_minor"": false, ""message"": ""Preprocessing failed: Concept has more endpoints than image."", ""similarity"": 0.0, ""concept_complexity"": 0, ""image_complexity"": 0}, {""concept_id"": ""6_1"", ""is_minor"": false, ""message"": ""Preprocessing failed: Concept has intersection points but image does not."", ""similarity"": 0.0, ""concept_complexity"": 0, ""image_complexity"": 0}, {""concept_id"": ""8_2"", ""is_minor"": false, ""message"": ""Preprocessing failed: Concept has intersection points but image does not."", ""similarity"": 0.0, ""concept_complexity"": 0, ""image_complexity"": 0}, {""concept_id"": ""9_2"", ""is_minor"": false, ""message"": ""Preprocessing failed: Concept has intersection points but image does not."", ""similarity"": 0.0, ""concept_complexity"": 0, ""image_complexity"": 0}]","{'ged_timeout': 5, 'skeletonization_threshold': 110, 'simplification_epsilon': 4.55, 'comparison_method': 'ged', 'fgw_alpha': 0.5, 'image_path': '/opt/nuclio/shared_storage/mnist_all/6/mnist_test_6_00670.png', 'image_id': 'b367b705-d75f-4ed3-983b-8cd9938e319b', 'diagnostic_weight_epsilon': 1.0, 'range_penalty_factor': 0.5, 'node_costs': {'NO_COST': 0.0, 'MINOR': 0.65, 'GENERAL': 0.75, 'SEVERE': 1.0, 'NO_MATCH': 1.5, 'IMPOSSIBLE': 10.0}, 'features': ['normalized_x', 'normalized_y', 'distance_to_centroid', 'horizontal_direction', 'vertical_direction', 'angle_with_ox', 'junction_angle_min', 'is_endpoint', 'is_corner', 'length_ratio_to_max', 'eccentricity', 'avg_neighbor_vector_length', 'neighbor_endpoint_count', 'neighbor_junction_count'], 'mlflow_experiment_id': '4', 'mlflow_run_id': 'b586b24a868744d3aff0659ed46c898f', 'session_id': '1662c69a-29ec-42c1-83f2-78e09057a110', 'image_width': 100, 'image_height': 100}","{'skeletonization_time_ms': 111.19775, 'contour_analysis_time_ms': 623.193125, 'classification_time_ms': 216.195917}",5,False
success,6aa2bc54-2346-4617-ad37-d7544acf07f4,,/opt/nuclio/shared_storage/mnist_all/9/mnist_test_9_00612.png,9,"[{""concept_id"": ""5_1"", ""is_minor"": true, ""message"": ""Similarity between image and concept 5_1: 0.5616"", ""similarity"": 0.5616, ""concept_complexity"": 17, ""image_complexity"": 25}, {""concept_id"": ""3_1"", ""is_minor"": true, ""message"": ""Similarity between image and concept 3_1: 0.4286"", ""similarity"": 0.4286, ""concept_complexity"": 21, ""image_complexity"": 25}, {""concept_id"": ""7_1"", ""is_minor"": true, ""message"": ""Similarity between image and concept 7_1: 0.4632"", ""similarity"": 0.4632, ""concept_complexity"": 9, ""image_complexity"": 25}, {""concept_id"": ""2_1"", ""is_minor"": true, ""message"": ""Similarity between image and concept 2_1: 0.4307"", ""similarity"": 0.4307, ""concept_complexity"": 13, ""image_complexity"": 25}, {""concept_id"": ""1_3"", ""is_minor"": true, ""message"": ""Similarity between image and concept 1_3: 0.482"", ""similarity"": 0.482, ""concept_complexity"": 5, ""image_complexity"": 25}, {""concept_id"": ""0_1"", ""is_minor"": false, ""message"": ""Preprocessing failed: Concept has corner points but image does not."", ""similarity"": 0.0, ""concept_complexity"": 0, ""image_complexity"": 0}, {""concept_id"": ""1_1"", ""is_minor"": false, ""message"": ""Preprocessing failed: Concept has more endpoints than image."", ""similarity"": 0.0, ""concept_complexity"": 0, ""image_complexity"": 0}, {""concept_id"": ""2_2"", ""is_minor"": false, ""message"": ""Preprocessing failed: Concept has intersection points but image does not."", ""similarity"": 0.0, ""concept_complexity"": 0, ""image_complexity"": 0}, {""concept_id"": ""4_1"", ""is_minor"": false, ""message"": ""Preprocessing failed: Concept has intersection points but image does not."", ""similarity"": 0.0, ""concept_complexity"": 0, ""image_complexity"": 0}, {""concept_id"": ""4_2"", ""is_minor"": false, ""message"": ""Preprocessing failed: Concept has more endpoints than image."", ""similarity"": 0.0, ""concept_complexity"": 0, ""image_complexity"": 0}, {""concept_id"": ""6_1"", ""is_minor"": false, ""message"": ""Preprocessing failed: Concept has intersection points but image does not."", ""similarity"": 0.0, ""concept_complexity"": 0, ""image_complexity"": 0}, {""concept_id"": ""8_2"", ""is_minor"": false, ""message"": ""Preprocessing failed: Concept has intersection points but image does not."", ""similarity"": 0.0, ""concept_complexity"": 0, ""image_complexity"": 0}, {""concept_id"": ""9_2"", ""is_minor"": false, ""message"": ""Preprocessing failed: Concept has intersection points but image does not."", ""similarity"": 0.0, ""concept_complexity"": 0, ""image_complexity"": 0}]","{'ged_timeout': 5, 'skeletonization_threshold': 110, 'simplification_epsilon': 4.55, 'comparison_method': 'ged', 'fgw_alpha': 0.5, 'image_path': '/opt/nuclio/shared_storage/mnist_all/9/mnist_test_9_00612.png', 'image_id': '6aa2bc54-2346-4617-ad37-d7544acf07f4', 'diagnostic_weight_epsilon': 1.0, 'range_penalty_factor': 0.5, 'node_costs': {'NO_COST': 0.0, 'MINOR': 0.65, 'GENERAL': 0.75, 'SEVERE': 1.0, 'NO_MATCH': 1.5, 'IMPOSSIBLE': 10.0}, 'features': ['normalized_x', 'normalized_y', 'distance_to_centroid', 'horizontal_direction', 'vertical_direction', 'angle_with_ox', 'junction_angle_min', 'is_endpoint', 'is_corner', 'length_ratio_to_max', 'eccentricity', 'avg_neighbor_vector_length', 'neighbor_endpoint_count', 'neighbor_junction_count'], 'mlflow_experiment_id': '4', 'mlflow_run_id': 'b586b24a868744d3aff0659ed46c898f', 'session_id': '3db33cc8-d8db-4b35-a60d-5d8e1676015a', 'image_width': 100, 'image_height': 100}","{'skeletonization_time_ms': 277.981, 'contour_analysis_time_ms': 600.018375, 'classification_time_ms': 321.131083}",5,False
success,bc7348ae-4b53-4131-9651-b4c19d6b2507,,/opt/nuclio/shared_storage/mnist_all/9/mnist_test_9_00836.png,9,"[{""concept_id"": ""4_1"", ""is_minor"": true, ""message"": ""Similarity between image and concept 4_1: 0.5653"", ""similarity"": 0.5653, ""concept_complexity"": 16, ""image_complexity"": 24}, {""concept_id"": ""9_2"", ""is_minor"": true, ""message"": ""Similarity between image and concept 9_2: 0.5395"", ""similarity"": 0.5395, ""concept_complexity"": 16, ""image_complexity"": 24}, {""concept_id"": ""0_1"", ""is_minor"": true, ""message"": ""Similarity between image and concept 0_1: 0.4621"", ""similarity"": 0.4621, ""concept_complexity"": 20, ""image_complexity"": 24}, {""concept_id"": ""6_1"", ""is_minor"": true, ""message"": ""Similarity between image and concept 6_1: 0.4337"", ""similarity"": 0.4337, ""concept_complexity"": 20, ""image_complexity"": 24}, {""concept_id"": ""1_1"", ""is_minor"": false, ""message"": ""Preprocessing failed: Concept has endpoints but image does not."", ""similarity"": 0.0, ""concept_complexity"": 0, ""image_complexity"": 0}, {""concept_id"": ""1_3"", ""is_minor"": false, ""message"": ""Preprocessing failed: Concept has endpoints but image does not."", ""similarity"": 0.0, ""concept_complexity"": 0, ""image_complexity"": 0}, {""concept_id"": ""2_1"", ""is_minor"": false, ""message"": ""Preprocessing failed: Concept has endpoints but image does not."", ""similarity"": 0.0, ""concept_complexity"": 0, ""image_complexity"": 0}, {""concept_id"": ""2_2"", ""is_minor"": false, ""message"": ""Preprocessing failed: Concept has corner points but image does not."", ""similarity"": 0.0, ""concept_complexity"": 0, ""image_complexity"": 0}, {""concept_id"": ""3_1"", ""is_minor"": false, ""message"": ""Preprocessing failed: Concept has endpoints but image does not."", ""similarity"": 0.0, ""concept_complexity"": 0, ""image_complexity"": 0}, {""concept_id"": ""4_2"", ""is_minor"": false, ""message"": ""Preprocessing failed: Concept has endpoints but image does not."", ""similarity"": 0.0, ""concept_complexity"": 0, ""image_complexity"": 0}, {""concept_id"": ""5_1"", ""is_minor"": false, ""message"": ""Preprocessing failed: Concept has endpoints but image does not."", ""similarity"": 0.0, ""concept_complexity"": 0, ""image_complexity"": 0}, {""concept_id"": ""7_1"", ""is_minor"": false, ""message"": ""Preprocessing failed: Concept has endpoints but image does not."", ""similarity"": 0.0, ""concept_complexity"": 0, ""image_complexity"": 0}, {""concept_id"": ""8_2"", ""is_minor"": false, ""message"": ""Preprocessing failed: Concept has endpoints but image does not."", ""similarity"": 0.0, ""concept_complexity"": 0, ""image_complexity"": 0}]","{'ged_timeout': 5, 'skeletonization_threshold': 110, 'simplification_epsilon': 4.55, 'comparison_method': 'ged', 'fgw_alpha': 0.5, 'image_path': '/opt/nuclio/shared_storage/mnist_all/9/mnist_test_9_00836.png', 'image_id': 'bc7348ae-4b53-4131-9651-b4c19d6b2507', 'diagnostic_weight_epsilon': 1.0, 'range_penalty_factor': 0.5, 'node_costs': {'NO_COST': 0.0, 'MINOR': 0.65, 'GENERAL': 0.75, 'SEVERE': 1.0, 'NO_MATCH': 1.5, 'IMPOSSIBLE': 10.0}, 'features': ['normalized_x', 'normalized_y', 'distance_to_centroid', 'horizontal_direction', 'vertical_direction', 'angle_with_ox', 'junction_angle_min', 'is_endpoint', 'is_corner', 'length_ratio_to_max', 'eccentricity', 'avg_neighbor_vector_length', 'neighbor_endpoint_count', 'neighbor_junction_count'], 'mlflow_experiment_id': '4', 'mlflow_run_id': 'b586b24a868744d3aff0659ed46c898f', 'session_id': 'dad607f0-d6fb-4cd1-9283-92ec20d4cde7', 'image_width': 100, 'image_height': 100}","{'skeletonization_time_ms': 107.683209, 'contour_analysis_time_ms': 906.858792, 'classification_time_ms': 389.013709}",4,False
success,0dbfc377-01f2-41cc-847f-6e8d5f15875d,,/opt/nuclio/shared_storage/mnist_all/9/mnist_test_9_00046.png,9,"[{""concept_id"": ""4_1"", ""is_minor"": true, ""message"": ""Similarity between image and concept 4_1: 0.5827"", ""similarity"": 0.5827, ""concept_complexity"": 16, ""image_complexity"": 32}, {""concept_id"": ""9_2"", ""is_minor"": true, ""message"": ""Similarity between image and concept 9_2: 0.5357"", ""similarity"": 0.5357, ""concept_complexity"": 16, ""image_complexity"": 32}, {""concept_id"": ""6_1"", ""is_minor"": true, ""message"": ""Similarity between image and concept 6_1: 0.5049"", ""similarity"": 0.5049, ""concept_complexity"": 20, ""image_complexity"": 32}, {""concept_id"": ""8_1"", ""is_minor"": true, ""message"": ""Similarity between image and concept 8_1: 0.4614"", ""similarity"": 0.4614, ""concept_complexity"": 27, ""image_complexity"": 32}, {""concept_id"": ""0_1"", ""is_minor"": true, ""message"": ""Similarity between image and concept 0_1: 0.4791"", ""similarity"": 0.4791, ""concept_complexity"": 20, ""image_complexity"": 32}, {""concept_id"": ""2_2"", ""is_minor"": true, ""message"": ""Similarity between image and concept 2_2: 0.4318"", ""similarity"": 0.4318, ""concept_complexity"": 20, ""image_complexity"": 32}, {""concept_id"": ""1_1"", ""is_minor"": false, ""message"": ""Preprocessing failed: Concept has endpoints but image does not."", ""similarity"": 0.0, ""concept_complexity"": 0, ""image_complexity"": 0}, {""concept_id"": ""1_3"", ""is_minor"": false, ""message"": ""Preprocessing failed: Concept has endpoints but image does not."", ""similarity"": 0.0, ""concept_complexity"": 0, ""image_complexity"": 0}, {""concept_id"": ""2_1"", ""is_minor"": false, ""message"": ""Preprocessing failed: Concept has endpoints but image does not."", ""similarity"": 0.0, ""concept_complexity"": 0, ""image_complexity"": 0}, {""concept_id"": ""3_1"", ""is_minor"": false, ""message"": ""Preprocessing failed: Concept has endpoints but image does not."", ""similarity"": 0.0, ""concept_complexity"": 0, ""image_complexity"": 0}, {""concept_id"": ""4_2"", ""is_minor"": false, ""message"": ""Preprocessing failed: Concept has endpoints but image does not."", ""similarity"": 0.0, ""concept_complexity"": 0, ""image_complexity"": 0}, {""concept_id"": ""5_1"", ""is_minor"": false, ""message"": ""Preprocessing failed: Concept has endpoints but image does not."", ""similarity"": 0.0, ""concept_complexity"": 0, ""image_complexity"": 0}, {""concept_id"": ""7_1"", ""is_minor"": false, ""message"": ""Preprocessing failed: Concept has endpoints but image does not."", ""similarity"": 0.0, ""concept_complexity"": 0, ""image_complexity"": 0}, {""concept_id"": ""8_2"", ""is_minor"": false, ""message"": ""Preprocessing failed: Concept has endpoints but image does not."", ""similarity"": 0.0, ""concept_complexity"": 0, ""image_complexity"": 0}]","{'ged_timeout': 5, 'skeletonization_threshold': 110, 'simplification_epsilon': 4.55, 'comparison_method': 'ged', 'fgw_alpha': 0.5, 'image_path': '/opt/nuclio/shared_storage/mnist_all/9/mnist_test_9_00046.png', 'image_id': '0dbfc377-01f2-41cc-847f-6e8d5f15875d', 'diagnostic_weight_epsilon': 1.0, 'range_penalty_factor': 0.5, 'node_costs': {'NO_COST': 0.0, 'MINOR': 0.65, 'GENERAL': 0.75, 'SEVERE': 1.0, 'NO_MATCH': 1.5, 'IMPOSSIBLE': 10.0}, 'features': ['normalized_x', 'normalized_y', 'distance_to_centroid', 'horizontal_direction', 'vertical_direction', 'angle_with_ox', 'junction_angle_min', 'is_endpoint', 'is_corner', 'length_ratio_to_max', 'eccentricity', 'avg_neighbor_vector_length', 'neighbor_endpoint_count', 'neighbor_junction_count'], 'mlflow_experiment_id': '4', 'mlflow_run_id': 'b586b24a868744d3aff0659ed46c898f', 'session_id': '8e75cbda-0d4d-4f18-9c96-3e124b2e7093', 'image_width': 100, 'image_height': 100}","{'skeletonization_time_ms': 136.219125, 'contour_analysis_time_ms': 1127.181542, 'classification_time_ms': 4476.405585}",4,False
success,f681769a-5e71-4e7f-a059-99f788b7e344,,/opt/nuclio/shared_storage/mnist_all/8/mnist_test_8_00524.png,8,"[{""concept_id"": ""0_1"", ""is_minor"": true, ""message"": ""Similarity between image and concept 0_1: 0.5191"", ""similarity"": 0.5191, ""concept_complexity"": 20, ""image_complexity"": 31}, {""concept_id"": ""1_1"", ""is_minor"": false, ""message"": ""Preprocessing failed: Concept has endpoints but image does not."", ""similarity"": 0.0, ""concept_complexity"": 0, ""image_complexity"": 0}, {""concept_id"": ""1_3"", ""is_minor"": false, ""message"": ""Preprocessing failed: Concept has endpoints but image does not."", ""similarity"": 0.0, ""concept_complexity"": 0, ""image_complexity"": 0}, {""concept_id"": ""2_1"", ""is_minor"": false, ""message"": ""Preprocessing failed: Concept has endpoints but image does not."", ""similarity"": 0.0, ""concept_complexity"": 0, ""image_complexity"": 0}, {""concept_id"": ""2_2"", ""is_minor"": false, ""message"": ""Preprocessing failed: Concept has intersection points but image does not."", ""similarity"": 0.0, ""concept_complexity"": 0, ""image_complexity"": 0}, {""concept_id"": ""3_1"", ""is_minor"": false, ""message"": ""Preprocessing failed: Concept has endpoints but image does not."", ""similarity"": 0.0, ""concept_complexity"": 0, ""image_complexity"": 0}, {""concept_id"": ""4_1"", ""is_minor"": false, ""message"": ""Preprocessing failed: Concept has intersection points but image does not."", ""similarity"": 0.0, ""concept_complexity"": 0, ""image_complexity"": 0}, {""concept_id"": ""4_2"", ""is_minor"": false, ""message"": ""Preprocessing failed: Concept has endpoints but image does not."", ""similarity"": 0.0, ""concept_complexity"": 0, ""image_complexity"": 0}, {""concept_id"": ""5_1"", ""is_minor"": false, ""message"": ""Preprocessing failed: Concept has endpoints but image does not."", ""similarity"": 0.0, ""concept_complexity"": 0, ""image_complexity"": 0}, {""concept_id"": ""6_1"", ""is_minor"": false, ""message"": ""Preprocessing failed: Concept has intersection points but image does not."", ""similarity"": 0.0, ""concept_complexity"": 0, ""image_complexity"": 0}, {""concept_id"": ""7_1"", ""is_minor"": false, ""message"": ""Preprocessing failed: Concept has endpoints but image does not."", ""similarity"": 0.0, ""concept_complexity"": 0, ""image_complexity"": 0}, {""concept_id"": ""8_1"", ""is_minor"": false, ""message"": ""Preprocessing failed: Concept has more corner points than image."", ""similarity"": 0.0, ""concept_complexity"": 0, ""image_complexity"": 0}, {""concept_id"": ""8_2"", ""is_minor"": false, ""message"": ""Preprocessing failed: Concept has endpoints but image does not."", ""similarity"": 0.0, ""concept_complexity"": 0, ""image_complexity"": 0}, {""concept_id"": ""9_2"", ""is_minor"": false, ""message"": ""Preprocessing failed: Concept has intersection points but image does not."", ""similarity"": 0.0, ""concept_complexity"": 0, ""image_complexity"": 0}]","{'ged_timeout': 5, 'skeletonization_threshold': 110, 'simplification_epsilon': 4.55, 'comparison_method': 'ged', 'fgw_alpha': 0.5, 'image_path': '/opt/nuclio/shared_storage/mnist_all/8/mnist_test_8_00524.png', 'image_id': 'f681769a-5e71-4e7f-a059-99f788b7e344', 'diagnostic_weight_epsilon': 1.0, 'range_penalty_factor': 0.5, 'node_costs': {'NO_COST': 0.0, 'MINOR': 0.65, 'GENERAL': 0.75, 'SEVERE': 1.0, 'NO_MATCH': 1.5, 'IMPOSSIBLE': 10.0}, 'features': ['normalized_x', 'normalized_y', 'distance_to_centroid', 'horizontal_direction', 'vertical_direction', 'angle_with_ox', 'junction_angle_min', 'is_endpoint', 'is_corner', 'length_ratio_to_max', 'eccentricity', 'avg_neighbor_vector_length', 'neighbor_endpoint_count', 'neighbor_junction_count'], 'mlflow_experiment_id': '4', 'mlflow_run_id': 'b586b24a868744d3aff0659ed46c898f', 'session_id': '454d170c-43e2-42bc-bc8b-8be1304a6017', 'image_width': 100, 'image_height': 100}","{'skeletonization_time_ms': 282.7645, 'contour_analysis_time_ms': 625.423792, 'classification_time_ms': 1933.394751}",0,False
success,c53b1237-8e7a-40d9-a11b-b14107acc02a,,/opt/nuclio/shared_storage/mnist_all/8/mnist_test_8_00899.png,8,"[{""concept_id"": ""6_1"", ""is_minor"": true, ""message"": ""Similarity between image and concept 6_1: 0.5543"", ""similarity"": 0.5543, ""concept_complexity"": 20, ""image_complexity"": 39}, {""concept_id"": ""4_1"", ""is_minor"": true, ""message"": ""Similarity between image and concept 4_1: 0.5362"", ""similarity"": 0.5362, ""concept_complexity"": 16, ""image_complexity"": 39}, {""concept_id"": ""9_2"", ""is_minor"": true, ""message"": ""Similarity between image and concept 9_2: 0.5319"", ""similarity"": 0.5319, ""concept_complexity"": 16, ""image_complexity"": 39}, {""concept_id"": ""0_1"", ""is_minor"": false, ""message"": ""Preprocessing failed: Concept has corner points but image does not."", ""similarity"": 0.0, ""concept_complexity"": 0, ""image_complexity"": 0}, {""concept_id"": ""1_1"", ""is_minor"": false, ""message"": ""Preprocessing failed: Concept has endpoints but image does not."", ""similarity"": 0.0, ""concept_complexity"": 0, ""image_complexity"": 0}, {""concept_id"": ""1_3"", ""is_minor"": false, ""message"": ""Preprocessing failed: Concept has endpoints but image does not."", ""similarity"": 0.0, ""concept_complexity"": 0, ""image_complexity"": 0}, {""concept_id"": ""2_1"", ""is_minor"": false, ""message"": ""Preprocessing failed: Concept has endpoints but image does not."", ""similarity"": 0.0, ""concept_complexity"": 0, ""image_complexity"": 0}, {""concept_id"": ""2_2"", ""is_minor"": false, ""message"": ""Preprocessing failed: Concept has corner points but image does not."", ""similarity"": 0.0, ""concept_complexity"": 0, ""image_complexity"": 0}, {""concept_id"": ""3_1"", ""is_minor"": false, ""message"": ""Preprocessing failed: Concept has endpoints but image does not."", ""similarity"": 0.0, ""concept_complexity"": 0, ""image_complexity"": 0}, {""concept_id"": ""4_2"", ""is_minor"": false, ""message"": ""Preprocessing failed: Concept has endpoints but image does not."", ""similarity"": 0.0, ""concept_complexity"": 0, ""image_complexity"": 0}, {""concept_id"": ""5_1"", ""is_minor"": false, ""message"": ""Preprocessing failed: Concept has endpoints but image does not."", ""similarity"": 0.0, ""concept_complexity"": 0, ""image_complexity"": 0}, {""concept_id"": ""7_1"", ""is_minor"": false, ""message"": ""Preprocessing failed: Concept has endpoints but image does not."", ""similarity"": 0.0, ""concept_complexity"": 0, ""image_complexity"": 0}, {""concept_id"": ""8_1"", ""is_minor"": false, ""message"": ""Preprocessing failed: Concept has corner points but image does not."", ""similarity"": 0.0, ""concept_complexity"": 0, ""image_complexity"": 0}, {""concept_id"": ""8_2"", ""is_minor"": false, ""message"": ""Preprocessing failed: Concept has endpoints but image does not."", ""similarity"": 0.0, ""concept_complexity"": 0, ""image_complexity"": 0}]","{'ged_timeout': 5, 'skeletonization_threshold': 110, 'simplification_epsilon': 4.55, 'comparison_method': 'ged', 'fgw_alpha': 0.5, 'image_path': '/opt/nuclio/shared_storage/mnist_all/8/mnist_test_8_00899.png', 'image_id': 'c53b1237-8e7a-40d9-a11b-b14107acc02a', 'diagnostic_weight_epsilon': 1.0, 'range_penalty_factor': 0.5, 'node_costs': {'NO_COST': 0.0, 'MINOR': 0.65, 'GENERAL': 0.75, 'SEVERE': 1.0, 'NO_MATCH': 1.5, 'IMPOSSIBLE': 10.0}, 'features': ['normalized_x', 'normalized_y', 'distance_to_centroid', 'horizontal_direction', 'vertical_direction', 'angle_with_ox', 'junction_angle_min', 'is_endpoint', 'is_corner', 'length_ratio_to_max', 'eccentricity', 'avg_neighbor_vector_length', 'neighbor_endpoint_count', 'neighbor_junction_count'], 'mlflow_experiment_id': '4', 'mlflow_run_id': 'b586b24a868744d3aff0659ed46c898f', 'session_id': '9c5b0732-1a7b-44b6-bc35-031e63e44659', 'image_width': 100, 'image_height': 100}","{'skeletonization_time_ms': 98.679583, 'contour_analysis_time_ms': 941.349584, 'classification_time_ms': 715.506625}",6,False
success,75048dab-0cc4-45dc-9e6e-0e5321a57ec0,,/opt/nuclio/shared_storage/mnist_all/7/mnist_test_7_00400.png,7,"[{""concept_id"": ""4_2"", ""is_minor"": true, ""message"": ""Similarity between image and concept 4_2: 0.5797"", ""similarity"": 0.5797, ""concept_complexity"": 13, ""image_complexity"": 33}, {""concept_id"": ""5_1"", ""is_minor"": true, ""message"": ""Similarity between image and concept 5_1: 0.412"", ""similarity"": 0.412, ""concept_complexity"": 17, ""image_complexity"": 33}, {""concept_id"": ""1_1"", ""is_minor"": true, ""message"": ""Similarity between image and concept 1_1: 0.4302"", ""similarity"": 0.4302, ""concept_complexity"": 13, ""image_complexity"": 33}, {""concept_id"": ""2_1"", ""is_minor"": true, ""message"": ""Similarity between image and concept 2_1: 0.4234"", ""similarity"": 0.4234, ""concept_complexity"": 13, ""image_complexity"": 33}, {""concept_id"": ""1_3"", ""is_minor"": true, ""message"": ""Similarity between image and concept 1_3: 0.4364"", ""similarity"": 0.4364, ""concept_complexity"": 5, ""image_complexity"": 33}, {""concept_id"": ""7_1"", ""is_minor"": true, ""message"": ""Similarity between image and concept 7_1: 0.3691"", ""similarity"": 0.3691, ""concept_complexity"": 9, ""image_complexity"": 33}, {""concept_id"": ""0_1"", ""is_minor"": false, ""message"": ""Preprocessing failed: Concept has corner points but image does not."", ""similarity"": 0.0, ""concept_complexity"": 0, ""image_complexity"": 0}, {""concept_id"": ""2_2"", ""is_minor"": false, ""message"": ""Preprocessing failed: Concept has intersection points but image does not."", ""similarity"": 0.0, ""concept_complexity"": 0, ""image_complexity"": 0}, {""concept_id"": ""3_1"", ""is_minor"": false, ""message"": ""Preprocessing failed: Concept has more corner points than image."", ""similarity"": 0.0, ""concept_complexity"": 0, ""image_complexity"": 0}, {""concept_id"": ""4_1"", ""is_minor"": false, ""message"": ""Preprocessing failed: Concept has intersection points but image does not."", ""similarity"": 0.0, ""concept_complexity"": 0, ""image_complexity"": 0}, {""concept_id"": ""6_1"", ""is_minor"": false, ""message"": ""Preprocessing failed: Concept has intersection points but image does not."", ""similarity"": 0.0, ""concept_complexity"": 0, ""image_complexity"": 0}, {""concept_id"": ""8_1"", ""is_minor"": false, ""message"": ""Preprocessing failed: Concept has corner points but image does not."", ""similarity"": 0.0, ""concept_complexity"": 0, ""image_complexity"": 0}, {""concept_id"": ""8_2"", ""is_minor"": false, ""message"": ""Preprocessing failed: Concept has intersection points but image does not."", ""similarity"": 0.0, ""concept_complexity"": 0, ""image_complexity"": 0}, {""concept_id"": ""9_2"", ""is_minor"": false, ""message"": ""Preprocessing failed: Concept has intersection points but image does not."", ""similarity"": 0.0, ""concept_complexity"": 0, ""image_complexity"": 0}]","{'ged_timeout': 5, 'skeletonization_threshold': 110, 'simplification_epsilon': 4.55, 'comparison_method': 'ged', 'fgw_alpha': 0.5, 'image_path': '/opt/nuclio/shared_storage/mnist_all/7/mnist_test_7_00400.png', 'image_id': '75048dab-0cc4-45dc-9e6e-0e5321a57ec0', 'diagnostic_weight_epsilon': 1.0, 'range_penalty_factor': 0.5, 'node_costs': {'NO_COST': 0.0, 'MINOR': 0.65, 'GENERAL': 0.75, 'SEVERE': 1.0, 'NO_MATCH': 1.5, 'IMPOSSIBLE': 10.0}, 'features': ['normalized_x', 'normalized_y', 'distance_to_centroid', 'horizontal_direction', 'vertical_direction', 'angle_with_ox', 'junction_angle_min', 'is_endpoint', 'is_corner', 'length_ratio_to_max', 'eccentricity', 'avg_neighbor_vector_length', 'neighbor_endpoint_count', 'neighbor_junction_count'], 'mlflow_experiment_id': '4', 'mlflow_run_id': 'b586b24a868744d3aff0659ed46c898f', 'session_id': '3af80b56-674a-4f19-8e58-8e459c7ec387', 'image_width': 100, 'image_height': 100}","{'skeletonization_time_ms': 124.988417, 'contour_analysis_time_ms': 722.990667, 'classification_time_ms': 373.931167}",4,False
success,2674b580-13d9-4dae-b3de-125b776b6594,,/opt/nuclio/shared_storage/mnist_all/9/mnist_test_9_00315.png,9,"[{""concept_id"": ""4_1"", ""is_minor"": true, ""message"": ""Similarity between image and concept 4_1: 0.6656"", ""similarity"": 0.6656, ""concept_complexity"": 16, ""image_complexity"": 24}, {""concept_id"": ""9_2"", ""is_minor"": true, ""message"": ""Similarity between image and concept 9_2: 0.6642"", ""similarity"": 0.6642, ""concept_complexity"": 16, ""image_complexity"": 24}, {""concept_id"": ""0_1"", ""is_minor"": true, ""message"": ""Similarity between image and concept 0_1: 0.4825"", ""similarity"": 0.4825, ""concept_complexity"": 20, ""image_complexity"": 24}, {""concept_id"": ""6_1"", ""is_minor"": true, ""message"": ""Similarity between image and concept 6_1: 0.4286"", ""similarity"": 0.4286, ""concept_complexity"": 20, ""image_complexity"": 24}, {""concept_id"": ""1_1"", ""is_minor"": false, ""message"": ""Preprocessing failed: Concept has endpoints but image does not."", ""similarity"": 0.0, ""concept_complexity"": 0, ""image_complexity"": 0}, {""concept_id"": ""1_3"", ""is_minor"": false, ""message"": ""Preprocessing failed: Concept has endpoints but image does not."", ""similarity"": 0.0, ""concept_complexity"": 0, ""image_complexity"": 0}, {""concept_id"": ""2_1"", ""is_minor"": false, ""message"": ""Preprocessing failed: Concept has endpoints but image does not."", ""similarity"": 0.0, ""concept_complexity"": 0, ""image_complexity"": 0}, {""concept_id"": ""2_2"", ""is_minor"": false, ""message"": ""Preprocessing failed: Concept has corner points but image does not."", ""similarity"": 0.0, ""concept_complexity"": 0, ""image_complexity"": 0}, {""concept_id"": ""3_1"", ""is_minor"": false, ""message"": ""Preprocessing failed: Concept has endpoints but image does not."", ""similarity"": 0.0, ""concept_complexity"": 0, ""image_complexity"": 0}, {""concept_id"": ""4_2"", ""is_minor"": false, ""message"": ""Preprocessing failed: Concept has endpoints but image does not."", ""similarity"": 0.0, ""concept_complexity"": 0, ""image_complexity"": 0}, {""concept_id"": ""5_1"", ""is_minor"": false, ""message"": ""Preprocessing failed: Concept has endpoints but image does not."", ""similarity"": 0.0, ""concept_complexity"": 0, ""image_complexity"": 0}, {""concept_id"": ""7_1"", ""is_minor"": false, ""message"": ""Preprocessing failed: Concept has endpoints but image does not."", ""similarity"": 0.0, ""concept_complexity"": 0, ""image_complexity"": 0}, {""concept_id"": ""8_2"", ""is_minor"": false, ""message"": ""Preprocessing failed: Concept has endpoints but image does not."", ""similarity"": 0.0, ""concept_complexity"": 0, ""image_complexity"": 0}]","{'ged_timeout': 5, 'skeletonization_threshold': 110, 'simplification_epsilon': 4.55, 'comparison_method': 'ged', 'fgw_alpha': 0.5, 'image_path': '/opt/nuclio/shared_storage/mnist_all/9/mnist_test_9_00315.png', 'image_id': '2674b580-13d9-4dae-b3de-125b776b6594', 'diagnostic_weight_epsilon': 1.0, 'range_penalty_factor': 0.5, 'node_costs': {'NO_COST': 0.0, 'MINOR': 0.65, 'GENERAL': 0.75, 'SEVERE': 1.0, 'NO_MATCH': 1.5, 'IMPOSSIBLE': 10.0}, 'features': ['normalized_x', 'normalized_y', 'distance_to_centroid', 'horizontal_direction', 'vertical_direction', 'angle_with_ox', 'junction_angle_min', 'is_endpoint', 'is_corner', 'length_ratio_to_max', 'eccentricity', 'avg_neighbor_vector_length', 'neighbor_endpoint_count', 'neighbor_junction_count'], 'mlflow_experiment_id': '4', 'mlflow_run_id': 'b586b24a868744d3aff0659ed46c898f', 'session_id': 'a39e8e04-3bc8-44e0-b153-1519cbacda11', 'image_width': 100, 'image_height': 100}","{'skeletonization_time_ms': 212.469125, 'contour_analysis_time_ms': 491.66, 'classification_time_ms': 255.167458}",4,False
success,64a92a88-3428-4f7e-acdb-d80702e7ab49,,/opt/nuclio/shared_storage/mnist_all/8/mnist_test_8_00660.png,8,"[{""concept_id"": ""6_1"", ""is_minor"": true, ""message"": ""Similarity between image and concept 6_1: 0.549"", ""similarity"": 0.549, ""concept_complexity"": 20, ""image_complexity"": 35}, {""concept_id"": ""9_2"", ""is_minor"": true, ""message"": ""Similarity between image and concept 9_2: 0.5052"", ""similarity"": 0.5052, ""concept_complexity"": 16, ""image_complexity"": 35}, {""concept_id"": ""4_1"", ""is_minor"": true, ""message"": ""Similarity between image and concept 4_1: 0.5037"", ""similarity"": 0.5037, ""concept_complexity"": 16, ""image_complexity"": 35}, {""concept_id"": ""8_1"", ""is_minor"": true, ""message"": ""Similarity between image and concept 8_1: 0.1843"", ""similarity"": 0.1843, ""concept_complexity"": 27, ""image_complexity"": 35}, {""concept_id"": ""0_1"", ""is_minor"": true, ""message"": ""Similarity between image and concept 0_1: 0.1902"", ""similarity"": 0.1902, ""concept_complexity"": 20, ""image_complexity"": 35}, {""concept_id"": ""1_1"", ""is_minor"": false, ""message"": ""Preprocessing failed: Concept has endpoints but image does not."", ""similarity"": 0.0, ""concept_complexity"": 0, ""image_complexity"": 0}, {""concept_id"": ""1_3"", ""is_minor"": false, ""message"": ""Preprocessing failed: Concept has endpoints but image does not."", ""similarity"": 0.0, ""concept_complexity"": 0, ""image_complexity"": 0}, {""concept_id"": ""2_1"", ""is_minor"": false, ""message"": ""Preprocessing failed: Concept has endpoints but image does not."", ""similarity"": 0.0, ""concept_complexity"": 0, ""image_complexity"": 0}, {""concept_id"": ""2_2"", ""is_minor"": false, ""message"": ""Preprocessing failed: Concept has corner points but image does not."", ""similarity"": 0.0, ""concept_complexity"": 0, ""image_complexity"": 0}, {""concept_id"": ""3_1"", ""is_minor"": false, ""message"": ""Preprocessing failed: Concept has endpoints but image does not."", ""similarity"": 0.0, ""concept_complexity"": 0, ""image_complexity"": 0}, {""concept_id"": ""4_2"", ""is_minor"": false, ""message"": ""Preprocessing failed: Concept has endpoints but image does not."", ""similarity"": 0.0, ""concept_complexity"": 0, ""image_complexity"": 0}, {""concept_id"": ""5_1"", ""is_minor"": false, ""message"": ""Preprocessing failed: Concept has endpoints but image does not."", ""similarity"": 0.0, ""concept_complexity"": 0, ""image_complexity"": 0}, {""concept_id"": ""7_1"", ""is_minor"": false, ""message"": ""Preprocessing failed: Concept has endpoints but image does not."", ""similarity"": 0.0, ""concept_complexity"": 0, ""image_complexity"": 0}, {""concept_id"": ""8_2"", ""is_minor"": false, ""message"": ""Preprocessing failed: Concept has endpoints but image does not."", ""similarity"": 0.0, ""concept_complexity"": 0, ""image_complexity"": 0}]","{'ged_timeout': 5, 'skeletonization_threshold': 110, 'simplification_epsilon': 4.55, 'comparison_method': 'ged', 'fgw_alpha': 0.5, 'image_path': '/opt/nuclio/shared_storage/mnist_all/8/mnist_test_8_00660.png', 'image_id': '64a92a88-3428-4f7e-acdb-d80702e7ab49', 'diagnostic_weight_epsilon': 1.0, 'range_penalty_factor': 0.5, 'node_costs': {'NO_COST': 0.0, 'MINOR': 0.65, 'GENERAL': 0.75, 'SEVERE': 1.0, 'NO_MATCH': 1.5, 'IMPOSSIBLE': 10.0}, 'features': ['normalized_x', 'normalized_y', 'distance_to_centroid', 'horizontal_direction', 'vertical_direction', 'angle_with_ox', 'junction_angle_min', 'is_endpoint', 'is_corner', 'length_ratio_to_max', 'eccentricity', 'avg_neighbor_vector_length', 'neighbor_endpoint_count', 'neighbor_junction_count'], 'mlflow_experiment_id': '4', 'mlflow_run_id': 'b586b24a868744d3aff0659ed46c898f', 'session_id': 'df761577-a3ec-4fd9-8387-edd39c27aaf7', 'image_width': 100, 'image_height': 100}","{'skeletonization_time_ms': 92.805208, 'contour_analysis_time_ms': 522.09825, 'classification_time_ms': 670.935208}",6,False
success,d1cd2f76-6dd2-45bd-95ca-e35bfd443db9,,/opt/nuclio/shared_storage/mnist_all/9/mnist_test_9_00942.png,9,"[{""concept_id"": ""4_1"", ""is_minor"": true, ""message"": ""Similarity between image and concept 4_1: 0.5575"", ""similarity"": 0.5575, ""concept_complexity"": 16, ""image_complexity"": 24}, {""concept_id"": ""9_2"", ""is_minor"": true, ""message"": ""Similarity between image and concept 9_2: 0.5462"", ""similarity"": 0.5462, ""concept_complexity"": 16, ""image_complexity"": 24}, {""concept_id"": ""0_1"", ""is_minor"": true, ""message"": ""Similarity between image and concept 0_1: 0.4372"", ""similarity"": 0.4372, ""concept_complexity"": 20, ""image_complexity"": 24}, {""concept_id"": ""6_1"", ""is_minor"": true, ""message"": ""Similarity between image and concept 6_1: 0.4299"", ""similarity"": 0.4299, ""concept_complexity"": 20, ""image_complexity"": 24}, {""concept_id"": ""1_1"", ""is_minor"": false, ""message"": ""Preprocessing failed: Concept has endpoints but image does not."", ""similarity"": 0.0, ""concept_complexity"": 0, ""image_complexity"": 0}, {""concept_id"": ""1_3"", ""is_minor"": false, ""message"": ""Preprocessing failed: Concept has endpoints but image does not."", ""similarity"": 0.0, ""concept_complexity"": 0, ""image_complexity"": 0}, {""concept_id"": ""2_1"", ""is_minor"": false, ""message"": ""Preprocessing failed: Concept has endpoints but image does not."", ""similarity"": 0.0, ""concept_complexity"": 0, ""image_complexity"": 0}, {""concept_id"": ""2_2"", ""is_minor"": false, ""message"": ""Preprocessing failed: Concept has corner points but image does not."", ""similarity"": 0.0, ""concept_complexity"": 0, ""image_complexity"": 0}, {""concept_id"": ""3_1"", ""is_minor"": false, ""message"": ""Preprocessing failed: Concept has endpoints but image does not."", ""similarity"": 0.0, ""concept_complexity"": 0, ""image_complexity"": 0}, {""concept_id"": ""4_2"", ""is_minor"": false, ""message"": ""Preprocessing failed: Concept has endpoints but image does not."", ""similarity"": 0.0, ""concept_complexity"": 0, ""image_complexity"": 0}, {""concept_id"": ""5_1"", ""is_minor"": false, ""message"": ""Preprocessing failed: Concept has endpoints but image does not."", ""similarity"": 0.0, ""concept_complexity"": 0, ""image_complexity"": 0}, {""concept_id"": ""7_1"", ""is_minor"": false, ""message"": ""Preprocessing failed: Concept has endpoints but image does not."", ""similarity"": 0.0, ""concept_complexity"": 0, ""image_complexity"": 0}, {""concept_id"": ""8_2"", ""is_minor"": false, ""message"": ""Preprocessing failed: Concept has endpoints but image does not."", ""similarity"": 0.0, ""concept_complexity"": 0, ""image_complexity"": 0}]","{'ged_timeout': 5, 'skeletonization_threshold': 110, 'simplification_epsilon': 4.55, 'comparison_method': 'ged', 'fgw_alpha': 0.5, 'image_path': '/opt/nuclio/shared_storage/mnist_all/9/mnist_test_9_00942.png', 'image_id': 'd1cd2f76-6dd2-45bd-95ca-e35bfd443db9', 'diagnostic_weight_epsilon': 1.0, 'range_penalty_factor': 0.5, 'node_costs': {'NO_COST': 0.0, 'MINOR': 0.65, 'GENERAL': 0.75, 'SEVERE': 1.0, 'NO_MATCH': 1.5, 'IMPOSSIBLE': 10.0}, 'features': ['normalized_x', 'normalized_y', 'distance_to_centroid', 'horizontal_direction', 'vertical_direction', 'angle_with_ox', 'junction_angle_min', 'is_endpoint', 'is_corner', 'length_ratio_to_max', 'eccentricity', 'avg_neighbor_vector_length', 'neighbor_endpoint_count', 'neighbor_junction_count'], 'mlflow_experiment_id': '4', 'mlflow_run_id': 'b586b24a868744d3aff0659ed46c898f', 'session_id': 'ff1ca59d-d5de-43d6-93d5-34843f21c90a', 'image_width': 100, 'image_height': 100}","{'skeletonization_time_ms': 165.008459, 'contour_analysis_time_ms': 1058.986375, 'classification_time_ms': 227.831167}",4,False
success,9a1e8538-ffd3-45ad-a6d7-3220fc9715f3,,/opt/nuclio/shared_storage/mnist_all/9/mnist_test_9_00314.png,9,"[{""concept_id"": ""4_1"", ""is_minor"": true, ""message"": ""Similarity between image and concept 4_1: 0.6246"", ""similarity"": 0.6246, ""concept_complexity"": 16, ""image_complexity"": 28}, {""concept_id"": ""9_2"", ""is_minor"": true, ""message"": ""Similarity between image and concept 9_2: 0.6023"", ""similarity"": 0.6023, ""concept_complexity"": 16, ""image_complexity"": 28}, {""concept_id"": ""6_1"", ""is_minor"": true, ""message"": ""Similarity between image and concept 6_1: 0.5062"", ""similarity"": 0.5062, ""concept_complexity"": 20, ""image_complexity"": 28}, {""concept_id"": ""0_1"", ""is_minor"": true, ""message"": ""Similarity between image and concept 0_1: 0.5019"", ""similarity"": 0.5019, ""concept_complexity"": 20, ""image_complexity"": 28}, {""concept_id"": ""8_1"", ""is_minor"": true, ""message"": ""Similarity between image and concept 8_1: 0.4359"", ""similarity"": 0.4359, ""concept_complexity"": 27, ""image_complexity"": 28}, {""concept_id"": ""1_1"", ""is_minor"": false, ""message"": ""Preprocessing failed: Concept has endpoints but image does not."", ""similarity"": 0.0, ""concept_complexity"": 0, ""image_complexity"": 0}, {""concept_id"": ""1_3"", ""is_minor"": false, ""message"": ""Preprocessing failed: Concept has endpoints but image does not."", ""similarity"": 0.0, ""concept_complexity"": 0, ""image_complexity"": 0}, {""concept_id"": ""2_1"", ""is_minor"": false, ""message"": ""Preprocessing failed: Concept has endpoints but image does not."", ""similarity"": 0.0, ""concept_complexity"": 0, ""image_complexity"": 0}, {""concept_id"": ""2_2"", ""is_minor"": false, ""message"": ""Preprocessing failed: Concept has corner points but image does not."", ""similarity"": 0.0, ""concept_complexity"": 0, ""image_complexity"": 0}, {""concept_id"": ""3_1"", ""is_minor"": false, ""message"": ""Preprocessing failed: Concept has endpoints but image does not."", ""similarity"": 0.0, ""concept_complexity"": 0, ""image_complexity"": 0}, {""concept_id"": ""4_2"", ""is_minor"": false, ""message"": ""Preprocessing failed: Concept has endpoints but image does not."", ""similarity"": 0.0, ""concept_complexity"": 0, ""image_complexity"": 0}, {""concept_id"": ""5_1"", ""is_minor"": false, ""message"": ""Preprocessing failed: Concept has endpoints but image does not."", ""similarity"": 0.0, ""concept_complexity"": 0, ""image_complexity"": 0}, {""concept_id"": ""7_1"", ""is_minor"": false, ""message"": ""Preprocessing failed: Concept has endpoints but image does not."", ""similarity"": 0.0, ""concept_complexity"": 0, ""image_complexity"": 0}, {""concept_id"": ""8_2"", ""is_minor"": false, ""message"": ""Preprocessing failed: Concept has endpoints but image does not."", ""similarity"": 0.0, ""concept_complexity"": 0, ""image_complexity"": 0}]","{'ged_timeout': 5, 'skeletonization_threshold': 110, 'simplification_epsilon': 4.55, 'comparison_method': 'ged', 'fgw_alpha': 0.5, 'image_path': '/opt/nuclio/shared_storage/mnist_all/9/mnist_test_9_00314.png', 'image_id': '9a1e8538-ffd3-45ad-a6d7-3220fc9715f3', 'diagnostic_weight_epsilon': 1.0, 'range_penalty_factor': 0.5, 'node_costs': {'NO_COST': 0.0, 'MINOR': 0.65, 'GENERAL': 0.75, 'SEVERE': 1.0, 'NO_MATCH': 1.5, 'IMPOSSIBLE': 10.0}, 'features': ['normalized_x', 'normalized_y', 'distance_to_centroid', 'horizontal_direction', 'vertical_direction', 'angle_with_ox', 'junction_angle_min', 'is_endpoint', 'is_corner', 'length_ratio_to_max', 'eccentricity', 'avg_neighbor_vector_length', 'neighbor_endpoint_count', 'neighbor_junction_count'], 'mlflow_experiment_id': '4', 'mlflow_run_id': 'b586b24a868744d3aff0659ed46c898f', 'session_id': 'd52e8380-0a9e-4549-92fa-310925921268', 'image_width': 100, 'image_height': 100}","{'skeletonization_time_ms': 479.271, 'contour_analysis_time_ms': 371.481625, 'classification_time_ms': 1446.787667}",4,False
success,ddd28483-d217-4cc2-bee5-9212c6cf6545,,/opt/nuclio/shared_storage/mnist_all/9/mnist_test_9_00636.png,9,"[{""concept_id"": ""6_1"", ""is_minor"": true, ""message"": ""Similarity between image and concept 6_1: 0.5441"", ""similarity"": 0.5441, ""concept_complexity"": 20, ""image_complexity"": 36}, {""concept_id"": ""4_1"", ""is_minor"": true, ""message"": ""Similarity between image and concept 4_1: 0.5252"", ""similarity"": 0.5252, ""concept_complexity"": 16, ""image_complexity"": 36}, {""concept_id"": ""8_1"", ""is_minor"": true, ""message"": ""Similarity between image and concept 8_1: 0.4746"", ""similarity"": 0.4746, ""concept_complexity"": 27, ""image_complexity"": 36}, {""concept_id"": ""0_1"", ""is_minor"": true, ""message"": ""Similarity between image and concept 0_1: 0.4941"", ""similarity"": 0.4941, ""concept_complexity"": 20, ""image_complexity"": 36}, {""concept_id"": ""9_2"", ""is_minor"": true, ""message"": ""Similarity between image and concept 9_2: 0.5034"", ""similarity"": 0.5034, ""concept_complexity"": 16, ""image_complexity"": 36}, {""concept_id"": ""2_2"", ""is_minor"": true, ""message"": ""Similarity between image and concept 2_2: 0.48"", ""similarity"": 0.48, ""concept_complexity"": 20, ""image_complexity"": 36}, {""concept_id"": ""1_1"", ""is_minor"": false, ""message"": ""Preprocessing failed: Concept has endpoints but image does not."", ""similarity"": 0.0, ""concept_complexity"": 0, ""image_complexity"": 0}, {""concept_id"": ""1_3"", ""is_minor"": false, ""message"": ""Preprocessing failed: Concept has endpoints but image does not."", ""similarity"": 0.0, ""concept_complexity"": 0, ""image_complexity"": 0}, {""concept_id"": ""2_1"", ""is_minor"": false, ""message"": ""Preprocessing failed: Concept has endpoints but image does not."", ""similarity"": 0.0, ""concept_complexity"": 0, ""image_complexity"": 0}, {""concept_id"": ""3_1"", ""is_minor"": false, ""message"": ""Preprocessing failed: Concept has endpoints but image does not."", ""similarity"": 0.0, ""concept_complexity"": 0, ""image_complexity"": 0}, {""concept_id"": ""4_2"", ""is_minor"": false, ""message"": ""Preprocessing failed: Concept has endpoints but image does not."", ""similarity"": 0.0, ""concept_complexity"": 0, ""image_complexity"": 0}, {""concept_id"": ""5_1"", ""is_minor"": false, ""message"": ""Preprocessing failed: Concept has endpoints but image does not."", ""similarity"": 0.0, ""concept_complexity"": 0, ""image_complexity"": 0}, {""concept_id"": ""7_1"", ""is_minor"": false, ""message"": ""Preprocessing failed: Concept has endpoints but image does not."", ""similarity"": 0.0, ""concept_complexity"": 0, ""image_complexity"": 0}, {""concept_id"": ""8_2"", ""is_minor"": false, ""message"": ""Preprocessing failed: Concept has endpoints but image does not."", ""similarity"": 0.0, ""concept_complexity"": 0, ""image_complexity"": 0}]","{'ged_timeout': 5, 'skeletonization_threshold': 110, 'simplification_epsilon': 4.55, 'comparison_method': 'ged', 'fgw_alpha': 0.5, 'image_path': '/opt/nuclio/shared_storage/mnist_all/9/mnist_test_9_00636.png', 'image_id': 'ddd28483-d217-4cc2-bee5-9212c6cf6545', 'diagnostic_weight_epsilon': 1.0, 'range_penalty_factor': 0.5, 'node_costs': {'NO_COST': 0.0, 'MINOR': 0.65, 'GENERAL': 0.75, 'SEVERE': 1.0, 'NO_MATCH': 1.5, 'IMPOSSIBLE': 10.0}, 'features': ['normalized_x', 'normalized_y', 'distance_to_centroid', 'horizontal_direction', 'vertical_direction', 'angle_with_ox', 'junction_angle_min', 'is_endpoint', 'is_corner', 'length_ratio_to_max', 'eccentricity', 'avg_neighbor_vector_length', 'neighbor_endpoint_count', 'neighbor_junction_count'], 'mlflow_experiment_id': '4', 'mlflow_run_id': 'b586b24a868744d3aff0659ed46c898f', 'session_id': 'bf3b794d-bd79-46a9-a708-c1e408ec9c8e', 'image_width': 100, 'image_height': 100}","{'skeletonization_time_ms': 156.376251, 'contour_analysis_time_ms': 725.448917, 'classification_time_ms': 7749.036504}",6,False
success,3943712a-decb-44cb-8007-d7272d6a6b9c,,/opt/nuclio/shared_storage/mnist_all/9/mnist_test_9_00633.png,9,"[{""concept_id"": ""6_1"", ""is_minor"": true, ""message"": ""Similarity between image and concept 6_1: 0.5628"", ""similarity"": 0.5628, ""concept_complexity"": 20, ""image_complexity"": 32}, {""concept_id"": ""8_1"", ""is_minor"": true, ""message"": ""Similarity between image and concept 8_1: 0.5077"", ""similarity"": 0.5077, ""concept_complexity"": 27, ""image_complexity"": 32}, {""concept_id"": ""4_1"", ""is_minor"": true, ""message"": ""Similarity between image and concept 4_1: 0.5307"", ""similarity"": 0.5307, ""concept_complexity"": 16, ""image_complexity"": 32}, {""concept_id"": ""9_2"", ""is_minor"": true, ""message"": ""Similarity between image and concept 9_2: 0.5283"", ""similarity"": 0.5283, ""concept_complexity"": 16, ""image_complexity"": 32}, {""concept_id"": ""0_1"", ""is_minor"": true, ""message"": ""Similarity between image and concept 0_1: 0.4855"", ""similarity"": 0.4855, ""concept_complexity"": 20, ""image_complexity"": 32}, {""concept_id"": ""2_2"", ""is_minor"": true, ""message"": ""Similarity between image and concept 2_2: 0.4611"", ""similarity"": 0.4611, ""concept_complexity"": 20, ""image_complexity"": 32}, {""concept_id"": ""1_1"", ""is_minor"": false, ""message"": ""Preprocessing failed: Concept has endpoints but image does not."", ""similarity"": 0.0, ""concept_complexity"": 0, ""image_complexity"": 0}, {""concept_id"": ""1_3"", ""is_minor"": false, ""message"": ""Preprocessing failed: Concept has endpoints but image does not."", ""similarity"": 0.0, ""concept_complexity"": 0, ""image_complexity"": 0}, {""concept_id"": ""2_1"", ""is_minor"": false, ""message"": ""Preprocessing failed: Concept has endpoints but image does not."", ""similarity"": 0.0, ""concept_complexity"": 0, ""image_complexity"": 0}, {""concept_id"": ""3_1"", ""is_minor"": false, ""message"": ""Preprocessing failed: Concept has endpoints but image does not."", ""similarity"": 0.0, ""concept_complexity"": 0, ""image_complexity"": 0}, {""concept_id"": ""4_2"", ""is_minor"": false, ""message"": ""Preprocessing failed: Concept has endpoints but image does not."", ""similarity"": 0.0, ""concept_complexity"": 0, ""image_complexity"": 0}, {""concept_id"": ""5_1"", ""is_minor"": false, ""message"": ""Preprocessing failed: Concept has endpoints but image does not."", ""similarity"": 0.0, ""concept_complexity"": 0, ""image_complexity"": 0}, {""concept_id"": ""7_1"", ""is_minor"": false, ""message"": ""Preprocessing failed: Concept has endpoints but image does not."", ""similarity"": 0.0, ""concept_complexity"": 0, ""image_complexity"": 0}, {""concept_id"": ""8_2"", ""is_minor"": false, ""message"": ""Preprocessing failed: Concept has endpoints but image does not."", ""similarity"": 0.0, ""concept_complexity"": 0, ""image_complexity"": 0}]","{'ged_timeout': 5, 'skeletonization_threshold': 110, 'simplification_epsilon': 4.55, 'comparison_method': 'ged', 'fgw_alpha': 0.5, 'image_path': '/opt/nuclio/shared_storage/mnist_all/9/mnist_test_9_00633.png', 'image_id': '3943712a-decb-44cb-8007-d7272d6a6b9c', 'diagnostic_weight_epsilon': 1.0, 'range_penalty_factor': 0.5, 'node_costs': {'NO_COST': 0.0, 'MINOR': 0.65, 'GENERAL': 0.75, 'SEVERE': 1.0, 'NO_MATCH': 1.5, 'IMPOSSIBLE': 10.0}, 'features': ['normalized_x', 'normalized_y', 'distance_to_centroid', 'horizontal_direction', 'vertical_direction', 'angle_with_ox', 'junction_angle_min', 'is_endpoint', 'is_corner', 'length_ratio_to_max', 'eccentricity', 'avg_neighbor_vector_length', 'neighbor_endpoint_count', 'neighbor_junction_count'], 'mlflow_experiment_id': '4', 'mlflow_run_id': 'b586b24a868744d3aff0659ed46c898f', 'session_id': '72dcacee-f399-434b-badf-0ee7a67b234f', 'image_width': 100, 'image_height': 100}","{'skeletonization_time_ms': 234.097417, 'contour_analysis_time_ms': 539.395626, 'classification_time_ms': 985.700876}",6,False
success,a92b4d52-d535-4c28-80d9-f79a3f7a77d3,,/opt/nuclio/shared_storage/mnist_all/9/mnist_test_9_00018.png,9,"[{""concept_id"": ""4_1"", ""is_minor"": true, ""message"": ""Similarity between image and concept 4_1: 0.5468"", ""similarity"": 0.5468, ""concept_complexity"": 16, ""image_complexity"": 39}, {""concept_id"": ""6_1"", ""is_minor"": true, ""message"": ""Similarity between image and concept 6_1: 0.4922"", ""similarity"": 0.4922, ""concept_complexity"": 20, ""image_complexity"": 39}, {""concept_id"": ""2_2"", ""is_minor"": true, ""message"": ""Similarity between image and concept 2_2: 0.465"", ""similarity"": 0.465, ""concept_complexity"": 20, ""image_complexity"": 39}, {""concept_id"": ""8_1"", ""is_minor"": true, ""message"": ""Similarity between image and concept 8_1: 0.1952"", ""similarity"": 0.1952, ""concept_complexity"": 27, ""image_complexity"": 39}, {""concept_id"": ""0_1"", ""is_minor"": true, ""message"": ""Similarity between image and concept 0_1: 0.198"", ""similarity"": 0.198, ""concept_complexity"": 20, ""image_complexity"": 39}, {""concept_id"": ""1_1"", ""is_minor"": false, ""message"": ""Preprocessing failed: Concept has endpoints but image does not."", ""similarity"": 0.0, ""concept_complexity"": 0, ""image_complexity"": 0}, {""concept_id"": ""1_3"", ""is_minor"": false, ""message"": ""Preprocessing failed: Concept has endpoints but image does not."", ""similarity"": 0.0, ""concept_complexity"": 0, ""image_complexity"": 0}, {""concept_id"": ""2_1"", ""is_minor"": false, ""message"": ""Preprocessing failed: Concept has endpoints but image does not."", ""similarity"": 0.0, ""concept_complexity"": 0, ""image_complexity"": 0}, {""concept_id"": ""3_1"", ""is_minor"": false, ""message"": ""Preprocessing failed: Concept has endpoints but image does not."", ""similarity"": 0.0, ""concept_complexity"": 0, ""image_complexity"": 0}, {""concept_id"": ""4_2"", ""is_minor"": false, ""message"": ""Preprocessing failed: Concept has endpoints but image does not."", ""similarity"": 0.0, ""concept_complexity"": 0, ""image_complexity"": 0}, {""concept_id"": ""5_1"", ""is_minor"": false, ""message"": ""Preprocessing failed: Concept has endpoints but image does not."", ""similarity"": 0.0, ""concept_complexity"": 0, ""image_complexity"": 0}, {""concept_id"": ""7_1"", ""is_minor"": false, ""message"": ""Preprocessing failed: Concept has endpoints but image does not."", ""similarity"": 0.0, ""concept_complexity"": 0, ""image_complexity"": 0}, {""concept_id"": ""8_2"", ""is_minor"": false, ""message"": ""Preprocessing failed: Concept has endpoints but image does not."", ""similarity"": 0.0, ""concept_complexity"": 0, ""image_complexity"": 0}, {""concept_id"": ""9_2"", ""is_minor"": false, ""message"": ""Preprocessing failed: Concept has more corner points than image."", ""similarity"": 0.0, ""concept_complexity"": 0, ""image_complexity"": 0}]","{'ged_timeout': 5, 'skeletonization_threshold': 110, 'simplification_epsilon': 4.55, 'comparison_method': 'ged', 'fgw_alpha': 0.5, 'image_path': '/opt/nuclio/shared_storage/mnist_all/9/mnist_test_9_00018.png', 'image_id': 'a92b4d52-d535-4c28-80d9-f79a3f7a77d3', 'diagnostic_weight_epsilon': 1.0, 'range_penalty_factor': 0.5, 'node_costs': {'NO_COST': 0.0, 'MINOR': 0.65, 'GENERAL': 0.75, 'SEVERE': 1.0, 'NO_MATCH': 1.5, 'IMPOSSIBLE': 10.0}, 'features': ['normalized_x', 'normalized_y', 'distance_to_centroid', 'horizontal_direction', 'vertical_direction', 'angle_with_ox', 'junction_angle_min', 'is_endpoint', 'is_corner', 'length_ratio_to_max', 'eccentricity', 'avg_neighbor_vector_length', 'neighbor_endpoint_count', 'neighbor_junction_count'], 'mlflow_experiment_id': '4', 'mlflow_run_id': 'b586b24a868744d3aff0659ed46c898f', 'session_id': '3d6e51a1-b527-4e89-88e1-49eca8f2295c', 'image_width': 100, 'image_height': 100}","{'skeletonization_time_ms': 353.291, 'contour_analysis_time_ms': 341.412209, 'classification_time_ms': 604.827125}",4,False
success,7906b70e-6e98-4be9-bc4e-e09b75efbaa3,,/opt/nuclio/shared_storage/mnist_all/8/mnist_test_8_00321.png,8,"[{""concept_id"": ""4_1"", ""is_minor"": true, ""message"": ""Similarity between image and concept 4_1: 0.5107"", ""similarity"": 0.5107, ""concept_complexity"": 16, ""image_complexity"": 43}, {""concept_id"": ""8_1"", ""is_minor"": true, ""message"": ""Similarity between image and concept 8_1: 0.1995"", ""similarity"": 0.1995, ""concept_complexity"": 27, ""image_complexity"": 43}, {""concept_id"": ""0_1"", ""is_minor"": true, ""message"": ""Similarity between image and concept 0_1: 0.1978"", ""similarity"": 0.1978, ""concept_complexity"": 20, ""image_complexity"": 43}, {""concept_id"": ""1_1"", ""is_minor"": false, ""message"": ""Preprocessing failed: Concept has endpoints but image does not."", ""similarity"": 0.0, ""concept_complexity"": 0, ""image_complexity"": 0}, {""concept_id"": ""1_3"", ""is_minor"": false, ""message"": ""Preprocessing failed: Concept has endpoints but image does not."", ""similarity"": 0.0, ""concept_complexity"": 0, ""image_complexity"": 0}, {""concept_id"": ""2_1"", ""is_minor"": false, ""message"": ""Preprocessing failed: Concept has endpoints but image does not."", ""similarity"": 0.0, ""concept_complexity"": 0, ""image_complexity"": 0}, {""concept_id"": ""2_2"", ""is_minor"": false, ""message"": ""Preprocessing failed: Concept has corner points but image does not."", ""similarity"": 0.0, ""concept_complexity"": 0, ""image_complexity"": 0}, {""concept_id"": ""3_1"", ""is_minor"": false, ""message"": ""Preprocessing failed: Concept has endpoints but image does not."", ""similarity"": 0.0, ""concept_complexity"": 0, ""image_complexity"": 0}, {""concept_id"": ""4_2"", ""is_minor"": false, ""message"": ""Preprocessing failed: Concept has endpoints but image does not."", ""similarity"": 0.0, ""concept_complexity"": 0, ""image_complexity"": 0}, {""concept_id"": ""5_1"", ""is_minor"": false, ""message"": ""Preprocessing failed: Concept has endpoints but image does not."", ""similarity"": 0.0, ""concept_complexity"": 0, ""image_complexity"": 0}, {""concept_id"": ""6_1"", ""is_minor"": false, ""message"": ""Preprocessing failed: Concept has intersection points but image does not."", ""similarity"": 0.0, ""concept_complexity"": 0, ""image_complexity"": 0}, {""concept_id"": ""7_1"", ""is_minor"": false, ""message"": ""Preprocessing failed: Concept has endpoints but image does not."", ""similarity"": 0.0, ""concept_complexity"": 0, ""image_complexity"": 0}, {""concept_id"": ""8_2"", ""is_minor"": false, ""message"": ""Preprocessing failed: Concept has endpoints but image does not."", ""similarity"": 0.0, ""concept_complexity"": 0, ""image_complexity"": 0}, {""concept_id"": ""9_2"", ""is_minor"": false, ""message"": ""Preprocessing failed: Concept has intersection points but image does not."", ""similarity"": 0.0, ""concept_complexity"": 0, ""image_complexity"": 0}]","{'ged_timeout': 5, 'skeletonization_threshold': 110, 'simplification_epsilon': 4.55, 'comparison_method': 'ged', 'fgw_alpha': 0.5, 'image_path': '/opt/nuclio/shared_storage/mnist_all/8/mnist_test_8_00321.png', 'image_id': '7906b70e-6e98-4be9-bc4e-e09b75efbaa3', 'diagnostic_weight_epsilon': 1.0, 'range_penalty_factor': 0.5, 'node_costs': {'NO_COST': 0.0, 'MINOR': 0.65, 'GENERAL': 0.75, 'SEVERE': 1.0, 'NO_MATCH': 1.5, 'IMPOSSIBLE': 10.0}, 'features': ['normalized_x', 'normalized_y', 'distance_to_centroid', 'horizontal_direction', 'vertical_direction', 'angle_with_ox', 'junction_angle_min', 'is_endpoint', 'is_corner', 'length_ratio_to_max', 'eccentricity', 'avg_neighbor_vector_length', 'neighbor_endpoint_count', 'neighbor_junction_count'], 'mlflow_experiment_id': '4', 'mlflow_run_id': 'b586b24a868744d3aff0659ed46c898f', 'session_id': '3bb72e71-49e6-45b5-b2b6-2abca4059350', 'image_width': 100, 'image_height': 100}","{'skeletonization_time_ms': 149.7025, 'contour_analysis_time_ms': 603.161334, 'classification_time_ms': 493.700959}",4,False
success,0390711a-91eb-4ac1-8856-91f33f93bd39,,/opt/nuclio/shared_storage/mnist_all/8/mnist_test_8_00165.png,8,"[{""concept_id"": ""6_1"", ""is_minor"": true, ""message"": ""Similarity between image and concept 6_1: 0.5444"", ""similarity"": 0.5444, ""concept_complexity"": 20, ""image_complexity"": 39}, {""concept_id"": ""4_1"", ""is_minor"": true, ""message"": ""Similarity between image and concept 4_1: 0.5546"", ""similarity"": 0.5546, ""concept_complexity"": 16, ""image_complexity"": 39}, {""concept_id"": ""9_2"", ""is_minor"": true, ""message"": ""Similarity between image and concept 9_2: 0.5392"", ""similarity"": 0.5392, ""concept_complexity"": 16, ""image_complexity"": 39}, {""concept_id"": ""8_1"", ""is_minor"": true, ""message"": ""Similarity between image and concept 8_1: 0.1973"", ""similarity"": 0.1973, ""concept_complexity"": 27, ""image_complexity"": 39}, {""concept_id"": ""0_1"", ""is_minor"": true, ""message"": ""Similarity between image and concept 0_1: 0.2065"", ""similarity"": 0.2065, ""concept_complexity"": 20, ""image_complexity"": 39}, {""concept_id"": ""1_1"", ""is_minor"": false, ""message"": ""Preprocessing failed: Concept has endpoints but image does not."", ""similarity"": 0.0, ""concept_complexity"": 0, ""image_complexity"": 0}, {""concept_id"": ""1_3"", ""is_minor"": false, ""message"": ""Preprocessing failed: Concept has endpoints but image does not."", ""similarity"": 0.0, ""concept_complexity"": 0, ""image_complexity"": 0}, {""concept_id"": ""2_1"", ""is_minor"": false, ""message"": ""Preprocessing failed: Concept has endpoints but image does not."", ""similarity"": 0.0, ""concept_complexity"": 0, ""image_complexity"": 0}, {""concept_id"": ""2_2"", ""is_minor"": false, ""message"": ""Preprocessing failed: Concept has corner points but image does not."", ""similarity"": 0.0, ""concept_complexity"": 0, ""image_complexity"": 0}, {""concept_id"": ""3_1"", ""is_minor"": false, ""message"": ""Preprocessing failed: Concept has endpoints but image does not."", ""similarity"": 0.0, ""concept_complexity"": 0, ""image_complexity"": 0}, {""concept_id"": ""4_2"", ""is_minor"": false, ""message"": ""Preprocessing failed: Concept has endpoints but image does not."", ""similarity"": 0.0, ""concept_complexity"": 0, ""image_complexity"": 0}, {""concept_id"": ""5_1"", ""is_minor"": false, ""message"": ""Preprocessing failed: Concept has endpoints but image does not."", ""similarity"": 0.0, ""concept_complexity"": 0, ""image_complexity"": 0}, {""concept_id"": ""7_1"", ""is_minor"": false, ""message"": ""Preprocessing failed: Concept has endpoints but image does not."", ""similarity"": 0.0, ""concept_complexity"": 0, ""image_complexity"": 0}, {""concept_id"": ""8_2"", ""is_minor"": false, ""message"": ""Preprocessing failed: Concept has endpoints but image does not."", ""similarity"": 0.0, ""concept_complexity"": 0, ""image_complexity"": 0}]","{'ged_timeout': 5, 'skeletonization_threshold': 110, 'simplification_epsilon': 4.55, 'comparison_method': 'ged', 'fgw_alpha': 0.5, 'image_path': '/opt/nuclio/shared_storage/mnist_all/8/mnist_test_8_00165.png', 'image_id': '0390711a-91eb-4ac1-8856-91f33f93bd39', 'diagnostic_weight_epsilon': 1.0, 'range_penalty_factor': 0.5, 'node_costs': {'NO_COST': 0.0, 'MINOR': 0.65, 'GENERAL': 0.75, 'SEVERE': 1.0, 'NO_MATCH': 1.5, 'IMPOSSIBLE': 10.0}, 'features': ['normalized_x', 'normalized_y', 'distance_to_centroid', 'horizontal_direction', 'vertical_direction', 'angle_with_ox', 'junction_angle_min', 'is_endpoint', 'is_corner', 'length_ratio_to_max', 'eccentricity', 'avg_neighbor_vector_length', 'neighbor_endpoint_count', 'neighbor_junction_count'], 'mlflow_experiment_id': '4', 'mlflow_run_id': 'b586b24a868744d3aff0659ed46c898f', 'session_id': '8b0c2973-458e-40f7-a76d-78bfe212335c', 'image_width': 100, 'image_height': 100}","{'skeletonization_time_ms': 178.00125, 'contour_analysis_time_ms': 897.752917, 'classification_time_ms': 827.912501}",6,False
success,f9f40de2-68b0-4b4a-8ed5-ecf815b45efe,,/opt/nuclio/shared_storage/mnist_all/9/mnist_test_9_00250.png,9,"[{""concept_id"": ""7_1"", ""is_minor"": true, ""message"": ""Similarity between image and concept 7_1: 0.6118"", ""similarity"": 0.6118, ""concept_complexity"": 9, ""image_complexity"": 17}, {""concept_id"": ""2_1"", ""is_minor"": true, ""message"": ""Similarity between image and concept 2_1: 0.4854"", ""similarity"": 0.4854, ""concept_complexity"": 13, ""image_complexity"": 17}, {""concept_id"": ""5_1"", ""is_minor"": true, ""message"": ""Similarity between image and concept 5_1: 0.3982"", ""similarity"": 0.3982, ""concept_complexity"": 17, ""image_complexity"": 17}, {""concept_id"": ""1_3"", ""is_minor"": true, ""message"": ""Similarity between image and concept 1_3: 0.4431"", ""similarity"": 0.4431, ""concept_complexity"": 5, ""image_complexity"": 17}, {""concept_id"": ""1_1"", ""is_minor"": false, ""message"": ""Preprocessing failed: Concept has more endpoints than image."", ""similarity"": 0.0, ""concept_complexity"": 0, ""image_complexity"": 0}, {""concept_id"": ""4_1"", ""is_minor"": false, ""message"": ""Preprocessing failed: Concept has intersection points but image does not."", ""similarity"": 0.0, ""concept_complexity"": 0, ""image_complexity"": 0}, {""concept_id"": ""4_2"", ""is_minor"": false, ""message"": ""Preprocessing failed: Concept has more endpoints than image."", ""similarity"": 0.0, ""concept_complexity"": 0, ""image_complexity"": 0}, {""concept_id"": ""9_2"", ""is_minor"": false, ""message"": ""Preprocessing failed: Concept has intersection points but image does not."", ""similarity"": 0.0, ""concept_complexity"": 0, ""image_complexity"": 0}]","{'ged_timeout': 5, 'skeletonization_threshold': 110, 'simplification_epsilon': 4.55, 'comparison_method': 'ged', 'fgw_alpha': 0.5, 'image_path': '/opt/nuclio/shared_storage/mnist_all/9/mnist_test_9_00250.png', 'image_id': 'f9f40de2-68b0-4b4a-8ed5-ecf815b45efe', 'diagnostic_weight_epsilon': 1.0, 'range_penalty_factor': 0.5, 'node_costs': {'NO_COST': 0.0, 'MINOR': 0.65, 'GENERAL': 0.75, 'SEVERE': 1.0, 'NO_MATCH': 1.5, 'IMPOSSIBLE': 10.0}, 'features': ['normalized_x', 'normalized_y', 'distance_to_centroid', 'horizontal_direction', 'vertical_direction', 'angle_with_ox', 'junction_angle_min', 'is_endpoint', 'is_corner', 'length_ratio_to_max', 'eccentricity', 'avg_neighbor_vector_length', 'neighbor_endpoint_count', 'neighbor_junction_count'], 'mlflow_experiment_id': '4', 'mlflow_run_id': 'b586b24a868744d3aff0659ed46c898f', 'session_id': '6c0b0c22-6c39-4f1c-bce1-0d1bc7731fe5', 'image_width': 100, 'image_height': 100}","{'skeletonization_time_ms': 93.672791, 'contour_analysis_time_ms': 319.833375, 'classification_time_ms': 160.949792}",7,False
success,7f835936-0bf7-4bb7-b730-ecd0c7057471,,/opt/nuclio/shared_storage/mnist_all/8/mnist_test_8_00464.png,8,"[{""concept_id"": ""6_1"", ""is_minor"": true, ""message"": ""Similarity between image and concept 6_1: 0.5799"", ""similarity"": 0.5799, ""concept_complexity"": 20, ""image_complexity"": 35}, {""concept_id"": ""4_1"", ""is_minor"": true, ""message"": ""Similarity between image and concept 4_1: 0.5052"", ""similarity"": 0.5052, ""concept_complexity"": 16, ""image_complexity"": 35}, {""concept_id"": ""9_2"", ""is_minor"": true, ""message"": ""Similarity between image and concept 9_2: 0.5047"", ""similarity"": 0.5047, ""concept_complexity"": 16, ""image_complexity"": 35}, {""concept_id"": ""8_1"", ""is_minor"": true, ""message"": ""Similarity between image and concept 8_1: 0.1824"", ""similarity"": 0.1824, ""concept_complexity"": 27, ""image_complexity"": 35}, {""concept_id"": ""0_1"", ""is_minor"": true, ""message"": ""Similarity between image and concept 0_1: 0.1851"", ""similarity"": 0.1851, ""concept_complexity"": 20, ""image_complexity"": 35}, {""concept_id"": ""1_1"", ""is_minor"": false, ""message"": ""Preprocessing failed: Concept has endpoints but image does not."", ""similarity"": 0.0, ""concept_complexity"": 0, ""image_complexity"": 0}, {""concept_id"": ""1_3"", ""is_minor"": false, ""message"": ""Preprocessing failed: Concept has endpoints but image does not."", ""similarity"": 0.0, ""concept_complexity"": 0, ""image_complexity"": 0}, {""concept_id"": ""2_1"", ""is_minor"": false, ""message"": ""Preprocessing failed: Concept has endpoints but image does not."", ""similarity"": 0.0, ""concept_complexity"": 0, ""image_complexity"": 0}, {""concept_id"": ""2_2"", ""is_minor"": false, ""message"": ""Preprocessing failed: Concept has corner points but image does not."", ""similarity"": 0.0, ""concept_complexity"": 0, ""image_complexity"": 0}, {""concept_id"": ""3_1"", ""is_minor"": false, ""message"": ""Preprocessing failed: Concept has endpoints but image does not."", ""similarity"": 0.0, ""concept_complexity"": 0, ""image_complexity"": 0}, {""concept_id"": ""4_2"", ""is_minor"": false, ""message"": ""Preprocessing failed: Concept has endpoints but image does not."", ""similarity"": 0.0, ""concept_complexity"": 0, ""image_complexity"": 0}, {""concept_id"": ""5_1"", ""is_minor"": false, ""message"": ""Preprocessing failed: Concept has endpoints but image does not."", ""similarity"": 0.0, ""concept_complexity"": 0, ""image_complexity"": 0}, {""concept_id"": ""7_1"", ""is_minor"": false, ""message"": ""Preprocessing failed: Concept has endpoints but image does not."", ""similarity"": 0.0, ""concept_complexity"": 0, ""image_complexity"": 0}, {""concept_id"": ""8_2"", ""is_minor"": false, ""message"": ""Preprocessing failed: Concept has endpoints but image does not."", ""similarity"": 0.0, ""concept_complexity"": 0, ""image_complexity"": 0}]","{'ged_timeout': 5, 'skeletonization_threshold': 110, 'simplification_epsilon': 4.55, 'comparison_method': 'ged', 'fgw_alpha': 0.5, 'image_path': '/opt/nuclio/shared_storage/mnist_all/8/mnist_test_8_00464.png', 'image_id': '7f835936-0bf7-4bb7-b730-ecd0c7057471', 'diagnostic_weight_epsilon': 1.0, 'range_penalty_factor': 0.5, 'node_costs': {'NO_COST': 0.0, 'MINOR': 0.65, 'GENERAL': 0.75, 'SEVERE': 1.0, 'NO_MATCH': 1.5, 'IMPOSSIBLE': 10.0}, 'features': ['normalized_x', 'normalized_y', 'distance_to_centroid', 'horizontal_direction', 'vertical_direction', 'angle_with_ox', 'junction_angle_min', 'is_endpoint', 'is_corner', 'length_ratio_to_max', 'eccentricity', 'avg_neighbor_vector_length', 'neighbor_endpoint_count', 'neighbor_junction_count'], 'mlflow_experiment_id': '4', 'mlflow_run_id': 'b586b24a868744d3aff0659ed46c898f', 'session_id': '16c2a9c5-f841-48ff-a289-afcef0e57677', 'image_width': 100, 'image_height': 100}","{'skeletonization_time_ms': 88.77525, 'contour_analysis_time_ms': 423.092541, 'classification_time_ms': 610.349417}",6,False
success,10087ecf-76bd-478d-b882-07465e7be216,,/opt/nuclio/shared_storage/mnist_all/9/mnist_test_9_00408.png,9,"[{""concept_id"": ""4_1"", ""is_minor"": true, ""message"": ""Similarity between image and concept 4_1: 0.5137"", ""similarity"": 0.5137, ""concept_complexity"": 16, ""image_complexity"": 32}, {""concept_id"": ""8_1"", ""is_minor"": true, ""message"": ""Similarity between image and concept 8_1: 0.4675"", ""similarity"": 0.4675, ""concept_complexity"": 27, ""image_complexity"": 32}, {""concept_id"": ""6_1"", ""is_minor"": true, ""message"": ""Similarity between image and concept 6_1: 0.4874"", ""similarity"": 0.4874, ""concept_complexity"": 20, ""image_complexity"": 32}, {""concept_id"": ""9_2"", ""is_minor"": true, ""message"": ""Similarity between image and concept 9_2: 0.5026"", ""similarity"": 0.5026, ""concept_complexity"": 16, ""image_complexity"": 32}, {""concept_id"": ""0_1"", ""is_minor"": true, ""message"": ""Similarity between image and concept 0_1: 0.4734"", ""similarity"": 0.4734, ""concept_complexity"": 20, ""image_complexity"": 32}, {""concept_id"": ""2_2"", ""is_minor"": true, ""message"": ""Similarity between image and concept 2_2: 0.4519"", ""similarity"": 0.4519, ""concept_complexity"": 20, ""image_complexity"": 32}, {""concept_id"": ""1_1"", ""is_minor"": false, ""message"": ""Preprocessing failed: Concept has endpoints but image does not."", ""similarity"": 0.0, ""concept_complexity"": 0, ""image_complexity"": 0}, {""concept_id"": ""1_3"", ""is_minor"": false, ""message"": ""Preprocessing failed: Concept has endpoints but image does not."", ""similarity"": 0.0, ""concept_complexity"": 0, ""image_complexity"": 0}, {""concept_id"": ""2_1"", ""is_minor"": false, ""message"": ""Preprocessing failed: Concept has endpoints but image does not."", ""similarity"": 0.0, ""concept_complexity"": 0, ""image_complexity"": 0}, {""concept_id"": ""3_1"", ""is_minor"": false, ""message"": ""Preprocessing failed: Concept has endpoints but image does not."", ""similarity"": 0.0, ""concept_complexity"": 0, ""image_complexity"": 0}, {""concept_id"": ""4_2"", ""is_minor"": false, ""message"": ""Preprocessing failed: Concept has endpoints but image does not."", ""similarity"": 0.0, ""concept_complexity"": 0, ""image_complexity"": 0}, {""concept_id"": ""5_1"", ""is_minor"": false, ""message"": ""Preprocessing failed: Concept has endpoints but image does not."", ""similarity"": 0.0, ""concept_complexity"": 0, ""image_complexity"": 0}, {""concept_id"": ""7_1"", ""is_minor"": false, ""message"": ""Preprocessing failed: Concept has endpoints but image does not."", ""similarity"": 0.0, ""concept_complexity"": 0, ""image_complexity"": 0}, {""concept_id"": ""8_2"", ""is_minor"": false, ""message"": ""Preprocessing failed: Concept has endpoints but image does not."", ""similarity"": 0.0, ""concept_complexity"": 0, ""image_complexity"": 0}]","{'ged_timeout': 5, 'skeletonization_threshold': 110, 'simplification_epsilon': 4.55, 'comparison_method': 'ged', 'fgw_alpha': 0.5, 'image_path': '/opt/nuclio/shared_storage/mnist_all/9/mnist_test_9_00408.png', 'image_id': '10087ecf-76bd-478d-b882-07465e7be216', 'diagnostic_weight_epsilon': 1.0, 'range_penalty_factor': 0.5, 'node_costs': {'NO_COST': 0.0, 'MINOR': 0.65, 'GENERAL': 0.75, 'SEVERE': 1.0, 'NO_MATCH': 1.5, 'IMPOSSIBLE': 10.0}, 'features': ['normalized_x', 'normalized_y', 'distance_to_centroid', 'horizontal_direction', 'vertical_direction', 'angle_with_ox', 'junction_angle_min', 'is_endpoint', 'is_corner', 'length_ratio_to_max', 'eccentricity', 'avg_neighbor_vector_length', 'neighbor_endpoint_count', 'neighbor_junction_count'], 'mlflow_experiment_id': '4', 'mlflow_run_id': 'b586b24a868744d3aff0659ed46c898f', 'session_id': '14ac206d-9543-4c99-8105-b2094eb58f43', 'image_width': 100, 'image_height': 100}","{'skeletonization_time_ms': 186.464833, 'contour_analysis_time_ms': 313.329959, 'classification_time_ms': 1322.419709}",4,False
success,66e1b593-e195-4d1d-a750-3675c30758e0,,/opt/nuclio/shared_storage/mnist_all/9/mnist_test_9_00637.png,9,"[{""concept_id"": ""8_1"", ""is_minor"": true, ""message"": ""Similarity between image and concept 8_1: 0.4959"", ""similarity"": 0.4959, ""concept_complexity"": 27, ""image_complexity"": 32}, {""concept_id"": ""6_1"", ""is_minor"": true, ""message"": ""Similarity between image and concept 6_1: 0.5204"", ""similarity"": 0.5204, ""concept_complexity"": 20, ""image_complexity"": 32}, {""concept_id"": ""4_1"", ""is_minor"": true, ""message"": ""Similarity between image and concept 4_1: 0.5183"", ""similarity"": 0.5183, ""concept_complexity"": 16, ""image_complexity"": 32}, {""concept_id"": ""9_2"", ""is_minor"": true, ""message"": ""Similarity between image and concept 9_2: 0.5037"", ""similarity"": 0.5037, ""concept_complexity"": 16, ""image_complexity"": 32}, {""concept_id"": ""0_1"", ""is_minor"": true, ""message"": ""Similarity between image and concept 0_1: 0.4837"", ""similarity"": 0.4837, ""concept_complexity"": 20, ""image_complexity"": 32}, {""concept_id"": ""2_2"", ""is_minor"": true, ""message"": ""Similarity between image and concept 2_2: 0.4712"", ""similarity"": 0.4712, ""concept_complexity"": 20, ""image_complexity"": 32}, {""concept_id"": ""1_1"", ""is_minor"": false, ""message"": ""Preprocessing failed: Concept has endpoints but image does not."", ""similarity"": 0.0, ""concept_complexity"": 0, ""image_complexity"": 0}, {""concept_id"": ""1_3"", ""is_minor"": false, ""message"": ""Preprocessing failed: Concept has endpoints but image does not."", ""similarity"": 0.0, ""concept_complexity"": 0, ""image_complexity"": 0}, {""concept_id"": ""2_1"", ""is_minor"": false, ""message"": ""Preprocessing failed: Concept has endpoints but image does not."", ""similarity"": 0.0, ""concept_complexity"": 0, ""image_complexity"": 0}, {""concept_id"": ""3_1"", ""is_minor"": false, ""message"": ""Preprocessing failed: Concept has endpoints but image does not."", ""similarity"": 0.0, ""concept_complexity"": 0, ""image_complexity"": 0}, {""concept_id"": ""4_2"", ""is_minor"": false, ""message"": ""Preprocessing failed: Concept has endpoints but image does not."", ""similarity"": 0.0, ""concept_complexity"": 0, ""image_complexity"": 0}, {""concept_id"": ""5_1"", ""is_minor"": false, ""message"": ""Preprocessing failed: Concept has endpoints but image does not."", ""similarity"": 0.0, ""concept_complexity"": 0, ""image_complexity"": 0}, {""concept_id"": ""7_1"", ""is_minor"": false, ""message"": ""Preprocessing failed: Concept has endpoints but image does not."", ""similarity"": 0.0, ""concept_complexity"": 0, ""image_complexity"": 0}, {""concept_id"": ""8_2"", ""is_minor"": false, ""message"": ""Preprocessing failed: Concept has endpoints but image does not."", ""similarity"": 0.0, ""concept_complexity"": 0, ""image_complexity"": 0}]","{'ged_timeout': 5, 'skeletonization_threshold': 110, 'simplification_epsilon': 4.55, 'comparison_method': 'ged', 'fgw_alpha': 0.5, 'image_path': '/opt/nuclio/shared_storage/mnist_all/9/mnist_test_9_00637.png', 'image_id': '66e1b593-e195-4d1d-a750-3675c30758e0', 'diagnostic_weight_epsilon': 1.0, 'range_penalty_factor': 0.5, 'node_costs': {'NO_COST': 0.0, 'MINOR': 0.65, 'GENERAL': 0.75, 'SEVERE': 1.0, 'NO_MATCH': 1.5, 'IMPOSSIBLE': 10.0}, 'features': ['normalized_x', 'normalized_y', 'distance_to_centroid', 'horizontal_direction', 'vertical_direction', 'angle_with_ox', 'junction_angle_min', 'is_endpoint', 'is_corner', 'length_ratio_to_max', 'eccentricity', 'avg_neighbor_vector_length', 'neighbor_endpoint_count', 'neighbor_junction_count'], 'mlflow_experiment_id': '4', 'mlflow_run_id': 'b586b24a868744d3aff0659ed46c898f', 'session_id': '2d12f6a8-509b-4417-9980-0f8a5dbd1d1c', 'image_width': 100, 'image_height': 100}","{'skeletonization_time_ms': 109.971959, 'contour_analysis_time_ms': 366.690958, 'classification_time_ms': 1939.803001}",8,False
success,d72b2026-3c34-408f-92e4-ce568ef908f8,,/opt/nuclio/shared_storage/mnist_all/8/mnist_test_8_00537.png,8,"[{""concept_id"": ""6_1"", ""is_minor"": true, ""message"": ""Similarity between image and concept 6_1: 0.5656"", ""similarity"": 0.5656, ""concept_complexity"": 20, ""image_complexity"": 35}, {""concept_id"": ""4_1"", ""is_minor"": true, ""message"": ""Similarity between image and concept 4_1: 0.5092"", ""similarity"": 0.5092, ""concept_complexity"": 16, ""image_complexity"": 35}, {""concept_id"": ""9_2"", ""is_minor"": true, ""message"": ""Similarity between image and concept 9_2: 0.5063"", ""similarity"": 0.5063, ""concept_complexity"": 16, ""image_complexity"": 35}, {""concept_id"": ""8_1"", ""is_minor"": true, ""message"": ""Similarity between image and concept 8_1: 0.1824"", ""similarity"": 0.1824, ""concept_complexity"": 27, ""image_complexity"": 35}, {""concept_id"": ""0_1"", ""is_minor"": true, ""message"": ""Similarity between image and concept 0_1: 0.1852"", ""similarity"": 0.1852, ""concept_complexity"": 20, ""image_complexity"": 35}, {""concept_id"": ""1_1"", ""is_minor"": false, ""message"": ""Preprocessing failed: Concept has endpoints but image does not."", ""similarity"": 0.0, ""concept_complexity"": 0, ""image_complexity"": 0}, {""concept_id"": ""1_3"", ""is_minor"": false, ""message"": ""Preprocessing failed: Concept has endpoints but image does not."", ""similarity"": 0.0, ""concept_complexity"": 0, ""image_complexity"": 0}, {""concept_id"": ""2_1"", ""is_minor"": false, ""message"": ""Preprocessing failed: Concept has endpoints but image does not."", ""similarity"": 0.0, ""concept_complexity"": 0, ""image_complexity"": 0}, {""concept_id"": ""2_2"", ""is_minor"": false, ""message"": ""Preprocessing failed: Concept has corner points but image does not."", ""similarity"": 0.0, ""concept_complexity"": 0, ""image_complexity"": 0}, {""concept_id"": ""3_1"", ""is_minor"": false, ""message"": ""Preprocessing failed: Concept has endpoints but image does not."", ""similarity"": 0.0, ""concept_complexity"": 0, ""image_complexity"": 0}, {""concept_id"": ""4_2"", ""is_minor"": false, ""message"": ""Preprocessing failed: Concept has endpoints but image does not."", ""similarity"": 0.0, ""concept_complexity"": 0, ""image_complexity"": 0}, {""concept_id"": ""5_1"", ""is_minor"": false, ""message"": ""Preprocessing failed: Concept has endpoints but image does not."", ""similarity"": 0.0, ""concept_complexity"": 0, ""image_complexity"": 0}, {""concept_id"": ""7_1"", ""is_minor"": false, ""message"": ""Preprocessing failed: Concept has endpoints but image does not."", ""similarity"": 0.0, ""concept_complexity"": 0, ""image_complexity"": 0}, {""concept_id"": ""8_2"", ""is_minor"": false, ""message"": ""Preprocessing failed: Concept has endpoints but image does not."", ""similarity"": 0.0, ""concept_complexity"": 0, ""image_complexity"": 0}]","{'ged_timeout': 5, 'skeletonization_threshold': 110, 'simplification_epsilon': 4.55, 'comparison_method': 'ged', 'fgw_alpha': 0.5, 'image_path': '/opt/nuclio/shared_storage/mnist_all/8/mnist_test_8_00537.png', 'image_id': 'd72b2026-3c34-408f-92e4-ce568ef908f8', 'diagnostic_weight_epsilon': 1.0, 'range_penalty_factor': 0.5, 'node_costs': {'NO_COST': 0.0, 'MINOR': 0.65, 'GENERAL': 0.75, 'SEVERE': 1.0, 'NO_MATCH': 1.5, 'IMPOSSIBLE': 10.0}, 'features': ['normalized_x', 'normalized_y', 'distance_to_centroid', 'horizontal_direction', 'vertical_direction', 'angle_with_ox', 'junction_angle_min', 'is_endpoint', 'is_corner', 'length_ratio_to_max', 'eccentricity', 'avg_neighbor_vector_length', 'neighbor_endpoint_count', 'neighbor_junction_count'], 'mlflow_experiment_id': '4', 'mlflow_run_id': 'b586b24a868744d3aff0659ed46c898f', 'session_id': '37262978-d62b-4194-b28a-bfd3176e8545', 'image_width': 100, 'image_height': 100}","{'skeletonization_time_ms': 83.564792, 'contour_analysis_time_ms': 1148.064043, 'classification_time_ms': 645.623084}",6,False
success,ce1e0158-ff73-4c5a-879d-428c3b3cc5ed,,/opt/nuclio/shared_storage/mnist_all/9/mnist_test_9_00732.png,9,"[{""concept_id"": ""4_1"", ""is_minor"": true, ""message"": ""Similarity between image and concept 4_1: 0.6628"", ""similarity"": 0.6628, ""concept_complexity"": 16, ""image_complexity"": 24}, {""concept_id"": ""9_2"", ""is_minor"": true, ""message"": ""Similarity between image and concept 9_2: 0.6378"", ""similarity"": 0.6378, ""concept_complexity"": 16, ""image_complexity"": 24}, {""concept_id"": ""0_1"", ""is_minor"": true, ""message"": ""Similarity between image and concept 0_1: 0.4583"", ""similarity"": 0.4583, ""concept_complexity"": 20, ""image_complexity"": 24}, {""concept_id"": ""6_1"", ""is_minor"": true, ""message"": ""Similarity between image and concept 6_1: 0.4157"", ""similarity"": 0.4157, ""concept_complexity"": 20, ""image_complexity"": 24}, {""concept_id"": ""1_1"", ""is_minor"": false, ""message"": ""Preprocessing failed: Concept has endpoints but image does not."", ""similarity"": 0.0, ""concept_complexity"": 0, ""image_complexity"": 0}, {""concept_id"": ""1_3"", ""is_minor"": false, ""message"": ""Preprocessing failed: Concept has endpoints but image does not."", ""similarity"": 0.0, ""concept_complexity"": 0, ""image_complexity"": 0}, {""concept_id"": ""2_1"", ""is_minor"": false, ""message"": ""Preprocessing failed: Concept has endpoints but image does not."", ""similarity"": 0.0, ""concept_complexity"": 0, ""image_complexity"": 0}, {""concept_id"": ""2_2"", ""is_minor"": false, ""message"": ""Preprocessing failed: Concept has corner points but image does not."", ""similarity"": 0.0, ""concept_complexity"": 0, ""image_complexity"": 0}, {""concept_id"": ""3_1"", ""is_minor"": false, ""message"": ""Preprocessing failed: Concept has endpoints but image does not."", ""similarity"": 0.0, ""concept_complexity"": 0, ""image_complexity"": 0}, {""concept_id"": ""4_2"", ""is_minor"": false, ""message"": ""Preprocessing failed: Concept has endpoints but image does not."", ""similarity"": 0.0, ""concept_complexity"": 0, ""image_complexity"": 0}, {""concept_id"": ""5_1"", ""is_minor"": false, ""message"": ""Preprocessing failed: Concept has endpoints but image does not."", ""similarity"": 0.0, ""concept_complexity"": 0, ""image_complexity"": 0}, {""concept_id"": ""7_1"", ""is_minor"": false, ""message"": ""Preprocessing failed: Concept has endpoints but image does not."", ""similarity"": 0.0, ""concept_complexity"": 0, ""image_complexity"": 0}, {""concept_id"": ""8_2"", ""is_minor"": false, ""message"": ""Preprocessing failed: Concept has endpoints but image does not."", ""similarity"": 0.0, ""concept_complexity"": 0, ""image_complexity"": 0}]","{'ged_timeout': 5, 'skeletonization_threshold': 110, 'simplification_epsilon': 4.55, 'comparison_method': 'ged', 'fgw_alpha': 0.5, 'image_path': '/opt/nuclio/shared_storage/mnist_all/9/mnist_test_9_00732.png', 'image_id': 'ce1e0158-ff73-4c5a-879d-428c3b3cc5ed', 'diagnostic_weight_epsilon': 1.0, 'range_penalty_factor': 0.5, 'node_costs': {'NO_COST': 0.0, 'MINOR': 0.65, 'GENERAL': 0.75, 'SEVERE': 1.0, 'NO_MATCH': 1.5, 'IMPOSSIBLE': 10.0}, 'features': ['normalized_x', 'normalized_y', 'distance_to_centroid', 'horizontal_direction', 'vertical_direction', 'angle_with_ox', 'junction_angle_min', 'is_endpoint', 'is_corner', 'length_ratio_to_max', 'eccentricity', 'avg_neighbor_vector_length', 'neighbor_endpoint_count', 'neighbor_junction_count'], 'mlflow_experiment_id': '4', 'mlflow_run_id': 'b586b24a868744d3aff0659ed46c898f', 'session_id': '5ce0c72d-00df-4540-8368-fccd66773a59', 'image_width': 100, 'image_height': 100}","{'skeletonization_time_ms': 54.9615, 'contour_analysis_time_ms': 203.285958, 'classification_time_ms': 163.646375}",4,False
success,461d7e50-7fee-4611-b3b9-ff2080b00866,,/opt/nuclio/shared_storage/mnist_all/9/mnist_test_9_00549.png,9,"[{""concept_id"": ""4_1"", ""is_minor"": true, ""message"": ""Similarity between image and concept 4_1: 0.589"", ""similarity"": 0.589, ""concept_complexity"": 16, ""image_complexity"": 36}, {""concept_id"": ""9_2"", ""is_minor"": true, ""message"": ""Similarity between image and concept 9_2: 0.5552"", ""similarity"": 0.5552, ""concept_complexity"": 16, ""image_complexity"": 36}, {""concept_id"": ""2_2"", ""is_minor"": true, ""message"": ""Similarity between image and concept 2_2: 0.5001"", ""similarity"": 0.5001, ""concept_complexity"": 20, ""image_complexity"": 36}, {""concept_id"": ""8_1"", ""is_minor"": true, ""message"": ""Similarity between image and concept 8_1: 0.4726"", ""similarity"": 0.4726, ""concept_complexity"": 27, ""image_complexity"": 36}, {""concept_id"": ""6_1"", ""is_minor"": true, ""message"": ""Similarity between image and concept 6_1: 0.4973"", ""similarity"": 0.4973, ""concept_complexity"": 20, ""image_complexity"": 36}, {""concept_id"": ""0_1"", ""is_minor"": true, ""message"": ""Similarity between image and concept 0_1: 0.4672"", ""similarity"": 0.4672, ""concept_complexity"": 20, ""image_complexity"": 36}, {""concept_id"": ""1_1"", ""is_minor"": false, ""message"": ""Preprocessing failed: Concept has endpoints but image does not."", ""similarity"": 0.0, ""concept_complexity"": 0, ""image_complexity"": 0}, {""concept_id"": ""1_3"", ""is_minor"": false, ""message"": ""Preprocessing failed: Concept has endpoints but image does not."", ""similarity"": 0.0, ""concept_complexity"": 0, ""image_complexity"": 0}, {""concept_id"": ""2_1"", ""is_minor"": false, ""message"": ""Preprocessing failed: Concept has endpoints but image does not."", ""similarity"": 0.0, ""concept_complexity"": 0, ""image_complexity"": 0}, {""concept_id"": ""3_1"", ""is_minor"": false, ""message"": ""Preprocessing failed: Concept has endpoints but image does not."", ""similarity"": 0.0, ""concept_complexity"": 0, ""image_complexity"": 0}, {""concept_id"": ""4_2"", ""is_minor"": false, ""message"": ""Preprocessing failed: Concept has endpoints but image does not."", ""similarity"": 0.0, ""concept_complexity"": 0, ""image_complexity"": 0}, {""concept_id"": ""5_1"", ""is_minor"": false, ""message"": ""Preprocessing failed: Concept has endpoints but image does not."", ""similarity"": 0.0, ""concept_complexity"": 0, ""image_complexity"": 0}, {""concept_id"": ""7_1"", ""is_minor"": false, ""message"": ""Preprocessing failed: Concept has endpoints but image does not."", ""similarity"": 0.0, ""concept_complexity"": 0, ""image_complexity"": 0}, {""concept_id"": ""8_2"", ""is_minor"": false, ""message"": ""Preprocessing failed: Concept has endpoints but image does not."", ""similarity"": 0.0, ""concept_complexity"": 0, ""image_complexity"": 0}]","{'ged_timeout': 5, 'skeletonization_threshold': 110, 'simplification_epsilon': 4.55, 'comparison_method': 'ged', 'fgw_alpha': 0.5, 'image_path': '/opt/nuclio/shared_storage/mnist_all/9/mnist_test_9_00549.png', 'image_id': '461d7e50-7fee-4611-b3b9-ff2080b00866', 'diagnostic_weight_epsilon': 1.0, 'range_penalty_factor': 0.5, 'node_costs': {'NO_COST': 0.0, 'MINOR': 0.65, 'GENERAL': 0.75, 'SEVERE': 1.0, 'NO_MATCH': 1.5, 'IMPOSSIBLE': 10.0}, 'features': ['normalized_x', 'normalized_y', 'distance_to_centroid', 'horizontal_direction', 'vertical_direction', 'angle_with_ox', 'junction_angle_min', 'is_endpoint', 'is_corner', 'length_ratio_to_max', 'eccentricity', 'avg_neighbor_vector_length', 'neighbor_endpoint_count', 'neighbor_junction_count'], 'mlflow_experiment_id': '4', 'mlflow_run_id': 'b586b24a868744d3aff0659ed46c898f', 'session_id': 'b1666080-f3cf-4cd5-977b-327bb236cb59', 'image_width': 100, 'image_height': 100}","{'skeletonization_time_ms': 174.10875, 'contour_analysis_time_ms': 259.615125, 'classification_time_ms': 5925.202253}",4,False
success,0f9b99f9-0ce6-4a33-91f2-ff92ce955be8,,/opt/nuclio/shared_storage/mnist_all/2/mnist_test_2_00082.png,2,"[{""concept_id"": ""8_1"", ""is_minor"": true, ""message"": ""Similarity between image and concept 8_1: 0.4938"", ""similarity"": 0.4938, ""concept_complexity"": 27, ""image_complexity"": 51}, {""concept_id"": ""6_1"", ""is_minor"": true, ""message"": ""Similarity between image and concept 6_1: 0.4933"", ""similarity"": 0.4933, ""concept_complexity"": 20, ""image_complexity"": 51}, {""concept_id"": ""2_2"", ""is_minor"": true, ""message"": ""Similarity between image and concept 2_2: 0.4886"", ""similarity"": 0.4886, ""concept_complexity"": 20, ""image_complexity"": 51}, {""concept_id"": ""9_2"", ""is_minor"": true, ""message"": ""Similarity between image and concept 9_2: 0.496"", ""similarity"": 0.496, ""concept_complexity"": 16, ""image_complexity"": 51}, {""concept_id"": ""4_1"", ""is_minor"": true, ""message"": ""Similarity between image and concept 4_1: 0.4676"", ""similarity"": 0.4676, ""concept_complexity"": 16, ""image_complexity"": 51}, {""concept_id"": ""0_1"", ""is_minor"": false, ""message"": ""Preprocessing failed: Concept has more corner points than image."", ""similarity"": 0.0, ""concept_complexity"": 0, ""image_complexity"": 0}, {""concept_id"": ""1_1"", ""is_minor"": false, ""message"": ""Preprocessing failed: Concept has endpoints but image does not."", ""similarity"": 0.0, ""concept_complexity"": 0, ""image_complexity"": 0}, {""concept_id"": ""1_3"", ""is_minor"": false, ""message"": ""Preprocessing failed: Concept has endpoints but image does not."", ""similarity"": 0.0, ""concept_complexity"": 0, ""image_complexity"": 0}, {""concept_id"": ""2_1"", ""is_minor"": false, ""message"": ""Preprocessing failed: Concept has endpoints but image does not."", ""similarity"": 0.0, ""concept_complexity"": 0, ""image_complexity"": 0}, {""concept_id"": ""3_1"", ""is_minor"": false, ""message"": ""Preprocessing failed: Concept has endpoints but image does not."", ""similarity"": 0.0, ""concept_complexity"": 0, ""image_complexity"": 0}, {""concept_id"": ""4_2"", ""is_minor"": false, ""message"": ""Preprocessing failed: Concept has endpoints but image does not."", ""similarity"": 0.0, ""concept_complexity"": 0, ""image_complexity"": 0}, {""concept_id"": ""5_1"", ""is_minor"": false, ""message"": ""Preprocessing failed: Concept has endpoints but image does not."", ""similarity"": 0.0, ""concept_complexity"": 0, ""image_complexity"": 0}, {""concept_id"": ""7_1"", ""is_minor"": false, ""message"": ""Preprocessing failed: Concept has endpoints but image does not."", ""similarity"": 0.0, ""concept_complexity"": 0, ""image_complexity"": 0}, {""concept_id"": ""8_2"", ""is_minor"": false, ""message"": ""Preprocessing failed: Concept has endpoints but image does not."", ""similarity"": 0.0, ""concept_complexity"": 0, ""image_complexity"": 0}]","{'ged_timeout': 5, 'skeletonization_threshold': 110, 'simplification_epsilon': 4.55, 'comparison_method': 'ged', 'fgw_alpha': 0.5, 'image_path': '/opt/nuclio/shared_storage/mnist_all/2/mnist_test_2_00082.png', 'image_id': '0f9b99f9-0ce6-4a33-91f2-ff92ce955be8', 'diagnostic_weight_epsilon': 1.0, 'range_penalty_factor': 0.5, 'node_costs': {'NO_COST': 0.0, 'MINOR': 0.65, 'GENERAL': 0.75, 'SEVERE': 1.0, 'NO_MATCH': 1.5, 'IMPOSSIBLE': 10.0}, 'features': ['normalized_x', 'normalized_y', 'distance_to_centroid', 'horizontal_direction', 'vertical_direction', 'angle_with_ox', 'junction_angle_min', 'is_endpoint', 'is_corner', 'length_ratio_to_max', 'eccentricity', 'avg_neighbor_vector_length', 'neighbor_endpoint_count', 'neighbor_junction_count'], 'mlflow_experiment_id': '4', 'mlflow_run_id': 'b586b24a868744d3aff0659ed46c898f', 'session_id': '7424db29-f6ea-4640-8de3-6d15be44517a', 'image_width': 100, 'image_height': 100}","{'skeletonization_time_ms': 286.755458, 'contour_analysis_time_ms': 824.483667, 'classification_time_ms': 401551.437297}",8,False
success,40ed9767-e9a4-4510-a06c-2cd3e04f9d14,,/opt/nuclio/shared_storage/mnist_all/2/mnist_test_2_00909.png,2,"[{""concept_id"": ""7_1"", ""is_minor"": true, ""message"": ""Similarity between image and concept 7_1: 0.6037"", ""similarity"": 0.6037, ""concept_complexity"": 9, ""image_complexity"": 17}, {""concept_id"": ""2_1"", ""is_minor"": true, ""message"": ""Similarity between image and concept 2_1: 0.5571"", ""similarity"": 0.5571, ""concept_complexity"": 13, ""image_complexity"": 17}, {""concept_id"": ""4_2"", ""is_minor"": true, ""message"": ""Similarity between image and concept 4_2: 0.4701"", ""similarity"": 0.4701, ""concept_complexity"": 13, ""image_complexity"": 17}, {""concept_id"": ""1_1"", ""is_minor"": true, ""message"": ""Similarity between image and concept 1_1: 0.3193"", ""similarity"": 0.3193, ""concept_complexity"": 13, ""image_complexity"": 17}, {""concept_id"": ""1_3"", ""is_minor"": true, ""message"": ""Similarity between image and concept 1_3: 0.3165"", ""similarity"": 0.3165, ""concept_complexity"": 5, ""image_complexity"": 17}, {""concept_id"": ""4_1"", ""is_minor"": false, ""message"": ""Preprocessing failed: Concept has intersection points but image does not."", ""similarity"": 0.0, ""concept_complexity"": 0, ""image_complexity"": 0}, {""concept_id"": ""5_1"", ""is_minor"": false, ""message"": ""Preprocessing failed: Concept has more corner points than image."", ""similarity"": 0.0, ""concept_complexity"": 0, ""image_complexity"": 0}, {""concept_id"": ""9_2"", ""is_minor"": false, ""message"": ""Preprocessing failed: Concept has intersection points but image does not."", ""similarity"": 0.0, ""concept_complexity"": 0, ""image_complexity"": 0}]","{'ged_timeout': 5, 'skeletonization_threshold': 110, 'simplification_epsilon': 4.55, 'comparison_method': 'ged', 'fgw_alpha': 0.5, 'image_path': '/opt/nuclio/shared_storage/mnist_all/2/mnist_test_2_00909.png', 'image_id': '40ed9767-e9a4-4510-a06c-2cd3e04f9d14', 'diagnostic_weight_epsilon': 1.0, 'range_penalty_factor': 0.5, 'node_costs': {'NO_COST': 0.0, 'MINOR': 0.65, 'GENERAL': 0.75, 'SEVERE': 1.0, 'NO_MATCH': 1.5, 'IMPOSSIBLE': 10.0}, 'features': ['normalized_x', 'normalized_y', 'distance_to_centroid', 'horizontal_direction', 'vertical_direction', 'angle_with_ox', 'junction_angle_min', 'is_endpoint', 'is_corner', 'length_ratio_to_max', 'eccentricity', 'avg_neighbor_vector_length', 'neighbor_endpoint_count', 'neighbor_junction_count'], 'mlflow_experiment_id': '4', 'mlflow_run_id': 'b586b24a868744d3aff0659ed46c898f', 'session_id': 'a1c1a46e-bdc8-45d3-914c-cc0e4ee7d028', 'image_width': 100, 'image_height': 100}","{'skeletonization_time_ms': 87.721084, 'contour_analysis_time_ms': 798.496376, 'classification_time_ms': 46.958792}",7,False
success,507479b6-f41f-40df-8034-eac3794ee9b5,,/opt/nuclio/shared_storage/mnist_all/2/mnist_test_2_00487.png,2,"[{""concept_id"": ""7_1"", ""is_minor"": true, ""message"": ""Similarity between image and concept 7_1: 0.6079"", ""similarity"": 0.6079, ""concept_complexity"": 9, ""image_complexity"": 17}, {""concept_id"": ""2_1"", ""is_minor"": true, ""message"": ""Similarity between image and concept 2_1: 0.5139"", ""similarity"": 0.5139, ""concept_complexity"": 13, ""image_complexity"": 17}, {""concept_id"": ""5_1"", ""is_minor"": true, ""message"": ""Similarity between image and concept 5_1: 0.3854"", ""similarity"": 0.3854, ""concept_complexity"": 17, ""image_complexity"": 17}, {""concept_id"": ""1_3"", ""is_minor"": true, ""message"": ""Similarity between image and concept 1_3: 0.4066"", ""similarity"": 0.4066, ""concept_complexity"": 5, ""image_complexity"": 17}, {""concept_id"": ""1_1"", ""is_minor"": false, ""message"": ""Preprocessing failed: Concept has more endpoints than image."", ""similarity"": 0.0, ""concept_complexity"": 0, ""image_complexity"": 0}, {""concept_id"": ""4_1"", ""is_minor"": false, ""message"": ""Preprocessing failed: Concept has intersection points but image does not."", ""similarity"": 0.0, ""concept_complexity"": 0, ""image_complexity"": 0}, {""concept_id"": ""4_2"", ""is_minor"": false, ""message"": ""Preprocessing failed: Concept has more endpoints than image."", ""similarity"": 0.0, ""concept_complexity"": 0, ""image_complexity"": 0}, {""concept_id"": ""9_2"", ""is_minor"": false, ""message"": ""Preprocessing failed: Concept has intersection points but image does not."", ""similarity"": 0.0, ""concept_complexity"": 0, ""image_complexity"": 0}]","{'ged_timeout': 5, 'skeletonization_threshold': 110, 'simplification_epsilon': 4.55, 'comparison_method': 'ged', 'fgw_alpha': 0.5, 'image_path': '/opt/nuclio/shared_storage/mnist_all/2/mnist_test_2_00487.png', 'image_id': '507479b6-f41f-40df-8034-eac3794ee9b5', 'diagnostic_weight_epsilon': 1.0, 'range_penalty_factor': 0.5, 'node_costs': {'NO_COST': 0.0, 'MINOR': 0.65, 'GENERAL': 0.75, 'SEVERE': 1.0, 'NO_MATCH': 1.5, 'IMPOSSIBLE': 10.0}, 'features': ['normalized_x', 'normalized_y', 'distance_to_centroid', 'horizontal_direction', 'vertical_direction', 'angle_with_ox', 'junction_angle_min', 'is_endpoint', 'is_corner', 'length_ratio_to_max', 'eccentricity', 'avg_neighbor_vector_length', 'neighbor_endpoint_count', 'neighbor_junction_count'], 'mlflow_experiment_id': '4', 'mlflow_run_id': 'b586b24a868744d3aff0659ed46c898f', 'session_id': 'c524a96f-f9a9-4f35-8635-fe0cb4134d73', 'image_width': 100, 'image_height': 100}","{'skeletonization_time_ms': 157.870375, 'contour_analysis_time_ms': 813.348751, 'classification_time_ms': 55.400292}",7,False
success,70548d24-95eb-4c22-bdce-b811a8267073,,/opt/nuclio/shared_storage/mnist_all/3/mnist_test_3_00408.png,3,"[{""concept_id"": ""7_1"", ""is_minor"": true, ""message"": ""Similarity between image and concept 7_1: 0.5775"", ""similarity"": 0.5775, ""concept_complexity"": 9, ""image_complexity"": 17}, {""concept_id"": ""5_1"", ""is_minor"": true, ""message"": ""Similarity between image and concept 5_1: 0.4392"", ""similarity"": 0.4392, ""concept_complexity"": 17, ""image_complexity"": 17}, {""concept_id"": ""2_1"", ""is_minor"": true, ""message"": ""Similarity between image and concept 2_1: 0.45"", ""similarity"": 0.45, ""concept_complexity"": 13, ""image_complexity"": 17}, {""concept_id"": ""1_3"", ""is_minor"": true, ""message"": ""Similarity between image and concept 1_3: 0.4186"", ""similarity"": 0.4186, ""concept_complexity"": 5, ""image_complexity"": 17}, {""concept_id"": ""1_1"", ""is_minor"": false, ""message"": ""Preprocessing failed: Concept has more endpoints than image."", ""similarity"": 0.0, ""concept_complexity"": 0, ""image_complexity"": 0}, {""concept_id"": ""4_1"", ""is_minor"": false, ""message"": ""Preprocessing failed: Concept has intersection points but image does not."", ""similarity"": 0.0, ""concept_complexity"": 0, ""image_complexity"": 0}, {""concept_id"": ""4_2"", ""is_minor"": false, ""message"": ""Preprocessing failed: Concept has more endpoints than image."", ""similarity"": 0.0, ""concept_complexity"": 0, ""image_complexity"": 0}, {""concept_id"": ""9_2"", ""is_minor"": false, ""message"": ""Preprocessing failed: Concept has intersection points but image does not."", ""similarity"": 0.0, ""concept_complexity"": 0, ""image_complexity"": 0}]","{'ged_timeout': 5, 'skeletonization_threshold': 110, 'simplification_epsilon': 4.55, 'comparison_method': 'ged', 'fgw_alpha': 0.5, 'image_path': '/opt/nuclio/shared_storage/mnist_all/3/mnist_test_3_00408.png', 'image_id': '70548d24-95eb-4c22-bdce-b811a8267073', 'diagnostic_weight_epsilon': 1.0, 'range_penalty_factor': 0.5, 'node_costs': {'NO_COST': 0.0, 'MINOR': 0.65, 'GENERAL': 0.75, 'SEVERE': 1.0, 'NO_MATCH': 1.5, 'IMPOSSIBLE': 10.0}, 'features': ['normalized_x', 'normalized_y', 'distance_to_centroid', 'horizontal_direction', 'vertical_direction', 'angle_with_ox', 'junction_angle_min', 'is_endpoint', 'is_corner', 'length_ratio_to_max', 'eccentricity', 'avg_neighbor_vector_length', 'neighbor_endpoint_count', 'neighbor_junction_count'], 'mlflow_experiment_id': '4', 'mlflow_run_id': 'b586b24a868744d3aff0659ed46c898f', 'session_id': '2ad70e9f-89d1-4ac5-835b-b50c1be53a88', 'image_width': 100, 'image_height': 100}","{'skeletonization_time_ms': 78.379542, 'contour_analysis_time_ms': 791.192917, 'classification_time_ms': 37.014125}",7,False
success,091fa7e6-3b0a-4d5d-80a7-9bb8790a3ebe,,/opt/nuclio/shared_storage/mnist_all/3/mnist_test_3_00796.png,3,"[{""concept_id"": ""7_1"", ""is_minor"": true, ""message"": ""Similarity between image and concept 7_1: 0.5662"", ""similarity"": 0.5662, ""concept_complexity"": 9, ""image_complexity"": 17}, {""concept_id"": ""2_1"", ""is_minor"": true, ""message"": ""Similarity between image and concept 2_1: 0.5308"", ""similarity"": 0.5308, ""concept_complexity"": 13, ""image_complexity"": 17}, {""concept_id"": ""5_1"", ""is_minor"": true, ""message"": ""Similarity between image and concept 5_1: 0.4388"", ""similarity"": 0.4388, ""concept_complexity"": 17, ""image_complexity"": 17}, {""concept_id"": ""1_3"", ""is_minor"": true, ""message"": ""Similarity between image and concept 1_3: 0.3322"", ""similarity"": 0.3322, ""concept_complexity"": 5, ""image_complexity"": 17}, {""concept_id"": ""1_1"", ""is_minor"": false, ""message"": ""Preprocessing failed: Concept has more endpoints than image."", ""similarity"": 0.0, ""concept_complexity"": 0, ""image_complexity"": 0}, {""concept_id"": ""4_1"", ""is_minor"": false, ""message"": ""Preprocessing failed: Concept has intersection points but image does not."", ""similarity"": 0.0, ""concept_complexity"": 0, ""image_complexity"": 0}, {""concept_id"": ""4_2"", ""is_minor"": false, ""message"": ""Preprocessing failed: Concept has more endpoints than image."", ""similarity"": 0.0, ""concept_complexity"": 0, ""image_complexity"": 0}, {""concept_id"": ""9_2"", ""is_minor"": false, ""message"": ""Preprocessing failed: Concept has intersection points but image does not."", ""similarity"": 0.0, ""concept_complexity"": 0, ""image_complexity"": 0}]","{'ged_timeout': 5, 'skeletonization_threshold': 110, 'simplification_epsilon': 4.55, 'comparison_method': 'ged', 'fgw_alpha': 0.5, 'image_path': '/opt/nuclio/shared_storage/mnist_all/3/mnist_test_3_00796.png', 'image_id': '091fa7e6-3b0a-4d5d-80a7-9bb8790a3ebe', 'diagnostic_weight_epsilon': 1.0, 'range_penalty_factor': 0.5, 'node_costs': {'NO_COST': 0.0, 'MINOR': 0.65, 'GENERAL': 0.75, 'SEVERE': 1.0, 'NO_MATCH': 1.5, 'IMPOSSIBLE': 10.0}, 'features': ['normalized_x', 'normalized_y', 'distance_to_centroid', 'horizontal_direction', 'vertical_direction', 'angle_with_ox', 'junction_angle_min', 'is_endpoint', 'is_corner', 'length_ratio_to_max', 'eccentricity', 'avg_neighbor_vector_length', 'neighbor_endpoint_count', 'neighbor_junction_count'], 'mlflow_experiment_id': '4', 'mlflow_run_id': 'b586b24a868744d3aff0659ed46c898f', 'session_id': '7bed1158-7108-48fa-9b13-c207a07bcd5b', 'image_width': 100, 'image_height': 100}","{'skeletonization_time_ms': 338.692376, 'contour_analysis_time_ms': 598.599111, 'classification_time_ms': 49.513791}",7,False
success,9072d836-2b8b-40b2-9562-32c50e6d8a72,,/opt/nuclio/shared_storage/mnist_all/4/mnist_test_4_00204.png,4,"[{""concept_id"": ""1_1"", ""is_minor"": true, ""message"": ""Similarity between image and concept 1_1: 0.6471"", ""similarity"": 0.6471, ""concept_complexity"": 13, ""image_complexity"": 21}, {""concept_id"": ""4_2"", ""is_minor"": true, ""message"": ""Similarity between image and concept 4_2: 0.5391"", ""similarity"": 0.5391, ""concept_complexity"": 13, ""image_complexity"": 21}, {""concept_id"": ""7_1"", ""is_minor"": true, ""message"": ""Similarity between image and concept 7_1: 0.4585"", ""similarity"": 0.4585, ""concept_complexity"": 9, ""image_complexity"": 21}, {""concept_id"": ""1_3"", ""is_minor"": true, ""message"": ""Similarity between image and concept 1_3: 0.3765"", ""similarity"": 0.3765, ""concept_complexity"": 5, ""image_complexity"": 21}, {""concept_id"": ""0_1"", ""is_minor"": false, ""message"": ""Preprocessing failed: Concept has corner points but image does not."", ""similarity"": 0.0, ""concept_complexity"": 0, ""image_complexity"": 0}, {""concept_id"": ""2_1"", ""is_minor"": false, ""message"": ""Preprocessing failed: Concept has more corner points than image."", ""similarity"": 0.0, ""concept_complexity"": 0, ""image_complexity"": 0}, {""concept_id"": ""2_2"", ""is_minor"": false, ""message"": ""Preprocessing failed: Concept has intersection points but image does not."", ""similarity"": 0.0, ""concept_complexity"": 0, ""image_complexity"": 0}, {""concept_id"": ""3_1"", ""is_minor"": false, ""message"": ""Preprocessing failed: Concept has more corner points than image."", ""similarity"": 0.0, ""concept_complexity"": 0, ""image_complexity"": 0}, {""concept_id"": ""4_1"", ""is_minor"": false, ""message"": ""Preprocessing failed: Concept has intersection points but image does not."", ""similarity"": 0.0, ""concept_complexity"": 0, ""image_complexity"": 0}, {""concept_id"": ""5_1"", ""is_minor"": false, ""message"": ""Preprocessing failed: Concept has more corner points than image."", ""similarity"": 0.0, ""concept_complexity"": 0, ""image_complexity"": 0}, {""concept_id"": ""6_1"", ""is_minor"": false, ""message"": ""Preprocessing failed: Concept has intersection points but image does not."", ""similarity"": 0.0, ""concept_complexity"": 0, ""image_complexity"": 0}, {""concept_id"": ""8_2"", ""is_minor"": false, ""message"": ""Preprocessing failed: Concept has intersection points but image does not."", ""similarity"": 0.0, ""concept_complexity"": 0, ""image_complexity"": 0}, {""concept_id"": ""9_2"", ""is_minor"": false, ""message"": ""Preprocessing failed: Concept has intersection points but image does not."", ""similarity"": 0.0, ""concept_complexity"": 0, ""image_complexity"": 0}]","{'ged_timeout': 5, 'skeletonization_threshold': 110, 'simplification_epsilon': 4.55, 'comparison_method': 'ged', 'fgw_alpha': 0.5, 'image_path': '/opt/nuclio/shared_storage/mnist_all/4/mnist_test_4_00204.png', 'image_id': '9072d836-2b8b-40b2-9562-32c50e6d8a72', 'diagnostic_weight_epsilon': 1.0, 'range_penalty_factor': 0.5, 'node_costs': {'NO_COST': 0.0, 'MINOR': 0.65, 'GENERAL': 0.75, 'SEVERE': 1.0, 'NO_MATCH': 1.5, 'IMPOSSIBLE': 10.0}, 'features': ['normalized_x', 'normalized_y', 'distance_to_centroid', 'horizontal_direction', 'vertical_direction', 'angle_with_ox', 'junction_angle_min', 'is_endpoint', 'is_corner', 'length_ratio_to_max', 'eccentricity', 'avg_neighbor_vector_length', 'neighbor_endpoint_count', 'neighbor_junction_count'], 'mlflow_experiment_id': '4', 'mlflow_run_id': 'b586b24a868744d3aff0659ed46c898f', 'session_id': 'd8874ab9-265a-4f44-84ca-e4adb991af03', 'image_width': 100, 'image_height': 100}","{'skeletonization_time_ms': 111.479167, 'contour_analysis_time_ms': 515.644042, 'classification_time_ms': 75.396125}",1,False
success,9f2236ec-d970-4777-9153-23d0e6307584,,/opt/nuclio/shared_storage/mnist_all/5/mnist_test_5_00714.png,5,"[{""concept_id"": ""2_1"", ""is_minor"": true, ""message"": ""Similarity between image and concept 2_1: 0.3722"", ""similarity"": 0.3722, ""concept_complexity"": 13, ""image_complexity"": 13}, {""concept_id"": ""7_1"", ""is_minor"": true, ""message"": ""Similarity between image and concept 7_1: 0.3477"", ""similarity"": 0.3477, ""concept_complexity"": 9, ""image_complexity"": 13}, {""concept_id"": ""1_3"", ""is_minor"": true, ""message"": ""Similarity between image and concept 1_3: 0.3291"", ""similarity"": 0.3291, ""concept_complexity"": 5, ""image_complexity"": 13}, {""concept_id"": ""1_1"", ""is_minor"": false, ""message"": ""Preprocessing failed: Concept has more endpoints than image."", ""similarity"": 0.0, ""concept_complexity"": 0, ""image_complexity"": 0}, {""concept_id"": ""4_2"", ""is_minor"": false, ""message"": ""Preprocessing failed: Concept has more endpoints than image."", ""similarity"": 0.0, ""concept_complexity"": 0, ""image_complexity"": 0}]","{'ged_timeout': 5, 'skeletonization_threshold': 110, 'simplification_epsilon': 4.55, 'comparison_method': 'ged', 'fgw_alpha': 0.5, 'image_path': '/opt/nuclio/shared_storage/mnist_all/5/mnist_test_5_00714.png', 'image_id': '9f2236ec-d970-4777-9153-23d0e6307584', 'diagnostic_weight_epsilon': 1.0, 'range_penalty_factor': 0.5, 'node_costs': {'NO_COST': 0.0, 'MINOR': 0.65, 'GENERAL': 0.75, 'SEVERE': 1.0, 'NO_MATCH': 1.5, 'IMPOSSIBLE': 10.0}, 'features': ['normalized_x', 'normalized_y', 'distance_to_centroid', 'horizontal_direction', 'vertical_direction', 'angle_with_ox', 'junction_angle_min', 'is_endpoint', 'is_corner', 'length_ratio_to_max', 'eccentricity', 'avg_neighbor_vector_length', 'neighbor_endpoint_count', 'neighbor_junction_count'], 'mlflow_experiment_id': '4', 'mlflow_run_id': 'b586b24a868744d3aff0659ed46c898f', 'session_id': 'b1c48069-6d54-4cdb-8c6d-26da9137a546', 'image_width': 100, 'image_height': 100}","{'skeletonization_time_ms': 172.816292, 'contour_analysis_time_ms': 279.408084, 'classification_time_ms': 22.842833}",2,False
success,53d63530-d681-473b-ad2c-6dd5c4531552,,/opt/nuclio/shared_storage/mnist_all/5/mnist_test_5_00762.png,5,"[{""concept_id"": ""4_2"", ""is_minor"": true, ""message"": ""Similarity between image and concept 4_2: 0.4906"", ""similarity"": 0.4906, ""concept_complexity"": 13, ""image_complexity"": 21}, {""concept_id"": ""5_1"", ""is_minor"": true, ""message"": ""Similarity between image and concept 5_1: 0.4332"", ""similarity"": 0.4332, ""concept_complexity"": 17, ""image_complexity"": 21}, {""concept_id"": ""2_1"", ""is_minor"": true, ""message"": ""Similarity between image and concept 2_1: 0.3456"", ""similarity"": 0.3456, ""concept_complexity"": 13, ""image_complexity"": 21}, {""concept_id"": ""7_1"", ""is_minor"": true, ""message"": ""Similarity between image and concept 7_1: 0.3606"", ""similarity"": 0.3606, ""concept_complexity"": 9, ""image_complexity"": 21}, {""concept_id"": ""1_1"", ""is_minor"": true, ""message"": ""Similarity between image and concept 1_1: 0.3186"", ""similarity"": 0.3186, ""concept_complexity"": 13, ""image_complexity"": 21}, {""concept_id"": ""1_3"", ""is_minor"": true, ""message"": ""Similarity between image and concept 1_3: 0.3141"", ""similarity"": 0.3141, ""concept_complexity"": 5, ""image_complexity"": 21}, {""concept_id"": ""0_1"", ""is_minor"": false, ""message"": ""Preprocessing failed: Concept has corner points but image does not."", ""similarity"": 0.0, ""concept_complexity"": 0, ""image_complexity"": 0}, {""concept_id"": ""2_2"", ""is_minor"": false, ""message"": ""Preprocessing failed: Concept has intersection points but image does not."", ""similarity"": 0.0, ""concept_complexity"": 0, ""image_complexity"": 0}, {""concept_id"": ""3_1"", ""is_minor"": false, ""message"": ""Preprocessing failed: Concept has more corner points than image."", ""similarity"": 0.0, ""concept_complexity"": 0, ""image_complexity"": 0}, {""concept_id"": ""4_1"", ""is_minor"": false, ""message"": ""Preprocessing failed: Concept has intersection points but image does not."", ""similarity"": 0.0, ""concept_complexity"": 0, ""image_complexity"": 0}, {""concept_id"": ""6_1"", ""is_minor"": false, ""message"": ""Preprocessing failed: Concept has intersection points but image does not."", ""similarity"": 0.0, ""concept_complexity"": 0, ""image_complexity"": 0}, {""concept_id"": ""8_2"", ""is_minor"": false, ""message"": ""Preprocessing failed: Concept has intersection points but image does not."", ""similarity"": 0.0, ""concept_complexity"": 0, ""image_complexity"": 0}, {""concept_id"": ""9_2"", ""is_minor"": false, ""message"": ""Preprocessing failed: Concept has intersection points but image does not."", ""similarity"": 0.0, ""concept_complexity"": 0, ""image_complexity"": 0}]","{'ged_timeout': 5, 'skeletonization_threshold': 110, 'simplification_epsilon': 4.55, 'comparison_method': 'ged', 'fgw_alpha': 0.5, 'image_path': '/opt/nuclio/shared_storage/mnist_all/5/mnist_test_5_00762.png', 'image_id': '53d63530-d681-473b-ad2c-6dd5c4531552', 'diagnostic_weight_epsilon': 1.0, 'range_penalty_factor': 0.5, 'node_costs': {'NO_COST': 0.0, 'MINOR': 0.65, 'GENERAL': 0.75, 'SEVERE': 1.0, 'NO_MATCH': 1.5, 'IMPOSSIBLE': 10.0}, 'features': ['normalized_x', 'normalized_y', 'distance_to_centroid', 'horizontal_direction', 'vertical_direction', 'angle_with_ox', 'junction_angle_min', 'is_endpoint', 'is_corner', 'length_ratio_to_max', 'eccentricity', 'avg_neighbor_vector_length', 'neighbor_endpoint_count', 'neighbor_junction_count'], 'mlflow_experiment_id': '4', 'mlflow_run_id': 'b586b24a868744d3aff0659ed46c898f', 'session_id': '29188539-abbf-4c46-ab70-dd8f1a116120', 'image_width': 100, 'image_height': 100}","{'skeletonization_time_ms': 148.586167, 'contour_analysis_time_ms': 328.6255, 'classification_time_ms': 83.556625}",4,False
success,a8d4abb1-e306-4bd2-9742-c53e2803a460,,/opt/nuclio/shared_storage/mnist_all/7/mnist_test_7_00052.png,7,"[{""concept_id"": ""4_2"", ""is_minor"": true, ""message"": ""Similarity between image and concept 4_2: 0.5425"", ""similarity"": 0.5425, ""concept_complexity"": 13, ""image_complexity"": 29}, {""concept_id"": ""3_1"", ""is_minor"": true, ""message"": ""Similarity between image and concept 3_1: 0.4065"", ""similarity"": 0.4065, ""concept_complexity"": 21, ""image_complexity"": 29}, {""concept_id"": ""7_1"", ""is_minor"": true, ""message"": ""Similarity between image and concept 7_1: 0.4746"", ""similarity"": 0.4746, ""concept_complexity"": 9, ""image_complexity"": 29}, {""concept_id"": ""2_1"", ""is_minor"": true, ""message"": ""Similarity between image and concept 2_1: 0.4033"", ""similarity"": 0.4033, ""concept_complexity"": 13, ""image_complexity"": 29}, {""concept_id"": ""1_1"", ""is_minor"": true, ""message"": ""Similarity between image and concept 1_1: 0.3874"", ""similarity"": 0.3874, ""concept_complexity"": 13, ""image_complexity"": 29}, {""concept_id"": ""1_3"", ""is_minor"": true, ""message"": ""Similarity between image and concept 1_3: 0.4458"", ""similarity"": 0.4458, ""concept_complexity"": 5, ""image_complexity"": 29}, {""concept_id"": ""0_1"", ""is_minor"": false, ""message"": ""Preprocessing failed: Concept has corner points but image does not."", ""similarity"": 0.0, ""concept_complexity"": 0, ""image_complexity"": 0}, {""concept_id"": ""2_2"", ""is_minor"": false, ""message"": ""Preprocessing failed: Concept has intersection points but image does not."", ""similarity"": 0.0, ""concept_complexity"": 0, ""image_complexity"": 0}, {""concept_id"": ""4_1"", ""is_minor"": false, ""message"": ""Preprocessing failed: Concept has intersection points but image does not."", ""similarity"": 0.0, ""concept_complexity"": 0, ""image_complexity"": 0}, {""concept_id"": ""5_1"", ""is_minor"": false, ""message"": ""Preprocessing failed: Concept has more corner points than image."", ""similarity"": 0.0, ""concept_complexity"": 0, ""image_complexity"": 0}, {""concept_id"": ""6_1"", ""is_minor"": false, ""message"": ""Preprocessing failed: Concept has intersection points but image does not."", ""similarity"": 0.0, ""concept_complexity"": 0, ""image_complexity"": 0}, {""concept_id"": ""8_1"", ""is_minor"": false, ""message"": ""Preprocessing failed: Concept has corner points but image does not."", ""similarity"": 0.0, ""concept_complexity"": 0, ""image_complexity"": 0}, {""concept_id"": ""8_2"", ""is_minor"": false, ""message"": ""Preprocessing failed: Concept has intersection points but image does not."", ""similarity"": 0.0, ""concept_complexity"": 0, ""image_complexity"": 0}, {""concept_id"": ""9_2"", ""is_minor"": false, ""message"": ""Preprocessing failed: Concept has intersection points but image does not."", ""similarity"": 0.0, ""concept_complexity"": 0, ""image_complexity"": 0}]","{'ged_timeout': 5, 'skeletonization_threshold': 110, 'simplification_epsilon': 4.55, 'comparison_method': 'ged', 'fgw_alpha': 0.5, 'image_path': '/opt/nuclio/shared_storage/mnist_all/7/mnist_test_7_00052.png', 'image_id': 'a8d4abb1-e306-4bd2-9742-c53e2803a460', 'diagnostic_weight_epsilon': 1.0, 'range_penalty_factor': 0.5, 'node_costs': {'NO_COST': 0.0, 'MINOR': 0.65, 'GENERAL': 0.75, 'SEVERE': 1.0, 'NO_MATCH': 1.5, 'IMPOSSIBLE': 10.0}, 'features': ['normalized_x', 'normalized_y', 'distance_to_centroid', 'horizontal_direction', 'vertical_direction', 'angle_with_ox', 'junction_angle_min', 'is_endpoint', 'is_corner', 'length_ratio_to_max', 'eccentricity', 'avg_neighbor_vector_length', 'neighbor_endpoint_count', 'neighbor_junction_count'], 'mlflow_experiment_id': '4', 'mlflow_run_id': 'b586b24a868744d3aff0659ed46c898f', 'session_id': '10fe2fd5-0b5e-4303-9da0-052a4e9b618d', 'image_width': 100, 'image_height': 100}","{'skeletonization_time_ms': 104.989292, 'contour_analysis_time_ms': 1615.021668, 'classification_time_ms': 106.527708}",4,False
success,6a1572f9-469d-4832-9810-04430e4b7868,,/opt/nuclio/shared_storage/mnist_all/8/mnist_test_8_00478.png,8,"[{""concept_id"": ""0_1"", ""is_minor"": true, ""message"": ""Similarity between image and concept 0_1: 0.5339"", ""similarity"": 0.5339, ""concept_complexity"": 20, ""image_complexity"": 31}, {""concept_id"": ""1_1"", ""is_minor"": false, ""message"": ""Preprocessing failed: Concept has endpoints but image does not."", ""similarity"": 0.0, ""concept_complexity"": 0, ""image_complexity"": 0}, {""concept_id"": ""1_3"", ""is_minor"": false, ""message"": ""Preprocessing failed: Concept has endpoints but image does not."", ""similarity"": 0.0, ""concept_complexity"": 0, ""image_complexity"": 0}, {""concept_id"": ""2_1"", ""is_minor"": false, ""message"": ""Preprocessing failed: Concept has endpoints but image does not."", ""similarity"": 0.0, ""concept_complexity"": 0, ""image_complexity"": 0}, {""concept_id"": ""2_2"", ""is_minor"": false, ""message"": ""Preprocessing failed: Concept has intersection points but image does not."", ""similarity"": 0.0, ""concept_complexity"": 0, ""image_complexity"": 0}, {""concept_id"": ""3_1"", ""is_minor"": false, ""message"": ""Preprocessing failed: Concept has endpoints but image does not."", ""similarity"": 0.0, ""concept_complexity"": 0, ""image_complexity"": 0}, {""concept_id"": ""4_1"", ""is_minor"": false, ""message"": ""Preprocessing failed: Concept has intersection points but image does not."", ""similarity"": 0.0, ""concept_complexity"": 0, ""image_complexity"": 0}, {""concept_id"": ""4_2"", ""is_minor"": false, ""message"": ""Preprocessing failed: Concept has endpoints but image does not."", ""similarity"": 0.0, ""concept_complexity"": 0, ""image_complexity"": 0}, {""concept_id"": ""5_1"", ""is_minor"": false, ""message"": ""Preprocessing failed: Concept has endpoints but image does not."", ""similarity"": 0.0, ""concept_complexity"": 0, ""image_complexity"": 0}, {""concept_id"": ""6_1"", ""is_minor"": false, ""message"": ""Preprocessing failed: Concept has intersection points but image does not."", ""similarity"": 0.0, ""concept_complexity"": 0, ""image_complexity"": 0}, {""concept_id"": ""7_1"", ""is_minor"": false, ""message"": ""Preprocessing failed: Concept has endpoints but image does not."", ""similarity"": 0.0, ""concept_complexity"": 0, ""image_complexity"": 0}, {""concept_id"": ""8_1"", ""is_minor"": false, ""message"": ""Preprocessing failed: Concept has more corner points than image."", ""similarity"": 0.0, ""concept_complexity"": 0, ""image_complexity"": 0}, {""concept_id"": ""8_2"", ""is_minor"": false, ""message"": ""Preprocessing failed: Concept has endpoints but image does not."", ""similarity"": 0.0, ""concept_complexity"": 0, ""image_complexity"": 0}, {""concept_id"": ""9_2"", ""is_minor"": false, ""message"": ""Preprocessing failed: Concept has intersection points but image does not."", ""similarity"": 0.0, ""concept_complexity"": 0, ""image_complexity"": 0}]","{'ged_timeout': 5, 'skeletonization_threshold': 110, 'simplification_epsilon': 4.55, 'comparison_method': 'ged', 'fgw_alpha': 0.5, 'image_path': '/opt/nuclio/shared_storage/mnist_all/8/mnist_test_8_00478.png', 'image_id': '6a1572f9-469d-4832-9810-04430e4b7868', 'diagnostic_weight_epsilon': 1.0, 'range_penalty_factor': 0.5, 'node_costs': {'NO_COST': 0.0, 'MINOR': 0.65, 'GENERAL': 0.75, 'SEVERE': 1.0, 'NO_MATCH': 1.5, 'IMPOSSIBLE': 10.0}, 'features': ['normalized_x', 'normalized_y', 'distance_to_centroid', 'horizontal_direction', 'vertical_direction', 'angle_with_ox', 'junction_angle_min', 'is_endpoint', 'is_corner', 'length_ratio_to_max', 'eccentricity', 'avg_neighbor_vector_length', 'neighbor_endpoint_count', 'neighbor_junction_count'], 'mlflow_experiment_id': '4', 'mlflow_run_id': 'b586b24a868744d3aff0659ed46c898f', 'session_id': '562d5644-c759-4f57-8387-58a10c05462f', 'image_width': 100, 'image_height': 100}","{'skeletonization_time_ms': 251.777042, 'contour_analysis_time_ms': 1045.673834, 'classification_time_ms': 247.365459}",0,False
success,e07ccc88-33e9-46f5-a46f-8eca1d95620c,,/opt/nuclio/shared_storage/mnist_all/7/mnist_test_7_00454.png,7,"[{""concept_id"": ""4_2"", ""is_minor"": true, ""message"": ""Similarity between image and concept 4_2: 0.5209"", ""similarity"": 0.5209, ""concept_complexity"": 13, ""image_complexity"": 21}, {""concept_id"": ""7_1"", ""is_minor"": true, ""message"": ""Similarity between image and concept 7_1: 0.537"", ""similarity"": 0.537, ""concept_complexity"": 9, ""image_complexity"": 21}, {""concept_id"": ""2_1"", ""is_minor"": true, ""message"": ""Similarity between image and concept 2_1: 0.3944"", ""similarity"": 0.3944, ""concept_complexity"": 13, ""image_complexity"": 21}, {""concept_id"": ""1_1"", ""is_minor"": true, ""message"": ""Similarity between image and concept 1_1: 0.3846"", ""similarity"": 0.3846, ""concept_complexity"": 13, ""image_complexity"": 21}, {""concept_id"": ""1_3"", ""is_minor"": true, ""message"": ""Similarity between image and concept 1_3: 0.3769"", ""similarity"": 0.3769, ""concept_complexity"": 5, ""image_complexity"": 21}, {""concept_id"": ""0_1"", ""is_minor"": false, ""message"": ""Preprocessing failed: Concept has corner points but image does not."", ""similarity"": 0.0, ""concept_complexity"": 0, ""image_complexity"": 0}, {""concept_id"": ""2_2"", ""is_minor"": false, ""message"": ""Preprocessing failed: Concept has intersection points but image does not."", ""similarity"": 0.0, ""concept_complexity"": 0, ""image_complexity"": 0}, {""concept_id"": ""3_1"", ""is_minor"": false, ""message"": ""Preprocessing failed: Concept has more corner points than image."", ""similarity"": 0.0, ""concept_complexity"": 0, ""image_complexity"": 0}, {""concept_id"": ""4_1"", ""is_minor"": false, ""message"": ""Preprocessing failed: Concept has intersection points but image does not."", ""similarity"": 0.0, ""concept_complexity"": 0, ""image_complexity"": 0}, {""concept_id"": ""5_1"", ""is_minor"": false, ""message"": ""Preprocessing failed: Concept has more corner points than image."", ""similarity"": 0.0, ""concept_complexity"": 0, ""image_complexity"": 0}, {""concept_id"": ""6_1"", ""is_minor"": false, ""message"": ""Preprocessing failed: Concept has intersection points but image does not."", ""similarity"": 0.0, ""concept_complexity"": 0, ""image_complexity"": 0}, {""concept_id"": ""8_2"", ""is_minor"": false, ""message"": ""Preprocessing failed: Concept has intersection points but image does not."", ""similarity"": 0.0, ""concept_complexity"": 0, ""image_complexity"": 0}, {""concept_id"": ""9_2"", ""is_minor"": false, ""message"": ""Preprocessing failed: Concept has intersection points but image does not."", ""similarity"": 0.0, ""concept_complexity"": 0, ""image_complexity"": 0}]","{'ged_timeout': 5, 'skeletonization_threshold': 110, 'simplification_epsilon': 4.55, 'comparison_method': 'ged', 'fgw_alpha': 0.5, 'image_path': '/opt/nuclio/shared_storage/mnist_all/7/mnist_test_7_00454.png', 'image_id': 'e07ccc88-33e9-46f5-a46f-8eca1d95620c', 'diagnostic_weight_epsilon': 1.0, 'range_penalty_factor': 0.5, 'node_costs': {'NO_COST': 0.0, 'MINOR': 0.65, 'GENERAL': 0.75, 'SEVERE': 1.0, 'NO_MATCH': 1.5, 'IMPOSSIBLE': 10.0}, 'features': ['normalized_x', 'normalized_y', 'distance_to_centroid', 'horizontal_direction', 'vertical_direction', 'angle_with_ox', 'junction_angle_min', 'is_endpoint', 'is_corner', 'length_ratio_to_max', 'eccentricity', 'avg_neighbor_vector_length', 'neighbor_endpoint_count', 'neighbor_junction_count'], 'mlflow_experiment_id': '4', 'mlflow_run_id': 'b586b24a868744d3aff0659ed46c898f', 'session_id': 'd7abbaa2-c4a0-438f-b5f6-182ea77cf549', 'image_width': 100, 'image_height': 100}","{'skeletonization_time_ms': 99.757584, 'contour_analysis_time_ms': 420.229001, 'classification_time_ms': 77.968625}",4,False
success,1ef6fe3d-87e0-41b2-8de3-c17f91a54160,,/opt/nuclio/shared_storage/mnist_all/8/mnist_test_8_00753.png,8,"[{""concept_id"": ""4_1"", ""is_minor"": true, ""message"": ""Similarity between image and concept 4_1: 0.5682"", ""similarity"": 0.5682, ""concept_complexity"": 16, ""image_complexity"": 39}, {""concept_id"": ""6_1"", ""is_minor"": true, ""message"": ""Similarity between image and concept 6_1: 0.5279"", ""similarity"": 0.5279, ""concept_complexity"": 20, ""image_complexity"": 39}, {""concept_id"": ""9_2"", ""is_minor"": true, ""message"": ""Similarity between image and concept 9_2: 0.5195"", ""similarity"": 0.5195, ""concept_complexity"": 16, ""image_complexity"": 39}, {""concept_id"": ""0_1"", ""is_minor"": false, ""message"": ""Preprocessing failed: Concept has corner points but image does not."", ""similarity"": 0.0, ""concept_complexity"": 0, ""image_complexity"": 0}, {""concept_id"": ""1_1"", ""is_minor"": false, ""message"": ""Preprocessing failed: Concept has endpoints but image does not."", ""similarity"": 0.0, ""concept_complexity"": 0, ""image_complexity"": 0}, {""concept_id"": ""1_3"", ""is_minor"": false, ""message"": ""Preprocessing failed: Concept has endpoints but image does not."", ""similarity"": 0.0, ""concept_complexity"": 0, ""image_complexity"": 0}, {""concept_id"": ""2_1"", ""is_minor"": false, ""message"": ""Preprocessing failed: Concept has endpoints but image does not."", ""similarity"": 0.0, ""concept_complexity"": 0, ""image_complexity"": 0}, {""concept_id"": ""2_2"", ""is_minor"": false, ""message"": ""Preprocessing failed: Concept has corner points but image does not."", ""similarity"": 0.0, ""concept_complexity"": 0, ""image_complexity"": 0}, {""concept_id"": ""3_1"", ""is_minor"": false, ""message"": ""Preprocessing failed: Concept has endpoints but image does not."", ""similarity"": 0.0, ""concept_complexity"": 0, ""image_complexity"": 0}, {""concept_id"": ""4_2"", ""is_minor"": false, ""message"": ""Preprocessing failed: Concept has endpoints but image does not."", ""similarity"": 0.0, ""concept_complexity"": 0, ""image_complexity"": 0}, {""concept_id"": ""5_1"", ""is_minor"": false, ""message"": ""Preprocessing failed: Concept has endpoints but image does not."", ""similarity"": 0.0, ""concept_complexity"": 0, ""image_complexity"": 0}, {""concept_id"": ""7_1"", ""is_minor"": false, ""message"": ""Preprocessing failed: Concept has endpoints but image does not."", ""similarity"": 0.0, ""concept_complexity"": 0, ""image_complexity"": 0}, {""concept_id"": ""8_1"", ""is_minor"": false, ""message"": ""Preprocessing failed: Concept has corner points but image does not."", ""similarity"": 0.0, ""concept_complexity"": 0, ""image_complexity"": 0}, {""concept_id"": ""8_2"", ""is_minor"": false, ""message"": ""Preprocessing failed: Concept has endpoints but image does not."", ""similarity"": 0.0, ""concept_complexity"": 0, ""image_complexity"": 0}]","{'ged_timeout': 5, 'skeletonization_threshold': 110, 'simplification_epsilon': 4.55, 'comparison_method': 'ged', 'fgw_alpha': 0.5, 'image_path': '/opt/nuclio/shared_storage/mnist_all/8/mnist_test_8_00753.png', 'image_id': '1ef6fe3d-87e0-41b2-8de3-c17f91a54160', 'diagnostic_weight_epsilon': 1.0, 'range_penalty_factor': 0.5, 'node_costs': {'NO_COST': 0.0, 'MINOR': 0.65, 'GENERAL': 0.75, 'SEVERE': 1.0, 'NO_MATCH': 1.5, 'IMPOSSIBLE': 10.0}, 'features': ['normalized_x', 'normalized_y', 'distance_to_centroid', 'horizontal_direction', 'vertical_direction', 'angle_with_ox', 'junction_angle_min', 'is_endpoint', 'is_corner', 'length_ratio_to_max', 'eccentricity', 'avg_neighbor_vector_length', 'neighbor_endpoint_count', 'neighbor_junction_count'], 'mlflow_experiment_id': '4', 'mlflow_run_id': 'b586b24a868744d3aff0659ed46c898f', 'session_id': '77f94fe2-ee4b-44c6-97f7-00108e7e8a08', 'image_width': 100, 'image_height': 100}","{'skeletonization_time_ms': 402.144126, 'contour_analysis_time_ms': 726.272417, 'classification_time_ms': 451.9185}",4,False
success,4027adfb-b17c-4c8a-bf36-47a9d17ea6a6,,/opt/nuclio/shared_storage/mnist_all/7/mnist_test_7_00554.png,7,"[{""concept_id"": ""4_2"", ""is_minor"": true, ""message"": ""Similarity between image and concept 4_2: 0.5493"", ""similarity"": 0.5493, ""concept_complexity"": 13, ""image_complexity"": 21}, {""concept_id"": ""7_1"", ""is_minor"": true, ""message"": ""Similarity between image and concept 7_1: 0.5763"", ""similarity"": 0.5763, ""concept_complexity"": 9, ""image_complexity"": 21}, {""concept_id"": ""1_1"", ""is_minor"": true, ""message"": ""Similarity between image and concept 1_1: 0.419"", ""similarity"": 0.419, ""concept_complexity"": 13, ""image_complexity"": 21}, {""concept_id"": ""2_1"", ""is_minor"": true, ""message"": ""Similarity between image and concept 2_1: 0.3919"", ""similarity"": 0.3919, ""concept_complexity"": 13, ""image_complexity"": 21}, {""concept_id"": ""5_1"", ""is_minor"": true, ""message"": ""Similarity between image and concept 5_1: 0.3598"", ""similarity"": 0.3598, ""concept_complexity"": 17, ""image_complexity"": 21}, {""concept_id"": ""1_3"", ""is_minor"": true, ""message"": ""Similarity between image and concept 1_3: 0.4129"", ""similarity"": 0.4129, ""concept_complexity"": 5, ""image_complexity"": 21}, {""concept_id"": ""0_1"", ""is_minor"": false, ""message"": ""Preprocessing failed: Concept has corner points but image does not."", ""similarity"": 0.0, ""concept_complexity"": 0, ""image_complexity"": 0}, {""concept_id"": ""2_2"", ""is_minor"": false, ""message"": ""Preprocessing failed: Concept has intersection points but image does not."", ""similarity"": 0.0, ""concept_complexity"": 0, ""image_complexity"": 0}, {""concept_id"": ""3_1"", ""is_minor"": false, ""message"": ""Preprocessing failed: Concept has more corner points than image."", ""similarity"": 0.0, ""concept_complexity"": 0, ""image_complexity"": 0}, {""concept_id"": ""4_1"", ""is_minor"": false, ""message"": ""Preprocessing failed: Concept has intersection points but image does not."", ""similarity"": 0.0, ""concept_complexity"": 0, ""image_complexity"": 0}, {""concept_id"": ""6_1"", ""is_minor"": false, ""message"": ""Preprocessing failed: Concept has intersection points but image does not."", ""similarity"": 0.0, ""concept_complexity"": 0, ""image_complexity"": 0}, {""concept_id"": ""8_2"", ""is_minor"": false, ""message"": ""Preprocessing failed: Concept has intersection points but image does not."", ""similarity"": 0.0, ""concept_complexity"": 0, ""image_complexity"": 0}, {""concept_id"": ""9_2"", ""is_minor"": false, ""message"": ""Preprocessing failed: Concept has intersection points but image does not."", ""similarity"": 0.0, ""concept_complexity"": 0, ""image_complexity"": 0}]","{'ged_timeout': 5, 'skeletonization_threshold': 100, 'simplification_epsilon': 4.55, 'comparison_method': 'ged', 'fgw_alpha': 0.5, 'image_path': '/opt/nuclio/shared_storage/mnist_all/7/mnist_test_7_00554.png', 'image_id': '4027adfb-b17c-4c8a-bf36-47a9d17ea6a6', 'diagnostic_weight_epsilon': 1.0, 'range_penalty_factor': 0.5, 'node_costs': {'NO_COST': 0.0, 'MINOR': 0.65, 'GENERAL': 0.75, 'SEVERE': 1.0, 'NO_MATCH': 1.5, 'IMPOSSIBLE': 10.0}, 'features': ['normalized_x', 'normalized_y', 'distance_to_centroid', 'horizontal_direction', 'vertical_direction', 'angle_with_ox', 'junction_angle_min', 'is_endpoint', 'is_corner', 'length_ratio_to_max', 'eccentricity', 'avg_neighbor_vector_length', 'neighbor_endpoint_count', 'neighbor_junction_count'], 'mlflow_experiment_id': '4', 'mlflow_run_id': 'b586b24a868744d3aff0659ed46c898f', 'session_id': 'f9e0be16-a1d9-4f7c-90ad-2c0cbb7e726b', 'image_width': 100, 'image_height': 100}","{'skeletonization_time_ms': 373.078458, 'contour_analysis_time_ms': 1386.472042, 'classification_time_ms': 85.040291}",4,False
success,7258fae0-aa21-48e3-8ce9-34a0f0dadc73,,/opt/nuclio/shared_storage/mnist_all/9/mnist_test_9_00379.png,9,"[{""concept_id"": ""4_1"", ""is_minor"": true, ""message"": ""Similarity between image and concept 4_1: 0.6202"", ""similarity"": 0.6202, ""concept_complexity"": 16, ""image_complexity"": 32}, {""concept_id"": ""9_2"", ""is_minor"": true, ""message"": ""Similarity between image and concept 9_2: 0.6028"", ""similarity"": 0.6028, ""concept_complexity"": 16, ""image_complexity"": 32}, {""concept_id"": ""8_1"", ""is_minor"": true, ""message"": ""Similarity between image and concept 8_1: 0.5154"", ""similarity"": 0.5154, ""concept_complexity"": 27, ""image_complexity"": 32}, {""concept_id"": ""0_1"", ""is_minor"": true, ""message"": ""Similarity between image and concept 0_1: 0.5181"", ""similarity"": 0.5181, ""concept_complexity"": 20, ""image_complexity"": 32}, {""concept_id"": ""6_1"", ""is_minor"": true, ""message"": ""Similarity between image and concept 6_1: 0.5029"", ""similarity"": 0.5029, ""concept_complexity"": 20, ""image_complexity"": 32}, {""concept_id"": ""1_1"", ""is_minor"": false, ""message"": ""Preprocessing failed: Concept has endpoints but image does not."", ""similarity"": 0.0, ""concept_complexity"": 0, ""image_complexity"": 0}, {""concept_id"": ""1_3"", ""is_minor"": false, ""message"": ""Preprocessing failed: Concept has endpoints but image does not."", ""similarity"": 0.0, ""concept_complexity"": 0, ""image_complexity"": 0}, {""concept_id"": ""2_1"", ""is_minor"": false, ""message"": ""Preprocessing failed: Concept has endpoints but image does not."", ""similarity"": 0.0, ""concept_complexity"": 0, ""image_complexity"": 0}, {""concept_id"": ""2_2"", ""is_minor"": false, ""message"": ""Preprocessing failed: Concept has corner points but image does not."", ""similarity"": 0.0, ""concept_complexity"": 0, ""image_complexity"": 0}, {""concept_id"": ""3_1"", ""is_minor"": false, ""message"": ""Preprocessing failed: Concept has endpoints but image does not."", ""similarity"": 0.0, ""concept_complexity"": 0, ""image_complexity"": 0}, {""concept_id"": ""4_2"", ""is_minor"": false, ""message"": ""Preprocessing failed: Concept has endpoints but image does not."", ""similarity"": 0.0, ""concept_complexity"": 0, ""image_complexity"": 0}, {""concept_id"": ""5_1"", ""is_minor"": false, ""message"": ""Preprocessing failed: Concept has endpoints but image does not."", ""similarity"": 0.0, ""concept_complexity"": 0, ""image_complexity"": 0}, {""concept_id"": ""7_1"", ""is_minor"": false, ""message"": ""Preprocessing failed: Concept has endpoints but image does not."", ""similarity"": 0.0, ""concept_complexity"": 0, ""image_complexity"": 0}, {""concept_id"": ""8_2"", ""is_minor"": false, ""message"": ""Preprocessing failed: Concept has endpoints but image does not."", ""similarity"": 0.0, ""concept_complexity"": 0, ""image_complexity"": 0}]","{'ged_timeout': 5, 'skeletonization_threshold': 110, 'simplification_epsilon': 4.55, 'comparison_method': 'ged', 'fgw_alpha': 0.5, 'image_path': '/opt/nuclio/shared_storage/mnist_all/9/mnist_test_9_00379.png', 'image_id': '7258fae0-aa21-48e3-8ce9-34a0f0dadc73', 'diagnostic_weight_epsilon': 1.0, 'range_penalty_factor': 0.5, 'node_costs': {'NO_COST': 0.0, 'MINOR': 0.65, 'GENERAL': 0.75, 'SEVERE': 1.0, 'NO_MATCH': 1.5, 'IMPOSSIBLE': 10.0}, 'features': ['normalized_x', 'normalized_y', 'distance_to_centroid', 'horizontal_direction', 'vertical_direction', 'angle_with_ox', 'junction_angle_min', 'is_endpoint', 'is_corner', 'length_ratio_to_max', 'eccentricity', 'avg_neighbor_vector_length', 'neighbor_endpoint_count', 'neighbor_junction_count'], 'mlflow_experiment_id': '4', 'mlflow_run_id': 'b586b24a868744d3aff0659ed46c898f', 'session_id': 'f50bd818-0da5-4863-a267-09aa370fc586', 'image_width': 100, 'image_height': 100}","{'skeletonization_time_ms': 62.688, 'contour_analysis_time_ms': 962.435793, 'classification_time_ms': 2069.510418}",4,False
