status,image_id,image_path,profiling,expected,predicted,correct,error
success,502f1a2c-58ce-4eac-bbce-5422f20cbcc4,/opt/nuclio/shared_storage/test/0/mnist_0_00953.png,"{'skeletonization_time_ms': 55.746208, 'contour_analysis_time_ms': 1559.485084, 'classification_time_ms': 678.377403}",0,3,False,
success,0eeae327-9298-43fc-a3ef-055504019acb,/opt/nuclio/shared_storage/test/0/mnist_0_00370.png,"{'skeletonization_time_ms': 70.182625, 'contour_analysis_time_ms': 2017.091445, 'classification_time_ms': 353.569875}",0,5,False,
success,ab7f4d67-7376-4eb4-9318-4fc4b8c15c6d,/opt/nuclio/shared_storage/test/0/mnist_0_test_00120.png,"{'skeletonization_time_ms': 67.853334, 'contour_analysis_time_ms': 797.055084, 'classification_time_ms': 1029.940292}",0,9,False,
success,500b6d09-0189-4e2a-a0ee-9f674388bdcb,/opt/nuclio/shared_storage/test/0/mnist_0_00204.png,"{'skeletonization_time_ms': 72.536542, 'contour_analysis_time_ms': 1344.239084, 'classification_time_ms': 223.726625}",0,1,False,
success,6c80115f-31ff-4294-9b39-74d8772933c0,/opt/nuclio/shared_storage/test/0/mnist_0_00562.png,"{'skeletonization_time_ms': 57.365958, 'contour_analysis_time_ms': 792.450792, 'classification_time_ms': 382.863625}",0,7,False,
success,670bb297-eb02-403f-99a8-200602c3b899,/opt/nuclio/shared_storage/test/0/mnist_0_00205.png,"{'skeletonization_time_ms': 50.509125, 'contour_analysis_time_ms': 1082.719042, 'classification_time_ms': 745.618251}",0,7,False,
success,2825430a-a493-42ee-a51b-5efa6158e82e,/opt/nuclio/shared_storage/test/0/mnist_0_00402.png,"{'skeletonization_time_ms': 60.873209, 'contour_analysis_time_ms': 867.766542, 'classification_time_ms': 624.830875}",0,6,False,
success,24be414e-22f2-4a61-8bdc-4845fcb82c03,/opt/nuclio/shared_storage/test/0/mnist_0_00403.png,"{'skeletonization_time_ms': 269.656583, 'contour_analysis_time_ms': 920.771875, 'classification_time_ms': 534.527584}",0,not classified,False,
success,c782dbf4-d3c9-4f22-9e7c-710812aa758e,/opt/nuclio/shared_storage/test/0/mnist_0_00947.png,"{'skeletonization_time_ms': 55.700375, 'contour_analysis_time_ms': 933.305126, 'classification_time_ms': 795.440084}",0,6,False,
success,a5b69444-1036-47a4-b49a-480e42f928c9,/opt/nuclio/shared_storage/test/0/mnist_0_00577.png,"{'skeletonization_time_ms': 63.532166, 'contour_analysis_time_ms': 484.6755, 'classification_time_ms': 342.390917}",0,5,False,
error,0528b2f4-4180-4972-9bad-f2525f42db1a,/opt/nuclio/shared_storage/test/0/mnist_0_00043.png,,0,,,DLQ
success,84cc75c6-b4f8-4b42-8eda-45a000a80958,/opt/nuclio/shared_storage/test/0/mnist_0_00563.png,"{'skeletonization_time_ms': 49.024083, 'contour_analysis_time_ms': 562.760917, 'classification_time_ms': 248.057792}",0,7,False,
success,9fc45562-9290-4bc8-9dac-7000eb439fc6,/opt/nuclio/shared_storage/test/0/mnist_0_00373.png,"{'skeletonization_time_ms': 110.327625, 'contour_analysis_time_ms': 975.548334, 'classification_time_ms': 506.288334}",0,7,False,
success,96ed3431-18a7-4539-a073-f972aee44120,/opt/nuclio/shared_storage/test/0/mnist_0_00615.png,"{'skeletonization_time_ms': 85.406625, 'contour_analysis_time_ms': 1042.272334, 'classification_time_ms': 733.338751}",0,6,False,
success,650238f5-6ccb-420a-9129-c7aed1e85f3e,/opt/nuclio/shared_storage/test/0/mnist_0_00398.png,"{'skeletonization_time_ms': 54.299875, 'contour_analysis_time_ms': 581.688251, 'classification_time_ms': 421.062875}",0,3,False,
success,0412a9b9-0df2-4be8-b430-52b0c74b13ad,/opt/nuclio/shared_storage/test/0/mnist_0_00401.png,"{'skeletonization_time_ms': 203.211167, 'contour_analysis_time_ms': 839.237042, 'classification_time_ms': 478.496195}",0,6,False,
success,fe2e91d9-75ca-4629-8f43-9f47ab49692a,/opt/nuclio/shared_storage/test/0/mnist_0_00762.png,"{'skeletonization_time_ms': 97.201834, 'contour_analysis_time_ms': 470.721959, 'classification_time_ms': 1530.128986}",0,9,False,
success,098699ae-d632-418f-a2ad-daca964b651a,/opt/nuclio/shared_storage/test/0/mnist_0_00612.png,"{'skeletonization_time_ms': 100.226375, 'contour_analysis_time_ms': 849.309125, 'classification_time_ms': 74.414333}",0,not classified,False,
error,7eb614b7-615a-4fc8-a8f5-3130f04c8648,/opt/nuclio/shared_storage/test/1/mnist_1_00316.png,,1,,,DLQ
success,c5ac8be1-8e65-44a9-a3d9-8bc0a204a8c4,/opt/nuclio/shared_storage/test/0/mnist_0_00944.png,"{'skeletonization_time_ms': 84.051583, 'contour_analysis_time_ms': 454.464917, 'classification_time_ms': 463.431}",0,7,False,
error,89523a31-e109-46f5-b7e0-8c44f96ebbd8,/opt/nuclio/shared_storage/test/1/mnist_1_00403.png,,1,,,DLQ
success,14ae7a39-75b0-421a-b38c-8826afe802b5,/opt/nuclio/shared_storage/test/0/mnist_0_00831.png,"{'skeletonization_time_ms': 85.125167, 'contour_analysis_time_ms': 876.394958, 'classification_time_ms': 923.283584}",0,6,False,
error,eb394fe7-2454-4c81-be69-72747935252e,/opt/nuclio/shared_storage/test/1/mnist_1_00854.png,,1,,,DLQ
success,a8554e6a-5992-42e8-8ebb-983c1858f6b7,/opt/nuclio/shared_storage/test/0/mnist_0_00158.png,"{'skeletonization_time_ms': 66.598458, 'contour_analysis_time_ms': 941.028334, 'classification_time_ms': 197.2765}",0,5,False,
error,1c3d02f8-58cc-48a9-a04e-a7175d2a2d24,/opt/nuclio/shared_storage/test/1/mnist_1_test_00193.png,,1,,,DLQ
success,c76acfc4-68f1-4a93-bbc0-79db2a1cc695,/opt/nuclio/shared_storage/test/0/mnist_0_00616.png,"{'skeletonization_time_ms': 56.567875, 'contour_analysis_time_ms': 741.457875, 'classification_time_ms': 234.89775}",0,5,False,
success,e016658e-0608-46f6-960f-e1169ecd2ec8,/opt/nuclio/shared_storage/test/0/mnist_0_00799.png,"{'skeletonization_time_ms': 82.630958, 'contour_analysis_time_ms': 571.839876, 'classification_time_ms': 1156.389459}",0,not classified,False,
error,fd9caf9a-b45b-46a0-8462-3974e6d2449b,/opt/nuclio/shared_storage/test/1/mnist_1_00973.png,,1,,,DLQ
success,64183f49-5352-4dc3-809b-35e8790af0cb,/opt/nuclio/shared_storage/test/0/mnist_0_00788.png,"{'skeletonization_time_ms': 105.476917, 'contour_analysis_time_ms': 740.525834, 'classification_time_ms': 416.576}",0,6,False,
success,c67afd63-34a6-4789-b8ef-cdd55b7ed20c,/opt/nuclio/shared_storage/test/0/mnist_0_00940.png,"{'skeletonization_time_ms': 68.197458, 'contour_analysis_time_ms': 600.351876, 'classification_time_ms': 1188.566126}",0,3,False,
success,3381332e-790f-48d7-b0b7-0853630a9334,/opt/nuclio/shared_storage/test/0/mnist_0_00405.png,"{'skeletonization_time_ms': 63.06432, 'contour_analysis_time_ms': 791.830875, 'classification_time_ms': 1700.428959}",0,8,False,
success,24ee73a9-f3c7-4f15-bab9-f06368493dee,/opt/nuclio/shared_storage/test/0/mnist_0_test_00126.png,"{'skeletonization_time_ms': 87.085958, 'contour_analysis_time_ms': 1122.8605, 'classification_time_ms': 785.702875}",0,7,False,
success,4fc658e8-8e41-4d0d-89c5-332d2a3de49a,/opt/nuclio/shared_storage/test/0/mnist_0_00376.png,"{'skeletonization_time_ms': 81.960292, 'contour_analysis_time_ms': 813.525459, 'classification_time_ms': 536.117334}",0,7,False,
success,55cd04f3-282c-434a-b204-4da0b62a959b,/opt/nuclio/shared_storage/test/0/mnist_0_00389.png,"{'skeletonization_time_ms': 59.650167, 'contour_analysis_time_ms': 949.323292, 'classification_time_ms': 910.916458}",0,6,False,
success,afde7044-eca4-4c5c-921a-20998171d4b4,/opt/nuclio/shared_storage/test/0/mnist_0_00001.png,"{'skeletonization_time_ms': 127.921584, 'contour_analysis_time_ms': 2112.01996, 'classification_time_ms': 184.69175}",0,not classified,False,
error,03881bc7-7355-4488-b6fc-16f2ddca4cea,/opt/nuclio/shared_storage/test/1/mnist_1_00132.png,,1,,,DLQ
success,4b5b148e-00a6-44a5-99da-ad0785361bf2,/opt/nuclio/shared_storage/test/0/mnist_0_00148.png,"{'skeletonization_time_ms': 64.851375, 'contour_analysis_time_ms': 899.431251, 'classification_time_ms': 1275.576584}",0,5,False,
success,0f6e9cb7-f082-4011-be3f-d1338c843918,/opt/nuclio/shared_storage/test/0/mnist_0_00996.png,"{'skeletonization_time_ms': 266.692708, 'contour_analysis_time_ms': 742.560501, 'classification_time_ms': 424.776375}",0,4,False,
success,4dee276c-6e13-401f-a669-e3a21a6b736c,/opt/nuclio/shared_storage/test/0/mnist_0_00411.png,"{'skeletonization_time_ms': 122.595833, 'contour_analysis_time_ms': 1113.762584, 'classification_time_ms': 1863.596959}",0,6,False,
success,2d917dce-b2c3-4779-a7a2-99e5c33c1907,/opt/nuclio/shared_storage/test/0/mnist_0_00808.png,"{'skeletonization_time_ms': 140.311625, 'contour_analysis_time_ms': 889.904834, 'classification_time_ms': 973.998584}",0,9,False,
success,a7f4ea93-ad63-456f-b752-b37062df638e,/opt/nuclio/shared_storage/test/0/mnist_0_00968.png,"{'skeletonization_time_ms': 432.895459, 'contour_analysis_time_ms': 990.795917, 'classification_time_ms': 319.825083}",0,1,False,
success,803b6585-5ddf-4b15-92fd-d114620bd195,/opt/nuclio/shared_storage/test/0/mnist_0_00216.png,"{'skeletonization_time_ms': 246.570292, 'contour_analysis_time_ms': 915.870626, 'classification_time_ms': 67.221542}",0,1,False,
success,f6da2af4-f4e4-4138-94d9-5685add7f67d,/opt/nuclio/shared_storage/test/0/mnist_0_00177.png,"{'skeletonization_time_ms': 55.481958, 'contour_analysis_time_ms': 963.355667, 'classification_time_ms': 546.685417}",0,7,False,
success,8cbb7cab-49c1-4596-ae71-f70f16e03d31,/opt/nuclio/shared_storage/test/0/mnist_0_00772.png,"{'skeletonization_time_ms': 86.199584, 'contour_analysis_time_ms': 694.504334, 'classification_time_ms': 412.1705}",0,7,False,
success,fe568e73-0ce8-4b35-beb6-0ea68077c8a3,/opt/nuclio/shared_storage/test/0/mnist_0_00773.png,"{'skeletonization_time_ms': 73.115166, 'contour_analysis_time_ms': 508.211403, 'classification_time_ms': 1019.031084}",0,9,False,
success,ac6b9603-0336-430e-8139-a41ab076dbd5,/opt/nuclio/shared_storage/test/0/mnist_0_00821.png,"{'skeletonization_time_ms': 141.174667, 'contour_analysis_time_ms': 1411.495459, 'classification_time_ms': 584.028041}",0,8,False,
success,2f453da1-6647-451a-97d0-0762ab813101,/opt/nuclio/shared_storage/test/0/mnist_0_00850.png,"{'skeletonization_time_ms': 103.882166, 'contour_analysis_time_ms': 694.00475, 'classification_time_ms': 542.376542}",0,not classified,False,
success,aa43e31b-0fee-47f6-9782-c6582cb49965,/opt/nuclio/shared_storage/test/0/mnist_0_test_00078.png,"{'skeletonization_time_ms': 63.891291, 'contour_analysis_time_ms': 835.135959, 'classification_time_ms': 1086.995042}",0,5,False,
success,42e38289-07fa-441e-bc14-12d7f54557bd,/opt/nuclio/shared_storage/test/0/mnist_0_00798.png,"{'skeletonization_time_ms': 192.093041, 'contour_analysis_time_ms': 2112.029376, 'classification_time_ms': 626.988084}",0,9,False,
success,c19dacd8-530d-4658-be81-a2ec9ec4ee45,/opt/nuclio/shared_storage/test/0/mnist_0_00349.png,"{'skeletonization_time_ms': 145.0475, 'contour_analysis_time_ms': 489.653667, 'classification_time_ms': 121.582916}",0,1,False,
success,12383aad-a90f-4b95-9e4a-656171c62987,/opt/nuclio/shared_storage/test/0/mnist_0_00377.png,"{'skeletonization_time_ms': 70.337375, 'contour_analysis_time_ms': 684.495417, 'classification_time_ms': 391.205125}",0,6,False,
success,9da29c99-5bd5-4d31-a787-78a34b4cb8e6,/opt/nuclio/shared_storage/test/0/mnist_0_00475.png,"{'skeletonization_time_ms': 227.530375, 'contour_analysis_time_ms': 663.376709, 'classification_time_ms': 143.807125}",0,not classified,False,
success,ac3fd95e-2923-4f7a-92c2-0b0ef31f15ae,/opt/nuclio/shared_storage/test/0/mnist_0_00565.png,"{'skeletonization_time_ms': 78.192111, 'contour_analysis_time_ms': 687.309667, 'classification_time_ms': 426.262916}",0,9,False,
success,c62c552f-3275-431e-94a8-2be1b4550e18,/opt/nuclio/shared_storage/test/0/mnist_0_00925.png,"{'skeletonization_time_ms': 107.084792, 'contour_analysis_time_ms': 802.097167, 'classification_time_ms': 710.652167}",0,9,False,
success,18c4985e-ad29-41f6-aa2e-e26d61caa596,/opt/nuclio/shared_storage/test/0/mnist_0_00702.png,"{'skeletonization_time_ms': 342.179042, 'contour_analysis_time_ms': 921.497584, 'classification_time_ms': 435.561}",0,5,False,
error,3764b67a-ad7d-40d4-a6ed-9725d56574b3,/opt/nuclio/shared_storage/test/2/mnist_2_00978.png,,2,,,DLQ
success,0ddba0f7-a84d-4bd7-9504-b2f76b5ca5ee,/opt/nuclio/shared_storage/test/0/mnist_0_test_00087.png,"{'skeletonization_time_ms': 156.481917, 'contour_analysis_time_ms': 576.298834, 'classification_time_ms': 531.176333}",0,6,False,
success,56faf5cd-a4e2-428a-b040-afc05c6f5fdb,/opt/nuclio/shared_storage/test/0/mnist_0_00662.png,"{'skeletonization_time_ms': 64.616792, 'contour_analysis_time_ms': 777.200167, 'classification_time_ms': 115.81475}",0,not classified,False,
success,42601658-aba3-49ca-89fc-29d68a950136,/opt/nuclio/shared_storage/test/0/mnist_0_00942.png,"{'skeletonization_time_ms': 70.753625, 'contour_analysis_time_ms': 799.940334, 'classification_time_ms': 277.023292}",0,9,False,
success,98b0e7bd-8634-41b2-8f69-9a1db13a897d,/opt/nuclio/shared_storage/test/0/mnist_0_00957.png,"{'skeletonization_time_ms': 102.914708, 'contour_analysis_time_ms': 958.043042, 'classification_time_ms': 364.797042}",0,6,False,
error,c3f866ad-3e1e-4aa2-a297-2bcf31adced1,/opt/nuclio/shared_storage/test/2/mnist_2_00264.png,,2,,,DLQ
success,0a2e046b-243b-4624-bf8e-edc262f83b0c,/opt/nuclio/shared_storage/test/0/mnist_0_00598.png,"{'skeletonization_time_ms': 115.998459, 'contour_analysis_time_ms': 442.79275, 'classification_time_ms': 38.358708}",0,1,False,
success,edb9561c-aba9-47a4-8f7d-429137b98c1b,/opt/nuclio/shared_storage/test/0/mnist_0_test_00155.png,"{'skeletonization_time_ms': 193.017542, 'contour_analysis_time_ms': 798.562292, 'classification_time_ms': 342.840208}",0,5,False,
success,f4d6ab88-694c-4438-b005-5e466640c900,/opt/nuclio/shared_storage/test/0/mnist_0_00110.png,"{'skeletonization_time_ms': 67.101625, 'contour_analysis_time_ms': 552.300417, 'classification_time_ms': 677.320084}",0,9,False,
error,e449c521-2273-49bf-a42a-75ced1bbdcf7,/opt/nuclio/shared_storage/test/2/mnist_2_00115.png,,2,,,DLQ
error,40df70bb-6e2f-4a8a-94fe-facb472ed696,/opt/nuclio/shared_storage/test/2/mnist_2_00114.png,,2,,,DLQ
success,25c17457-8457-4647-b73c-608b4eff4e8a,/opt/nuclio/shared_storage/test/0/mnist_0_test_00118.png,"{'skeletonization_time_ms': 284.801083, 'contour_analysis_time_ms': 753.81125, 'classification_time_ms': 144.628}",0,not classified,False,
error,8d051250-ddbf-42da-8ffb-1275d8aca302,/opt/nuclio/shared_storage/test/2/mnist_2_00113.png,,2,,,DLQ
success,906bf4b0-2404-423d-872f-3a9bda489ca4,/opt/nuclio/shared_storage/test/0/mnist_0_test_00178.png,"{'skeletonization_time_ms': 72.229708, 'contour_analysis_time_ms': 770.166834, 'classification_time_ms': 736.903167}",0,7,False,
success,7fd4aa60-7d5d-4728-9984-073f337f0857,/opt/nuclio/shared_storage/test/0/mnist_0_test_00125.png,"{'skeletonization_time_ms': 75.847791, 'contour_analysis_time_ms': 825.268459, 'classification_time_ms': 1329.148334}",0,7,False,
success,3487fe1a-f2a8-4d1f-b30a-408cb69a818c,/opt/nuclio/shared_storage/test/0/mnist_0_00926.png,"{'skeletonization_time_ms': 324.283542, 'contour_analysis_time_ms': 778.592584, 'classification_time_ms': 973.873792}",0,8,False,
success,3ed731bf-8871-4228-a71e-6e916908f370,/opt/nuclio/shared_storage/test/0/mnist_0_00847.png,"{'skeletonization_time_ms': 69.879834, 'contour_analysis_time_ms': 1271.223459, 'classification_time_ms': 181.089958}",0,7,False,
success,4b87e9fe-5a27-46d7-a93c-f78108ebb032,/opt/nuclio/shared_storage/test/0/mnist_0_00887.png,"{'skeletonization_time_ms': 108.587875, 'contour_analysis_time_ms': 862.410625, 'classification_time_ms': 192.98325}",0,3,False,
success,8ca8ee30-163c-4387-9d90-31c0277fa86d,/opt/nuclio/shared_storage/test/0/mnist_0_00994.png,"{'skeletonization_time_ms': 164.592917, 'contour_analysis_time_ms': 585.102292, 'classification_time_ms': 540.293292}",0,not classified,False,
success,c98bfd6a-a4d2-4116-b3a1-5a1a4a8c5c02,/opt/nuclio/shared_storage/test/0/mnist_0_test_00157.png,"{'skeletonization_time_ms': 85.017625, 'contour_analysis_time_ms': 596.581126, 'classification_time_ms': 333.773333}",0,7,False,
success,d7d8e8a4-65a5-4a72-a1bf-ae5509a574a1,/opt/nuclio/shared_storage/test/0/mnist_0_00851.png,"{'skeletonization_time_ms': 562.650125, 'contour_analysis_time_ms': 843.824375, 'classification_time_ms': 245.514569}",0,6,False,
error,cea0929a-6534-4675-9a5e-654964fec8cf,/opt/nuclio/shared_storage/test/3/mnist_3_test_00054.png,,3,,,DLQ
success,f777b5d2-293f-4bd2-baf8-6ae42400106c,/opt/nuclio/shared_storage/test/0/mnist_0_00572.png,"{'skeletonization_time_ms': 113.339625, 'contour_analysis_time_ms': 592.746861, 'classification_time_ms': 373.958584}",0,6,False,
success,52a80eea-6c1f-46fa-97ed-84c23301b6fa,/opt/nuclio/shared_storage/test/0/mnist_0_00267.png,"{'skeletonization_time_ms': 142.693916, 'contour_analysis_time_ms': 532.908542, 'classification_time_ms': 296.506167}",0,3,False,
success,24349259-a94a-42be-bdd5-af19bd7486a5,/opt/nuclio/shared_storage/test/0/mnist_0_00924.png,"{'skeletonization_time_ms': 85.256708, 'contour_analysis_time_ms': 560.936833, 'classification_time_ms': 299.158334}",0,2,False,
success,95f9c076-fc65-4d19-a58f-62f01ae761f6,/opt/nuclio/shared_storage/test/0/mnist_0_test_00093.png,"{'skeletonization_time_ms': 728.11475, 'contour_analysis_time_ms': 619.309, 'classification_time_ms': 142.209333}",0,7,False,
success,fa1cd78c-88ed-4d4b-b593-bc92518d7aff,/opt/nuclio/shared_storage/test/0/mnist_0_test_00119.png,"{'skeletonization_time_ms': 104.1105, 'contour_analysis_time_ms': 551.739167, 'classification_time_ms': 471.22125}",0,6,False,
success,6292a7be-0e85-4652-a93a-b59000ea5f7e,/opt/nuclio/shared_storage/test/0/mnist_0_00665.png,"{'skeletonization_time_ms': 104.859792, 'contour_analysis_time_ms': 762.392125, 'classification_time_ms': 357.408042}",0,5,False,
success,3358f470-aa9e-4681-9d72-640aa7d9184f,/opt/nuclio/shared_storage/test/0/mnist_0_00517.png,"{'skeletonization_time_ms': 161.178, 'contour_analysis_time_ms': 572.433792, 'classification_time_ms': 314.736251}",0,5,False,
success,68c58ee6-c6df-42fe-9053-395bb024eb6d,/opt/nuclio/shared_storage/test/0/mnist_0_00017.png,"{'skeletonization_time_ms': 685.328334, 'contour_analysis_time_ms': 525.867084, 'classification_time_ms': 341.545459}",0,5,False,
success,e43b8048-f82c-4514-bf51-943c6c662158,/opt/nuclio/shared_storage/test/0/mnist_0_00676.png,"{'skeletonization_time_ms': 166.096041, 'contour_analysis_time_ms': 681.0295, 'classification_time_ms': 1108.516542}",0,6,False,
success,0ae5a0d1-cc37-40dc-b62c-5bf15443a509,/opt/nuclio/shared_storage/test/0/mnist_0_00884.png,"{'skeletonization_time_ms': 64.475125, 'contour_analysis_time_ms': 927.896792, 'classification_time_ms': 795.838167}",0,6,False,
success,19b8b5dc-31fc-48d3-910b-cc3b4363a3ad,/opt/nuclio/shared_storage/test/0/mnist_0_00823.png,"{'skeletonization_time_ms': 53.199792, 'contour_analysis_time_ms': 832.693958, 'classification_time_ms': 45.788667}",0,1,False,
success,2ab6ccd8-af6f-48e7-892f-63dab2594259,/opt/nuclio/shared_storage/test/0/mnist_0_00672.png,"{'skeletonization_time_ms': 158.479292, 'contour_analysis_time_ms': 529.7535, 'classification_time_ms': 175.809667}",0,7,False,
success,465b10bf-885c-4a89-b091-b744867414d9,/opt/nuclio/shared_storage/test/0/mnist_0_00715.png,"{'skeletonization_time_ms': 105.654792, 'contour_analysis_time_ms': 458.891417, 'classification_time_ms': 251.558208}",0,not classified,False,
success,5dc8c8b6-f13f-42f7-8cad-1a3557b185bb,/opt/nuclio/shared_storage/test/0/mnist_0_00138.png,"{'skeletonization_time_ms': 213.137584, 'contour_analysis_time_ms': 582.942667, 'classification_time_ms': 664.932084}",0,9,False,
success,57eb14d9-eb8a-4761-9f4d-750e6f30e5d3,/opt/nuclio/shared_storage/test/0/mnist_0_00882.png,"{'skeletonization_time_ms': 101.474, 'contour_analysis_time_ms': 620.368959, 'classification_time_ms': 567.513042}",0,5,False,
success,98a128b4-9e60-48a3-927f-93a50cbdc0b5,/opt/nuclio/shared_storage/test/0/mnist_0_00288.png,"{'skeletonization_time_ms': 84.251042, 'contour_analysis_time_ms': 988.994125, 'classification_time_ms': 241.172167}",0,7,False,
success,39463331-c9b8-499c-9fb3-4b7ecd93e266,/opt/nuclio/shared_storage/test/0/mnist_0_00660.png,"{'skeletonization_time_ms': 169.388125, 'contour_analysis_time_ms': 494.853042, 'classification_time_ms': 170.596875}",0,5,False,
success,3c659485-ea2d-4f6c-9535-f69a71ff3514,/opt/nuclio/shared_storage/test/0/mnist_0_00488.png,"{'skeletonization_time_ms': 45.577875, 'contour_analysis_time_ms': 539.969584, 'classification_time_ms': 486.984917}",0,4,False,
success,0ab4cacb-e88c-4f4b-b3d9-12fa86ff5169,/opt/nuclio/shared_storage/test/0/mnist_0_00688.png,"{'skeletonization_time_ms': 69.247542, 'contour_analysis_time_ms': 813.855042, 'classification_time_ms': 472.818167}",0,not classified,False,
success,2b103ebb-f73b-4328-8370-d7c80d2551fb,/opt/nuclio/shared_storage/test/0/mnist_0_00348.png,"{'skeletonization_time_ms': 333.391, 'contour_analysis_time_ms': 404.358584, 'classification_time_ms': 1239.941334}",0,2,False,
success,60f6d9a5-3a6e-4ecc-8dd4-ec6fe15b5276,/opt/nuclio/shared_storage/test/0/mnist_0_test_00032.png,"{'skeletonization_time_ms': 293.131209, 'contour_analysis_time_ms': 927.872667, 'classification_time_ms': 576.433459}",0,5,False,
success,baff071e-86be-4c46-a63b-ab3d49984600,/opt/nuclio/shared_storage/test/0/mnist_0_00716.png,"{'skeletonization_time_ms': 137.498792, 'contour_analysis_time_ms': 822.988625, 'classification_time_ms': 269.906959}",0,7,False,
success,093e47d1-622d-4686-b13a-f387e0968534,/opt/nuclio/shared_storage/test/0/mnist_0_00845.png,"{'skeletonization_time_ms': 70.39075, 'contour_analysis_time_ms': 468.097833, 'classification_time_ms': 382.422667}",0,9,False,
success,bf17a907-ee03-4d33-aa48-d0c5970fa6eb,/opt/nuclio/shared_storage/test/0/mnist_0_00139.png,"{'skeletonization_time_ms': 156.930834, 'contour_analysis_time_ms': 1101.043959, 'classification_time_ms': 511.109876}",0,9,False,
error,c61c99a4-8286-41d3-8722-a56f3f78e3e8,/opt/nuclio/shared_storage/test/3/mnist_3_00161.png,,3,,,DLQ
success,85ac0dd5-eae7-4b5c-83fd-04ba48c84338,/opt/nuclio/shared_storage/test/0/mnist_0_00071.png,"{'skeletonization_time_ms': 81.313667, 'contour_analysis_time_ms': 1202.006751, 'classification_time_ms': 399.092959}",0,9,False,
success,2cf7bfee-1b7e-4cb6-b621-30bc3dff041b,/opt/nuclio/shared_storage/test/0/mnist_0_00502.png,"{'skeletonization_time_ms': 88.746958, 'contour_analysis_time_ms': 1040.660334, 'classification_time_ms': 772.762084}",0,9,False,
success,590bc23b-5d05-410e-8cec-9d029196c4db,/opt/nuclio/shared_storage/test/0/mnist_0_00893.png,"{'skeletonization_time_ms': 50.73025, 'contour_analysis_time_ms': 985.032876, 'classification_time_ms': 370.892334}",0,7,False,
error,a84caf47-db5f-429c-b0a9-fab79e63f78a,/opt/nuclio/shared_storage/test/3/mnist_3_00615.png,,3,,,DLQ
success,46266afe-8456-48a9-8ca2-9db34d36efcc,/opt/nuclio/shared_storage/test/0/mnist_0_00885.png,"{'skeletonization_time_ms': 106.263292, 'contour_analysis_time_ms': 965.788334, 'classification_time_ms': 520.367584}",0,9,False,
success,b04edd8f-39ce-44ac-abc9-515ca592631f,/opt/nuclio/shared_storage/test/0/mnist_0_00065.png,"{'skeletonization_time_ms': 274.6745, 'contour_analysis_time_ms': 789.45625, 'classification_time_ms': 136.662334}",0,not classified,False,
success,595bde8d-9184-4da7-9450-384ad149ea0e,/opt/nuclio/shared_storage/test/0/mnist_0_test_00021.png,"{'skeletonization_time_ms': 60.599042, 'contour_analysis_time_ms': 773.643792, 'classification_time_ms': 375.17375}",0,5,False,
success,2faf4790-e1e2-4809-9d8e-aec26c6a671e,/opt/nuclio/shared_storage/test/0/mnist_0_00739.png,"{'skeletonization_time_ms': 41.837583, 'contour_analysis_time_ms': 685.072542, 'classification_time_ms': 487.643542}",0,3,False,
success,c6a6cacd-3188-48c4-9d62-957e79dcce03,/opt/nuclio/shared_storage/test/0/mnist_0_00921.png,"{'skeletonization_time_ms': 53.53225, 'contour_analysis_time_ms': 452.635292, 'classification_time_ms': 201.117709}",0,not classified,False,
error,ac2e48dd-3a21-4d4b-bcf0-fa075bbc9ebf,/opt/nuclio/shared_storage/test/3/mnist_3_test_00164.png,,3,,,DLQ
error,9aa19e5b-8e02-4624-84e5-146ee119f75a,/opt/nuclio/shared_storage/test/4/mnist_4_test_00581.png,,4,,,DLQ
success,31e9d99b-0ed4-4487-b08c-416483548905,/opt/nuclio/shared_storage/test/0/mnist_0_00932.png,"{'skeletonization_time_ms': 76.245541, 'contour_analysis_time_ms': 488.887792, 'classification_time_ms': 463.159916}",0,6,False,
success,b7b3ab5d-8b2a-4df1-b3cc-e40cbd715134,/opt/nuclio/shared_storage/test/0/mnist_0_00316.png,"{'skeletonization_time_ms': 47.231375, 'contour_analysis_time_ms': 501.311876, 'classification_time_ms': 565.304958}",0,6,False,
success,4c1c7a66-549a-477e-a66c-8b834902f30c,/opt/nuclio/shared_storage/test/0/mnist_0_00045.png,"{'skeletonization_time_ms': 56.449167, 'contour_analysis_time_ms': 723.454417, 'classification_time_ms': 153.0955}",0,1,False,
success,9e9d369a-d2d2-42f6-89b0-7e35e6aa6738,/opt/nuclio/shared_storage/test/0/mnist_0_00895.png,"{'skeletonization_time_ms': 123.364542, 'contour_analysis_time_ms': 499.312125, 'classification_time_ms': 489.206209}",0,6,False,
success,b6abc9d7-80f7-474b-9a0e-0743df5d2a2d,/opt/nuclio/shared_storage/test/0/mnist_0_00104.png,"{'skeletonization_time_ms': 101.502583, 'contour_analysis_time_ms': 707.945959, 'classification_time_ms': 221.705834}",0,7,False,
success,e591823a-df58-4756-b87d-e8ae88d84cf2,/opt/nuclio/shared_storage/test/0/mnist_0_00842.png,"{'skeletonization_time_ms': 118.47325, 'contour_analysis_time_ms': 579.397208, 'classification_time_ms': 332.267167}",0,6,False,
success,3278452d-0307-4048-83cb-48fcc2a7a198,/opt/nuclio/shared_storage/test/0/mnist_0_00501.png,"{'skeletonization_time_ms': 53.833041, 'contour_analysis_time_ms': 468.468209, 'classification_time_ms': 478.590653}",0,not classified,False,
success,abe1ee54-c9dd-4e40-a73f-8c62952ff76f,/opt/nuclio/shared_storage/test/0/mnist_0_00933.png,"{'skeletonization_time_ms': 60.629583, 'contour_analysis_time_ms': 619.602695, 'classification_time_ms': 326.805417}",0,9,False,
success,5936afa2-91c2-4cf8-80f4-797dd1145916,/opt/nuclio/shared_storage/test/0/mnist_0_00516.png,"{'skeletonization_time_ms': 44.135459, 'contour_analysis_time_ms': 581.201167, 'classification_time_ms': 850.778001}",0,6,False,
success,876c7a6b-242e-40d4-9212-4851b84f698d,/opt/nuclio/shared_storage/test/0/mnist_0_00841.png,"{'skeletonization_time_ms': 103.828167, 'contour_analysis_time_ms': 758.188292, 'classification_time_ms': 287.984375}",0,1,False,
success,1842f980-7401-4686-8db9-b337f907672f,/opt/nuclio/shared_storage/test/0/mnist_0_00471.png,"{'skeletonization_time_ms': 125.598958, 'contour_analysis_time_ms': 662.369167, 'classification_time_ms': 229.918542}",0,7,False,
error,a655e782-9423-402b-8f18-3e44aba95f00,/opt/nuclio/shared_storage/test/4/mnist_4_test_00281.png,,4,,,DLQ
success,e269a03f-082f-461f-a0ac-e2940817ca6f,/opt/nuclio/shared_storage/test/0/mnist_0_00074.png,"{'skeletonization_time_ms': 81.014376, 'contour_analysis_time_ms': 767.158959, 'classification_time_ms': 161.227708}",0,not classified,False,
success,b1ff38e9-24e5-40ab-9b9f-960e693b2d70,/opt/nuclio/shared_storage/test/0/mnist_0_00648.png,"{'skeletonization_time_ms': 83.677125, 'contour_analysis_time_ms': 809.988958, 'classification_time_ms': 161.924417}",0,1,False,
success,7cdc0d46-9cbe-4d55-a747-fddeb9e9bce9,/opt/nuclio/shared_storage/test/0/mnist_0_00879.png,"{'skeletonization_time_ms': 44.104042, 'contour_analysis_time_ms': 714.579042, 'classification_time_ms': 275.163458}",0,6,False,
error,1e391d3b-7818-496a-8694-21d669a12801,/opt/nuclio/shared_storage/test/4/mnist_4_00409.png,,4,,,DLQ
success,8864d109-6f2b-47b7-b061-959849f41408,/opt/nuclio/shared_storage/test/0/mnist_0_00112.png,"{'skeletonization_time_ms': 81.5655, 'contour_analysis_time_ms': 842.515334, 'classification_time_ms': 673.391208}",0,not classified,False,
success,4275f9a3-0005-4dfb-8fe5-2a2d36556af8,/opt/nuclio/shared_storage/test/0/mnist_0_test_00187.png,"{'skeletonization_time_ms': 52.916916, 'contour_analysis_time_ms': 651.180875, 'classification_time_ms': 270.852584}",0,7,False,
success,f192e592-9311-4fbb-a6bd-45ab3fd7a948,/opt/nuclio/shared_storage/test/0/mnist_0_00446.png,"{'skeletonization_time_ms': 36.37425, 'contour_analysis_time_ms': 380.156001, 'classification_time_ms': 260.691917}",0,3,False,
success,ea505fb0-92a2-4e54-a28f-2457c2265d5f,/opt/nuclio/shared_storage/test/0/mnist_0_00916.png,"{'skeletonization_time_ms': 45.207625, 'contour_analysis_time_ms': 535.789375, 'classification_time_ms': 93.171916}",0,1,False,
error,880bb42b-57aa-46e8-980d-b021079adb8d,/opt/nuclio/shared_storage/test/4/mnist_4_test_00171.png,,4,,,DLQ
success,ba192491-79e8-435d-be3d-4d353036b854,/opt/nuclio/shared_storage/test/0/mnist_0_00088.png,"{'skeletonization_time_ms': 131.351709, 'contour_analysis_time_ms': 887.069126, 'classification_time_ms': 68.426416}",0,not classified,False,
success,9d5a3111-ee03-4853-8ce0-ce9ecfec3d0a,/opt/nuclio/shared_storage/test/0/mnist_0_00129.png,"{'skeletonization_time_ms': 50.998208, 'contour_analysis_time_ms': 880.386292, 'classification_time_ms': 286.670167}",0,9,False,
success,0a59ab86-6721-4734-a43a-5e8b50dcc336,/opt/nuclio/shared_storage/test/0/mnist_0_00728.png,"{'skeletonization_time_ms': 57.312875, 'contour_analysis_time_ms': 898.438292, 'classification_time_ms': 377.967}",0,5,False,
success,076a04ba-aa96-4f05-953b-e18c7ac90b37,/opt/nuclio/shared_storage/test/0/mnist_0_00133.png,"{'skeletonization_time_ms': 58.9625, 'contour_analysis_time_ms': 461.213292, 'classification_time_ms': 220.771417}",0,9,False,
success,e5d89908-1021-4cf5-843f-da1e943f206c,/opt/nuclio/shared_storage/test/0/mnist_0_00116.png,"{'skeletonization_time_ms': 54.723167, 'contour_analysis_time_ms': 516.993542, 'classification_time_ms': 108.472042}",0,not classified,False,
error,fc49ad5e-f17b-425f-83c5-2ee218d8831e,/opt/nuclio/shared_storage/test/5/mnist_5_00208.png,,5,,,DLQ
error,f500047e-9c85-4417-947c-5e2fde8a75d7,/opt/nuclio/shared_storage/test/5/mnist_5_test_00547.png,,5,,,DLQ
success,5f759218-517d-42d8-9422-09b4dc46588c,/opt/nuclio/shared_storage/test/0/mnist_0_00467.png,"{'skeletonization_time_ms': 155.264709, 'contour_analysis_time_ms': 492.54225, 'classification_time_ms': 185.392959}",0,1,False,
error,3be75869-e8d7-445a-aff3-7d69187f92ac,/opt/nuclio/shared_storage/test/5/mnist_5_test_00444.png,,5,,,DLQ
success,e7aeeda3-3415-4306-b61d-5c69e22f50be,/opt/nuclio/shared_storage/test/0/mnist_0_00124.png,"{'skeletonization_time_ms': 98.314958, 'contour_analysis_time_ms': 495.705001, 'classification_time_ms': 401.23225}",0,2,False,
success,d0b6d9ad-2a89-4d96-b862-8c298cb4e6a1,/opt/nuclio/shared_storage/test/0/mnist_0_00049.png,"{'skeletonization_time_ms': 126.8415, 'contour_analysis_time_ms': 551.102167, 'classification_time_ms': 460.823501}",0,2,False,
success,f2c000ef-c55b-4a47-92d0-253c38d63868,/opt/nuclio/shared_storage/test/0/mnist_0_00328.png,"{'skeletonization_time_ms': 66.925375, 'contour_analysis_time_ms': 614.330542, 'classification_time_ms': 274.357834}",0,7,False,
error,f74ff7cd-8d9e-43fe-b0fc-b18b3881ef92,/opt/nuclio/shared_storage/test/5/mnist_5_test_00091.png,,5,,,DLQ
success,2f587e15-4090-4859-9724-d1d3c2d11155,/opt/nuclio/shared_storage/test/0/mnist_0_00938.png,"{'skeletonization_time_ms': 68.297583, 'contour_analysis_time_ms': 562.290667, 'classification_time_ms': 303.725125}",0,not classified,False,
error,7c4ad6de-19cf-4d5c-9b8e-40d78a7a7461,/opt/nuclio/shared_storage/test/5/mnist_5_test_00255.png,,5,,,DLQ
error,8ea6db82-b6c1-45ff-826d-c9634c538c04,/opt/nuclio/shared_storage/test/5/mnist_5_test_00035.png,,5,,,DLQ
success,4642d32f-cb2a-42c3-bacf-d04707ac526a,/opt/nuclio/shared_storage/test/0/mnist_0_00683.png,"{'skeletonization_time_ms': 116.720709, 'contour_analysis_time_ms': 533.569292, 'classification_time_ms': 460.601833}",0,8,False,
success,8feb8b44-647a-4340-9411-158b1c4010ec,/opt/nuclio/shared_storage/test/0/mnist_0_00499.png,"{'skeletonization_time_ms': 47.83675, 'contour_analysis_time_ms': 549.604708, 'classification_time_ms': 635.818944}",0,9,False,
success,6cff49f6-0fb3-4c46-bd10-e70d4a2b29f5,/opt/nuclio/shared_storage/test/0/mnist_0_00437.png,"{'skeletonization_time_ms': 130.295458, 'contour_analysis_time_ms': 374.703334, 'classification_time_ms': 619.436152}",0,not classified,False,
success,5ebb322d-e44a-43ca-93df-3fd2026cc284,/opt/nuclio/shared_storage/test/0/mnist_0_00092.png,"{'skeletonization_time_ms': 56.837166, 'contour_analysis_time_ms': 729.357417, 'classification_time_ms': 171.5525}",0,7,False,
error,c22fe826-fc21-4981-aaeb-27e9f9286aa2,/opt/nuclio/shared_storage/test/5/mnist_5_test_00112.png,,5,,,DLQ
success,d8543e3c-830d-4a4b-a5ca-660076257c3d,/opt/nuclio/shared_storage/test/0/mnist_0_00329.png,"{'skeletonization_time_ms': 76.789292, 'contour_analysis_time_ms': 760.209709, 'classification_time_ms': 291.038208}",0,5,False,
success,aa5cdc94-ae45-4f43-9ade-d047c00ad2cf,/opt/nuclio/shared_storage/test/0/mnist_0_00527.png,"{'skeletonization_time_ms': 49.110708, 'contour_analysis_time_ms': 439.333125, 'classification_time_ms': 1020.052333}",0,8,False,
error,54ac69ff-f7e3-4d72-b90c-720462fe5905,/opt/nuclio/shared_storage/test/5/mnist_5_test_00463.png,,5,,,DLQ
error,95edf872-edf6-4e1f-b10a-100f34b20510,/opt/nuclio/shared_storage/test/5/mnist_5_00139.png,,5,,,DLQ
error,c7fa49a6-2fd7-432d-8f6a-a3e1f9257fe8,/opt/nuclio/shared_storage/test/5/mnist_5_test_00102.png,,5,,,DLQ
success,417ce95d-1494-4f0e-abe3-861b2895b6d0,/opt/nuclio/shared_storage/test/0/mnist_0_test_00179.png,"{'skeletonization_time_ms': 54.941875, 'contour_analysis_time_ms': 1058.330584, 'classification_time_ms': 315.456542}",0,5,False,
success,f48f5759-1719-4860-a7d0-35c7512cc2e1,/opt/nuclio/shared_storage/test/0/mnist_0_00230.png,"{'skeletonization_time_ms': 115.386458, 'contour_analysis_time_ms': 954.505375, 'classification_time_ms': 278.466126}",0,2,False,
success,5c0680b8-ae7a-4583-8a92-8f23b9b96892,/opt/nuclio/shared_storage/test/0/mnist_0_00658.png,"{'skeletonization_time_ms': 81.806625, 'contour_analysis_time_ms': 1029.485709, 'classification_time_ms': 288.821125}",0,7,False,
error,79163e71-183a-4423-a0e0-ae1562d99554,/opt/nuclio/shared_storage/test/5/mnist_5_test_00524.png,,5,,,DLQ
error,9389a571-8de9-47f9-87b0-7ef9571d1970,/opt/nuclio/shared_storage/test/5/mnist_5_test_00265.png,,5,,,DLQ
success,d945e3bf-0f1d-4b7c-a033-9aa0fd522460,/opt/nuclio/shared_storage/test/0/mnist_0_00523.png,"{'skeletonization_time_ms': 71.102958, 'contour_analysis_time_ms': 488.797209, 'classification_time_ms': 657.483625}",0,6,False,
success,8d595d8f-f4b1-4f4b-acf6-3a42c8a3afa7,/opt/nuclio/shared_storage/test/0/mnist_0_test_00190.png,"{'skeletonization_time_ms': 55.109542, 'contour_analysis_time_ms': 769.237375, 'classification_time_ms': 332.518625}",0,9,False,
success,aefad54c-5193-4efb-86f3-0757522ec7b6,/opt/nuclio/shared_storage/test/0/mnist_0_00130.png,"{'skeletonization_time_ms': 72.710541, 'contour_analysis_time_ms': 548.327834, 'classification_time_ms': 15.417166}",0,1,False,
error,86021aea-ed7f-416a-93ce-8a086fb7a328,/opt/nuclio/shared_storage/test/5/mnist_5_test_00616.png,,5,,,DLQ
success,984f671f-4454-4134-be6b-4958dc42e4d6,/opt/nuclio/shared_storage/test/0/mnist_0_00452.png,"{'skeletonization_time_ms': 129.441208, 'contour_analysis_time_ms': 714.033375, 'classification_time_ms': 666.118625}",0,7,False,
success,daa9493b-f0cb-47d6-a418-bea5a3b0c46f,/opt/nuclio/shared_storage/test/0/mnist_0_00669.png,"{'skeletonization_time_ms': 57.4035, 'contour_analysis_time_ms': 726.367043, 'classification_time_ms': 315.552041}",0,7,False,
error,fc82a8a4-2aa3-46b1-ad78-c536034cac8e,/opt/nuclio/shared_storage/test/5/mnist_5_test_00170.png,,5,,,DLQ
success,552d3b9b-5f4a-47c8-a713-95d453a3bdb6,/opt/nuclio/shared_storage/test/0/mnist_0_00727.png,"{'skeletonization_time_ms': 74.755625, 'contour_analysis_time_ms': 747.028708, 'classification_time_ms': 224.899792}",0,7,False,
success,ade6de5b-dbf8-47b1-9766-9875917558d7,/opt/nuclio/shared_storage/test/0/mnist_0_00534.png,"{'skeletonization_time_ms': 63.373, 'contour_analysis_time_ms': 770.859834, 'classification_time_ms': 502.148292}",0,not classified,False,
error,a0de09bf-b310-4aa0-9775-f5c45d212a19,/opt/nuclio/shared_storage/test/5/mnist_5_test_00576.png,,5,,,DLQ
success,3fb6dba9-6261-499a-9159-ba5879170a23,/opt/nuclio/shared_storage/test/0/mnist_0_00053.png,"{'skeletonization_time_ms': 34.744125, 'contour_analysis_time_ms': 526.668334, 'classification_time_ms': 223.935041}",0,not classified,False,
success,5ec53fa0-849f-4685-b46d-fdbc0543a3ba,/opt/nuclio/shared_storage/test/0/mnist_0_00805.png,"{'skeletonization_time_ms': 124.041667, 'contour_analysis_time_ms': 565.617167, 'classification_time_ms': 511.113083}",0,not classified,False,
success,d0005d51-05f0-4978-8b4e-0c1ffda74ca3,/opt/nuclio/shared_storage/test/0/mnist_0_00051.png,"{'skeletonization_time_ms': 192.413, 'contour_analysis_time_ms': 391.330209, 'classification_time_ms': 336.005375}",0,5,False,
success,cf8916c5-3c00-4626-9c64-11bd8dc060b6,/opt/nuclio/shared_storage/test/0/mnist_0_test_00185.png,"{'skeletonization_time_ms': 76.533333, 'contour_analysis_time_ms': 437.843542, 'classification_time_ms': 211.604334}",0,5,False,
success,4c45ee4b-0b1b-4c74-9221-d11a1858d4df,/opt/nuclio/shared_storage/test/0/mnist_0_00713.png,"{'skeletonization_time_ms': 55.174208, 'contour_analysis_time_ms': 290.669791, 'classification_time_ms': 328.224542}",0,6,False,
success,945bde81-47f0-48e7-b2e4-da3d16dfc101,/opt/nuclio/shared_storage/test/0/mnist_0_00087.png,"{'skeletonization_time_ms': 64.608875, 'contour_analysis_time_ms': 617.890959, 'classification_time_ms': 112.123}",0,not classified,False,
error,e83ec65f-7133-42ca-ab29-5e716e8279e0,/opt/nuclio/shared_storage/test/5/mnist_5_test_00565.png,,5,,,DLQ
error,22f5f71b-fb76-403e-808f-74797d4fa8ef,/opt/nuclio/shared_storage/test/5/mnist_5_test_00628.png,,5,,,DLQ
success,8c72eb69-f6de-48fe-82a6-5127a6fd3b9c,/opt/nuclio/shared_storage/test/0/mnist_0_00912.png,"{'skeletonization_time_ms': 100.977, 'contour_analysis_time_ms': 582.300834, 'classification_time_ms': 525.753667}",0,not classified,False,
success,0a52b5b4-297c-4c65-9192-a4d3f6d40575,/opt/nuclio/shared_storage/test/0/mnist_0_00046.png,"{'skeletonization_time_ms': 99.437084, 'contour_analysis_time_ms': 530.018875, 'classification_time_ms': 431.69025}",0,7,False,
success,85b74bc8-7a3f-4a94-9242-eab0ab77b93e,/opt/nuclio/shared_storage/test/0/mnist_0_00862.png,"{'skeletonization_time_ms': 120.006, 'contour_analysis_time_ms': 689.017458, 'classification_time_ms': 510.63775}",0,5,False,
success,0672b329-1709-4f3d-bbda-b359d833dab5,/opt/nuclio/shared_storage/test/0/mnist_0_00725.png,"{'skeletonization_time_ms': 106.575292, 'contour_analysis_time_ms': 576.587751, 'classification_time_ms': 900.193542}",0,1,False,
success,41b70c2b-480d-43ed-9968-ad7528c74d78,/opt/nuclio/shared_storage/test/0/mnist_0_00849.png,"{'skeletonization_time_ms': 99.814084, 'contour_analysis_time_ms': 1580.035918, 'classification_time_ms': 1118.322917}",0,9,False,
success,d13a0bcd-2ef7-4502-a779-f3c18211b47b,/opt/nuclio/shared_storage/test/0/mnist_0_00690.png,"{'skeletonization_time_ms': 81.423, 'contour_analysis_time_ms': 1679.605001, 'classification_time_ms': 1647.693667}",0,not classified,False,
success,a3f083e8-78ac-45f0-82c2-2238aabd9346,/opt/nuclio/shared_storage/test/0/mnist_0_00027.png,"{'skeletonization_time_ms': 68.17125, 'contour_analysis_time_ms': 545.985334, 'classification_time_ms': 316.966083}",0,7,False,
success,a69dd707-7b96-4bba-a3ac-78246f8233f1,/opt/nuclio/shared_storage/test/0/mnist_0_00042.png,"{'skeletonization_time_ms': 91.34775, 'contour_analysis_time_ms': 647.622084, 'classification_time_ms': 975.754153}",0,7,False,
success,1a3f48af-7d57-4cc8-938a-5ae9d580c6b2,/opt/nuclio/shared_storage/test/0/mnist_0_00511.png,"{'skeletonization_time_ms': 71.149958, 'contour_analysis_time_ms': 605.818709, 'classification_time_ms': 238.669125}",0,7,False,
success,cf671133-803a-4827-a5ef-916c014562bb,/opt/nuclio/shared_storage/test/0/mnist_0_00634.png,"{'skeletonization_time_ms': 127.434459, 'contour_analysis_time_ms': 498.084167, 'classification_time_ms': 841.395459}",0,9,False,
success,9c961b6d-689b-43b5-95e6-0ff6179c0021,/opt/nuclio/shared_storage/test/0/mnist_0_test_00161.png,"{'skeletonization_time_ms': 94.363958, 'contour_analysis_time_ms': 895.790584, 'classification_time_ms': 730.480084}",0,not classified,False,
success,94cffa59-2eb2-4647-8e46-4f4d0f5dbc9f,/opt/nuclio/shared_storage/test/0/mnist_0_00868.png,"{'skeletonization_time_ms': 36.502709, 'contour_analysis_time_ms': 651.668917, 'classification_time_ms': 419.375542}",0,7,False,
success,fb1f060b-b22f-4d81-9bd3-8a126c5ccac4,/opt/nuclio/shared_storage/test/0/mnist_0_00783.png,"{'skeletonization_time_ms': 92.507708, 'contour_analysis_time_ms': 452.412167, 'classification_time_ms': 344.951251}",0,7,False,
success,2a88316d-d9b8-449f-ac25-6e978334f725,/opt/nuclio/shared_storage/test/0/mnist_0_00479.png,"{'skeletonization_time_ms': 50.52675, 'contour_analysis_time_ms': 546.236375, 'classification_time_ms': 424.188167}",0,2,False,
error,736e60cd-31b1-4a64-b79a-60ef662077f1,/opt/nuclio/shared_storage/test/6/mnist_6_test_00015.png,,6,,,DLQ
success,818ac718-635e-47ba-8a5c-e28dd37959ba,/opt/nuclio/shared_storage/test/0/mnist_0_00294.png,"{'skeletonization_time_ms': 84.4815, 'contour_analysis_time_ms': 1919.873334, 'classification_time_ms': 1922.449335}",0,8,False,
success,c36a742d-3c8e-4f0b-98f4-f4e424642476,/opt/nuclio/shared_storage/test/0/mnist_0_00522.png,"{'skeletonization_time_ms': 106.923917, 'contour_analysis_time_ms': 1449.121917, 'classification_time_ms': 990.085834}",0,7,False,
success,c3ec87d5-b979-49db-b737-f2279cad8ce5,/opt/nuclio/shared_storage/test/0/mnist_0_00532.png,"{'skeletonization_time_ms': 50.528917, 'contour_analysis_time_ms': 748.250209, 'classification_time_ms': 139.004334}",0,5,False,
success,0e8f35cd-b6e9-4d01-ab39-6a20ee6f3fcf,/opt/nuclio/shared_storage/test/0/mnist_0_00140.png,"{'skeletonization_time_ms': 71.592083, 'contour_analysis_time_ms': 300.705667, 'classification_time_ms': 314.364125}",0,5,False,
success,a952740b-29e5-4af9-982e-14f3e04182aa,/opt/nuclio/shared_storage/test/0/mnist_0_00119.png,"{'skeletonization_time_ms': 62.644542, 'contour_analysis_time_ms': 509.577792, 'classification_time_ms': 390.998209}",0,9,False,
error,163b594a-3581-4fda-8527-47248e499f82,/opt/nuclio/shared_storage/test/6/mnist_6_test_00298.png,,6,,,DLQ
success,82033510-d4b9-4f79-b36f-622af2db9c87,/opt/nuclio/shared_storage/test/0/mnist_0_00869.png,"{'skeletonization_time_ms': 194.762084, 'contour_analysis_time_ms': 854.622, 'classification_time_ms': 426.671709}",0,6,False,
success,33cb5559-b699-4b1b-add9-0de74b6bb11c,/opt/nuclio/shared_storage/test/0/mnist_0_00877.png,"{'skeletonization_time_ms': 139.5045, 'contour_analysis_time_ms': 629.176125, 'classification_time_ms': 647.857917}",0,3,False,
error,43f06266-7d21-48d9-830f-82105cee2b26,/opt/nuclio/shared_storage/test/7/mnist_7_test_00153.png,,7,,,DLQ
success,9e746b09-b3b3-4661-bea5-d067e2a7328a,/opt/nuclio/shared_storage/test/0/mnist_0_00150.png,"{'skeletonization_time_ms': 58.729917, 'contour_analysis_time_ms': 811.859959, 'classification_time_ms': 619.551209}",0,6,False,
success,1fa04381-fa54-41f9-958a-5757b124b85e,/opt/nuclio/shared_storage/test/0/mnist_0_00769.png,"{'skeletonization_time_ms': 233.481583, 'contour_analysis_time_ms': 544.488917, 'classification_time_ms': 768.253625}",0,6,False,
success,72dd062f-498d-47b7-a68b-c7233daaec39,/opt/nuclio/shared_storage/test/0/mnist_0_00863.png,"{'skeletonization_time_ms': 213.765667, 'contour_analysis_time_ms': 808.050375, 'classification_time_ms': 341.565584}",0,6,False,
success,8948786f-9aa5-4a63-8332-c42de3d3fc2f,/opt/nuclio/shared_storage/test/0/mnist_0_00033.png,"{'skeletonization_time_ms': 65.068333, 'contour_analysis_time_ms': 680.494417, 'classification_time_ms': 332.440751}",0,7,False,
success,f1788d14-fbf1-47ff-bfbd-8a4a9bf5b533,/opt/nuclio/shared_storage/test/0/mnist_0_00876.png,"{'skeletonization_time_ms': 77.805583, 'contour_analysis_time_ms': 495.963667, 'classification_time_ms': 269.416}",0,6,False,
success,6566e2a8-40ed-40d6-b00f-6e6e432e6904,/opt/nuclio/shared_storage/test/0/mnist_0_test_00160.png,"{'skeletonization_time_ms': 44.073166, 'contour_analysis_time_ms': 529.880375, 'classification_time_ms': 313.533667}",0,5,False,
success,6df2693f-2ccb-40c2-ba1f-d7c91cc03b3e,/opt/nuclio/shared_storage/test/0/mnist_0_00109.png,"{'skeletonization_time_ms': 72.189375, 'contour_analysis_time_ms': 458.697416, 'classification_time_ms': 479.892167}",0,1,False,
success,457aa877-a36e-4a8a-a9f1-1a921d95f150,/opt/nuclio/shared_storage/test/0/mnist_0_00914.png,"{'skeletonization_time_ms': 69.909792, 'contour_analysis_time_ms': 419.287292, 'classification_time_ms': 363.726667}",0,7,False,
error,b54254bc-5972-4f60-ab7c-c7d3610150e7,/opt/nuclio/shared_storage/test/7/mnist_7_00333.png,,7,,,DLQ
success,3b709e09-6d88-47f8-9e53-a910e5a89597,/opt/nuclio/shared_storage/test/0/mnist_0_00778.png,"{'skeletonization_time_ms': 62.4175, 'contour_analysis_time_ms': 344.908791, 'classification_time_ms': 619.648167}",0,not classified,False,
error,104f9bb4-71ed-4cbf-977d-856f42ec1777,/opt/nuclio/shared_storage/test/8/mnist_8_test_00069.png,,8,,,DLQ
success,8df81325-6797-446d-9cf2-6103de49ca30,/opt/nuclio/shared_storage/test/0/mnist_0_00137.png,"{'skeletonization_time_ms': 85.492834, 'contour_analysis_time_ms': 691.915376, 'classification_time_ms': 281.731167}",0,9,False,
success,e288e259-cf5d-4f31-a011-f99c5a48a2d1,/opt/nuclio/shared_storage/test/0/mnist_0_00720.png,"{'skeletonization_time_ms': 175.474833, 'contour_analysis_time_ms': 527.895501, 'classification_time_ms': 455.618833}",0,6,False,
success,251505a0-8ca0-4155-a785-10ba16381f96,/opt/nuclio/shared_storage/test/0/mnist_0_00282.png,"{'skeletonization_time_ms': 64.592792, 'contour_analysis_time_ms': 649.786208, 'classification_time_ms': 14.058541}",0,1,False,
success,0e9c23db-6fce-44b7-8f91-de5e45ab5f1d,/opt/nuclio/shared_storage/test/0/mnist_0_00913.png,"{'skeletonization_time_ms': 98.83275, 'contour_analysis_time_ms': 678.026625, 'classification_time_ms': 652.458626}",0,6,False,
success,71917d5c-c61f-4e0b-81bd-a7200cdc1213,/opt/nuclio/shared_storage/test/0/mnist_0_test_00198.png,"{'skeletonization_time_ms': 535.993958, 'contour_analysis_time_ms': 799.7945, 'classification_time_ms': 426.552916}",0,2,False,
success,bec46feb-61d1-4798-993d-5211ececd272,/opt/nuclio/shared_storage/test/0/mnist_0_test_00026.png,"{'skeletonization_time_ms': 39.203167, 'contour_analysis_time_ms': 582.282209, 'classification_time_ms': 131.399167}",0,not classified,False,
success,1ae082cc-fa01-42a5-bca2-1d0427d3b7cd,/opt/nuclio/shared_storage/test/0/mnist_0_00840.png,"{'skeletonization_time_ms': 53.102916, 'contour_analysis_time_ms': 652.455541, 'classification_time_ms': 527.084792}",0,not classified,False,
success,6372e4cb-4536-4764-bc5e-ed8efbc749b2,/opt/nuclio/shared_storage/test/0/mnist_0_00691.png,"{'skeletonization_time_ms': 315.609917, 'contour_analysis_time_ms': 831.835751, 'classification_time_ms': 96.425833}",0,not classified,False,
success,6dd50918-394b-48df-aeed-f31c001adefe,/opt/nuclio/shared_storage/test/0/mnist_0_00226.png,"{'skeletonization_time_ms': 88.177167, 'contour_analysis_time_ms': 617.545834, 'classification_time_ms': 410.340001}",0,7,False,
success,d75ac9d1-07a9-497e-8906-1b6ad9527bc2,/opt/nuclio/shared_storage/test/0/mnist_0_00917.png,"{'skeletonization_time_ms': 122.354, 'contour_analysis_time_ms': 711.061084, 'classification_time_ms': 43.374792}",0,1,False,
success,324b4026-4a99-48b3-a94a-be52a26dc64b,/opt/nuclio/shared_storage/test/0/mnist_0_test_00064.png,"{'skeletonization_time_ms': 59.724125, 'contour_analysis_time_ms': 864.033626, 'classification_time_ms': 184.428292}",0,3,False,
success,e24c86db-29fd-4cf7-abbe-cafe555c9f6c,/opt/nuclio/shared_storage/test/0/mnist_0_00131.png,"{'skeletonization_time_ms': 54.971333, 'contour_analysis_time_ms': 495.98, 'classification_time_ms': 268.546958}",0,6,False,
success,6c40645d-0f98-44e1-8dc3-609ac3ff2813,/opt/nuclio/shared_storage/test/0/mnist_0_00351.png,"{'skeletonization_time_ms': 260.708167, 'contour_analysis_time_ms': 743.83, 'classification_time_ms': 472.834334}",0,7,False,
success,ae885a01-2243-47b1-815a-b121a5541bd3,/opt/nuclio/shared_storage/test/0/mnist_0_00746.png,"{'skeletonization_time_ms': 233.822167, 'contour_analysis_time_ms': 303.840125, 'classification_time_ms': 91.654167}",0,not classified,False,
success,302da694-86ce-4a3e-a791-d4c6fb9b4a50,/opt/nuclio/shared_storage/test/0/mnist_0_00441.png,"{'skeletonization_time_ms': 45.474125, 'contour_analysis_time_ms': 281.884375, 'classification_time_ms': 18.104666}",0,1,False,
success,2af91144-e29d-4456-99b8-5251ec10df6e,/opt/nuclio/shared_storage/test/0/mnist_0_00741.png,"{'skeletonization_time_ms': 491.74825, 'contour_analysis_time_ms': 413.833584, 'classification_time_ms': 99.593292}",0,not classified,False,
success,3f3bf483-eb8b-408a-9e56-b9c3eab44c4b,/opt/nuclio/shared_storage/test/0/mnist_0_00646.png,"{'skeletonization_time_ms': 60.436583, 'contour_analysis_time_ms': 449.463542, 'classification_time_ms': 70.418625}",0,1,False,
success,045456dd-4391-48c6-b49e-6f5702f60382,/opt/nuclio/shared_storage/test/1/mnist_1_00288.png,"{'skeletonization_time_ms': 42.341875, 'contour_analysis_time_ms': 585.25775, 'classification_time_ms': 66.108834}",1,7,False,
success,33368324-04ff-45cd-8642-687e72991b94,/opt/nuclio/shared_storage/test/0/mnist_0_00719.png,"{'skeletonization_time_ms': 92.95225, 'contour_analysis_time_ms': 475.645501, 'classification_time_ms': 299.04725}",0,5,False,
success,23c2ce33-d74f-407b-9ba2-c67d010ab19f,/opt/nuclio/shared_storage/test/0/mnist_0_00350.png,"{'skeletonization_time_ms': 57.523792, 'contour_analysis_time_ms': 790.598584, 'classification_time_ms': 386.756569}",0,7,False,
error,62a97ee7-521e-40dc-a4e9-c63329141d37,/opt/nuclio/shared_storage/test/8/mnist_8_test_00799.png,,8,,,DLQ
success,f0cfc9ce-67a4-462c-9385-c608425475ca,/opt/nuclio/shared_storage/test/0/mnist_0_00296.png,"{'skeletonization_time_ms': 81.093334, 'contour_analysis_time_ms': 1118.729444, 'classification_time_ms': 255.794708}",0,5,False,
success,6be2eabc-4131-4dd5-aa85-52c5733d38a1,/opt/nuclio/shared_storage/test/0/mnist_0_00326.png,"{'skeletonization_time_ms': 45.241584, 'contour_analysis_time_ms': 519.000626, 'classification_time_ms': 392.754958}",0,6,False,
success,4d505b87-2ffb-4559-a670-c1c14626778b,/opt/nuclio/shared_storage/test/0/mnist_0_test_00060.png,"{'skeletonization_time_ms': 115.0885, 'contour_analysis_time_ms': 731.571542, 'classification_time_ms': 216.135958}",0,7,False,
success,db077058-adff-4b2b-8c63-3bd263638821,/opt/nuclio/shared_storage/test/0/mnist_0_00408.png,"{'skeletonization_time_ms': 116.831291, 'contour_analysis_time_ms': 544.884958, 'classification_time_ms': 910.998292}",0,9,False,
success,af4608f8-5eb8-4de7-bec8-7dec63c347e5,/opt/nuclio/shared_storage/test/1/mnist_1_00500.png,"{'skeletonization_time_ms': 158.155417, 'contour_analysis_time_ms': 454.689792, 'classification_time_ms': 170.476875}",1,2,False,
success,633c97b6-67a9-48bb-9176-a72c6ab4536c,/opt/nuclio/shared_storage/test/0/mnist_0_00718.png,"{'skeletonization_time_ms': 43.889416, 'contour_analysis_time_ms': 464.42425, 'classification_time_ms': 351.127166}",0,1,False,
error,206c48fc-91d3-458c-a625-f82ea5710d8e,/opt/nuclio/shared_storage/test/9/mnist_9_test_00121.png,,9,,,DLQ
success,939cb5a5-effc-407b-b2c0-7a540ecf487c,/opt/nuclio/shared_storage/test/0/mnist_0_00392.png,"{'skeletonization_time_ms': 71.594917, 'contour_analysis_time_ms': 592.880834, 'classification_time_ms': 187.526083}",0,6,False,
success,edb4770a-6eb7-4547-b665-2961a2ef12e2,/opt/nuclio/shared_storage/test/0/mnist_0_00542.png,"{'skeletonization_time_ms': 99.32125, 'contour_analysis_time_ms': 331.469042, 'classification_time_ms': 285.137333}",0,9,False,
success,0f1f6865-8f55-4c56-9021-6e93a4c140d2,/opt/nuclio/shared_storage/test/0/mnist_0_00121.png,"{'skeletonization_time_ms': 96.373209, 'contour_analysis_time_ms': 737.849334, 'classification_time_ms': 97.8695}",0,5,False,
success,b3a78247-5551-4e3b-85a1-20b668de1d79,/opt/nuclio/shared_storage/test/0/mnist_0_00456.png,"{'skeletonization_time_ms': 52.460041, 'contour_analysis_time_ms': 960.629459, 'classification_time_ms': 342.403584}",0,7,False,
error,ee646f41-b44a-466a-97b6-53d2a4562c6f,/opt/nuclio/shared_storage/test/8/mnist_8_test_00307.png,,8,,,DLQ
error,db22d900-e49d-4c1f-909a-dcbb09b97d4c,/opt/nuclio/shared_storage/test/9/mnist_9_test_00046.png,,9,,,DLQ
success,dc92c1dd-d867-42be-b1f1-d17e14ad0229,/opt/nuclio/shared_storage/test/0/mnist_0_test_00088.png,"{'skeletonization_time_ms': 47.567625, 'contour_analysis_time_ms': 676.563083, 'classification_time_ms': 297.785917}",0,2,False,
error,3aab9c00-c4a4-4744-bea5-675fc877d87b,/opt/nuclio/shared_storage/test/9/mnist_9_00719.png,,9,,,DLQ
success,3648ae55-f325-4b75-9681-034bf998309d,/opt/nuclio/shared_storage/test/0/mnist_0_00237.png,"{'skeletonization_time_ms': 105.226417, 'contour_analysis_time_ms': 563.003625, 'classification_time_ms': 702.394875}",0,2,False,
success,6f1b0e9c-a50c-48cf-a228-2a41be9e61f6,/opt/nuclio/shared_storage/test/0/mnist_0_00595.png,"{'skeletonization_time_ms': 195.48075, 'contour_analysis_time_ms': 561.919542, 'classification_time_ms': 304.821792}",0,7,False,
success,af67f6fa-ad3f-485d-af0c-c7089fb8ecbf,/opt/nuclio/shared_storage/test/0/mnist_0_00123.png,"{'skeletonization_time_ms': 52.581333, 'contour_analysis_time_ms': 443.369584, 'classification_time_ms': 132.638458}",0,not classified,False,
success,45d01fc2-75b2-4192-813e-a8f0946bc430,/opt/nuclio/shared_storage/test/0/mnist_0_test_00012.png,"{'skeletonization_time_ms': 115.8385, 'contour_analysis_time_ms': 352.696917, 'classification_time_ms': 229.407376}",0,5,False,
error,a9d6b956-e0f5-46fe-8e6b-56811dc59999,/opt/nuclio/shared_storage/test/9/mnist_9_00737.png,,9,,,DLQ
success,48b177cf-3b34-423d-9d67-a54bffef4496,/opt/nuclio/shared_storage/test/0/mnist_0_test_00077.png,"{'skeletonization_time_ms': 51.385166, 'contour_analysis_time_ms': 827.320751, 'classification_time_ms': 213.869125}",0,5,False,
success,6166647d-ebd9-4aa4-97a4-e3d8c15b9332,/opt/nuclio/shared_storage/test/0/mnist_0_00964.png,"{'skeletonization_time_ms': 54.176084, 'contour_analysis_time_ms': 701.419626, 'classification_time_ms': 380.363584}",0,9,False,
error,a907f99c-b94f-45a6-83fc-61b5f29f4cc2,/opt/nuclio/shared_storage/test/9/mnist_9_00192.png,,9,,,DLQ
success,b7b7e143-4784-4e30-8ec6-1fe48cca8242,/opt/nuclio/shared_storage/test/0/mnist_0_test_00015.png,"{'skeletonization_time_ms': 116.396917, 'contour_analysis_time_ms': 686.033667, 'classification_time_ms': 753.718959}",0,9,False,
success,9d05fe3b-1580-494f-812e-cc9f34bb17bc,/opt/nuclio/shared_storage/test/1/mnist_1_test_00192.png,"{'skeletonization_time_ms': 37.830417, 'contour_analysis_time_ms': 814.337917, 'classification_time_ms': 44.443916}",1,7,False,
success,974535e7-286a-4f5e-a3db-5426a9efa40d,/opt/nuclio/shared_storage/test/0/mnist_0_00928.png,"{'skeletonization_time_ms': 201.016083, 'contour_analysis_time_ms': 579.724083, 'classification_time_ms': 685.235834}",0,6,False,
error,c1c775f1-2f7c-4550-873e-3316f686192d,/opt/nuclio/shared_storage/test/9/mnist_9_00751.png,,9,,,DLQ
success,f7094edc-bbcb-4a82-b7b1-e13d13f9bca2,/opt/nuclio/shared_storage/test/0/mnist_0_00256.png,"{'skeletonization_time_ms': 188.397042, 'contour_analysis_time_ms': 1028.116042, 'classification_time_ms': 423.603917}",0,9,False,
success,221f4f56-18a8-4432-95ac-95bfb13cf847,/opt/nuclio/shared_storage/test/1/mnist_1_00935.png,"{'skeletonization_time_ms': 46.946459, 'contour_analysis_time_ms': 552.629125, 'classification_time_ms': 25.203167}",1,7,False,
success,a0f630d8-7704-4650-9175-b24dc90e537b,/opt/nuclio/shared_storage/test/0/mnist_0_00344.png,"{'skeletonization_time_ms': 125.20375, 'contour_analysis_time_ms': 507.029667, 'classification_time_ms': 236.323541}",0,7,False,
success,7c67a17b-6242-42b5-9e26-9996b0b09b39,/opt/nuclio/shared_storage/test/0/mnist_0_00385.png,"{'skeletonization_time_ms': 74.9995, 'contour_analysis_time_ms': 459.026083, 'classification_time_ms': 300.433459}",0,6,False,
success,3a348d54-0e08-4048-9067-c55c04c65165,/opt/nuclio/shared_storage/test/1/mnist_1_test_00178.png,"{'skeletonization_time_ms': 34.995291, 'contour_analysis_time_ms': 569.445709, 'classification_time_ms': 24.364}",1,7,False,
success,db07f6fc-ccec-4da9-93ce-521b1e3c4a59,/opt/nuclio/shared_storage/test/0/mnist_0_00903.png,"{'skeletonization_time_ms': 72.239417, 'contour_analysis_time_ms': 720.542792, 'classification_time_ms': 30.864083}",0,1,False,
success,9079df4a-a8b0-42d5-a97f-97727396c486,/opt/nuclio/shared_storage/test/0/mnist_0_00975.png,"{'skeletonization_time_ms': 105.734875, 'contour_analysis_time_ms': 1047.376501, 'classification_time_ms': 494.284959}",0,9,False,
success,eca15486-3a15-4124-a6d6-ddeeb37f2ce1,/opt/nuclio/shared_storage/test/0/mnist_0_00240.png,"{'skeletonization_time_ms': 61.684167, 'contour_analysis_time_ms': 452.555042, 'classification_time_ms': 407.053958}",0,9,False,
error,d55c1ad2-96d1-4a62-bf1e-23ccb560722b,/opt/nuclio/shared_storage/test/9/mnist_9_00489.png,,9,,,DLQ
error,7974ed43-34aa-4d8f-b00c-31bf48d2d563,/opt/nuclio/shared_storage/test/9/mnist_9_test_00329.png,,9,,,DLQ
error,74f8c919-eb1c-40e4-9f19-29746d14bae5,/opt/nuclio/shared_storage/test/9/mnist_9_00429.png,,9,,,DLQ
success,f8bbb260-9905-4fab-b7c0-021db49b36a9,/opt/nuclio/shared_storage/test/0/mnist_0_00814.png,"{'skeletonization_time_ms': 52.194125, 'contour_analysis_time_ms': 505.694751, 'classification_time_ms': 130.682459}",0,not classified,False,
success,69aff4cf-3822-47ae-9259-2864c3d2d46c,/opt/nuclio/shared_storage/test/0/mnist_0_00443.png,"{'skeletonization_time_ms': 110.439625, 'contour_analysis_time_ms': 559.0565, 'classification_time_ms': 262.387417}",0,5,False,
success,bba617d5-b8ea-4961-8abc-4c425135476c,/opt/nuclio/shared_storage/test/0/mnist_0_00811.png,"{'skeletonization_time_ms': 77.484751, 'contour_analysis_time_ms': 472.852959, 'classification_time_ms': 209.975}",0,5,False,
success,a8f8ff53-fff8-48ce-a3eb-5674abaa9ef2,/opt/nuclio/shared_storage/test/0/mnist_0_00958.png,"{'skeletonization_time_ms': 118.595, 'contour_analysis_time_ms': 489.037, 'classification_time_ms': 706.019667}",0,9,False,
success,3ac76928-7ab8-4035-b207-e38055c927e3,/opt/nuclio/shared_storage/test/0/mnist_0_00679.png,"{'skeletonization_time_ms': 58.692958, 'contour_analysis_time_ms': 943.113, 'classification_time_ms': 219.737834}",0,7,False,
error,69e3acb8-db8c-4901-9682-94b957b5496a,/opt/nuclio/shared_storage/test/9/mnist_9_test_00214.png,,9,,,DLQ
success,854d93ea-a032-4a4e-9494-254ead6d0711,/opt/nuclio/shared_storage/test/1/mnist_1_00073.png,"{'skeletonization_time_ms': 55.544417, 'contour_analysis_time_ms': 522.796084, 'classification_time_ms': 60.059875}",1,7,False,
success,9ba89469-0842-4640-a222-1235bc0137bf,/opt/nuclio/shared_storage/test/0/mnist_0_00875.png,"{'skeletonization_time_ms': 54.352542, 'contour_analysis_time_ms': 543.214083, 'classification_time_ms': 123.415583}",0,not classified,False,
error,7446de0a-8d79-4985-9745-70c14dd32633,/opt/nuclio/shared_storage/test/9/mnist_9_00574.png,,9,,,DLQ
error,e07da2b5-e300-40e1-b03c-f780c719e22e,/opt/nuclio/shared_storage/test/9/mnist_9_test_00304.png,,9,,,DLQ
success,23ad97fc-02d2-448d-8265-96650137f9b3,/opt/nuclio/shared_storage/test/0/mnist_0_00753.png,"{'skeletonization_time_ms': 100.00125, 'contour_analysis_time_ms': 883.645751, 'classification_time_ms': 187.641209}",0,6,False,
success,ad353d1f-6f0d-441a-9e61-eed57b39af7c,/opt/nuclio/shared_storage/test/0/mnist_0_00530.png,"{'skeletonization_time_ms': 45.036708, 'contour_analysis_time_ms': 307.618611, 'classification_time_ms': 355.554166}",0,5,False,
success,82990254-4865-490b-b7cb-b0b76169afca,/opt/nuclio/shared_storage/test/0/mnist_0_00795.png,"{'skeletonization_time_ms': 89.011292, 'contour_analysis_time_ms': 248.208667, 'classification_time_ms': 806.625903}",0,6,False,
success,b84ea141-a9df-4632-9336-d3bc8ffa96dd,/opt/nuclio/shared_storage/test/0/mnist_0_test_00076.png,"{'skeletonization_time_ms': 173.148834, 'contour_analysis_time_ms': 302.342667, 'classification_time_ms': 917.685612}",0,not classified,False,
success,22c09818-b940-4fc9-843b-c9a4dfab90c9,/opt/nuclio/shared_storage/test/0/mnist_0_00390.png,"{'skeletonization_time_ms': 314.504958, 'contour_analysis_time_ms': 371.350501, 'classification_time_ms': 162.111875}",0,6,False,
success,05007b03-9205-4ce3-9310-aab55ee26721,/opt/nuclio/shared_storage/test/0/mnist_0_00484.png,"{'skeletonization_time_ms': 82.308292, 'contour_analysis_time_ms': 220.657417, 'classification_time_ms': 691.025417}",0,9,False,
success,06e92673-000f-4893-9a26-a61eb043ef9b,/opt/nuclio/shared_storage/test/0/mnist_0_00585.png,"{'skeletonization_time_ms': 39.452709, 'contour_analysis_time_ms': 397.512875, 'classification_time_ms': 269.053459}",0,9,False,
success,d27d97e9-2942-4c4f-ba58-beedb9a0c5b2,/opt/nuclio/shared_storage/test/0/mnist_0_00185.png,"{'skeletonization_time_ms': 77.691458, 'contour_analysis_time_ms': 306.217417, 'classification_time_ms': 292.806208}",0,6,False,
success,c1a2f973-d881-49c4-8369-5659767d4b50,/opt/nuclio/shared_storage/test/0/mnist_0_00967.png,"{'skeletonization_time_ms': 59.553708, 'contour_analysis_time_ms': 309.67375, 'classification_time_ms': 1004.791751}",0,9,False,
success,b0c8924f-b05d-4762-9472-85c4aad729e1,/opt/nuclio/shared_storage/test/1/mnist_1_00580.png,"{'skeletonization_time_ms': 38.579458, 'contour_analysis_time_ms': 465.08475, 'classification_time_ms': 16.640292}",1,7,False,
success,64a09e9a-5113-48e6-ba2b-ec1a033a2027,/opt/nuclio/shared_storage/test/0/mnist_0_00194.png,"{'skeletonization_time_ms': 166.944666, 'contour_analysis_time_ms': 580.255833, 'classification_time_ms': 45.5495}",0,not classified,False,
success,00a58d54-31ab-43f7-8b62-2cefdcc11098,/opt/nuclio/shared_storage/test/0/mnist_0_00120.png,"{'skeletonization_time_ms': 52.915208, 'contour_analysis_time_ms': 544.729126, 'classification_time_ms': 2240.008001}",0,9,False,
success,4f3efcd8-42cf-4349-acae-056df7debd10,/opt/nuclio/shared_storage/test/1/mnist_1_00460.png,"{'skeletonization_time_ms': 37.043584, 'contour_analysis_time_ms': 2407.59846, 'classification_time_ms': 83.535833}",1,7,False,
success,8cf03c01-4667-4443-9324-85276d590402,/opt/nuclio/shared_storage/test/0/mnist_0_00732.png,"{'skeletonization_time_ms': 202.771417, 'contour_analysis_time_ms': 2490.918668, 'classification_time_ms': 2856.475543}",0,7,False,
success,9ccaa27f-61d8-46d8-a4b7-356d71606103,/opt/nuclio/shared_storage/test/0/mnist_0_00054.png,"{'skeletonization_time_ms': 52.031125, 'contour_analysis_time_ms': 2976.165668, 'classification_time_ms': 376.083584}",0,3,False,
success,9dc444b3-5396-4c6a-b720-71ca0a774f1d,/opt/nuclio/shared_storage/test/1/mnist_1_00163.png,"{'skeletonization_time_ms': 27.059542, 'contour_analysis_time_ms': 338.714792, 'classification_time_ms': 100.799834}",1,7,False,
success,b661780f-f3c1-4dcd-b878-e989bf406c21,/opt/nuclio/shared_storage/test/0/mnist_0_00960.png,"{'skeletonization_time_ms': 70.656916, 'contour_analysis_time_ms': 742.927417, 'classification_time_ms': 569.480084}",0,6,False,
success,37d8215c-c4fb-4a23-91e4-ba5694bb667e,/opt/nuclio/shared_storage/test/0/mnist_0_test_00070.png,"{'skeletonization_time_ms': 35.547791, 'contour_analysis_time_ms': 364.26975, 'classification_time_ms': 1327.194125}",0,6,False,
success,cb24a452-c5cd-4f14-aa18-2ae3245e4e8e,/opt/nuclio/shared_storage/test/1/mnist_1_00065.png,"{'skeletonization_time_ms': 29.609958, 'contour_analysis_time_ms': 976.284917, 'classification_time_ms': 237.962209}",1,7,False,
success,119e61a4-93c7-4721-932b-2cf65741f90d,/opt/nuclio/shared_storage/test/1/mnist_1_00664.png,"{'skeletonization_time_ms': 53.209625, 'contour_analysis_time_ms': 1308.900501, 'classification_time_ms': 61.737542}",1,7,False,
success,6e3e412a-caf4-4188-bfea-d3f01ed8a3f6,/opt/nuclio/shared_storage/test/0/mnist_0_00685.png,"{'skeletonization_time_ms': 51.566084, 'contour_analysis_time_ms': 522.498459, 'classification_time_ms': 800.252792}",0,not classified,False,
success,d137b3a6-c3b7-4299-906a-c77da2e6c441,/opt/nuclio/shared_storage/test/0/mnist_0_00236.png,"{'skeletonization_time_ms': 49.04725, 'contour_analysis_time_ms': 1131.871208, 'classification_time_ms': 576.762417}",0,6,False,
success,eae61431-6980-43b5-abce-3897b9343417,/opt/nuclio/shared_storage/test/0/mnist_0_00838.png,"{'skeletonization_time_ms': 43.638333, 'contour_analysis_time_ms': 369.568875, 'classification_time_ms': 617.619959}",0,6,False,
success,c1b036a5-e9c6-4a63-8458-944ab807b2aa,/opt/nuclio/shared_storage/test/1/mnist_1_00033.png,"{'skeletonization_time_ms': 25.171625, 'contour_analysis_time_ms': 1029.465167, 'classification_time_ms': 128.331458}",1,7,False,
success,f9d231c6-e962-46a3-874c-aea9f63ebde3,/opt/nuclio/shared_storage/test/0/mnist_0_00790.png,"{'skeletonization_time_ms': 70.844708, 'contour_analysis_time_ms': 1129.446167, 'classification_time_ms': 256.865125}",0,1,False,
success,45220ad5-3bc4-40a2-a9a8-9e877b1123af,/opt/nuclio/shared_storage/test/0/mnist_0_00751.png,"{'skeletonization_time_ms': 56.819167, 'contour_analysis_time_ms': 473.265876, 'classification_time_ms': 85.74025}",0,not classified,False,
success,8e92181a-2f92-4010-b938-ad79a29e1e1c,/opt/nuclio/shared_storage/test/0/mnist_0_00568.png,"{'skeletonization_time_ms': 84.300417, 'contour_analysis_time_ms': 834.644625, 'classification_time_ms': 566.918459}",0,not classified,False,
success,90cf6141-becf-4e44-b164-b9ded0bb9510,/opt/nuclio/shared_storage/test/0/mnist_0_00409.png,"{'skeletonization_time_ms': 43.508042, 'contour_analysis_time_ms': 174.594416, 'classification_time_ms': 110.853833}",0,7,False,
success,6c656017-9c22-4f57-bef6-172ec9592bc5,/opt/nuclio/shared_storage/test/0/mnist_0_00806.png,"{'skeletonization_time_ms': 44.871042, 'contour_analysis_time_ms': 235.971083, 'classification_time_ms': 197.118626}",0,5,False,
success,4367aa78-3e69-42fc-abfc-35cec5aee872,/opt/nuclio/shared_storage/test/0/mnist_0_00396.png,"{'skeletonization_time_ms': 52.245125, 'contour_analysis_time_ms': 238.403209, 'classification_time_ms': 299.864042}",0,9,False,
success,7373e04f-bc33-496a-afc0-1cd8b49ecde8,/opt/nuclio/shared_storage/test/0/mnist_0_00744.png,"{'skeletonization_time_ms': 60.754084, 'contour_analysis_time_ms': 313.788834, 'classification_time_ms': 43.851791}",0,not classified,False,
success,a1524700-5038-41e9-a061-4976232a2b45,/opt/nuclio/shared_storage/test/0/mnist_0_00579.png,"{'skeletonization_time_ms': 47.1625, 'contour_analysis_time_ms': 238.9715, 'classification_time_ms': 78.55975}",0,not classified,False,
success,1cf65a0c-4ff3-40ff-85b6-3bbb890ae7fd,/opt/nuclio/shared_storage/test/0/mnist_0_00787.png,"{'skeletonization_time_ms': 78.562875, 'contour_analysis_time_ms': 295.401375, 'classification_time_ms': 152.543959}",0,7,False,
success,7a5ac214-5f8c-42c3-8ef4-7b05e38286ba,/opt/nuclio/shared_storage/test/1/mnist_1_00688.png,"{'skeletonization_time_ms': 36.032833, 'contour_analysis_time_ms': 158.450542, 'classification_time_ms': 31.383875}",1,7,False,
success,27de813b-1f58-444e-8370-7300788bfd9c,/opt/nuclio/shared_storage/test/0/mnist_0_00182.png,"{'skeletonization_time_ms': 92.2015, 'contour_analysis_time_ms': 151.301625, 'classification_time_ms': 36.443917}",0,not classified,False,
success,8661c900-bdce-479b-92f2-ebd8c3e49ca5,/opt/nuclio/shared_storage/test/0/mnist_0_00234.png,"{'skeletonization_time_ms': 55.827833, 'contour_analysis_time_ms': 217.451333, 'classification_time_ms': 393.72875}",0,5,False,
success,9f30bc65-8dcf-4786-b0ca-3b9b8df748e7,/opt/nuclio/shared_storage/test/1/mnist_1_00517.png,"{'skeletonization_time_ms': 124.518, 'contour_analysis_time_ms': 248.433334, 'classification_time_ms': 88.357041}",1,7,False,
success,392d4e80-2c3f-43b0-8c3c-36a969fb8546,/opt/nuclio/shared_storage/test/0/mnist_0_00584.png,"{'skeletonization_time_ms': 71.868084, 'contour_analysis_time_ms': 204.116541, 'classification_time_ms': 206.500375}",0,9,False,
success,0f558f7c-3445-493a-92ad-5e25ada6212c,/opt/nuclio/shared_storage/test/0/mnist_0_test_00071.png,"{'skeletonization_time_ms': 100.954875, 'contour_analysis_time_ms': 205.187542, 'classification_time_ms': 291.799083}",0,6,False,
success,339616a6-0678-4cff-a229-969d84e25375,/opt/nuclio/shared_storage/test/1/mnist_1_00852.png,"{'skeletonization_time_ms': 137.804541, 'contour_analysis_time_ms': 227.216084, 'classification_time_ms': 37.732542}",1,7,False,
success,81cc9bf1-a67c-4c91-a8e5-0d3b2c1b80c5,/opt/nuclio/shared_storage/test/0/mnist_0_00619.png,"{'skeletonization_time_ms': 154.5345, 'contour_analysis_time_ms': 184.204542, 'classification_time_ms': 287.722167}",0,2,False,
success,5d866598-dcb7-4ef9-8c58-6aaeebfc9cea,/opt/nuclio/shared_storage/test/0/mnist_0_00340.png,"{'skeletonization_time_ms': 99.501, 'contour_analysis_time_ms': 169.510333, 'classification_time_ms': 574.176333}",0,9,False,
success,33c7c4c7-43d4-44f1-9292-25a101b9e35e,/opt/nuclio/shared_storage/test/0/mnist_0_00587.png,"{'skeletonization_time_ms': 244.804125, 'contour_analysis_time_ms': 207.059458, 'classification_time_ms': 146.471917}",0,7,False,
success,c3a5c540-0e02-45a9-a998-bcf4f348100b,/opt/nuclio/shared_storage/test/0/mnist_0_00142.png,"{'skeletonization_time_ms': 79.724292, 'contour_analysis_time_ms': 163.580875, 'classification_time_ms': 76.833208}",0,not classified,False,
success,17a5c15a-cd62-4546-9a2b-3b2c25e3917e,/opt/nuclio/shared_storage/test/0/mnist_0_00962.png,"{'skeletonization_time_ms': 107.544375, 'contour_analysis_time_ms': 190.026333, 'classification_time_ms': 205.142042}",0,7,False,
success,c7fecde2-1a7d-4181-9077-432871bef643,/opt/nuclio/shared_storage/test/0/mnist_0_00208.png,"{'skeletonization_time_ms': 89.371542, 'contour_analysis_time_ms': 212.810083, 'classification_time_ms': 306.764042}",0,6,False,
success,de5befc0-d9e4-46db-8cd4-72055410342b,/opt/nuclio/shared_storage/test/1/mnist_1_00658.png,"{'skeletonization_time_ms': 39.724541, 'contour_analysis_time_ms': 207.385833, 'classification_time_ms': 64.847541}",1,7,False,
success,204e4930-b538-4b9c-aec5-2a668964740e,/opt/nuclio/shared_storage/test/0/mnist_0_00009.png,"{'skeletonization_time_ms': 64.169333, 'contour_analysis_time_ms': 220.822833, 'classification_time_ms': 217.853084}",0,9,False,
success,b27c7d6d-423c-4cf3-83f8-af5d9e05517a,/opt/nuclio/shared_storage/test/0/mnist_0_00355.png,"{'skeletonization_time_ms': 120.733333, 'contour_analysis_time_ms': 166.002625, 'classification_time_ms': 200.048375}",0,9,False,
success,8d9186ed-3ac2-4ecd-8c20-de7e54535300,/opt/nuclio/shared_storage/test/1/mnist_1_00853.png,"{'skeletonization_time_ms': 95.643834, 'contour_analysis_time_ms': 205.720792, 'classification_time_ms': 13.053083}",1,7,False,
success,14dfe829-18f9-4645-aaeb-eacc53b753bf,/opt/nuclio/shared_storage/test/1/mnist_1_test_00078.png,"{'skeletonization_time_ms': 43.49575, 'contour_analysis_time_ms': 194.707083, 'classification_time_ms': 24.652292}",1,7,False,
success,cd835840-bf13-4cbf-9e44-c4a93f6cc2e4,/opt/nuclio/shared_storage/test/0/mnist_0_00785.png,"{'skeletonization_time_ms': 103.280042, 'contour_analysis_time_ms': 168.779625, 'classification_time_ms': 135.555792}",0,7,False,
success,b0ea142f-1f68-4858-8137-0ffa88651cae,/opt/nuclio/shared_storage/test/1/mnist_1_00636.png,"{'skeletonization_time_ms': 41.460958, 'contour_analysis_time_ms': 137.819709, 'classification_time_ms': 51.167958}",1,7,False,
success,45707237-8695-4282-abcb-02a8b928ad50,/opt/nuclio/shared_storage/test/0/mnist_0_00209.png,"{'skeletonization_time_ms': 100.447875, 'contour_analysis_time_ms': 243.616334, 'classification_time_ms': 297.158084}",0,9,False,
success,4d865f9b-f5a5-4e9d-b62d-b417e6609700,/opt/nuclio/shared_storage/test/1/mnist_1_00895.png,"{'skeletonization_time_ms': 167.232, 'contour_analysis_time_ms': 169.009834, 'classification_time_ms': 25.130417}",1,2,False,
success,8cf07677-3fea-400a-aa4e-bde8b3fb3da6,/opt/nuclio/shared_storage/test/0/mnist_0_00802.png,"{'skeletonization_time_ms': 80.038417, 'contour_analysis_time_ms': 177.706458, 'classification_time_ms': 355.135959}",0,7,False,
success,670b70b5-f164-41a2-a4b0-96a1455bdbce,/opt/nuclio/shared_storage/test/1/mnist_1_00049.png,"{'skeletonization_time_ms': 22.202, 'contour_analysis_time_ms': 281.176834, 'classification_time_ms': 37.854042}",1,7,False,
success,ce256ef4-26b4-45eb-9d1e-c322dae667d2,/opt/nuclio/shared_storage/test/1/mnist_1_00265.png,"{'skeletonization_time_ms': 100.043709, 'contour_analysis_time_ms': 181.382959, 'classification_time_ms': 104.257041}",1,7,False,
success,9fea9d6c-b6d4-4fbd-bd16-e543ce659f31,/opt/nuclio/shared_storage/test/1/mnist_1_00317.png,"{'skeletonization_time_ms': 33.137875, 'contour_analysis_time_ms': 236.178208, 'classification_time_ms': 338.466917}",1,7,False,
success,c5742ce5-d8c8-4db8-8537-c7effac3bb2d,/opt/nuclio/shared_storage/test/1/mnist_1_test_00093.png,"{'skeletonization_time_ms': 37.891834, 'contour_analysis_time_ms': 189.649833, 'classification_time_ms': 56.908416}",1,7,False,
success,c16f6632-8212-488a-9d5a-eace9ffb01d1,/opt/nuclio/shared_storage/test/1/mnist_1_00309.png,"{'skeletonization_time_ms': 87.344042, 'contour_analysis_time_ms': 189.781708, 'classification_time_ms': 29.648625}",1,7,False,
success,e4e3c9f9-4cbf-4804-9b45-a8b8c52eaf9f,/opt/nuclio/shared_storage/test/1/mnist_1_00400.png,"{'skeletonization_time_ms': 32.309208, 'contour_analysis_time_ms': 185.882875, 'classification_time_ms': 47.781667}",1,7,False,
success,1ebc5b15-5ef0-4e5c-9bbe-1a4dded2632b,/opt/nuclio/shared_storage/test/1/mnist_1_test_00025.png,"{'skeletonization_time_ms': 345.101792, 'contour_analysis_time_ms': 230.252792, 'classification_time_ms': 82.733}",1,7,False,
success,a61c7d94-8ad3-4e02-8093-578c1314469b,/opt/nuclio/shared_storage/test/2/mnist_2_test_00033.png,"{'skeletonization_time_ms': 64.166167, 'contour_analysis_time_ms': 644.364167, 'classification_time_ms': 1075.696126}",2,7,False,
success,e416bd3a-5335-40bd-ac2a-d302d3993ee2,/opt/nuclio/shared_storage/test/2/mnist_2_00087.png,"{'skeletonization_time_ms': 172.655167, 'contour_analysis_time_ms': 238.188501, 'classification_time_ms': 201.498}",2,7,False,
success,d142e2d2-0944-44d5-9afe-14750cd205af,/opt/nuclio/shared_storage/test/1/mnist_1_00061.png,"{'skeletonization_time_ms': 42.355125, 'contour_analysis_time_ms': 175.817958, 'classification_time_ms': 57.351875}",1,7,False,
success,e6c846b4-232a-4444-9953-7bc7c981897d,/opt/nuclio/shared_storage/test/1/mnist_1_00432.png,"{'skeletonization_time_ms': 54.247917, 'contour_analysis_time_ms': 165.815375, 'classification_time_ms': 64.097083}",1,7,False,
success,ba53adb4-98b8-45af-8472-4e30f0b6e647,/opt/nuclio/shared_storage/test/1/mnist_1_00835.png,"{'skeletonization_time_ms': 43.096167, 'contour_analysis_time_ms': 167.624375, 'classification_time_ms': 27.970583}",1,7,False,
success,ddf0db26-2534-43a8-a0cd-9fb912ee4961,/opt/nuclio/shared_storage/test/2/mnist_2_00681.png,"{'skeletonization_time_ms': 47.623958, 'contour_analysis_time_ms': 224.763625, 'classification_time_ms': 378.802209}",2,6,False,
success,e438ce4e-e57e-488c-bd51-9799ba28f262,/opt/nuclio/shared_storage/test/2/mnist_2_00332.png,"{'skeletonization_time_ms': 184.064541, 'contour_analysis_time_ms': 272.212417, 'classification_time_ms': 91.866667}",2,7,False,
success,3aa17939-f734-4728-931d-203dce326945,/opt/nuclio/shared_storage/test/2/mnist_2_00865.png,"{'skeletonization_time_ms': 49.981584, 'contour_analysis_time_ms': 157.288541, 'classification_time_ms': 109.424875}",2,7,False,
success,f0ba919c-5f37-48b1-9269-9c9ddbd4ce7a,/opt/nuclio/shared_storage/test/1/mnist_1_00933.png,"{'skeletonization_time_ms': 34.496083, 'contour_analysis_time_ms': 161.032083, 'classification_time_ms': 65.93}",1,7,False,
success,2ec113db-65b6-45a0-9c78-c233b4c6ec89,/opt/nuclio/shared_storage/test/1/mnist_1_00772.png,"{'skeletonization_time_ms': 25.99725, 'contour_analysis_time_ms': 175.933001, 'classification_time_ms': 21.282917}",1,7,False,
success,eebf7ffd-9a76-4b12-b495-61171c6fd9e8,/opt/nuclio/shared_storage/test/1/mnist_1_00423.png,"{'skeletonization_time_ms': 72.536667, 'contour_analysis_time_ms': 293.782458, 'classification_time_ms': 27.901583}",1,7,False,
success,8e13d72b-8332-4001-8830-022778e6dda0,/opt/nuclio/shared_storage/test/1/mnist_1_test_00034.png,"{'skeletonization_time_ms': 41.532333, 'contour_analysis_time_ms': 215.98475, 'classification_time_ms': 16.385958}",1,7,False,
success,03ead5bd-ec75-4386-a1a5-aa1cd97c0a8d,/opt/nuclio/shared_storage/test/1/mnist_1_test_00168.png,"{'skeletonization_time_ms': 58.652958, 'contour_analysis_time_ms': 157.308959, 'classification_time_ms': 52.967875}",1,7,False,
success,c9693640-dd55-4265-8a39-7d591b473a2f,/opt/nuclio/shared_storage/test/2/mnist_2_00318.png,"{'skeletonization_time_ms': 43.482875, 'contour_analysis_time_ms': 148.128459, 'classification_time_ms': 100.464334}",2,7,False,
success,332d0cf8-e8af-4095-a4b4-b6cd9a988de6,/opt/nuclio/shared_storage/test/2/mnist_2_00871.png,"{'skeletonization_time_ms': 98.866458, 'contour_analysis_time_ms': 207.967, 'classification_time_ms': 109.272375}",2,7,False,
success,9a44957e-6651-46d1-8fc3-a5ac7a4b1370,/opt/nuclio/shared_storage/test/2/mnist_2_00914.png,"{'skeletonization_time_ms': 101.825833, 'contour_analysis_time_ms': 197.7265, 'classification_time_ms': 118.361583}",2,7,False,
success,2eac2486-5d24-4c90-934f-73249a7ea7f2,/opt/nuclio/shared_storage/test/1/mnist_1_00392.png,"{'skeletonization_time_ms': 72.23075, 'contour_analysis_time_ms': 182.857083, 'classification_time_ms': 21.665792}",1,7,False,
success,9c9a1d82-dacf-4091-909b-474fdea3c664,/opt/nuclio/shared_storage/test/2/mnist_2_00687.png,"{'skeletonization_time_ms': 80.608625, 'contour_analysis_time_ms': 142.545583, 'classification_time_ms': 171.267501}",2,6,False,
success,0bf2b371-cc15-41ae-983e-1183a48565a5,/opt/nuclio/shared_storage/test/2/mnist_2_test_00032.png,"{'skeletonization_time_ms': 116.04325, 'contour_analysis_time_ms': 248.665084, 'classification_time_ms': 185.461458}",2,7,False,
success,2a8a2f83-a00b-4a64-ae0a-ea922f93a9c2,/opt/nuclio/shared_storage/test/2/mnist_2_00556.png,"{'skeletonization_time_ms': 82.952792, 'contour_analysis_time_ms': 158.204376, 'classification_time_ms': 214.636541}",2,7,False,
success,18595c45-8e76-498c-92cd-c4f1b9935dd2,/opt/nuclio/shared_storage/test/2/mnist_2_test_00181.png,"{'skeletonization_time_ms': 89.595625, 'contour_analysis_time_ms': 231.278833, 'classification_time_ms': 146.327125}",2,7,False,
success,48cf3395-9539-4623-8a8c-5f143d1066f5,/opt/nuclio/shared_storage/test/1/mnist_1_00812.png,"{'skeletonization_time_ms': 44.82875, 'contour_analysis_time_ms': 248.198625, 'classification_time_ms': 12.441833}",1,7,False,
success,38459f93-cef1-4e62-9bc9-5ca272d3cc29,/opt/nuclio/shared_storage/test/2/mnist_2_00838.png,"{'skeletonization_time_ms': 200.304417, 'contour_analysis_time_ms': 164.667958, 'classification_time_ms': 193.608583}",2,6,False,
success,32bc76ac-eb4a-4cc6-b7e3-dfd6d0b5730b,/opt/nuclio/shared_storage/test/2/mnist_2_00408.png,"{'skeletonization_time_ms': 90.671375, 'contour_analysis_time_ms': 141.201375, 'classification_time_ms': 24.159875}",2,1,False,
success,b605c74d-5e40-48c4-a1fd-ba91694e358c,/opt/nuclio/shared_storage/test/2/mnist_2_00457.png,"{'skeletonization_time_ms': 43.387791, 'contour_analysis_time_ms': 143.572167, 'classification_time_ms': 108.551084}",2,7,False,
success,716a8847-0a60-4d6c-a536-659bd28d3534,/opt/nuclio/shared_storage/test/2/mnist_2_00785.png,"{'skeletonization_time_ms': 59.331417, 'contour_analysis_time_ms': 238.022208, 'classification_time_ms': 135.435042}",2,7,False,
success,7dfdfe5d-360e-4239-b29d-99b0224b0e6c,/opt/nuclio/shared_storage/test/2/mnist_2_test_00246.png,"{'skeletonization_time_ms': 58.744417, 'contour_analysis_time_ms': 250.811458, 'classification_time_ms': 37.776375}",2,1,False,
success,792fccaa-8ae2-476c-997f-3be0c9e499e9,/opt/nuclio/shared_storage/test/2/mnist_2_00233.png,"{'skeletonization_time_ms': 76.629459, 'contour_analysis_time_ms': 172.034625, 'classification_time_ms': 500.209959}",2,6,False,
success,74439991-8afa-4697-897a-39b14aa1839f,/opt/nuclio/shared_storage/test/2/mnist_2_00242.png,"{'skeletonization_time_ms': 48.112042, 'contour_analysis_time_ms': 235.006875, 'classification_time_ms': 405.385666}",2,6,False,
success,12df73de-8bfe-47f1-8139-32c030f7435b,/opt/nuclio/shared_storage/test/2/mnist_2_00555.png,"{'skeletonization_time_ms': 55.57325, 'contour_analysis_time_ms': 197.586958, 'classification_time_ms': 128.704791}",2,7,False,
success,83fc7540-1bc2-4c48-a103-2d3f9909c045,/opt/nuclio/shared_storage/test/2/mnist_2_00647.png,"{'skeletonization_time_ms': 122.267667, 'contour_analysis_time_ms': 209.392, 'classification_time_ms': 215.762542}",2,7,False,
success,46178b95-adf7-4da8-bd57-e5169edbd64d,/opt/nuclio/shared_storage/test/2/mnist_2_test_00047.png,"{'skeletonization_time_ms': 179.626458, 'contour_analysis_time_ms': 169.812709, 'classification_time_ms': 77.348792}",2,7,False,
success,a3ef6a49-36f8-4e20-827e-0bd089870c15,/opt/nuclio/shared_storage/test/1/mnist_1_00582.png,"{'skeletonization_time_ms': 97.050833, 'contour_analysis_time_ms': 219.559291, 'classification_time_ms': 70.629708}",1,7,False,
success,96dbc010-e696-4a89-8079-b0c4457464af,/opt/nuclio/shared_storage/test/2/mnist_2_00898.png,"{'skeletonization_time_ms': 74.536958, 'contour_analysis_time_ms': 187.162459, 'classification_time_ms': 219.065959}",2,6,False,
success,80af5327-eac5-4d78-9be6-f12686b7a4e9,/opt/nuclio/shared_storage/test/2/mnist_2_00168.png,"{'skeletonization_time_ms': 93.104625, 'contour_analysis_time_ms': 255.745417, 'classification_time_ms': 255.433208}",2,7,False,
success,2e88c605-3aff-4cca-a59c-63ffc19f887c,/opt/nuclio/shared_storage/test/2/mnist_2_00082.png,"{'skeletonization_time_ms': 60.226458, 'contour_analysis_time_ms': 269.993625, 'classification_time_ms': 387.258959}",2,7,False,
success,a62238c6-efaf-46e5-b61e-93a4e4845877,/opt/nuclio/shared_storage/test/2/mnist_2_test_00121.png,"{'skeletonization_time_ms': 92.104667, 'contour_analysis_time_ms': 478.52875, 'classification_time_ms': 630.1085}",2,7,False,
success,2bc430aa-669f-4054-9c46-87589e0d4436,/opt/nuclio/shared_storage/test/1/mnist_1_00031.png,"{'skeletonization_time_ms': 198.634125, 'contour_analysis_time_ms': 566.021167, 'classification_time_ms': 598.812709}",1,7,False,
success,e5073c29-fa4a-42b2-8584-56899a6f6d66,/opt/nuclio/shared_storage/test/2/mnist_2_00385.png,"{'skeletonization_time_ms': 158.586375, 'contour_analysis_time_ms': 246.214292, 'classification_time_ms': 99.040833}",2,7,False,
success,80907369-9ccd-411b-bfdb-10d2dc16c2f3,/opt/nuclio/shared_storage/test/1/mnist_1_00234.png,"{'skeletonization_time_ms': 75.634417, 'contour_analysis_time_ms': 735.169834, 'classification_time_ms': 257.568541}",1,7,False,
success,028d31aa-75fd-42ee-acf0-53795a25048c,/opt/nuclio/shared_storage/test/2/mnist_2_00554.png,"{'skeletonization_time_ms': 72.449209, 'contour_analysis_time_ms': 825.078875, 'classification_time_ms': 166.751709}",2,7,False,
success,f99da718-8502-4395-a87e-ad0047f8eb4b,/opt/nuclio/shared_storage/test/1/mnist_1_00786.png,"{'skeletonization_time_ms': 28.384875, 'contour_analysis_time_ms': 3853.954376, 'classification_time_ms': 687.441876}",1,7,False,
success,91334d7b-c9c6-4a71-a30a-4fc36e47c377,/opt/nuclio/shared_storage/test/2/mnist_2_00153.png,"{'skeletonization_time_ms': 53.232042, 'contour_analysis_time_ms': 445.949167, 'classification_time_ms': 160.043625}",2,7,False,
success,1935db05-ba72-4b9c-bd24-60cc000c5dde,/opt/nuclio/shared_storage/test/1/mnist_1_00009.png,"{'skeletonization_time_ms': 62.797791, 'contour_analysis_time_ms': 403.809125, 'classification_time_ms': 51.672208}",1,7,False,
success,fdc1c036-6266-4dc7-a81f-cdb27a153391,/opt/nuclio/shared_storage/test/2/mnist_2_test_00104.png,"{'skeletonization_time_ms': 29.434125, 'contour_analysis_time_ms': 452.7595, 'classification_time_ms': 311.125416}",2,7,False,
success,c282863d-1df2-49f4-8673-f7892da49162,/opt/nuclio/shared_storage/test/2/mnist_2_00584.png,"{'skeletonization_time_ms': 64.936959, 'contour_analysis_time_ms': 744.138333, 'classification_time_ms': 313.510541}",2,6,False,
success,26b59714-9273-4fa7-ab22-cefc4cff60c5,/opt/nuclio/shared_storage/test/2/mnist_2_00392.png,"{'skeletonization_time_ms': 70.867292, 'contour_analysis_time_ms': 404.759167, 'classification_time_ms': 225.942542}",2,7,False,
success,ed74e7b2-55de-472b-a08f-226ce312d312,/opt/nuclio/shared_storage/test/2/mnist_2_00281.png,"{'skeletonization_time_ms': 43.290958, 'contour_analysis_time_ms': 310.651083, 'classification_time_ms': 270.30675}",2,6,False,
success,c91fcd75-e416-4131-a93a-e1236f0124a1,/opt/nuclio/shared_storage/test/2/mnist_2_00652.png,"{'skeletonization_time_ms': 81.235541, 'contour_analysis_time_ms': 354.228209, 'classification_time_ms': 181.033501}",2,1,False,
success,40c968ff-6dd1-4dc4-92ce-f7f95024ef81,/opt/nuclio/shared_storage/test/2/mnist_2_00006.png,"{'skeletonization_time_ms': 88.764333, 'contour_analysis_time_ms': 234.749875, 'classification_time_ms': 178.632916}",2,7,False,
success,77b90860-2b13-417d-afe7-46383f9fc415,/opt/nuclio/shared_storage/test/2/mnist_2_00781.png,"{'skeletonization_time_ms': 54.071834, 'contour_analysis_time_ms': 230.577125, 'classification_time_ms': 65.447959}",2,7,False,
success,3e1788ae-093a-4986-b735-02a2d0b7e504,/opt/nuclio/shared_storage/test/2/mnist_2_00591.png,"{'skeletonization_time_ms': 52.794125, 'contour_analysis_time_ms': 172.442542, 'classification_time_ms': 196.068666}",2,7,False,
success,bbe9d069-e1ba-4bf2-a458-bbf264a64e4e,/opt/nuclio/shared_storage/test/2/mnist_2_00436.png,"{'skeletonization_time_ms': 45.202792, 'contour_analysis_time_ms': 225.559917, 'classification_time_ms': 150.533625}",2,1,False,
success,9ded3d40-5fe6-4117-8e1f-b69583f9220c,/opt/nuclio/shared_storage/test/2/mnist_2_00158.png,"{'skeletonization_time_ms': 48.592375, 'contour_analysis_time_ms': 177.194292, 'classification_time_ms': 60.750917}",2,7,False,
success,d6a812d8-2ad6-4052-b81c-05378886d522,/opt/nuclio/shared_storage/test/1/mnist_1_00384.png,"{'skeletonization_time_ms': 66.996458, 'contour_analysis_time_ms': 164.582251, 'classification_time_ms': 13.804917}",1,7,False,
success,d413322f-6300-4b95-8afd-5d4da16d7e6d,/opt/nuclio/shared_storage/test/2/mnist_2_00042.png,"{'skeletonization_time_ms': 89.965333, 'contour_analysis_time_ms': 153.353, 'classification_time_ms': 234.922625}",2,7,False,
success,d6dc9210-5ec6-442f-9a56-c7c6419e8b20,/opt/nuclio/shared_storage/test/2/mnist_2_00563.png,"{'skeletonization_time_ms': 68.848791, 'contour_analysis_time_ms': 192.318917, 'classification_time_ms': 184.212125}",2,9,False,
success,2cf904a8-cf13-4a50-9e1f-4f6faabacc08,/opt/nuclio/shared_storage/test/2/mnist_2_test_00078.png,"{'skeletonization_time_ms': 114.287, 'contour_analysis_time_ms': 150.450084, 'classification_time_ms': 136.951167}",2,7,False,
success,b207d322-3cb3-426f-bfb1-9d38ff8c6c02,/opt/nuclio/shared_storage/test/2/mnist_2_00032.png,"{'skeletonization_time_ms': 144.578, 'contour_analysis_time_ms': 272.378375, 'classification_time_ms': 182.962042}",2,not classified,False,
success,cc5179f1-12bf-4b6e-b021-b43c442a5aa2,/opt/nuclio/shared_storage/test/2/mnist_2_00237.png,"{'skeletonization_time_ms': 136.60725, 'contour_analysis_time_ms': 201.0405, 'classification_time_ms': 53.1335}",2,7,False,
success,2de18fc9-666d-4f08-9949-d1e7dd850657,/opt/nuclio/shared_storage/test/2/mnist_2_00437.png,"{'skeletonization_time_ms': 43.262958, 'contour_analysis_time_ms': 196.404917, 'classification_time_ms': 133.245083}",2,1,False,
success,5b3ef09c-4c65-4aa7-ab7f-abcc6151fef1,/opt/nuclio/shared_storage/test/1/mnist_1_00245.png,"{'skeletonization_time_ms': 45.470584, 'contour_analysis_time_ms': 184.717875, 'classification_time_ms': 44.671792}",1,7,False,
success,fec31548-3acf-4312-9dd2-56a4302829c9,/opt/nuclio/shared_storage/test/2/mnist_2_00550.png,"{'skeletonization_time_ms': 104.610208, 'contour_analysis_time_ms': 186.799541, 'classification_time_ms': 214.2045}",2,7,False,
success,191f3576-30a5-411e-b337-ab515d3f762c,/opt/nuclio/shared_storage/test/2/mnist_2_00786.png,"{'skeletonization_time_ms': 75.891542, 'contour_analysis_time_ms': 290.473541, 'classification_time_ms': 74.6735}",2,7,False,
success,348e173d-6445-499f-85fa-10b9ce4a4dc1,/opt/nuclio/shared_storage/test/2/mnist_2_00438.png,"{'skeletonization_time_ms': 156.780459, 'contour_analysis_time_ms': 303.505875, 'classification_time_ms': 117.774708}",2,7,False,
success,33dfcb23-b7e8-4c18-8949-c51ba65ec806,/opt/nuclio/shared_storage/test/2/mnist_2_00621.png,"{'skeletonization_time_ms': 115.878875, 'contour_analysis_time_ms': 335.316333, 'classification_time_ms': 105.116166}",2,7,False,
success,8fafaa41-61d4-423d-94af-c858e8a7f61a,/opt/nuclio/shared_storage/test/2/mnist_2_00601.png,"{'skeletonization_time_ms': 122.804917, 'contour_analysis_time_ms': 526.732959, 'classification_time_ms': 334.413375}",2,7,False,
success,dc4c1aa7-0ba0-48a4-8a01-d53693219e0a,/opt/nuclio/shared_storage/test/2/mnist_2_00794.png,"{'skeletonization_time_ms': 75.004334, 'contour_analysis_time_ms': 268.859584, 'classification_time_ms': 105.876208}",2,7,False,
success,fbfd9c7b-f0c2-403a-ba41-f980cb1f82e0,/opt/nuclio/shared_storage/test/2/mnist_2_test_00088.png,"{'skeletonization_time_ms': 40.52975, 'contour_analysis_time_ms': 180.22225, 'classification_time_ms': 111.837375}",2,7,False,
success,9a24de34-3715-489c-a3f0-8c7108a3c4a5,/opt/nuclio/shared_storage/test/2/mnist_2_test_00077.png,"{'skeletonization_time_ms': 51.605625, 'contour_analysis_time_ms': 167.758584, 'classification_time_ms': 57.641333}",2,7,False,
success,28d0bced-63c8-4bbe-aa51-59b5c7b77ec9,/opt/nuclio/shared_storage/test/2/mnist_2_00145.png,"{'skeletonization_time_ms': 189.390709, 'contour_analysis_time_ms': 145.082625, 'classification_time_ms': 138.067292}",2,7,False,
success,c41933a4-32d8-4128-91f3-6d49d4ea073d,/opt/nuclio/shared_storage/test/2/mnist_2_00560.png,"{'skeletonization_time_ms': 63.947959, 'contour_analysis_time_ms': 238.047959, 'classification_time_ms': 221.81575}",2,7,False,
success,7dfaeea2-d98e-4760-a1b6-bbf4b0aed15b,/opt/nuclio/shared_storage/test/1/mnist_1_00150.png,"{'skeletonization_time_ms': 32.91775, 'contour_analysis_time_ms': 180.709042, 'classification_time_ms': 32.183542}",1,7,False,
success,45ce2bcf-55ca-4bc3-81c9-f362f7930e40,/opt/nuclio/shared_storage/test/2/mnist_2_test_00133.png,"{'skeletonization_time_ms': 54.689875, 'contour_analysis_time_ms': 194.249417, 'classification_time_ms': 298.430709}",2,6,False,
success,e7e06f3f-a3b1-4d19-b46d-5623b2d6d043,/opt/nuclio/shared_storage/test/2/mnist_2_00413.png,"{'skeletonization_time_ms': 82.937042, 'contour_analysis_time_ms': 175.802584, 'classification_time_ms': 129.9635}",2,7,False,
success,86199930-599a-483d-b981-0de30360262a,/opt/nuclio/shared_storage/test/1/mnist_1_00123.png,"{'skeletonization_time_ms': 136.257292, 'contour_analysis_time_ms': 251.510375, 'classification_time_ms': 33.271667}",1,7,False,
success,a5b6c08f-e8c2-45d9-894c-cac05bb0f548,/opt/nuclio/shared_storage/test/2/mnist_2_00567.png,"{'skeletonization_time_ms': 179.322166, 'contour_analysis_time_ms': 158.78875, 'classification_time_ms': 169.039166}",2,7,False,
success,dcc4a18e-f954-466c-9729-48e05d692757,/opt/nuclio/shared_storage/test/2/mnist_2_00349.png,"{'skeletonization_time_ms': 223.721875, 'contour_analysis_time_ms': 236.673611, 'classification_time_ms': 115.020625}",2,7,False,
success,38c46bbe-73f6-4698-8eeb-3cb4ad112758,/opt/nuclio/shared_storage/test/1/mnist_1_00578.png,"{'skeletonization_time_ms': 142.301375, 'contour_analysis_time_ms': 209.585833, 'classification_time_ms': 80.431}",1,7,False,
success,77d31452-2fe9-4ad7-a616-7df403d640f8,/opt/nuclio/shared_storage/test/1/mnist_1_00319.png,"{'skeletonization_time_ms': 117.227375, 'contour_analysis_time_ms': 278.284959, 'classification_time_ms': 78.659875}",1,7,False,
success,35cafae5-eec6-4bf6-a8ab-af52639a5685,/opt/nuclio/shared_storage/test/2/mnist_2_00368.png,"{'skeletonization_time_ms': 60.476875, 'contour_analysis_time_ms': 263.362, 'classification_time_ms': 209.068042}",2,7,False,
success,9e0dedc1-9b72-4a2e-9e3e-e4026d721ba3,/opt/nuclio/shared_storage/test/2/mnist_2_00949.png,"{'skeletonization_time_ms': 65.803542, 'contour_analysis_time_ms': 302.438959, 'classification_time_ms': 216.935375}",2,6,False,
success,2bd5c064-cc29-4e5f-b927-ec89d906f276,/opt/nuclio/shared_storage/test/2/mnist_2_00204.png,"{'skeletonization_time_ms': 33.002625, 'contour_analysis_time_ms': 224.854376, 'classification_time_ms': 97.860042}",2,7,False,
success,bf42b276-d983-4361-ac47-c31e412ca33b,/opt/nuclio/shared_storage/test/1/mnist_1_test_00098.png,"{'skeletonization_time_ms': 49.567084, 'contour_analysis_time_ms': 211.259583, 'classification_time_ms': 79.068708}",1,7,False,
success,2ff53ebb-25f5-4b0f-92bd-35a24891fe87,/opt/nuclio/shared_storage/test/2/mnist_2_00265.png,"{'skeletonization_time_ms': 49.270541, 'contour_analysis_time_ms': 295.167958, 'classification_time_ms': 256.052083}",2,6,False,
success,61f47fa4-0f96-4a4f-afe0-96516e313d7c,/opt/nuclio/shared_storage/test/2/mnist_2_00778.png,"{'skeletonization_time_ms': 94.910667, 'contour_analysis_time_ms': 170.508042, 'classification_time_ms': 269.813375}",2,7,False,
success,42fb477e-d9ee-497f-a4a0-0043625d0a10,/opt/nuclio/shared_storage/test/2/mnist_2_test_00213.png,"{'skeletonization_time_ms': 149.472917, 'contour_analysis_time_ms': 376.093458, 'classification_time_ms': 157.2735}",2,7,False,
success,4b2f2578-a3ec-4cc9-8190-661a7fa00a10,/opt/nuclio/shared_storage/test/2/mnist_2_00809.png,"{'skeletonization_time_ms': 63.233417, 'contour_analysis_time_ms': 172.991959, 'classification_time_ms': 91.025584}",2,7,False,
success,c842d3ee-7dc5-46d3-92fa-638c400165f9,/opt/nuclio/shared_storage/test/2/mnist_2_00328.png,"{'skeletonization_time_ms': 49.256833, 'contour_analysis_time_ms': 226.827917, 'classification_time_ms': 145.809917}",2,7,False,
success,fc6aacb2-797d-4c3a-817e-fe70fe04c5da,/opt/nuclio/shared_storage/test/2/mnist_2_00412.png,"{'skeletonization_time_ms': 125.436291, 'contour_analysis_time_ms': 481.370126, 'classification_time_ms': 295.594042}",2,6,False,
success,88a226ff-4025-45e1-b947-573df4955bd3,/opt/nuclio/shared_storage/test/2/mnist_2_00578.png,"{'skeletonization_time_ms': 60.251542, 'contour_analysis_time_ms': 310.851917, 'classification_time_ms': 122.962833}",2,7,False,
success,671eb651-9df4-4bb6-9775-6b10d9b6eca1,/opt/nuclio/shared_storage/test/2/mnist_2_00149.png,"{'skeletonization_time_ms': 48.439875, 'contour_analysis_time_ms': 182.655833, 'classification_time_ms': 237.045625}",2,7,False,
success,1e673bfd-080e-4dfd-88f7-919f90e86735,/opt/nuclio/shared_storage/test/1/mnist_1_00679.png,"{'skeletonization_time_ms': 30.310459, 'contour_analysis_time_ms': 254.630291, 'classification_time_ms': 15.358042}",1,7,False,
success,705472b0-3839-4f9e-a48c-9362ce9531fc,/opt/nuclio/shared_storage/test/2/mnist_2_00290.png,"{'skeletonization_time_ms': 43.28825, 'contour_analysis_time_ms': 318.90975, 'classification_time_ms': 124.703208}",2,5,False,
success,cccac83c-ccf9-4b81-ba6e-027091676b57,/opt/nuclio/shared_storage/test/2/mnist_2_00362.png,"{'skeletonization_time_ms': 97.667166, 'contour_analysis_time_ms': 220.633792, 'classification_time_ms': 111.484792}",2,7,False,
success,c527fab0-821e-4943-ac11-b57cb6545cd5,/opt/nuclio/shared_storage/test/2/mnist_2_test_00218.png,"{'skeletonization_time_ms': 71.487833, 'contour_analysis_time_ms': 282.555916, 'classification_time_ms': 125.557542}",2,7,False,
success,8fd002c7-7d66-4f1f-8f2d-d13dd365d212,/opt/nuclio/shared_storage/test/2/mnist_2_00670.png,"{'skeletonization_time_ms': 41.190625, 'contour_analysis_time_ms': 216.294958, 'classification_time_ms': 106.029333}",2,7,False,
success,3e548d7d-a087-4508-82d3-6d2e76df9640,/opt/nuclio/shared_storage/test/2/mnist_2_00880.png,"{'skeletonization_time_ms': 73.025333, 'contour_analysis_time_ms': 383.542292, 'classification_time_ms': 126.133}",2,7,False,
success,1d605373-6f8e-459b-ac1f-5f06782f6f35,/opt/nuclio/shared_storage/test/2/mnist_2_00546.png,"{'skeletonization_time_ms': 63.490417, 'contour_analysis_time_ms': 211.043208, 'classification_time_ms': 127.313125}",2,7,False,
success,0e28ad2b-9bc9-4634-ab91-17886f0ca980,/opt/nuclio/shared_storage/test/2/mnist_2_00404.png,"{'skeletonization_time_ms': 69.739292, 'contour_analysis_time_ms': 179.937958, 'classification_time_ms': 132.721083}",2,7,False,
success,d5e02589-0846-48f5-8227-87a780c5195a,/opt/nuclio/shared_storage/test/2/mnist_2_00140.png,"{'skeletonization_time_ms': 108.612792, 'contour_analysis_time_ms': 197.379584, 'classification_time_ms': 220.542042}",2,6,False,
success,2fbdbde5-7129-4259-b830-d7bb90647dc3,/opt/nuclio/shared_storage/test/2/mnist_2_test_00116.png,"{'skeletonization_time_ms': 51.495417, 'contour_analysis_time_ms': 203.378833, 'classification_time_ms': 246.847584}",2,7,False,
success,7d17cd79-74e9-4b6a-954b-c78fc3915449,/opt/nuclio/shared_storage/test/2/mnist_2_00628.png,"{'skeletonization_time_ms': 169.547583, 'contour_analysis_time_ms': 226.493333, 'classification_time_ms': 104.363375}",2,7,False,
success,d6e2b87d-56b6-4958-82c5-da36ee84b3b9,/opt/nuclio/shared_storage/test/2/mnist_2_00911.png,"{'skeletonization_time_ms': 155.563416, 'contour_analysis_time_ms': 177.046834, 'classification_time_ms': 345.2255}",2,6,False,
success,c3d7bad4-e8e3-4967-aab1-2d3c72781b25,/opt/nuclio/shared_storage/test/2/mnist_2_00760.png,"{'skeletonization_time_ms': 59.130625, 'contour_analysis_time_ms': 161.656709, 'classification_time_ms': 250.892375}",2,7,False,
success,517d1287-59d4-4180-bdab-6d7511d15dbe,/opt/nuclio/shared_storage/test/1/mnist_1_test_00060.png,"{'skeletonization_time_ms': 55.875625, 'contour_analysis_time_ms': 227.928083, 'classification_time_ms': 27.083708}",1,7,False,
success,c49ed916-b3dd-45fd-9d3c-2a0b7c34d4e6,/opt/nuclio/shared_storage/test/2/mnist_2_test_00171.png,"{'skeletonization_time_ms': 71.3615, 'contour_analysis_time_ms': 241.806667, 'classification_time_ms': 89.336875}",2,7,False,
success,1e014a06-69ef-40f3-9efd-4267cd3cf1eb,/opt/nuclio/shared_storage/test/2/mnist_2_00945.png,"{'skeletonization_time_ms': 65.212875, 'contour_analysis_time_ms': 404.711125, 'classification_time_ms': 206.894833}",2,6,False,
success,2cfe932c-b7a3-4e2f-8c23-ba3dd7838009,/opt/nuclio/shared_storage/test/2/mnist_2_00922.png,"{'skeletonization_time_ms': 77.76525, 'contour_analysis_time_ms': 278.295, 'classification_time_ms': 171.378958}",2,7,False,
success,9b36cdf5-f664-429a-aead-b3f46e3e432d,/opt/nuclio/shared_storage/test/2/mnist_2_test_00074.png,"{'skeletonization_time_ms': 77.869708, 'contour_analysis_time_ms': 485.158875, 'classification_time_ms': 833.8285}",2,6,False,
success,bae6fb17-d292-4922-b4d9-e6e5d4130d13,/opt/nuclio/shared_storage/test/2/mnist_2_00473.png,"{'skeletonization_time_ms': 150.215584, 'contour_analysis_time_ms': 1046.355251, 'classification_time_ms': 1063.592209}",2,1,False,
success,9f2c08a2-0259-4179-abb5-a3174e9c9d0b,/opt/nuclio/shared_storage/test/2/mnist_2_00854.png,"{'skeletonization_time_ms': 269.070167, 'contour_analysis_time_ms': 558.365583, 'classification_time_ms': 161.528708}",2,7,False,
success,8f14c41f-e73b-45ba-9fe5-4e3ca5a0f976,/opt/nuclio/shared_storage/test/2/mnist_2_00535.png,"{'skeletonization_time_ms': 190.597876, 'contour_analysis_time_ms': 534.184042, 'classification_time_ms': 131.377625}",2,7,False,
success,a803277c-3ab9-4710-85f2-800d740a83dc,/opt/nuclio/shared_storage/test/2/mnist_2_00818.png,"{'skeletonization_time_ms': 168.577291, 'contour_analysis_time_ms': 428.625501, 'classification_time_ms': 168.700875}",2,7,False,
success,11567f9f-bd22-45af-97a9-b60d31ae1d3a,/opt/nuclio/shared_storage/test/2/mnist_2_00500.png,"{'skeletonization_time_ms': 78.012959, 'contour_analysis_time_ms': 228.668291, 'classification_time_ms': 270.841417}",2,6,False,
success,368e1139-4744-4d5f-9d84-449ee7f146af,/opt/nuclio/shared_storage/test/2/mnist_2_00266.png,"{'skeletonization_time_ms': 36.472625, 'contour_analysis_time_ms': 267.358917, 'classification_time_ms': 139.49275}",2,7,False,
success,1510a3bd-13f8-4972-8256-2732490b3853,/opt/nuclio/shared_storage/test/2/mnist_2_00858.png,"{'skeletonization_time_ms': 97.434708, 'contour_analysis_time_ms': 280.1125, 'classification_time_ms': 228.5705}",2,6,False,
success,c5b38ef4-1f78-4862-88a2-33558794c005,/opt/nuclio/shared_storage/test/2/mnist_2_00833.png,"{'skeletonization_time_ms': 84.952584, 'contour_analysis_time_ms': 380.121834, 'classification_time_ms': 109.009125}",2,7,False,
success,21caedd1-8c69-41e5-8886-16a7c35165b1,/opt/nuclio/shared_storage/test/1/mnist_1_00725.png,"{'skeletonization_time_ms': 59.8255, 'contour_analysis_time_ms': 261.67825, 'classification_time_ms': 59.116167}",1,7,False,
success,7784f016-f52a-4f5a-a6dd-5052d1cd1460,/opt/nuclio/shared_storage/test/2/mnist_2_00360.png,"{'skeletonization_time_ms': 82.145917, 'contour_analysis_time_ms': 782.424209, 'classification_time_ms': 304.149667}",2,7,False,
success,988b7121-33ad-4073-a403-4df946414844,/opt/nuclio/shared_storage/test/2/mnist_2_00299.png,"{'skeletonization_time_ms': 122.825333, 'contour_analysis_time_ms': 801.613792, 'classification_time_ms': 1184.341459}",2,6,False,
success,bde774cf-2050-4a80-bf55-d572923f4ba3,/opt/nuclio/shared_storage/test/2/mnist_2_00565.png,"{'skeletonization_time_ms': 46.970501, 'contour_analysis_time_ms': 255.744625, 'classification_time_ms': 115.871625}",2,7,False,
success,4e00c204-4f63-4897-a3b2-c9da0657b571,/opt/nuclio/shared_storage/test/2/mnist_2_test_00162.png,"{'skeletonization_time_ms': 164.571875, 'contour_analysis_time_ms': 163.654375, 'classification_time_ms': 113.916209}",2,7,False,
success,4b79470e-43f6-4c5a-8fb6-9c751a4b36a4,/opt/nuclio/shared_storage/test/2/mnist_2_test_00146.png,"{'skeletonization_time_ms': 85.286209, 'contour_analysis_time_ms': 232.38175, 'classification_time_ms': 194.841709}",2,5,False,
success,06b7450b-eaae-46f0-aaf0-7c89d97ce93d,/opt/nuclio/shared_storage/test/2/mnist_2_00748.png,"{'skeletonization_time_ms': 72.950292, 'contour_analysis_time_ms': 226.109167, 'classification_time_ms': 246.58525}",2,7,False,
success,64f0e63a-be6a-4ed3-a754-93a1a3d5b40a,/opt/nuclio/shared_storage/test/2/mnist_2_00460.png,"{'skeletonization_time_ms': 52.744542, 'contour_analysis_time_ms': 295.8145, 'classification_time_ms': 124.4325}",2,7,False,
success,ccf6c54c-3e95-4f94-a7e3-5ea45edebb97,/opt/nuclio/shared_storage/test/2/mnist_2_00454.png,"{'skeletonization_time_ms': 92.709833, 'contour_analysis_time_ms': 377.446041, 'classification_time_ms': 529.267334}",2,7,False,
success,f1b54dcc-c8f0-4b9c-b2eb-cd92953c7cb4,/opt/nuclio/shared_storage/test/2/mnist_2_00411.png,"{'skeletonization_time_ms': 54.480875, 'contour_analysis_time_ms': 187.422292, 'classification_time_ms': 142.4825}",2,7,False,
success,38e3bf3b-190c-4ae0-b77c-01e5349c98de,/opt/nuclio/shared_storage/test/2/mnist_2_00957.png,"{'skeletonization_time_ms': 199.958375, 'contour_analysis_time_ms': 194.943459, 'classification_time_ms': 193.89175}",2,6,False,
success,98f2730b-cd0f-49b6-aafa-68ba894e0224,/opt/nuclio/shared_storage/test/2/mnist_2_00850.png,"{'skeletonization_time_ms': 88.551208, 'contour_analysis_time_ms': 191.262625, 'classification_time_ms': 231.13025}",2,6,False,
success,20494c4d-975d-4683-9706-22537c0b4fa2,/opt/nuclio/shared_storage/test/2/mnist_2_00904.png,"{'skeletonization_time_ms': 42.948208, 'contour_analysis_time_ms': 261.423542, 'classification_time_ms': 347.859626}",2,1,False,
success,25c41540-6cf3-4200-8e9e-8709b1640e85,/opt/nuclio/shared_storage/test/2/mnist_2_00716.png,"{'skeletonization_time_ms': 39.210084, 'contour_analysis_time_ms': 417.07025, 'classification_time_ms': 94.066417}",2,7,False,
success,ece4c913-d30f-4c04-959b-dcf2206f882f,/opt/nuclio/shared_storage/test/2/mnist_2_00558.png,"{'skeletonization_time_ms': 60.512667, 'contour_analysis_time_ms': 226.797125, 'classification_time_ms': 170.852417}",2,7,False,
success,905e87a8-cb77-4c74-bb2d-57500f9d85e5,/opt/nuclio/shared_storage/test/2/mnist_2_00870.png,"{'skeletonization_time_ms': 54.174875, 'contour_analysis_time_ms': 147.743333, 'classification_time_ms': 88.518167}",2,7,False,
success,e8033bcd-2b70-4812-bf16-640f9b874461,/opt/nuclio/shared_storage/test/2/mnist_2_00124.png,"{'skeletonization_time_ms': 116.235542, 'contour_analysis_time_ms': 241.83275, 'classification_time_ms': 546.384917}",2,6,False,
success,20c71b0e-d507-48ef-b95c-cc63fe4f0869,/opt/nuclio/shared_storage/test/2/mnist_2_00654.png,"{'skeletonization_time_ms': 67.603875, 'contour_analysis_time_ms': 157.087334, 'classification_time_ms': 77.57925}",2,1,False,
success,259816b8-756d-4bba-99ae-6982bb2548ce,/opt/nuclio/shared_storage/test/1/mnist_1_00828.png,"{'skeletonization_time_ms': 223.819042, 'contour_analysis_time_ms': 176.270709, 'classification_time_ms': 65.060708}",1,7,False,
success,a15a596f-00c3-405c-a7bb-03f41e9ce597,/opt/nuclio/shared_storage/test/3/mnist_3_00782.png,"{'skeletonization_time_ms': 39.227042, 'contour_analysis_time_ms': 284.293667, 'classification_time_ms': 92.940625}",3,7,False,
success,10f7dce3-7e7c-4715-85fc-7a0e206d22e1,/opt/nuclio/shared_storage/test/1/mnist_1_00646.png,"{'skeletonization_time_ms': 405.908625, 'contour_analysis_time_ms': 188.606375, 'classification_time_ms': 13.715292}",1,7,False,
success,69976fbc-bc47-49f1-810a-198809ffd842,/opt/nuclio/shared_storage/test/2/mnist_2_00126.png,"{'skeletonization_time_ms': 240.23175, 'contour_analysis_time_ms': 170.696528, 'classification_time_ms': 53.095958}",2,7,False,
success,01f10127-6a34-402d-9247-bc3e4da7e8aa,/opt/nuclio/shared_storage/test/2/mnist_2_00864.png,"{'skeletonization_time_ms': 52.790292, 'contour_analysis_time_ms': 175.225, 'classification_time_ms': 179.614486}",2,6,False,
success,286980f3-8bed-4c36-9f80-5f86bfb12be1,/opt/nuclio/shared_storage/test/2/mnist_2_00130.png,"{'skeletonization_time_ms': 199.205792, 'contour_analysis_time_ms': 145.5395, 'classification_time_ms': 179.352916}",2,9,False,
success,2482ad1c-50b8-4a69-b519-4a3e394a5b94,/opt/nuclio/shared_storage/test/2/mnist_2_00924.png,"{'skeletonization_time_ms': 51.848625, 'contour_analysis_time_ms': 193.161125, 'classification_time_ms': 117.801208}",2,7,False,
success,bd4c7bc4-6a77-4320-ab17-dccd47e89974,/opt/nuclio/shared_storage/test/3/mnist_3_00621.png,"{'skeletonization_time_ms': 49.227291, 'contour_analysis_time_ms': 192.3705, 'classification_time_ms': 99.867625}",3,7,False,
success,535e804c-04ce-43ff-9833-01ee75b2cbc4,/opt/nuclio/shared_storage/test/2/mnist_2_test_00207.png,"{'skeletonization_time_ms': 39.873042, 'contour_analysis_time_ms': 197.096416, 'classification_time_ms': 179.693958}",2,7,False,
success,36e1dde4-8e6e-42a6-8b9b-204974d6268b,/opt/nuclio/shared_storage/test/2/mnist_2_00045.png,"{'skeletonization_time_ms': 97.007375, 'contour_analysis_time_ms': 205.550542, 'classification_time_ms': 60.619042}",2,7,False,
success,314188f7-4299-41bd-9301-379ae7858509,/opt/nuclio/shared_storage/test/2/mnist_2_test_00214.png,"{'skeletonization_time_ms': 46.103584, 'contour_analysis_time_ms': 229.150667, 'classification_time_ms': 72.248583}",2,7,False,
success,498deacc-9b49-4ca2-bed0-7fb5e9d0d874,/opt/nuclio/shared_storage/test/2/mnist_2_00476.png,"{'skeletonization_time_ms': 37.724626, 'contour_analysis_time_ms': 148.785417, 'classification_time_ms': 63.056834}",2,7,False,
success,85986420-944a-4afd-ae5f-ce694d8a474c,/opt/nuclio/shared_storage/test/2/mnist_2_00255.png,"{'skeletonization_time_ms': 77.205541, 'contour_analysis_time_ms': 153.634375, 'classification_time_ms': 85.924}",2,7,False,
success,f61d2b74-56a7-4e62-aec3-aa355ead1675,/opt/nuclio/shared_storage/test/2/mnist_2_00509.png,"{'skeletonization_time_ms': 111.340292, 'contour_analysis_time_ms': 146.819709, 'classification_time_ms': 327.415376}",2,7,False,
success,33aff720-78ac-4f67-8085-0e06deaa6ff9,/opt/nuclio/shared_storage/test/3/mnist_3_00345.png,"{'skeletonization_time_ms': 120.586875, 'contour_analysis_time_ms': 178.424792, 'classification_time_ms': 141.14825}",3,7,False,
success,6391ca5a-1dc6-4b26-bc12-89caf7d951e9,/opt/nuclio/shared_storage/test/2/mnist_2_00938.png,"{'skeletonization_time_ms': 109.864792, 'contour_analysis_time_ms': 431.80525, 'classification_time_ms': 367.863}",2,6,False,
success,b7b87a34-3751-45c0-a2d6-d967cdb590d8,/opt/nuclio/shared_storage/test/2/mnist_2_00508.png,"{'skeletonization_time_ms': 39.320417, 'contour_analysis_time_ms': 199.007, 'classification_time_ms': 154.625791}",2,7,False,
success,2e3f8c5a-49e1-4f59-ac54-d304c1b26f16,/opt/nuclio/shared_storage/test/2/mnist_2_00820.png,"{'skeletonization_time_ms': 58.211333, 'contour_analysis_time_ms': 352.290709, 'classification_time_ms': 360.134834}",2,7,False,
success,8223ccd2-29c8-4312-a654-1b6ce646d048,/opt/nuclio/shared_storage/test/2/mnist_2_00522.png,"{'skeletonization_time_ms': 104.873208, 'contour_analysis_time_ms': 370.745792, 'classification_time_ms': 213.606125}",2,7,False,
success,6b5b049c-d4cd-4028-97a9-e3ffbc382862,/opt/nuclio/shared_storage/test/2/mnist_2_00455.png,"{'skeletonization_time_ms': 63.694125, 'contour_analysis_time_ms': 405.8795, 'classification_time_ms': 100.888375}",2,7,False,
success,0e2935db-f50f-4f25-8baa-c5d83192d66f,/opt/nuclio/shared_storage/test/2/mnist_2_00051.png,"{'skeletonization_time_ms': 91.196042, 'contour_analysis_time_ms': 214.496833, 'classification_time_ms': 202.461209}",2,7,False,
success,9feb5e3c-28d4-4710-bb90-6cc5f5c267e8,/opt/nuclio/shared_storage/test/2/mnist_2_test_00148.png,"{'skeletonization_time_ms': 33.782416, 'contour_analysis_time_ms': 197.329459, 'classification_time_ms': 345.363167}",2,7,False,
success,4f120399-8e90-4705-9184-725357812a16,/opt/nuclio/shared_storage/test/2/mnist_2_00499.png,"{'skeletonization_time_ms': 95.838959, 'contour_analysis_time_ms': 264.325375, 'classification_time_ms': 544.671958}",2,not classified,False,
success,9fb7e901-9bdd-40e8-990f-776a2ff1a519,/opt/nuclio/shared_storage/test/2/mnist_2_00876.png,"{'skeletonization_time_ms': 48.222042, 'contour_analysis_time_ms': 507.403292, 'classification_time_ms': 77.282042}",2,7,False,
success,22127e5c-dee0-41cc-b440-a9c47cd6f8e2,/opt/nuclio/shared_storage/test/2/mnist_2_00704.png,"{'skeletonization_time_ms': 69.345417, 'contour_analysis_time_ms': 510.531125, 'classification_time_ms': 390.274709}",2,6,False,
success,1c9e1cb1-cb27-445b-a0fb-b12fa6a2dec3,/opt/nuclio/shared_storage/test/2/mnist_2_00598.png,"{'skeletonization_time_ms': 290.371292, 'contour_analysis_time_ms': 183.18675, 'classification_time_ms': 660.852375}",2,7,False,
success,591c40f5-7f35-40de-aca8-465040f8ed2d,/opt/nuclio/shared_storage/test/2/mnist_2_test_00167.png,"{'skeletonization_time_ms': 88.644625, 'contour_analysis_time_ms': 2344.336876, 'classification_time_ms': 387.483042}",2,7,False,
success,5fc0a591-35ae-4d33-9f97-f470c9b1b9af,/opt/nuclio/shared_storage/test/2/mnist_2_test_00185.png,"{'skeletonization_time_ms': 47.756583, 'contour_analysis_time_ms': 3441.692835, 'classification_time_ms': 104.603}",2,7,False,
success,89ea02c4-d485-433f-93b3-402d3e8a7366,/opt/nuclio/shared_storage/test/2/mnist_2_00468.png,"{'skeletonization_time_ms': 35.396583, 'contour_analysis_time_ms': 3336.133835, 'classification_time_ms': 410.709875}",2,3,False,
success,e5e82245-65a5-4583-874c-7a0b2f66742a,/opt/nuclio/shared_storage/test/2/mnist_2_00674.png,"{'skeletonization_time_ms': 169.930126, 'contour_analysis_time_ms': 776.234167, 'classification_time_ms': 191.26175}",2,7,False,
success,295eb653-b666-4a7e-a24d-487dbc9987ec,/opt/nuclio/shared_storage/test/2/mnist_2_00720.png,"{'skeletonization_time_ms': 89.834667, 'contour_analysis_time_ms': 452.29075, 'classification_time_ms': 314.941125}",2,7,False,
success,8e0d0123-62ee-4bbe-99ab-05970cd37ee9,/opt/nuclio/shared_storage/test/2/mnist_2_00873.png,"{'skeletonization_time_ms': 56.281541, 'contour_analysis_time_ms': 425.781667, 'classification_time_ms': 302.234959}",2,7,False,
success,4c9797c9-dbfa-4711-81a6-7e1889eb9ee0,/opt/nuclio/shared_storage/test/2/mnist_2_00736.png,"{'skeletonization_time_ms': 157.339833, 'contour_analysis_time_ms': 440.138334, 'classification_time_ms': 181.987792}",2,7,False,
success,6a4771de-692b-4911-a0ec-6ac576098f0d,/opt/nuclio/shared_storage/test/2/mnist_2_test_00158.png,"{'skeletonization_time_ms': 123.680459, 'contour_analysis_time_ms': 385.389875, 'classification_time_ms': 275.993625}",2,7,False,
success,0e8cf85e-09bd-47c4-81f7-6ee959aaf944,/opt/nuclio/shared_storage/test/2/mnist_2_00916.png,"{'skeletonization_time_ms': 73.676875, 'contour_analysis_time_ms': 318.706584, 'classification_time_ms': 1030.168417}",2,6,False,
success,8e833f7d-d552-4d78-a70d-2a19d22419c5,/opt/nuclio/shared_storage/test/3/mnist_3_00804.png,"{'skeletonization_time_ms': 53.588375, 'contour_analysis_time_ms': 1222.405875, 'classification_time_ms': 378.658833}",3,7,False,
success,61320086-f552-41e6-80d5-616055913ef1,/opt/nuclio/shared_storage/test/2/mnist_2_00441.png,"{'skeletonization_time_ms': 52.871666, 'contour_analysis_time_ms': 990.233292, 'classification_time_ms': 615.301458}",2,6,False,
success,2d62d720-c2e8-45c1-8ce9-de3fb29336fb,/opt/nuclio/shared_storage/test/2/mnist_2_00253.png,"{'skeletonization_time_ms': 77.280834, 'contour_analysis_time_ms': 718.571375, 'classification_time_ms': 133.315375}",2,7,False,
success,bd7df865-9b53-4643-a6ef-ef9308c54b64,/opt/nuclio/shared_storage/test/2/mnist_2_00675.png,"{'skeletonization_time_ms': 34.468166, 'contour_analysis_time_ms': 886.235042, 'classification_time_ms': 144.838791}",2,5,False,
success,f42ff8cd-98f1-4fcc-8059-a98674b62f7b,/opt/nuclio/shared_storage/test/2/mnist_2_test_00075.png,"{'skeletonization_time_ms': 40.317125, 'contour_analysis_time_ms': 706.561834, 'classification_time_ms': 393.700667}",2,6,False,
success,e5c9a6ba-07ff-42c3-8b80-6fa1558285aa,/opt/nuclio/shared_storage/test/2/mnist_2_00244.png,"{'skeletonization_time_ms': 65.889084, 'contour_analysis_time_ms': 598.204792, 'classification_time_ms': 537.947709}",2,7,False,
success,f5f57aba-4d58-4262-8315-50d7840691e7,/opt/nuclio/shared_storage/test/2/mnist_2_00057.png,"{'skeletonization_time_ms': 78.308667, 'contour_analysis_time_ms': 581.843792, 'classification_time_ms': 60.413959}",2,7,False,
success,7e709676-9e1a-4781-8f89-768673c40890,/opt/nuclio/shared_storage/test/2/mnist_2_00052.png,"{'skeletonization_time_ms': 97.610083, 'contour_analysis_time_ms': 802.175709, 'classification_time_ms': 176.184958}",2,7,False,
success,23bd950f-b1c3-409c-80f3-845554e645b0,/opt/nuclio/shared_storage/test/2/mnist_2_00481.png,"{'skeletonization_time_ms': 29.44875, 'contour_analysis_time_ms': 184.839875, 'classification_time_ms': 147.637792}",2,7,False,
success,fb878eaf-cab1-4c1f-a0fc-4ece27785004,/opt/nuclio/shared_storage/test/2/mnist_2_00068.png,"{'skeletonization_time_ms': 109.688333, 'contour_analysis_time_ms': 283.347042, 'classification_time_ms': 117.378709}",2,7,False,
success,2480caf6-330b-4292-b104-3a377435a56d,/opt/nuclio/shared_storage/test/2/mnist_2_00327.png,"{'skeletonization_time_ms': 51.881583, 'contour_analysis_time_ms': 302.576375, 'classification_time_ms': 121.938208}",2,7,False,
success,4767cd11-acce-4e40-ad08-930a79b0c96b,/opt/nuclio/shared_storage/test/2/mnist_2_00286.png,"{'skeletonization_time_ms': 56.403125, 'contour_analysis_time_ms': 277.253791, 'classification_time_ms': 180.915042}",2,7,False,
success,ab580bce-3169-4af2-aa53-df33d6f5efa7,/opt/nuclio/shared_storage/test/2/mnist_2_00869.png,"{'skeletonization_time_ms': 38.728834, 'contour_analysis_time_ms': 232.757583, 'classification_time_ms': 232.784876}",2,9,False,
success,a90fa58d-801e-4876-a319-06c8bbbee3c6,/opt/nuclio/shared_storage/test/2/mnist_2_00119.png,"{'skeletonization_time_ms': 150.168625, 'contour_analysis_time_ms': 1735.592084, 'classification_time_ms': 696.555959}",2,7,False,
success,689b68a6-d8cf-4c8d-9b42-24f5642af560,/opt/nuclio/shared_storage/test/2/mnist_2_00040.png,"{'skeletonization_time_ms': 119.995209, 'contour_analysis_time_ms': 795.91425, 'classification_time_ms': 1429.769042}",2,7,False,
success,024904bb-2480-4095-b03a-c2ef3efeaf44,/opt/nuclio/shared_storage/test/2/mnist_2_test_00019.png,"{'skeletonization_time_ms': 74.898458, 'contour_analysis_time_ms': 1999.484834, 'classification_time_ms': 180.340875}",2,7,False,
success,58ca042a-049c-471e-ab5e-6043d2edd72b,/opt/nuclio/shared_storage/test/2/mnist_2_00866.png,"{'skeletonization_time_ms': 42.53575, 'contour_analysis_time_ms': 330.317125, 'classification_time_ms': 188.373667}",2,7,False,
success,7c7f799f-7bd3-4a2f-9326-6f431f9037a7,/opt/nuclio/shared_storage/test/2/mnist_2_test_00216.png,"{'skeletonization_time_ms': 35.641125, 'contour_analysis_time_ms': 473.178751, 'classification_time_ms': 165.563625}",2,7,False,
success,e468f90f-1f21-467a-a4f7-e10c5ab6a4b3,/opt/nuclio/shared_storage/test/2/mnist_2_00715.png,"{'skeletonization_time_ms': 52.57575, 'contour_analysis_time_ms': 282.727792, 'classification_time_ms': 645.097001}",2,7,False,
success,70dcf7ba-d59f-4787-809a-66ef3cfe362b,/opt/nuclio/shared_storage/test/2/mnist_2_test_00141.png,"{'skeletonization_time_ms': 31.711208, 'contour_analysis_time_ms': 926.613084, 'classification_time_ms': 317.52825}",2,7,False,
success,cb48a831-4a48-4a87-9b31-37131f0a85ad,/opt/nuclio/shared_storage/test/2/mnist_2_00443.png,"{'skeletonization_time_ms': 154.586666, 'contour_analysis_time_ms': 1141.455584, 'classification_time_ms': 199.521917}",2,7,False,
success,91b5ba09-3ad1-4163-a6c6-3e1a33f21df9,/opt/nuclio/shared_storage/test/2/mnist_2_test_00230.png,"{'skeletonization_time_ms': 63.068792, 'contour_analysis_time_ms': 1337.480459, 'classification_time_ms': 293.454791}",2,7,False,
success,df88d8f9-dc0c-4129-8dd0-e7cbda912c5c,/opt/nuclio/shared_storage/test/2/mnist_2_00278.png,"{'skeletonization_time_ms': 93.124208, 'contour_analysis_time_ms': 440.625459, 'classification_time_ms': 888.287237}",2,6,False,
success,7f58b52e-2c49-4ca3-b479-bf3d3068a42f,/opt/nuclio/shared_storage/test/2/mnist_2_00901.png,"{'skeletonization_time_ms': 124.205875, 'contour_analysis_time_ms': 555.112459, 'classification_time_ms': 166.824834}",2,7,False,
success,47aad38e-3131-47cd-9261-1d13529961bb,/opt/nuclio/shared_storage/test/2/mnist_2_00518.png,"{'skeletonization_time_ms': 69.209458, 'contour_analysis_time_ms': 449.248542, 'classification_time_ms': 164.206375}",2,7,False,
success,671cc3ab-a061-4507-ace9-471d651d82fd,/opt/nuclio/shared_storage/test/2/mnist_2_00503.png,"{'skeletonization_time_ms': 94.2075, 'contour_analysis_time_ms': 555.967792, 'classification_time_ms': 619.395584}",2,6,False,
success,21aa977f-8efe-4b5e-badf-7ad6c4cd98e5,/opt/nuclio/shared_storage/test/2/mnist_2_test_00227.png,"{'skeletonization_time_ms': 107.756, 'contour_analysis_time_ms': 333.522626, 'classification_time_ms': 416.750583}",2,7,False,
success,6790327b-5f64-4763-b8c8-3d28caf9acd9,/opt/nuclio/shared_storage/test/2/mnist_2_00282.png,"{'skeletonization_time_ms': 86.035792, 'contour_analysis_time_ms': 408.299667, 'classification_time_ms': 183.000167}",2,7,False,
success,b98da6f7-ed70-4915-a6c1-15231bce38d9,/opt/nuclio/shared_storage/test/2/mnist_2_00645.png,"{'skeletonization_time_ms': 93.085209, 'contour_analysis_time_ms': 227.494167, 'classification_time_ms': 84.082916}",2,7,False,
success,b9997cd2-ba6b-445d-9076-1774c1a1c811,/opt/nuclio/shared_storage/test/2/mnist_2_00083.png,"{'skeletonization_time_ms': 66.921375, 'contour_analysis_time_ms': 188.656083, 'classification_time_ms': 48.097417}",2,7,False,
success,ae11f52b-b4fc-45c4-af18-4a3c40895659,/opt/nuclio/shared_storage/test/2/mnist_2_test_00030.png,"{'skeletonization_time_ms': 46.561292, 'contour_analysis_time_ms': 271.377958, 'classification_time_ms': 119.779251}",2,7,False,
success,d9f02e6b-2eef-4415-88e7-ba6a6a20c13c,/opt/nuclio/shared_storage/test/2/mnist_2_test_00156.png,"{'skeletonization_time_ms': 89.596875, 'contour_analysis_time_ms': 239.79275, 'classification_time_ms': 357.302959}",2,7,False,
success,d99770c2-cd91-441e-afbb-877f99e90bb3,/opt/nuclio/shared_storage/test/2/mnist_2_00672.png,"{'skeletonization_time_ms': 88.084167, 'contour_analysis_time_ms': 290.143458, 'classification_time_ms': 356.032291}",2,6,False,
success,77193a69-e9f0-4ede-96af-5243f6ecbf51,/opt/nuclio/shared_storage/test/2/mnist_2_00132.png,"{'skeletonization_time_ms': 33.355166, 'contour_analysis_time_ms': 305.845708, 'classification_time_ms': 448.842792}",2,7,False,
success,e248d46f-675b-4b8c-ade3-b6b3c003be3d,/opt/nuclio/shared_storage/test/2/mnist_2_00998.png,"{'skeletonization_time_ms': 106.381208, 'contour_analysis_time_ms': 679.609042, 'classification_time_ms': 371.793875}",2,7,False,
success,374c5b3c-f67b-4b8e-8e40-e0e1bd451df4,/opt/nuclio/shared_storage/test/2/mnist_2_00721.png,"{'skeletonization_time_ms': 47.317875, 'contour_analysis_time_ms': 571.303875, 'classification_time_ms': 268.356583}",2,7,False,
success,396eb5b0-8d32-4025-a890-54ba1e4077f6,/opt/nuclio/shared_storage/test/2/mnist_2_00335.png,"{'skeletonization_time_ms': 38.374708, 'contour_analysis_time_ms': 583.911251, 'classification_time_ms': 655.339792}",2,6,False,
success,7bc8e811-27c5-478c-864a-5e18787ae198,/opt/nuclio/shared_storage/test/2/mnist_2_test_00237.png,"{'skeletonization_time_ms': 92.726667, 'contour_analysis_time_ms': 836.531667, 'classification_time_ms': 179.082417}",2,7,False,
success,a57a2834-6cb8-485f-a55a-3e4d101c9e1e,/opt/nuclio/shared_storage/test/2/mnist_2_00472.png,"{'skeletonization_time_ms': 51.832042, 'contour_analysis_time_ms': 840.999084, 'classification_time_ms': 457.206542}",2,6,False,
success,3f98e535-1080-4c9e-8b6e-cae774fac8df,/opt/nuclio/shared_storage/test/2/mnist_2_00453.png,"{'skeletonization_time_ms': 96.13425, 'contour_analysis_time_ms': 390.503, 'classification_time_ms': 74.957166}",2,7,False,
success,ca190e5e-a350-4bf4-9823-177f00f47a6e,/opt/nuclio/shared_storage/test/3/mnist_3_00737.png,"{'skeletonization_time_ms': 51.551875, 'contour_analysis_time_ms': 408.934959, 'classification_time_ms': 216.750709}",3,7,False,
success,ccab7810-2294-4114-9150-aab03002db1c,/opt/nuclio/shared_storage/test/2/mnist_2_00847.png,"{'skeletonization_time_ms': 53.38875, 'contour_analysis_time_ms': 294.879125, 'classification_time_ms': 56.381916}",2,7,False,
success,05127509-4960-4011-923a-b07067163ab0,/opt/nuclio/shared_storage/test/2/mnist_2_00137.png,"{'skeletonization_time_ms': 56.072833, 'contour_analysis_time_ms': 330.948917, 'classification_time_ms': 393.891792}",2,7,False,
success,6e440d5e-047e-4799-927d-a90fefed0360,/opt/nuclio/shared_storage/test/2/mnist_2_test_00093.png,"{'skeletonization_time_ms': 47.196291, 'contour_analysis_time_ms': 286.2235, 'classification_time_ms': 349.389542}",2,7,False,
success,eea5d0f8-8798-4519-9e30-69b64f01e3a3,/opt/nuclio/shared_storage/test/2/mnist_2_test_00192.png,"{'skeletonization_time_ms': 172.258917, 'contour_analysis_time_ms': 335.237292, 'classification_time_ms': 80.434292}",2,7,False,
success,e5ea9b22-abdc-4c6d-b643-841ba0e1f0e1,/opt/nuclio/shared_storage/test/2/mnist_2_test_00142.png,"{'skeletonization_time_ms': 162.765583, 'contour_analysis_time_ms': 597.055667, 'classification_time_ms': 321.361084}",2,7,False,
success,2677f325-bd68-4843-a68f-76a1210a9d81,/opt/nuclio/shared_storage/test/1/mnist_1_00653.png,"{'skeletonization_time_ms': 221.752584, 'contour_analysis_time_ms': 688.952292, 'classification_time_ms': 206.780208}",1,2,False,
success,f41796b7-dbe4-4bfb-98a4-04e202d759e8,/opt/nuclio/shared_storage/test/2/mnist_2_test_00247.png,"{'skeletonization_time_ms': 58.374125, 'contour_analysis_time_ms': 614.498709, 'classification_time_ms': 912.147334}",2,6,False,
success,c0c7ae87-15a6-436d-8180-f4b59dff6438,/opt/nuclio/shared_storage/test/2/mnist_2_test_00220.png,"{'skeletonization_time_ms': 89.912667, 'contour_analysis_time_ms': 431.053083, 'classification_time_ms': 620.669334}",2,6,False,
success,1192213c-7527-497f-af14-bd9e7b1c0fd2,/opt/nuclio/shared_storage/test/2/mnist_2_00863.png,"{'skeletonization_time_ms': 42.933209, 'contour_analysis_time_ms': 640.036792, 'classification_time_ms': 210.169292}",2,7,False,
success,d4dbb7d9-b633-4f0b-98d8-9a187fcc63ee,/opt/nuclio/shared_storage/test/2/mnist_2_00874.png,"{'skeletonization_time_ms': 87.153334, 'contour_analysis_time_ms': 341.047208, 'classification_time_ms': 159.362333}",2,7,False,
success,51f7deeb-7cc7-4d75-ad1b-bb472a948a1f,/opt/nuclio/shared_storage/test/2/mnist_2_test_00168.png,"{'skeletonization_time_ms': 54.623792, 'contour_analysis_time_ms': 249.653917, 'classification_time_ms': 66.279375}",2,7,False,
success,a844404f-df0f-4c2d-bea9-d485a8b1a856,/opt/nuclio/shared_storage/test/2/mnist_2_00693.png,"{'skeletonization_time_ms': 63.887625, 'contour_analysis_time_ms': 372.207042, 'classification_time_ms': 653.087917}",2,6,False,
success,04a25d7d-c4fd-4313-b8fa-a82de43c2f02,/opt/nuclio/shared_storage/test/3/mnist_3_00481.png,"{'skeletonization_time_ms': 55.661, 'contour_analysis_time_ms': 152.196792, 'classification_time_ms': 184.00825}",3,7,False,
success,f14e1dac-7406-4432-97e3-07f09dae401b,/opt/nuclio/shared_storage/test/2/mnist_2_00053.png,"{'skeletonization_time_ms': 124.724375, 'contour_analysis_time_ms': 179.158542, 'classification_time_ms': 143.366001}",2,5,False,
success,61f12789-5170-46a7-b325-7cccfcbbfbfc,/opt/nuclio/shared_storage/test/3/mnist_3_00637.png,"{'skeletonization_time_ms': 39.947708, 'contour_analysis_time_ms': 169.452334, 'classification_time_ms': 193.908584}",3,6,False,
success,180db6f9-8470-4d0e-acc5-d48bd3716ccf,/opt/nuclio/shared_storage/test/2/mnist_2_00557.png,"{'skeletonization_time_ms': 75.317375, 'contour_analysis_time_ms': 273.222209, 'classification_time_ms': 482.120459}",2,6,False,
success,beef6165-22a1-4d6c-b4c2-f8df950ff0b4,/opt/nuclio/shared_storage/test/3/mnist_3_00341.png,"{'skeletonization_time_ms': 80.144416, 'contour_analysis_time_ms': 271.1675, 'classification_time_ms': 166.720791}",3,7,False,
success,7517462d-51af-468a-a1f2-aa3d610ff596,/opt/nuclio/shared_storage/test/2/mnist_2_test_00050.png,"{'skeletonization_time_ms': 56.226916, 'contour_analysis_time_ms': 356.432042, 'classification_time_ms': 692.764792}",2,not classified,False,
success,3c9394a5-25b1-4002-bf80-b418485757f4,/opt/nuclio/shared_storage/test/2/mnist_2_00487.png,"{'skeletonization_time_ms': 197.955667, 'contour_analysis_time_ms': 399.052167, 'classification_time_ms': 266.107166}",2,7,False,
success,5199efc4-4894-4bbb-9e7c-57b03edf1e7e,/opt/nuclio/shared_storage/test/2/mnist_2_00782.png,"{'skeletonization_time_ms': 72.649167, 'contour_analysis_time_ms': 341.955083, 'classification_time_ms': 609.445792}",2,7,False,
success,09941578-8d83-4a13-b39c-8e370f2554ae,/opt/nuclio/shared_storage/test/2/mnist_2_00452.png,"{'skeletonization_time_ms': 50.57625, 'contour_analysis_time_ms': 418.687292, 'classification_time_ms': 153.738417}",2,7,False,
success,ab04a986-e198-4575-ae3e-28997f508aeb,/opt/nuclio/shared_storage/test/2/mnist_2_00258.png,"{'skeletonization_time_ms': 62.485959, 'contour_analysis_time_ms': 398.049125, 'classification_time_ms': 201.110459}",2,7,False,
success,001f7813-6270-4723-abee-fe1d0c14683d,/opt/nuclio/shared_storage/test/2/mnist_2_00780.png,"{'skeletonization_time_ms': 50.291166, 'contour_analysis_time_ms': 383.226417, 'classification_time_ms': 173.656375}",2,7,False,
success,ab64451f-a463-46c2-9be0-e013e3ab110a,/opt/nuclio/shared_storage/test/2/mnist_2_test_00236.png,"{'skeletonization_time_ms': 35.525042, 'contour_analysis_time_ms': 550.985333, 'classification_time_ms': 163.583292}",2,7,False,
success,fe900f53-9521-4fca-925d-24abf56f513d,/opt/nuclio/shared_storage/test/2/mnist_2_test_00051.png,"{'skeletonization_time_ms': 112.362, 'contour_analysis_time_ms': 274.841708, 'classification_time_ms': 775.857376}",2,6,False,
success,f66f47e3-de19-4a0b-8947-058ed4540fcb,/opt/nuclio/shared_storage/test/3/mnist_3_00963.png,"{'skeletonization_time_ms': 183.284125, 'contour_analysis_time_ms': 296.785333, 'classification_time_ms': 929.847959}",3,9,False,
success,a665505b-d364-4dad-a6bd-c50e0043ef92,/opt/nuclio/shared_storage/test/2/mnist_2_00135.png,"{'skeletonization_time_ms': 68.6965, 'contour_analysis_time_ms': 685.770417, 'classification_time_ms': 354.853626}",2,7,False,
success,de45fd9e-38ae-464e-b11e-3f6ffd5bada8,/opt/nuclio/shared_storage/test/2/mnist_2_test_00209.png,"{'skeletonization_time_ms': 158.151125, 'contour_analysis_time_ms': 387.087459, 'classification_time_ms': 230.806834}",2,7,False,
success,6c28ce78-a198-4c6c-928c-d0bc669de0cb,/opt/nuclio/shared_storage/test/2/mnist_2_00134.png,"{'skeletonization_time_ms': 161.988709, 'contour_analysis_time_ms': 263.156167, 'classification_time_ms': 1274.976376}",2,1,False,
success,a4e4e361-3dbc-498d-86e3-82534a65dfc9,/opt/nuclio/shared_storage/test/2/mnist_2_00421.png,"{'skeletonization_time_ms': 130.317194, 'contour_analysis_time_ms': 514.719334, 'classification_time_ms': 146.206792}",2,7,False,
success,9be153f0-ab49-4287-a31a-39b09c78ffaa,/opt/nuclio/shared_storage/test/2/mnist_2_test_00044.png,"{'skeletonization_time_ms': 127.717625, 'contour_analysis_time_ms': 273.406916, 'classification_time_ms': 307.43025}",2,7,False,
success,1fc39d6e-72c6-4194-b342-8cbd1aa78e61,/opt/nuclio/shared_storage/test/2/mnist_2_00447.png,"{'skeletonization_time_ms': 90.934667, 'contour_analysis_time_ms': 359.131166, 'classification_time_ms': 340.733167}",2,7,False,
success,471b4a15-7c8d-4175-bc16-c7f39bfa4bc8,/opt/nuclio/shared_storage/test/3/mnist_3_00750.png,"{'skeletonization_time_ms': 91.67375, 'contour_analysis_time_ms': 550.765626, 'classification_time_ms': 1105.731417}",3,7,False,
success,1bd44800-1b7e-415c-bd8b-d438ba7f7966,/opt/nuclio/shared_storage/test/2/mnist_2_00519.png,"{'skeletonization_time_ms': 309.210417, 'contour_analysis_time_ms': 1422.669834, 'classification_time_ms': 2048.45471}",2,3,False,
success,f1c22947-a203-4282-a26f-88f0d850b15d,/opt/nuclio/shared_storage/test/2/mnist_2_00812.png,"{'skeletonization_time_ms': 137.933542, 'contour_analysis_time_ms': 1365.610167, 'classification_time_ms': 195.503}",2,7,False,
success,fe90c320-e0f9-4cc8-939e-c97bebd7a37e,/opt/nuclio/shared_storage/test/2/mnist_2_00543.png,"{'skeletonization_time_ms': 60.188792, 'contour_analysis_time_ms': 627.938, 'classification_time_ms': 244.201667}",2,7,False,
success,e8fb9d7e-25eb-4312-aae6-f4dfb790bdd0,/opt/nuclio/shared_storage/test/2/mnist_2_00446.png,"{'skeletonization_time_ms': 40.790708, 'contour_analysis_time_ms': 2164.307377, 'classification_time_ms': 768.696708}",2,6,False,
success,a2d98a3e-cd7e-4400-bdec-35bbf190f159,/opt/nuclio/shared_storage/test/3/mnist_3_00036.png,"{'skeletonization_time_ms': 39.057917, 'contour_analysis_time_ms': 617.641334, 'classification_time_ms': 87.185584}",3,7,False,
success,413e7be9-409a-48af-bdd0-612de004eb63,/opt/nuclio/shared_storage/test/2/mnist_2_00783.png,"{'skeletonization_time_ms': 364.173334, 'contour_analysis_time_ms': 677.600709, 'classification_time_ms': 154.972959}",2,7,False,
success,3d2605f3-80fa-4a76-813c-7e22e8eef5a8,/opt/nuclio/shared_storage/test/2/mnist_2_00958.png,"{'skeletonization_time_ms': 49.934125, 'contour_analysis_time_ms': 394.732875, 'classification_time_ms': 128.937792}",2,7,False,
success,bd9b4f88-6e87-4738-a50c-94c72f9838a7,/opt/nuclio/shared_storage/test/2/mnist_2_test_00045.png,"{'skeletonization_time_ms': 41.205333, 'contour_analysis_time_ms': 281.478916, 'classification_time_ms': 160.181667}",2,7,False,
success,22d91fa5-9380-413f-9d4a-eb01bff4da93,/opt/nuclio/shared_storage/test/2/mnist_2_00839.png,"{'skeletonization_time_ms': 147.267417, 'contour_analysis_time_ms': 251.052833, 'classification_time_ms': 492.210542}",2,6,False,
success,90ee6d72-ac90-4ee2-867d-8bc168064a29,/opt/nuclio/shared_storage/test/3/mnist_3_00256.png,"{'skeletonization_time_ms': 45.266167, 'contour_analysis_time_ms': 376.628042, 'classification_time_ms': 597.240736}",3,5,False,
success,e7a8e09e-9530-492f-8f22-a08c2f0a0d88,/opt/nuclio/shared_storage/test/3/mnist_3_00155.png,"{'skeletonization_time_ms': 50.250917, 'contour_analysis_time_ms': 714.051528, 'classification_time_ms': 103.859042}",3,7,False,
success,a773d986-110c-4faf-af97-0e47b7884ea0,/opt/nuclio/shared_storage/test/2/mnist_2_00806.png,"{'skeletonization_time_ms': 51.548084, 'contour_analysis_time_ms': 673.74932, 'classification_time_ms': 290.578791}",2,6,False,
success,ca1e2920-3aeb-4fb2-a64a-692cf2d24773,/opt/nuclio/shared_storage/test/2/mnist_2_00718.png,"{'skeletonization_time_ms': 182.765652, 'contour_analysis_time_ms': 577.183625, 'classification_time_ms': 126.99925}",2,7,False,
success,4a46a786-e158-4251-9ce3-9444ae9bbbb0,/opt/nuclio/shared_storage/test/2/mnist_2_test_00124.png,"{'skeletonization_time_ms': 106.087541, 'contour_analysis_time_ms': 747.215709, 'classification_time_ms': 170.007875}",2,7,False,
success,d6bb25fa-423b-44f0-8d3b-84a77e01959f,/opt/nuclio/shared_storage/test/2/mnist_2_00169.png,"{'skeletonization_time_ms': 64.666625, 'contour_analysis_time_ms': 350.133209, 'classification_time_ms': 502.012167}",2,6,False,
success,ffef924a-78dd-406d-80cc-1b5da01ac8c9,/opt/nuclio/shared_storage/test/2/mnist_2_test_00195.png,"{'skeletonization_time_ms': 182.999375, 'contour_analysis_time_ms': 363.65325, 'classification_time_ms': 452.557334}",2,7,False,
success,5874fc0f-c308-418b-8c0c-941052d3e7cc,/opt/nuclio/shared_storage/test/2/mnist_2_00966.png,"{'skeletonization_time_ms': 130.770459, 'contour_analysis_time_ms': 623.488542, 'classification_time_ms': 337.366708}",2,7,False,
success,375ee675-a850-4a0c-9473-1e186cbb37aa,/opt/nuclio/shared_storage/test/3/mnist_3_test_00134.png,"{'skeletonization_time_ms': 109.757834, 'contour_analysis_time_ms': 627.832542, 'classification_time_ms': 409.119417}",3,7,False,
success,c3dfe1da-e7ab-40eb-8c5c-29cd2c36dd9d,/opt/nuclio/shared_storage/test/2/mnist_2_00390.png,"{'skeletonization_time_ms': 204.71525, 'contour_analysis_time_ms': 957.519417, 'classification_time_ms': 700.110209}",2,6,False,
success,2337a281-c64b-4bc3-97ac-3a81d7426b54,/opt/nuclio/shared_storage/test/2/mnist_2_00179.png,"{'skeletonization_time_ms': 120.505834, 'contour_analysis_time_ms': 550.095833, 'classification_time_ms': 215.746042}",2,7,False,
success,66102c09-cd99-4be9-babb-9f4a5454a93c,/opt/nuclio/shared_storage/test/3/mnist_3_00568.png,"{'skeletonization_time_ms': 131.010292, 'contour_analysis_time_ms': 476.468333, 'classification_time_ms': 290.937333}",3,7,False,
success,b8cc6e71-8770-4a70-8426-40438931236c,/opt/nuclio/shared_storage/test/2/mnist_2_00088.png,"{'skeletonization_time_ms': 49.636792, 'contour_analysis_time_ms': 369.189459, 'classification_time_ms': 227.652292}",2,7,False,
success,536eafd0-2a62-4249-92e1-4bc158bafd9f,/opt/nuclio/shared_storage/test/2/mnist_2_00908.png,"{'skeletonization_time_ms': 41.442958, 'contour_analysis_time_ms': 309.241208, 'classification_time_ms': 155.934875}",2,7,False,
success,5b46497b-7d04-452f-b314-f4eef238d1f6,/opt/nuclio/shared_storage/test/2/mnist_2_test_00125.png,"{'skeletonization_time_ms': 40.417625, 'contour_analysis_time_ms': 337.075708, 'classification_time_ms': 250.644167}",2,7,False,
success,8f5daea3-0525-455d-b42b-e15d165323da,/opt/nuclio/shared_storage/test/2/mnist_2_test_00090.png,"{'skeletonization_time_ms': 62.824416, 'contour_analysis_time_ms': 276.3185, 'classification_time_ms': 131.10275}",2,7,False,
success,50e7b87b-fa5c-4ac9-be6a-22efcb8146f9,/opt/nuclio/shared_storage/test/2/mnist_2_test_00147.png,"{'skeletonization_time_ms': 32.167042, 'contour_analysis_time_ms': 300.882584, 'classification_time_ms': 106.160625}",2,7,False,
success,5430632a-d365-447e-80c2-3295d00a1d2b,/opt/nuclio/shared_storage/test/2/mnist_2_test_00123.png,"{'skeletonization_time_ms': 67.65975, 'contour_analysis_time_ms': 601.105917, 'classification_time_ms': 111.492333}",2,7,False,
success,281a3437-fde8-46a1-9e9f-f298146cbb82,/opt/nuclio/shared_storage/test/2/mnist_2_test_00118.png,"{'skeletonization_time_ms': 57.493, 'contour_analysis_time_ms': 489.501958, 'classification_time_ms': 55.938375}",2,5,False,
success,b8a2b8c2-0da4-4a32-bd81-1c4c130021c5,/opt/nuclio/shared_storage/test/2/mnist_2_test_00086.png,"{'skeletonization_time_ms': 167.555833, 'contour_analysis_time_ms': 161.997291, 'classification_time_ms': 206.944291}",2,7,False,
success,f8c5e243-77ed-4be1-b0c9-6edccd2d27c3,/opt/nuclio/shared_storage/test/3/mnist_3_00747.png,"{'skeletonization_time_ms': 27.898916, 'contour_analysis_time_ms': 213.933959, 'classification_time_ms': 185.670375}",3,7,False,
success,6b02c200-6f3d-4f14-a89f-65e2327d4410,/opt/nuclio/shared_storage/test/2/mnist_2_00724.png,"{'skeletonization_time_ms': 85.662667, 'contour_analysis_time_ms': 263.104042, 'classification_time_ms': 73.51525}",2,7,False,
success,9a767a1e-ccfa-4b82-ad96-813151f1666d,/opt/nuclio/shared_storage/test/3/mnist_3_00928.png,"{'skeletonization_time_ms': 64.163833, 'contour_analysis_time_ms': 284.824125, 'classification_time_ms': 195.40025}",3,7,False,
success,e8531e65-c70b-4674-a5c1-cff69f47bc69,/opt/nuclio/shared_storage/test/2/mnist_2_00356.png,"{'skeletonization_time_ms': 533.756209, 'contour_analysis_time_ms': 312.832833, 'classification_time_ms': 80.645292}",2,7,False,
success,86c23c60-b88c-4200-93f9-53bd5235efb7,/opt/nuclio/shared_storage/test/2/mnist_2_00973.png,"{'skeletonization_time_ms': 170.763292, 'contour_analysis_time_ms': 428.705959, 'classification_time_ms': 304.744792}",2,6,False,
success,99440fc8-5934-4775-9d4b-4fee112721c2,/opt/nuclio/shared_storage/test/2/mnist_2_00634.png,"{'skeletonization_time_ms': 104.260292, 'contour_analysis_time_ms': 360.211917, 'classification_time_ms': 207.68975}",2,7,False,
success,bc52717b-6d4e-435a-a7bf-635ba1e9ad27,/opt/nuclio/shared_storage/test/3/mnist_3_00703.png,"{'skeletonization_time_ms': 45.967209, 'contour_analysis_time_ms': 231.037959, 'classification_time_ms': 162.788875}",3,7,False,
success,8e629171-c33b-45d8-a974-a98f93657e77,/opt/nuclio/shared_storage/test/2/mnist_2_00422.png,"{'skeletonization_time_ms': 41.093958, 'contour_analysis_time_ms': 277.486708, 'classification_time_ms': 373.217459}",2,7,False,
success,467457b3-b1ad-4e08-b063-848b1dd34757,/opt/nuclio/shared_storage/test/2/mnist_2_00486.png,"{'skeletonization_time_ms': 120.482292, 'contour_analysis_time_ms': 640.902625, 'classification_time_ms': 166.816417}",2,7,False,
success,ab686d2e-17c2-43ac-a265-c2ff5486d8f3,/opt/nuclio/shared_storage/test/3/mnist_3_00050.png,"{'skeletonization_time_ms': 69.822875, 'contour_analysis_time_ms': 278.976083, 'classification_time_ms': 56.658042}",3,7,False,
success,56cbe022-22b7-4b32-a123-758b21282abc,/opt/nuclio/shared_storage/test/2/mnist_2_00097.png,"{'skeletonization_time_ms': 39.840209, 'contour_analysis_time_ms': 328.775792, 'classification_time_ms': 84.1795}",2,7,False,
success,7307b10e-3ad5-486f-9ce7-93d8fd2747ea,/opt/nuclio/shared_storage/test/2/mnist_2_test_00025.png,"{'skeletonization_time_ms': 98.691667, 'contour_analysis_time_ms': 342.046167, 'classification_time_ms': 95.911583}",2,7,False,
success,2705b7ca-41ee-4bfd-9a53-09571c138ebf,/opt/nuclio/shared_storage/test/2/mnist_2_00344.png,"{'skeletonization_time_ms': 323.707958, 'contour_analysis_time_ms': 196.480834, 'classification_time_ms': 612.807458}",2,6,False,
success,19b097a1-9ecc-42e5-a46a-797ce84888d9,/opt/nuclio/shared_storage/test/2/mnist_2_test_00085.png,"{'skeletonization_time_ms': 271.95725, 'contour_analysis_time_ms': 516.835459, 'classification_time_ms': 129.02175}",2,7,False,
success,7cfdad05-e355-41a4-9b9b-e0a92be726e4,/opt/nuclio/shared_storage/test/2/mnist_2_00796.png,"{'skeletonization_time_ms': 203.577458, 'contour_analysis_time_ms': 466.567501, 'classification_time_ms': 502.167042}",2,6,False,
success,a0239732-cb02-4767-bcb3-38774dc08146,/opt/nuclio/shared_storage/test/3/mnist_3_00306.png,"{'skeletonization_time_ms': 78.513875, 'contour_analysis_time_ms': 254.639458, 'classification_time_ms': 221.597125}",3,7,False,
success,6b3d16e2-4642-4c2a-b908-4ed3724a5879,/opt/nuclio/shared_storage/test/2/mnist_2_00608.png,"{'skeletonization_time_ms': 44.305125, 'contour_analysis_time_ms': 302.215, 'classification_time_ms': 269.218042}",2,7,False,
success,d4aee938-c2cc-4738-9908-16286f85e9b9,/opt/nuclio/shared_storage/test/2/mnist_2_00779.png,"{'skeletonization_time_ms': 202.736666, 'contour_analysis_time_ms': 520.121167, 'classification_time_ms': 239.789083}",2,6,False,
success,0e200adb-783b-46bb-876e-f234e6f9e405,/opt/nuclio/shared_storage/test/2/mnist_2_test_00119.png,"{'skeletonization_time_ms': 55.539958, 'contour_analysis_time_ms': 365.595791, 'classification_time_ms': 139.922458}",2,7,False,
success,0d8093ce-96d1-47fa-919e-c8f94eac1168,/opt/nuclio/shared_storage/test/2/mnist_2_00430.png,"{'skeletonization_time_ms': 297.457542, 'contour_analysis_time_ms': 310.458501, 'classification_time_ms': 299.502625}",2,7,False,
success,eec36c3e-1b72-4827-b958-f42db88df68c,/opt/nuclio/shared_storage/test/2/mnist_2_00031.png,"{'skeletonization_time_ms': 37.701875, 'contour_analysis_time_ms': 494.305375, 'classification_time_ms': 320.299042}",2,7,False,
success,9c1765c2-7017-457e-aaba-932da70b79b9,/opt/nuclio/shared_storage/test/2/mnist_2_00540.png,"{'skeletonization_time_ms': 371.807834, 'contour_analysis_time_ms': 679.195917, 'classification_time_ms': 711.332875}",2,6,False,
success,34acfa94-b3e7-4cb0-97b9-1aaeb3ed8be8,/opt/nuclio/shared_storage/test/2/mnist_2_00285.png,"{'skeletonization_time_ms': 86.852917, 'contour_analysis_time_ms': 1202.078125, 'classification_time_ms': 375.988834}",2,7,False,
success,4e409d90-85bc-4b46-8d85-578e42912b9f,/opt/nuclio/shared_storage/test/2/mnist_2_00222.png,"{'skeletonization_time_ms': 111.393334, 'contour_analysis_time_ms': 2242.200126, 'classification_time_ms': 1056.925542}",2,6,False,
success,0d035c51-7a0e-4cb9-8c1d-028f58bcdf68,/opt/nuclio/shared_storage/test/3/mnist_3_test_00057.png,"{'skeletonization_time_ms': 169.623292, 'contour_analysis_time_ms': 334.315, 'classification_time_ms': 273.514}",3,7,False,
success,16b05968-f0c0-485a-90f5-59532cc3631c,/opt/nuclio/shared_storage/test/2/mnist_2_00527.png,"{'skeletonization_time_ms': 48.809958, 'contour_analysis_time_ms': 408.913209, 'classification_time_ms': 394.837625}",2,6,False,
success,c95d7f3b-fa31-4cbf-bd7f-95435a6a6659,/opt/nuclio/shared_storage/test/2/mnist_2_00636.png,"{'skeletonization_time_ms': 42.14975, 'contour_analysis_time_ms': 460.327667, 'classification_time_ms': 412.927333}",2,7,False,
success,1678040c-43d9-4137-a87f-203e1cf677be,/opt/nuclio/shared_storage/test/2/mnist_2_00791.png,"{'skeletonization_time_ms': 114.602208, 'contour_analysis_time_ms': 614.90125, 'classification_time_ms': 172.4245}",2,7,False,
success,0cf031d0-4295-4c5c-9316-c0a0daab68ce,/opt/nuclio/shared_storage/test/2/mnist_2_00592.png,"{'skeletonization_time_ms': 60.670792, 'contour_analysis_time_ms': 650.429042, 'classification_time_ms': 421.161041}",2,7,False,
success,385e2eff-0546-4b23-8723-b255e00ca932,/opt/nuclio/shared_storage/test/2/mnist_2_00734.png,"{'skeletonization_time_ms': 90.090292, 'contour_analysis_time_ms': 527.803042, 'classification_time_ms': 189.082125}",2,7,False,
success,fceddefb-f556-4cc8-8e12-5ef56245af6d,/opt/nuclio/shared_storage/test/3/mnist_3_00962.png,"{'skeletonization_time_ms': 54.607125, 'contour_analysis_time_ms': 266.049375, 'classification_time_ms': 160.793333}",3,7,False,
success,583b08bb-6767-445c-b2c9-fd98092a8813,/opt/nuclio/shared_storage/test/2/mnist_2_00382.png,"{'skeletonization_time_ms': 41.370042, 'contour_analysis_time_ms': 258.885251, 'classification_time_ms': 148.949708}",2,7,False,
success,12971b18-b4d4-4f78-a3ff-e744a03b342c,/opt/nuclio/shared_storage/test/2/mnist_2_00396.png,"{'skeletonization_time_ms': 300.181709, 'contour_analysis_time_ms': 342.515792, 'classification_time_ms': 216.823292}",2,7,False,
success,948f1e83-4082-40a4-863b-cb4bf9ccd4b5,/opt/nuclio/shared_storage/test/3/mnist_3_00027.png,"{'skeletonization_time_ms': 45.090125, 'contour_analysis_time_ms': 375.668167, 'classification_time_ms': 121.186208}",3,7,False,
success,df10b6ca-1637-4fac-804e-3f09b829c175,/opt/nuclio/shared_storage/test/2/mnist_2_test_00024.png,"{'skeletonization_time_ms': 65.576542, 'contour_analysis_time_ms': 370.276917, 'classification_time_ms': 154.808916}",2,7,False,
success,39a3775d-4d20-4eca-95d4-5a22440f1d56,/opt/nuclio/shared_storage/test/2/mnist_2_00225.png,"{'skeletonization_time_ms': 71.706541, 'contour_analysis_time_ms': 423.288459, 'classification_time_ms': 303.341333}",2,6,False,
success,7a8b0ae6-93fe-42aa-80ee-bc825e2eff5a,/opt/nuclio/shared_storage/test/2/mnist_2_00828.png,"{'skeletonization_time_ms': 58.729458, 'contour_analysis_time_ms': 319.252833, 'classification_time_ms': 136.249208}",2,7,False,
success,81e25306-33a1-406e-89b3-dd8fc6c61fbf,/opt/nuclio/shared_storage/test/3/mnist_3_00584.png,"{'skeletonization_time_ms': 29.513584, 'contour_analysis_time_ms': 246.292375, 'classification_time_ms': 163.929417}",3,7,False,
success,f6f26888-d313-4454-84c2-1ee8760921fb,/opt/nuclio/shared_storage/test/2/mnist_2_00959.png,"{'skeletonization_time_ms': 181.515292, 'contour_analysis_time_ms': 221.432834, 'classification_time_ms': 205.968167}",2,7,False,
success,a16ee1ca-215b-4a3c-84c4-1e9868eb70cc,/opt/nuclio/shared_storage/test/2/mnist_2_00353.png,"{'skeletonization_time_ms': 68.381125, 'contour_analysis_time_ms': 279.203209, 'classification_time_ms': 79.027208}",2,7,False,
success,e6665e8a-2286-4550-a8d1-0e1e5f901ef2,/opt/nuclio/shared_storage/test/2/mnist_2_test_00022.png,"{'skeletonization_time_ms': 101.971416, 'contour_analysis_time_ms': 285.676583, 'classification_time_ms': 106.002167}",2,7,False,
success,d47e3f7a-da07-4ecd-a654-8f876411cecb,/opt/nuclio/shared_storage/test/2/mnist_2_00386.png,"{'skeletonization_time_ms': 60.202666, 'contour_analysis_time_ms': 177.261667, 'classification_time_ms': 61.412125}",2,7,False,
success,57843b5c-5e70-44aa-8b59-31b6fb209ad6,/opt/nuclio/shared_storage/test/2/mnist_2_test_00055.png,"{'skeletonization_time_ms': 77.450042, 'contour_analysis_time_ms': 177.96375, 'classification_time_ms': 231.562916}",2,6,False,
success,a046bbbd-fddf-446e-af9f-9bc003505ce8,/opt/nuclio/shared_storage/test/2/mnist_2_00542.png,"{'skeletonization_time_ms': 52.269625, 'contour_analysis_time_ms': 197.101958, 'classification_time_ms': 152.869709}",2,6,False,
success,ea059a37-3415-47c3-a7e3-bf88912d8cac,/opt/nuclio/shared_storage/test/2/mnist_2_00805.png,"{'skeletonization_time_ms': 257.355708, 'contour_analysis_time_ms': 200.664292, 'classification_time_ms': 90.96525}",2,7,False,
success,ed68423c-39c0-4f2b-80c6-3dcebf46ab6f,/opt/nuclio/shared_storage/test/2/mnist_2_00867.png,"{'skeletonization_time_ms': 115.593292, 'contour_analysis_time_ms': 312.707667, 'classification_time_ms': 282.90925}",2,6,False,
success,1f2e7519-0154-4ca2-adfd-120e423a7b4f,/opt/nuclio/shared_storage/test/2/mnist_2_00371.png,"{'skeletonization_time_ms': 40.721959, 'contour_analysis_time_ms': 285.725084, 'classification_time_ms': 45.240458}",2,7,False,
success,5d02e24f-2a09-46d1-9dbc-0a31a69c2150,/opt/nuclio/shared_storage/test/2/mnist_2_00025.png,"{'skeletonization_time_ms': 47.0745, 'contour_analysis_time_ms': 259.837292, 'classification_time_ms': 48.1125}",2,7,False,
success,6cc89b9d-39ad-4f04-a0bf-5e2200abc25b,/opt/nuclio/shared_storage/test/3/mnist_3_00864.png,"{'skeletonization_time_ms': 45.104334, 'contour_analysis_time_ms': 208.16575, 'classification_time_ms': 154.707917}",3,7,False,
success,27113046-cd2c-4796-b254-ac87f7d558e6,/opt/nuclio/shared_storage/test/2/mnist_2_00832.png,"{'skeletonization_time_ms': 217.741625, 'contour_analysis_time_ms': 288.850208, 'classification_time_ms': 913.125042}",2,6,False,
success,37d978d3-f110-4206-99da-7e0f558c24aa,/opt/nuclio/shared_storage/test/2/mnist_2_00551.png,"{'skeletonization_time_ms': 70.796125, 'contour_analysis_time_ms': 314.273959, 'classification_time_ms': 927.403959}",2,7,False,
success,590584b1-8618-4e80-8054-c9572aa6dbd0,/opt/nuclio/shared_storage/test/3/mnist_3_00723.png,"{'skeletonization_time_ms': 44.304791, 'contour_analysis_time_ms': 334.253875, 'classification_time_ms': 936.923084}",3,5,False,
success,f3f45e21-4cce-400c-be69-930e4dde5ca1,/opt/nuclio/shared_storage/test/2/mnist_2_test_00037.png,"{'skeletonization_time_ms': 95.554375, 'contour_analysis_time_ms': 895.270125, 'classification_time_ms': 192.934125}",2,7,False,
success,4c993b12-282a-4f12-886f-67f22118eea8,/opt/nuclio/shared_storage/test/2/mnist_2_00395.png,"{'skeletonization_time_ms': 59.0345, 'contour_analysis_time_ms': 295.504501, 'classification_time_ms': 209.440042}",2,7,False,
success,17b7ecf3-b1bf-4af0-bb9d-382bd1c5b85f,/opt/nuclio/shared_storage/test/2/mnist_2_00545.png,"{'skeletonization_time_ms': 184.960333, 'contour_analysis_time_ms': 197.874876, 'classification_time_ms': 285.395167}",2,7,False,
success,e2471426-5cf1-4f2b-a044-46f8ff677380,/opt/nuclio/shared_storage/test/3/mnist_3_00738.png,"{'skeletonization_time_ms': 132.459708, 'contour_analysis_time_ms': 269.63375, 'classification_time_ms': 599.442333}",3,7,False,
success,1f3d40e0-f652-4334-86c3-c92431bf050a,/opt/nuclio/shared_storage/test/2/mnist_2_00178.png,"{'skeletonization_time_ms': 161.917583, 'contour_analysis_time_ms': 733.707167, 'classification_time_ms': 165.678708}",2,7,False,
success,19166d84-df99-479e-a175-9880475409bd,/opt/nuclio/shared_storage/test/2/mnist_2_test_00196.png,"{'skeletonization_time_ms': 121.078334, 'contour_analysis_time_ms': 800.555084, 'classification_time_ms': 618.648917}",2,6,False,
success,1d56d44c-754c-410c-87f9-0f772a97023c,/opt/nuclio/shared_storage/test/2/mnist_2_00596.png,"{'skeletonization_time_ms': 251.987833, 'contour_analysis_time_ms': 491.993625, 'classification_time_ms': 291.100084}",2,6,False,
success,858f35a5-df8a-4f03-991b-7c35058babb1,/opt/nuclio/shared_storage/test/2/mnist_2_00186.png,"{'skeletonization_time_ms': 185.027166, 'contour_analysis_time_ms': 389.6365, 'classification_time_ms': 140.1005}",2,7,False,
success,a31c28a1-7415-46d1-9d97-8216afd16c26,/opt/nuclio/shared_storage/test/2/mnist_2_00690.png,"{'skeletonization_time_ms': 47.403625, 'contour_analysis_time_ms': 252.288458, 'classification_time_ms': 485.073917}",2,6,False,
success,8ccee82f-a92b-4e50-8076-b97b317fe4d8,/opt/nuclio/shared_storage/test/3/mnist_3_test_00126.png,"{'skeletonization_time_ms': 159.167875, 'contour_analysis_time_ms': 263.617042, 'classification_time_ms': 235.189042}",3,7,False,
success,2877bd31-69a1-4a85-b969-ee89d550eddc,/opt/nuclio/shared_storage/test/2/mnist_2_00035.png,"{'skeletonization_time_ms': 41.325416, 'contour_analysis_time_ms': 317.753917, 'classification_time_ms': 377.770625}",2,7,False,
success,117a1ac2-0136-4dfd-b34e-463ffe1b4902,/opt/nuclio/shared_storage/test/3/mnist_3_00501.png,"{'skeletonization_time_ms': 193.516709, 'contour_analysis_time_ms': 555.677959, 'classification_time_ms': 59.308709}",3,7,False,
success,e541d904-5ad6-4bf9-808e-f06812d08f22,/opt/nuclio/shared_storage/test/3/mnist_3_00119.png,"{'skeletonization_time_ms': 36.922375, 'contour_analysis_time_ms': 262.345945, 'classification_time_ms': 251.649458}",3,7,False,
success,d0dfa2ae-be68-416d-b7b7-9e0aaec25a98,/opt/nuclio/shared_storage/test/2/mnist_2_00988.png,"{'skeletonization_time_ms': 42.12175, 'contour_analysis_time_ms': 261.676167, 'classification_time_ms': 229.147334}",2,6,False,
success,7f0278cd-5a3d-4a80-8c9d-18ba55d21739,/opt/nuclio/shared_storage/test/2/mnist_2_00009.png,"{'skeletonization_time_ms': 90.522584, 'contour_analysis_time_ms': 295.227291, 'classification_time_ms': 158.169334}",2,7,False,
success,94749467-f74e-4044-975e-9cc13b1e68ab,/opt/nuclio/shared_storage/test/2/mnist_2_00579.png,"{'skeletonization_time_ms': 69.249, 'contour_analysis_time_ms': 252.894125, 'classification_time_ms': 282.582625}",2,6,False,
success,4412fcdd-e16d-498b-9b68-48b6266c56c3,/opt/nuclio/shared_storage/test/2/mnist_2_00541.png,"{'skeletonization_time_ms': 690.336875, 'contour_analysis_time_ms': 400.472834, 'classification_time_ms': 193.645708}",2,6,False,
success,6b183d18-3d91-49fa-8011-2a4005ee1b78,/opt/nuclio/shared_storage/test/2/mnist_2_00418.png,"{'skeletonization_time_ms': 96.848459, 'contour_analysis_time_ms': 364.043917, 'classification_time_ms': 103.371917}",2,7,False,
success,095805dd-41c5-4f0b-ae5b-0cc59ab6989f,/opt/nuclio/shared_storage/test/2/mnist_2_00802.png,"{'skeletonization_time_ms': 34.196125, 'contour_analysis_time_ms': 371.826626, 'classification_time_ms': 111.453042}",2,7,False,
success,9e75a25c-e83c-45a7-9739-00c1ee9834c6,/opt/nuclio/shared_storage/test/3/mnist_3_test_00045.png,"{'skeletonization_time_ms': 114.422583, 'contour_analysis_time_ms': 242.278209, 'classification_time_ms': 410.150792}",3,9,False,
success,c3e2ff99-4a4c-46a5-a5b8-625623e16072,/opt/nuclio/shared_storage/test/2/mnist_2_test_00127.png,"{'skeletonization_time_ms': 385.511167, 'contour_analysis_time_ms': 272.906166, 'classification_time_ms': 451.742167}",2,7,False,
success,1d53e1eb-bff0-4397-944a-50f09436b99a,/opt/nuclio/shared_storage/test/2/mnist_2_00625.png,"{'skeletonization_time_ms': 202.275125, 'contour_analysis_time_ms': 246.208, 'classification_time_ms': 156.371459}",2,7,False,
success,415879c2-871a-4fc1-8a08-34dc97eaaa5f,/opt/nuclio/shared_storage/test/2/mnist_2_00008.png,"{'skeletonization_time_ms': 290.118625, 'contour_analysis_time_ms': 289.762292, 'classification_time_ms': 108.190291}",2,7,False,
success,edcc7bfb-a4f7-48ed-bfcd-8e5b6366b9ea,/opt/nuclio/shared_storage/test/2/mnist_2_test_00081.png,"{'skeletonization_time_ms': 337.579167, 'contour_analysis_time_ms': 470.512375, 'classification_time_ms': 2241.600251}",2,7,False,
success,831ded87-23b9-4635-aaf2-24c2bc64f0c2,/opt/nuclio/shared_storage/test/2/mnist_2_test_00132.png,"{'skeletonization_time_ms': 46.12625, 'contour_analysis_time_ms': 359.15125, 'classification_time_ms': 173.879876}",2,7,False,
success,380cddeb-2e91-4b98-b243-a21267e5dd25,/opt/nuclio/shared_storage/test/2/mnist_2_00583.png,"{'skeletonization_time_ms': 40.973917, 'contour_analysis_time_ms': 602.797, 'classification_time_ms': 133.913291}",2,7,False,
success,1212a93e-5b89-400f-8585-43a40672acdc,/opt/nuclio/shared_storage/test/3/mnist_3_00075.png,"{'skeletonization_time_ms': 34.36875, 'contour_analysis_time_ms': 514.21225, 'classification_time_ms': 180.462709}",3,7,False,
success,4c46744f-e2ba-4aba-b528-f213d31330c8,/opt/nuclio/shared_storage/test/2/mnist_2_00346.png,"{'skeletonization_time_ms': 350.67225, 'contour_analysis_time_ms': 316.414584, 'classification_time_ms': 242.072584}",2,6,False,
success,efe8bc9a-0a89-4e64-b1af-fa4de0dfbb60,/opt/nuclio/shared_storage/test/2/mnist_2_00815.png,"{'skeletonization_time_ms': 43.618166, 'contour_analysis_time_ms': 217.081209, 'classification_time_ms': 115.583084}",2,7,False,
success,82ea79c4-30d8-4ac3-a8e0-c119eb4eb4b6,/opt/nuclio/shared_storage/test/2/mnist_2_00946.png,"{'skeletonization_time_ms': 67.011583, 'contour_analysis_time_ms': 246.881209, 'classification_time_ms': 106.971167}",2,7,False,
success,700fcedb-7f61-4ccd-aa9e-03bc8b21bf80,/opt/nuclio/shared_storage/test/2/mnist_2_00811.png,"{'skeletonization_time_ms': 92.903042, 'contour_analysis_time_ms': 192.140708, 'classification_time_ms': 276.095208}",2,5,False,
success,0329c392-574f-4ca4-a96c-827b585c43d7,/opt/nuclio/shared_storage/test/3/mnist_3_00745.png,"{'skeletonization_time_ms': 38.194875, 'contour_analysis_time_ms': 420.509292, 'classification_time_ms': 215.982333}",3,5,False,
success,c1ae6a19-cb6b-4b79-981c-9bb35d94cdf1,/opt/nuclio/shared_storage/test/3/mnist_3_test_00049.png,"{'skeletonization_time_ms': 64.255917, 'contour_analysis_time_ms': 220.745, 'classification_time_ms': 24.440625}",3,7,False,
success,bee3ccfb-05c4-47c5-b65d-6dce2e669024,/opt/nuclio/shared_storage/test/2/mnist_2_00989.png,"{'skeletonization_time_ms': 138.854792, 'contour_analysis_time_ms': 315.842209, 'classification_time_ms': 266.982375}",2,6,False,
success,813323d4-4f5b-4e57-bec3-bdc3a3b25b35,/opt/nuclio/shared_storage/test/2/mnist_2_00631.png,"{'skeletonization_time_ms': 162.762041, 'contour_analysis_time_ms': 208.896417, 'classification_time_ms': 117.743791}",2,7,False,
success,85d4a47d-cd02-49b2-969a-aecaf77a3ef7,/opt/nuclio/shared_storage/test/2/mnist_2_test_00080.png,"{'skeletonization_time_ms': 55.892625, 'contour_analysis_time_ms': 440.841125, 'classification_time_ms': 134.829334}",2,7,False,
success,7f5add51-cc8b-44da-bc42-ab57a097d32d,/opt/nuclio/shared_storage/test/3/mnist_3_00889.png,"{'skeletonization_time_ms': 39.44725, 'contour_analysis_time_ms': 495.390209, 'classification_time_ms': 277.716208}",3,6,False,
success,5e02f6d4-317b-49e0-8082-c1ae3814f599,/opt/nuclio/shared_storage/test/2/mnist_2_00544.png,"{'skeletonization_time_ms': 33.402417, 'contour_analysis_time_ms': 172.612542, 'classification_time_ms': 113.591792}",2,7,False,
success,66420914-2788-4f8c-8937-2ae61e56df80,/opt/nuclio/shared_storage/test/2/mnist_2_00620.png,"{'skeletonization_time_ms': 78.551417, 'contour_analysis_time_ms': 179.373875, 'classification_time_ms': 87.304458}",2,7,False,
success,9241088b-5af8-48da-a7ff-87a749a853be,/opt/nuclio/shared_storage/test/3/mnist_3_00682.png,"{'skeletonization_time_ms': 39.746458, 'contour_analysis_time_ms': 173.80475, 'classification_time_ms': 231.908375}",3,7,False,
success,f1dbc4ec-0dc3-4c60-a613-fe546bc042c8,/opt/nuclio/shared_storage/test/2/mnist_2_test_00057.png,"{'skeletonization_time_ms': 35.817125, 'contour_analysis_time_ms': 422.774625, 'classification_time_ms': 60.211}",2,7,False,
success,7be34299-35ba-4f55-ae41-8730da6440ef,/opt/nuclio/shared_storage/test/2/mnist_2_00340.png,"{'skeletonization_time_ms': 102.206417, 'contour_analysis_time_ms': 195.772375, 'classification_time_ms': 183.315667}",2,6,False,
success,262498b7-9f10-4681-a73e-d6887a47e826,/opt/nuclio/shared_storage/test/2/mnist_2_00626.png,"{'skeletonization_time_ms': 117.270709, 'contour_analysis_time_ms': 172.50975, 'classification_time_ms': 67.783416}",2,7,False,
success,9d7c9815-7026-446a-ab7d-3da26a257fb7,/opt/nuclio/shared_storage/test/2/mnist_2_00393.png,"{'skeletonization_time_ms': 42.722791, 'contour_analysis_time_ms': 222.91025, 'classification_time_ms': 978.998834}",2,7,False,
success,f411e4ef-f2ad-4f57-914e-9ad3795298f0,/opt/nuclio/shared_storage/test/2/mnist_2_test_00137.png,"{'skeletonization_time_ms': 237.252501, 'contour_analysis_time_ms': 573.339375, 'classification_time_ms': 168.451834}",2,7,False,
success,2100b7ad-86cb-4540-9363-19ac2aaae1c4,/opt/nuclio/shared_storage/test/3/mnist_3_00328.png,"{'skeletonization_time_ms': 43.146916, 'contour_analysis_time_ms': 304.564625, 'classification_time_ms': 188.805042}",3,7,False,
success,04b06e62-c8b4-4aa6-9bef-2cd91f36fcde,/opt/nuclio/shared_storage/test/2/mnist_2_00220.png,"{'skeletonization_time_ms': 68.070417, 'contour_analysis_time_ms': 300.056833, 'classification_time_ms': 278.223459}",2,7,False,
success,f6a9741f-95de-4a7b-a286-a5705d1392ff,/opt/nuclio/shared_storage/test/2/mnist_2_00962.png,"{'skeletonization_time_ms': 53.919667, 'contour_analysis_time_ms': 233.537376, 'classification_time_ms': 303.520125}",2,6,False,
success,35259948-58bc-4086-b87f-0620a156eaa0,/opt/nuclio/shared_storage/test/3/mnist_3_00844.png,"{'skeletonization_time_ms': 28.432458, 'contour_analysis_time_ms': 172.298708, 'classification_time_ms': 69.23025}",3,7,False,
success,39570b19-069b-4911-96a9-4493c5db5c48,/opt/nuclio/shared_storage/test/2/mnist_2_test_00092.png,"{'skeletonization_time_ms': 38.032792, 'contour_analysis_time_ms': 172.795125, 'classification_time_ms': 156.779125}",2,7,False,
success,31809909-4f2d-42ed-9037-5883328d5e84,/opt/nuclio/shared_storage/test/2/mnist_2_00746.png,"{'skeletonization_time_ms': 73.189208, 'contour_analysis_time_ms': 178.576708, 'classification_time_ms': 127.196958}",2,7,False,
success,09d4741c-e8d4-47af-beea-1a053f6b1396,/opt/nuclio/shared_storage/test/2/mnist_2_00355.png,"{'skeletonization_time_ms': 34.156417, 'contour_analysis_time_ms': 241.352, 'classification_time_ms': 113.820792}",2,7,False,
success,d22f89ad-0657-4c79-977d-031a6fc44304,/opt/nuclio/shared_storage/test/2/mnist_2_00359.png,"{'skeletonization_time_ms': 53.255042, 'contour_analysis_time_ms': 164.310417, 'classification_time_ms': 96.302708}",2,7,False,
success,964774ee-ea15-4f00-b28b-9ad4a61f6848,/opt/nuclio/shared_storage/test/3/mnist_3_00891.png,"{'skeletonization_time_ms': 234.250625, 'contour_analysis_time_ms': 158.49525, 'classification_time_ms': 127.722959}",3,7,False,
success,af1206df-1a52-4fab-905e-73360b434159,/opt/nuclio/shared_storage/test/3/mnist_3_00675.png,"{'skeletonization_time_ms': 51.588125, 'contour_analysis_time_ms': 156.113709, 'classification_time_ms': 97.003791}",3,7,False,
success,3233d62c-ed64-4f82-a26e-a1c3954722fc,/opt/nuclio/shared_storage/test/2/mnist_2_00963.png,"{'skeletonization_time_ms': 45.435417, 'contour_analysis_time_ms': 192.921791, 'classification_time_ms': 189.671167}",2,6,False,
success,46bf3ea2-cbc2-41de-a5b7-90fa52cba9f5,/opt/nuclio/shared_storage/test/2/mnist_2_00337.png,"{'skeletonization_time_ms': 62.6095, 'contour_analysis_time_ms': 161.925417, 'classification_time_ms': 50.416542}",2,7,False,
success,6e9fd880-47c4-4fa4-86b2-177c8c151700,/opt/nuclio/shared_storage/test/3/mnist_3_00656.png,"{'skeletonization_time_ms': 96.822084, 'contour_analysis_time_ms': 149.272375, 'classification_time_ms': 59.333791}",3,7,False,
success,9f679d18-d4d9-42be-8701-b237c62d3d2a,/opt/nuclio/shared_storage/test/2/mnist_2_00238.png,"{'skeletonization_time_ms': 113.0355, 'contour_analysis_time_ms': 268.751584, 'classification_time_ms': 194.559917}",2,7,False,
success,46d873d0-3f6d-4856-91cd-0561e9d66838,/opt/nuclio/shared_storage/test/3/mnist_3_00985.png,"{'skeletonization_time_ms': 198.637917, 'contour_analysis_time_ms': 249.71475, 'classification_time_ms': 182.077166}",3,7,False,
success,299ccc5f-f84b-42ec-8d4b-b8b528ebfc59,/opt/nuclio/shared_storage/test/2/mnist_2_00800.png,"{'skeletonization_time_ms': 52.448084, 'contour_analysis_time_ms': 253.043542, 'classification_time_ms': 323.632417}",2,6,False,
success,4d9b2e8e-2e9a-4f50-be0d-177260f24de2,/opt/nuclio/shared_storage/test/2/mnist_2_00354.png,"{'skeletonization_time_ms': 72.048333, 'contour_analysis_time_ms': 294.18, 'classification_time_ms': 249.602751}",2,9,False,
success,437df689-fb42-475a-bca3-2a51f04fdc1e,/opt/nuclio/shared_storage/test/3/mnist_3_00882.png,"{'skeletonization_time_ms': 212.111251, 'contour_analysis_time_ms': 254.207208, 'classification_time_ms': 150.339209}",3,7,False,
success,71d073f7-9165-4d63-b886-4231d357052b,/opt/nuclio/shared_storage/test/2/mnist_2_00752.png,"{'skeletonization_time_ms': 160.725375, 'contour_analysis_time_ms': 171.843291, 'classification_time_ms': 176.060708}",2,9,False,
success,71f94436-fec0-48a8-8c2c-8e191d2dcd32,/opt/nuclio/shared_storage/test/2/mnist_2_00223.png,"{'skeletonization_time_ms': 84.111958, 'contour_analysis_time_ms': 235.374875, 'classification_time_ms': 378.308584}",2,6,False,
success,814db75a-bf56-4200-9fa9-2ba0b8b1a5c8,/opt/nuclio/shared_storage/test/2/mnist_2_00633.png,"{'skeletonization_time_ms': 241.457416, 'contour_analysis_time_ms': 258.612167, 'classification_time_ms': 82.943084}",2,7,False,
success,5162fd06-d9ce-4b40-8d4a-e9679ea95dfd,/opt/nuclio/shared_storage/test/2/mnist_2_00751.png,"{'skeletonization_time_ms': 65.62225, 'contour_analysis_time_ms': 301.779583, 'classification_time_ms': 206.367375}",2,7,False,
success,345c7763-f41d-44e7-b653-3d6c3c4aedb0,/opt/nuclio/shared_storage/test/2/mnist_2_00789.png,"{'skeletonization_time_ms': 194.284, 'contour_analysis_time_ms': 303.134625, 'classification_time_ms': 85.51075}",2,7,False,
success,971998a8-17b1-41b5-8d97-167441f13a7b,/opt/nuclio/shared_storage/test/3/mnist_3_00666.png,"{'skeletonization_time_ms': 64.188416, 'contour_analysis_time_ms': 310.352709, 'classification_time_ms': 159.806}",3,5,False,
success,2c8a13d4-d4b4-4c6a-876d-b21aeb98ff27,/opt/nuclio/shared_storage/test/2/mnist_2_00445.png,"{'skeletonization_time_ms': 57.003083, 'contour_analysis_time_ms': 338.202584, 'classification_time_ms': 109.979875}",2,7,False,
success,2d70efea-381a-41b6-a59b-1e246aa59d68,/opt/nuclio/shared_storage/test/2/mnist_2_00784.png,"{'skeletonization_time_ms': 51.763083, 'contour_analysis_time_ms': 224.119292, 'classification_time_ms': 290.367042}",2,7,False,
success,126c20fd-b68c-4bc9-9ea4-c5a408abb4c3,/opt/nuclio/shared_storage/test/2/mnist_2_00383.png,"{'skeletonization_time_ms': 87.382083, 'contour_analysis_time_ms': 417.563792, 'classification_time_ms': 121.878792}",2,7,False,
success,adde5638-7ed0-49e2-9f11-fd4e9b05bfd1,/opt/nuclio/shared_storage/test/3/mnist_3_00470.png,"{'skeletonization_time_ms': 154.76525, 'contour_analysis_time_ms': 253.3945, 'classification_time_ms': 89.536875}",3,7,False,
success,7dcfbf46-63a4-490c-91f4-c603b3c9a6f6,/opt/nuclio/shared_storage/test/2/mnist_2_00363.png,"{'skeletonization_time_ms': 60.373, 'contour_analysis_time_ms': 425.969584, 'classification_time_ms': 97.380458}",2,7,False,
success,46e8ff28-a06d-4826-bd26-7253921da4c0,/opt/nuclio/shared_storage/test/2/mnist_2_00426.png,"{'skeletonization_time_ms': 72.343208, 'contour_analysis_time_ms': 326.511875, 'classification_time_ms': 59.353791}",2,7,False,
success,d7e4ee21-4b01-4a7f-a89c-2231d0f133f5,/opt/nuclio/shared_storage/test/2/mnist_2_00401.png,"{'skeletonization_time_ms': 88.968667, 'contour_analysis_time_ms': 191.712584, 'classification_time_ms': 187.738291}",2,7,False,
success,5af0fd6a-bb1d-4b2e-b59a-62769200e4d1,/opt/nuclio/shared_storage/test/2/mnist_2_test_00082.png,"{'skeletonization_time_ms': 50.675458, 'contour_analysis_time_ms': 295.666208, 'classification_time_ms': 90.229958}",2,7,False,
success,486e32e8-9512-4a80-9b0d-2ac0241bed96,/opt/nuclio/shared_storage/test/2/mnist_2_test_00157.png,"{'skeletonization_time_ms': 182.267542, 'contour_analysis_time_ms': 342.0255, 'classification_time_ms': 111.853541}",2,7,False,
success,7d909c3f-73cd-415d-af5a-a92ea1760d92,/opt/nuclio/shared_storage/test/2/mnist_2_00586.png,"{'skeletonization_time_ms': 97.71375, 'contour_analysis_time_ms': 316.236833, 'classification_time_ms': 192.930584}",2,7,False,
success,0fc77471-02a0-4e29-8bd6-2e3f4b5f6952,/opt/nuclio/shared_storage/test/3/mnist_3_00088.png,"{'skeletonization_time_ms': 194.2145, 'contour_analysis_time_ms': 249.571709, 'classification_time_ms': 200.183458}",3,7,False,
success,0f85632a-155f-45aa-a0bc-7b49ee6c46eb,/opt/nuclio/shared_storage/test/2/mnist_2_00819.png,"{'skeletonization_time_ms': 40.384041, 'contour_analysis_time_ms': 378.1625, 'classification_time_ms': 310.290708}",2,7,False,
success,14d6ce5d-213d-4c4c-9f26-a74655f3a0ef,/opt/nuclio/shared_storage/test/2/mnist_2_00552.png,"{'skeletonization_time_ms': 64.718125, 'contour_analysis_time_ms': 241.213376, 'classification_time_ms': 198.427334}",2,6,False,
success,5a3f1317-5506-4d87-96c4-678ef823af09,/opt/nuclio/shared_storage/test/2/mnist_2_00827.png,"{'skeletonization_time_ms': 97.382791, 'contour_analysis_time_ms': 322.737292, 'classification_time_ms': 132.595875}",2,7,False,
success,77f79101-763e-4c5e-9856-6e98ba3983e4,/opt/nuclio/shared_storage/test/2/mnist_2_00619.png,"{'skeletonization_time_ms': 95.746625, 'contour_analysis_time_ms': 245.591416, 'classification_time_ms': 92.8025}",2,7,False,
success,157f66c3-cda2-48af-9ff3-7ea437f7070e,/opt/nuclio/shared_storage/test/3/mnist_3_00639.png,"{'skeletonization_time_ms': 218.153917, 'contour_analysis_time_ms': 254.006542, 'classification_time_ms': 183.494}",3,9,False,
success,93a54498-bebf-46db-9d11-b4f852d1ee7d,/opt/nuclio/shared_storage/test/2/mnist_2_00944.png,"{'skeletonization_time_ms': 50.476125, 'contour_analysis_time_ms': 237.4185, 'classification_time_ms': 369.733666}",2,6,False,
success,c5a7c5f2-10d5-4b18-8c0a-aa8a48cfc06d,/opt/nuclio/shared_storage/test/2/mnist_2_00239.png,"{'skeletonization_time_ms': 40.289792, 'contour_analysis_time_ms': 473.886292, 'classification_time_ms': 127.408083}",2,7,False,
success,156c87ad-8ca7-424c-9ac6-36833afe1d93,/opt/nuclio/shared_storage/test/2/mnist_2_test_00071.png,"{'skeletonization_time_ms': 56.401667, 'contour_analysis_time_ms': 293.651042, 'classification_time_ms': 631.7445}",2,7,False,
success,fd8c0948-8a67-4ba1-bb6e-66c2bae68b9d,/opt/nuclio/shared_storage/test/2/mnist_2_test_00054.png,"{'skeletonization_time_ms': 36.229875, 'contour_analysis_time_ms': 314.971875, 'classification_time_ms': 134.991625}",2,7,False,
success,05614a74-5264-489f-8897-c8bc467d39aa,/opt/nuclio/shared_storage/test/2/mnist_2_00991.png,"{'skeletonization_time_ms': 98.922292, 'contour_analysis_time_ms': 281.717167, 'classification_time_ms': 217.568584}",2,7,False,
success,d00c1f9b-2e07-4eec-abb1-97d1319c1c0c,/opt/nuclio/shared_storage/test/2/mnist_2_00972.png,"{'skeletonization_time_ms': 105.87675, 'contour_analysis_time_ms': 367.005667, 'classification_time_ms': 399.757126}",2,7,False,
success,64187685-63fe-4754-b013-0634ef135fd8,/opt/nuclio/shared_storage/test/2/mnist_2_00166.png,"{'skeletonization_time_ms': 36.029458, 'contour_analysis_time_ms': 384.233, 'classification_time_ms': 200.933291}",2,7,False,
success,7b5ff8d6-0d6b-493c-8fbe-4e83b7eae803,/opt/nuclio/shared_storage/test/2/mnist_2_test_00097.png,"{'skeletonization_time_ms': 44.66075, 'contour_analysis_time_ms': 326.460542, 'classification_time_ms': 72.030167}",2,1,False,
success,c5c22591-37be-4d0a-b5b1-1f814df3d210,/opt/nuclio/shared_storage/test/2/mnist_2_00595.png,"{'skeletonization_time_ms': 43.878125, 'contour_analysis_time_ms': 257.413333, 'classification_time_ms': 420.277625}",2,6,False,
success,6dd88107-aece-4d53-8730-c7aa88b54458,/opt/nuclio/shared_storage/test/2/mnist_2_00398.png,"{'skeletonization_time_ms': 64.038167, 'contour_analysis_time_ms': 466.810625, 'classification_time_ms': 349.571417}",2,7,False,
success,4d405897-405a-4d53-bccc-af62a1d549c2,/opt/nuclio/shared_storage/test/2/mnist_2_test_00107.png,"{'skeletonization_time_ms': 86.377417, 'contour_analysis_time_ms': 366.013459, 'classification_time_ms': 537.689042}",2,6,False,
success,81b99f40-19eb-42a2-87ee-c6fb20ebf13f,/opt/nuclio/shared_storage/test/2/mnist_2_00175.png,"{'skeletonization_time_ms': 67.914667, 'contour_analysis_time_ms': 740.497334, 'classification_time_ms': 403.201792}",2,6,False,
success,d33372ce-fe65-4c4a-83da-17cad707b52c,/opt/nuclio/shared_storage/test/2/mnist_2_00081.png,"{'skeletonization_time_ms': 67.024625, 'contour_analysis_time_ms': 623.2605, 'classification_time_ms': 106.158292}",2,7,False,
success,d13e3ccb-c97c-4807-9f23-a20f7417df88,/opt/nuclio/shared_storage/test/2/mnist_2_00372.png,"{'skeletonization_time_ms': 233.709834, 'contour_analysis_time_ms': 338.169917, 'classification_time_ms': 85.038708}",2,7,False,
success,321cd556-ce9e-4a4c-82ac-2a9fb3283745,/opt/nuclio/shared_storage/test/2/mnist_2_00188.png,"{'skeletonization_time_ms': 58.754167, 'contour_analysis_time_ms': 298.628834, 'classification_time_ms': 111.93375}",2,7,False,
success,0eef7378-7f6f-4c7a-8764-60ed84700f01,/opt/nuclio/shared_storage/test/3/mnist_3_00214.png,"{'skeletonization_time_ms': 118.788041, 'contour_analysis_time_ms': 223.64675, 'classification_time_ms': 174.742916}",3,5,False,
success,6f356a2a-71db-4a12-9c72-f38d6e5ceb46,/opt/nuclio/shared_storage/test/2/mnist_2_00836.png,"{'skeletonization_time_ms': 41.3805, 'contour_analysis_time_ms': 231.524084, 'classification_time_ms': 172.430542}",2,7,False,
success,85a2d440-3659-4041-9bfb-819df055affe,/opt/nuclio/shared_storage/test/3/mnist_3_00698.png,"{'skeletonization_time_ms': 162.343209, 'contour_analysis_time_ms': 376.601208, 'classification_time_ms': 333.524667}",3,6,False,
success,d7985e9a-b8b0-4bf8-861f-4902d59d4d12,/opt/nuclio/shared_storage/test/2/mnist_2_test_00062.png,"{'skeletonization_time_ms': 42.100292, 'contour_analysis_time_ms': 397.654542, 'classification_time_ms': 138.954}",2,7,False,
success,4b17339f-1e90-4e26-b070-17e9d06e4a7d,/opt/nuclio/shared_storage/test/2/mnist_2_00232.png,"{'skeletonization_time_ms': 140.019209, 'contour_analysis_time_ms': 247.695584, 'classification_time_ms': 127.522208}",2,7,False,
success,0cffa534-bdfc-454c-a2c5-127d43c12cbd,/opt/nuclio/shared_storage/test/3/mnist_3_test_00166.png,"{'skeletonization_time_ms': 141.07375, 'contour_analysis_time_ms': 202.4035, 'classification_time_ms': 169.486625}",3,7,False,
success,fc6d1ff2-cea0-4678-bedf-f386ebfd1ea4,/opt/nuclio/shared_storage/test/2/mnist_2_00107.png,"{'skeletonization_time_ms': 61.721834, 'contour_analysis_time_ms': 181.597708, 'classification_time_ms': 214.507125}",2,7,False,
success,7868c0ee-49ed-4bfd-bb20-32e16aeeaa38,/opt/nuclio/shared_storage/test/3/mnist_3_00577.png,"{'skeletonization_time_ms': 48.898, 'contour_analysis_time_ms': 326.522667, 'classification_time_ms': 595.322625}",3,5,False,
success,31c59e85-d0c2-46bb-ba69-6dc44d376a04,/opt/nuclio/shared_storage/test/2/mnist_2_00825.png,"{'skeletonization_time_ms': 48.4735, 'contour_analysis_time_ms': 1062.327833, 'classification_time_ms': 162.935486}",2,7,False,
success,fd7505d2-8054-46df-92fb-154a3294ae00,/opt/nuclio/shared_storage/test/3/mnist_3_test_00012.png,"{'skeletonization_time_ms': 60.510292, 'contour_analysis_time_ms': 1114.067028, 'classification_time_ms': 106.105458}",3,7,False,
success,26769e89-5246-4069-83c5-7bc238ebefbb,/opt/nuclio/shared_storage/test/2/mnist_2_00799.png,"{'skeletonization_time_ms': 86.010875, 'contour_analysis_time_ms': 1106.810319, 'classification_time_ms': 208.3585}",2,7,False,
success,2265bd4d-2f02-4f1c-a0bc-517d6379bf45,/opt/nuclio/shared_storage/test/2/mnist_2_00547.png,"{'skeletonization_time_ms': 60.6, 'contour_analysis_time_ms': 203.512541, 'classification_time_ms': 78.492375}",2,7,False,
success,c7a21395-005a-4ada-bd67-123242a6d5c1,/opt/nuclio/shared_storage/test/3/mnist_3_00129.png,"{'skeletonization_time_ms': 48.658084, 'contour_analysis_time_ms': 256.193541, 'classification_time_ms': 144.843542}",3,7,False,
success,cffff636-dc4f-4711-bdf8-0a78eeef2d88,/opt/nuclio/shared_storage/test/2/mnist_2_00479.png,"{'skeletonization_time_ms': 56.839542, 'contour_analysis_time_ms': 198.217417, 'classification_time_ms': 276.694167}",2,6,False,
success,a1a3e2b7-58f9-4227-96ea-f0be80aae209,/opt/nuclio/shared_storage/test/2/mnist_2_00217.png,"{'skeletonization_time_ms': 83.118083, 'contour_analysis_time_ms': 600.556583, 'classification_time_ms': 174.864125}",2,7,False,
success,54e5a896-291f-4e4a-882f-b03dc8197fc1,/opt/nuclio/shared_storage/test/2/mnist_2_test_00036.png,"{'skeletonization_time_ms': 29.794834, 'contour_analysis_time_ms': 281.917084, 'classification_time_ms': 157.886083}",2,7,False,
success,832e61c5-4d2c-490a-81bd-346f5cd2ad64,/opt/nuclio/shared_storage/test/2/mnist_2_test_00110.png,"{'skeletonization_time_ms': 167.268333, 'contour_analysis_time_ms': 187.911333, 'classification_time_ms': 327.277167}",2,6,False,
success,6683bb08-32c3-451a-9836-4082e253b676,/opt/nuclio/shared_storage/test/2/mnist_2_00574.png,"{'skeletonization_time_ms': 58.5995, 'contour_analysis_time_ms': 253.749958, 'classification_time_ms': 171.856708}",2,7,False,
success,c9009345-63ac-40ed-b99f-cf10eac745f1,/opt/nuclio/shared_storage/test/2/mnist_2_00775.png,"{'skeletonization_time_ms': 72.565375, 'contour_analysis_time_ms': 337.055708, 'classification_time_ms': 98.941958}",2,7,False,
success,6c16df24-75f3-4633-9bd7-5e1b025a4b49,/opt/nuclio/shared_storage/test/2/mnist_2_00996.png,"{'skeletonization_time_ms': 101.9645, 'contour_analysis_time_ms': 245.868459, 'classification_time_ms': 328.737}",2,7,False,
success,a9eb270d-03b7-4e52-bfc8-52a2b7c4504c,/opt/nuclio/shared_storage/test/2/mnist_2_00590.png,"{'skeletonization_time_ms': 49.173417, 'contour_analysis_time_ms': 761.9425, 'classification_time_ms': 533.23825}",2,7,False,
success,6ccc874a-9032-4668-bf2f-0bc2bca9d39d,/opt/nuclio/shared_storage/test/2/mnist_2_00824.png,"{'skeletonization_time_ms': 86.361459, 'contour_analysis_time_ms': 741.804292, 'classification_time_ms': 555.839876}",2,7,False,
success,d19657d1-9e1b-42f2-9a5c-6ccd90962f89,/opt/nuclio/shared_storage/test/2/mnist_2_00176.png,"{'skeletonization_time_ms': 165.441875, 'contour_analysis_time_ms': 772.797167, 'classification_time_ms': 898.702417}",2,6,False,
success,3d21fa31-06c7-4cd5-93c5-9707d966d686,/opt/nuclio/shared_storage/test/2/mnist_2_00171.png,"{'skeletonization_time_ms': 59.439459, 'contour_analysis_time_ms': 806.240375, 'classification_time_ms': 162.220958}",2,7,False,
success,8afd0c4c-3a4e-4bf7-b676-ede71dbe6646,/opt/nuclio/shared_storage/test/2/mnist_2_test_00066.png,"{'skeletonization_time_ms': 77.448125, 'contour_analysis_time_ms': 439.778958, 'classification_time_ms': 175.731}",2,7,False,
success,020e59a4-8f7e-47c8-8892-c1b3f1464275,/opt/nuclio/shared_storage/test/2/mnist_2_00257.png,"{'skeletonization_time_ms': 531.914209, 'contour_analysis_time_ms': 287.19675, 'classification_time_ms': 174.840584}",2,7,False,
success,b622fac7-c7b0-45c4-b84e-47040ff347c1,/opt/nuclio/shared_storage/test/3/mnist_3_00111.png,"{'skeletonization_time_ms': 116.489501, 'contour_analysis_time_ms': 355.2115, 'classification_time_ms': 47.647}",3,7,False,
success,d43da4ea-5db1-48ba-8078-be2d53d88e13,/opt/nuclio/shared_storage/test/2/mnist_2_00215.png,"{'skeletonization_time_ms': 90.716, 'contour_analysis_time_ms': 399.740458, 'classification_time_ms': 236.415084}",2,6,False,
success,7a390f20-44eb-4434-9228-b4ef96deee18,/opt/nuclio/shared_storage/test/2/mnist_2_00474.png,"{'skeletonization_time_ms': 38.9295, 'contour_analysis_time_ms': 279.004376, 'classification_time_ms': 300.62225}",2,7,False,
success,8f48a69d-1cb1-4657-be63-27b66e173721,/opt/nuclio/shared_storage/test/2/mnist_2_test_00244.png,"{'skeletonization_time_ms': 767.264042, 'contour_analysis_time_ms': 394.222167, 'classification_time_ms': 178.720459}",2,7,False,
success,2b38e5aa-e610-4d85-a0b4-1867d158e815,/opt/nuclio/shared_storage/test/4/mnist_4_00069.png,"{'skeletonization_time_ms': 142.933376, 'contour_analysis_time_ms': 316.421126, 'classification_time_ms': 40.158542}",4,1,False,
success,b68f0c7e-1703-4856-ac93-472048a60e98,/opt/nuclio/shared_storage/test/2/mnist_2_test_00117.png,"{'skeletonization_time_ms': 97.374375, 'contour_analysis_time_ms': 216.2365, 'classification_time_ms': 88.709208}",2,7,False,
success,116e3d57-7b29-451b-a580-dddc37092578,/opt/nuclio/shared_storage/test/2/mnist_2_00603.png,"{'skeletonization_time_ms': 47.484792, 'contour_analysis_time_ms': 372.495876, 'classification_time_ms': 322.773541}",2,6,False,
success,fd5170ec-7319-434e-a09c-11367865d545,/opt/nuclio/shared_storage/test/2/mnist_2_00572.png,"{'skeletonization_time_ms': 67.789833, 'contour_analysis_time_ms': 295.716667, 'classification_time_ms': 364.148958}",2,7,False,
success,e071e8d4-d9f0-4baa-b3b1-429218a09334,/opt/nuclio/shared_storage/test/2/mnist_2_00028.png,"{'skeletonization_time_ms': 96.693333, 'contour_analysis_time_ms': 365.750167, 'classification_time_ms': 489.024875}",2,7,False,
success,29e35149-1441-4972-88ad-e7fa5935b2f2,/opt/nuclio/shared_storage/test/2/mnist_2_00248.png,"{'skeletonization_time_ms': 57.583292, 'contour_analysis_time_ms': 238.222167, 'classification_time_ms': 140.921333}",2,7,False,
success,13a76674-7813-4fad-bda0-2070d9294855,/opt/nuclio/shared_storage/test/3/mnist_3_00310.png,"{'skeletonization_time_ms': 77.924667, 'contour_analysis_time_ms': 203.747417, 'classification_time_ms': 179.70025}",3,7,False,
success,2c6512e4-1723-4bf6-8713-a82f1def7a0d,/opt/nuclio/shared_storage/test/2/mnist_2_00773.png,"{'skeletonization_time_ms': 55.381791, 'contour_analysis_time_ms': 319.607042, 'classification_time_ms': 76.343625}",2,7,False,
success,91e0e416-3f50-4cc8-b0c0-09964f9e660a,/opt/nuclio/shared_storage/test/2/mnist_2_00112.png,"{'skeletonization_time_ms': 73.902083, 'contour_analysis_time_ms': 197.112375, 'classification_time_ms': 417.7245}",2,7,False,
success,aa258d18-60e6-411a-8d11-adb8ebc310eb,/opt/nuclio/shared_storage/test/2/mnist_2_00772.png,"{'skeletonization_time_ms': 140.515666, 'contour_analysis_time_ms': 372.933542, 'classification_time_ms': 230.545958}",2,7,False,
success,1aff72b4-aaea-40bb-9c12-782a34774f27,/opt/nuclio/shared_storage/test/2/mnist_2_test_00089.png,"{'skeletonization_time_ms': 67.0355, 'contour_analysis_time_ms': 444.396959, 'classification_time_ms': 396.352583}",2,7,False,
success,192431af-5bc9-4df9-9cbf-5fecb69d60dc,/opt/nuclio/shared_storage/test/3/mnist_3_00825.png,"{'skeletonization_time_ms': 40.747541, 'contour_analysis_time_ms': 2211.262501, 'classification_time_ms': 138.7575}",3,7,False,
success,ed7357da-4256-4024-92c3-10a11772b20a,/opt/nuclio/shared_storage/test/2/mnist_2_00406.png,"{'skeletonization_time_ms': 40.77375, 'contour_analysis_time_ms': 520.409292, 'classification_time_ms': 1051.79475}",2,6,False,
success,424afd52-ffa7-4db9-9f99-42ed6dedf9cc,/opt/nuclio/shared_storage/test/2/mnist_2_00307.png,"{'skeletonization_time_ms': 90.52025, 'contour_analysis_time_ms': 794.811042, 'classification_time_ms': 909.88375}",2,6,False,
success,8c645fc3-6fa8-46f3-acb9-ca7f662b1a52,/opt/nuclio/shared_storage/test/2/mnist_2_00767.png,"{'skeletonization_time_ms': 32.777458, 'contour_analysis_time_ms': 816.056584, 'classification_time_ms': 196.016042}",2,7,False,
success,58fa5ec1-35fd-44fa-9a9e-09d4f2709807,/opt/nuclio/shared_storage/test/2/mnist_2_test_00072.png,"{'skeletonization_time_ms': 52.035208, 'contour_analysis_time_ms': 537.271917, 'classification_time_ms': 173.156042}",2,7,False,
success,957f6223-b634-49d5-a388-e393a8406658,/opt/nuclio/shared_storage/test/4/mnist_4_00441.png,"{'skeletonization_time_ms': 120.358875, 'contour_analysis_time_ms': 297.227917, 'classification_time_ms': 96.543125}",4,1,False,
success,a0e65fbf-8dd2-4a1f-8758-9ab4e19f4452,/opt/nuclio/shared_storage/test/2/mnist_2_00776.png,"{'skeletonization_time_ms': 39.093084, 'contour_analysis_time_ms': 311.697876, 'classification_time_ms': 107.933959}",2,7,False,
success,94d84135-8826-47e4-890d-c75f4b568fe6,/opt/nuclio/shared_storage/test/2/mnist_2_test_00114.png,"{'skeletonization_time_ms': 41.091291, 'contour_analysis_time_ms': 188.559041, 'classification_time_ms': 27.863333}",2,7,False,
success,01cfb62c-cd7a-41e0-aabe-1cc2cfca403a,/opt/nuclio/shared_storage/test/4/mnist_4_test_00621.png,"{'skeletonization_time_ms': 26.7265, 'contour_analysis_time_ms': 324.336375, 'classification_time_ms': 90.266584}",4,7,False,
success,619573a3-38b3-4e80-9d18-9d8fa1eefee9,/opt/nuclio/shared_storage/test/2/mnist_2_00143.png,"{'skeletonization_time_ms': 118.794583, 'contour_analysis_time_ms': 261.3135, 'classification_time_ms': 416.825084}",2,6,False,
success,889b1ff1-6312-4009-b86f-9d98e69fab14,/opt/nuclio/shared_storage/test/3/mnist_3_00263.png,"{'skeletonization_time_ms': 67.148583, 'contour_analysis_time_ms': 448.445292, 'classification_time_ms': 221.047833}",3,4,False,
success,1cda2df4-017e-4d24-9c23-81e52368db83,/opt/nuclio/shared_storage/test/4/mnist_4_test_00627.png,"{'skeletonization_time_ms': 46.843834, 'contour_analysis_time_ms': 397.845042, 'classification_time_ms': 106.104542}",4,1,False,
success,2b94afab-28ed-4381-9ed6-603a51bddab1,/opt/nuclio/shared_storage/test/3/mnist_3_00798.png,"{'skeletonization_time_ms': 54.362583, 'contour_analysis_time_ms': 305.197917, 'classification_time_ms': 119.577375}",3,7,False,
success,84a73d0f-43e7-448a-a67a-657d5639e59d,/opt/nuclio/shared_storage/test/2/mnist_2_test_00061.png,"{'skeletonization_time_ms': 58.213416, 'contour_analysis_time_ms': 255.358917, 'classification_time_ms': 768.365917}",2,6,False,
success,45bfe54f-ab2e-4f7b-9775-f58bb4a3ccd9,/opt/nuclio/shared_storage/test/3/mnist_3_00941.png,"{'skeletonization_time_ms': 43.054959, 'contour_analysis_time_ms': 285.908708, 'classification_time_ms': 72.397333}",3,7,False,
success,152720ee-d655-422d-b0f4-3cfbb644a95e,/opt/nuclio/shared_storage/test/4/mnist_4_00056.png,"{'skeletonization_time_ms': 43.417083, 'contour_analysis_time_ms': 900.777542, 'classification_time_ms': 175.395875}",4,1,False,
success,1a0102ee-a246-45e4-9355-53647e89c6cb,/opt/nuclio/shared_storage/test/2/mnist_2_00529.png,"{'skeletonization_time_ms': 49.347041, 'contour_analysis_time_ms': 520.268542, 'classification_time_ms': 343.828042}",2,7,False,
success,6acd87cd-bd28-4188-8470-171b9f47cf81,/opt/nuclio/shared_storage/test/3/mnist_3_00362.png,"{'skeletonization_time_ms': 73.2315, 'contour_analysis_time_ms': 528.215417, 'classification_time_ms': 458.476209}",3,7,False,
success,71188735-9cc1-436a-91fe-b146ef327ce2,/opt/nuclio/shared_storage/test/2/mnist_2_00104.png,"{'skeletonization_time_ms': 104.076, 'contour_analysis_time_ms': 553.919958, 'classification_time_ms': 514.659417}",2,6,False,
success,3d91ee7e-3b6f-4de2-bd07-249ae0366996,/opt/nuclio/shared_storage/test/2/mnist_2_test_00099.png,"{'skeletonization_time_ms': 74.817084, 'contour_analysis_time_ms': 486.276583, 'classification_time_ms': 117.763083}",2,7,False,
success,9128557c-75d6-4c90-88bf-ab7cd3d0a54b,/opt/nuclio/shared_storage/test/2/mnist_2_test_00049.png,"{'skeletonization_time_ms': 67.3625, 'contour_analysis_time_ms': 460.811626, 'classification_time_ms': 135.702042}",2,5,False,
success,7918eebb-3251-49c4-b705-18be2429e2d8,/opt/nuclio/shared_storage/test/2/mnist_2_00624.png,"{'skeletonization_time_ms': 70.107708, 'contour_analysis_time_ms': 194.551875, 'classification_time_ms': 186.416083}",2,6,False,
success,11ab58ea-bb3d-4999-97e8-953a263d3745,/opt/nuclio/shared_storage/test/2/mnist_2_00982.png,"{'skeletonization_time_ms': 72.560084, 'contour_analysis_time_ms': 328.047, 'classification_time_ms': 349.187583}",2,6,False,
success,711f41f5-a55a-4c5c-b879-f12952150c97,/opt/nuclio/shared_storage/test/2/mnist_2_test_00098.png,"{'skeletonization_time_ms': 38.144125, 'contour_analysis_time_ms': 319.084292, 'classification_time_ms': 84.685834}",2,7,False,
success,23fb8afb-fe3e-4fa3-abe2-3982e63357ac,/opt/nuclio/shared_storage/test/2/mnist_2_00400.png,"{'skeletonization_time_ms': 103.012167, 'contour_analysis_time_ms': 235.320458, 'classification_time_ms': 136.654167}",2,7,False,
success,24dea3cf-51ba-4785-9601-2b421fcfca55,/opt/nuclio/shared_storage/test/2/mnist_2_00405.png,"{'skeletonization_time_ms': 96.517459, 'contour_analysis_time_ms': 658.994625, 'classification_time_ms': 519.864292}",2,6,False,
success,29568e3a-50de-402f-990f-452829fdd553,/opt/nuclio/shared_storage/test/2/mnist_2_test_00165.png,"{'skeletonization_time_ms': 58.267917, 'contour_analysis_time_ms': 204.275833, 'classification_time_ms': 99.862792}",2,7,False,
success,a2224587-69f1-4563-a853-cef0ca596a81,/opt/nuclio/shared_storage/test/2/mnist_2_test_00134.png,"{'skeletonization_time_ms': 62.377542, 'contour_analysis_time_ms': 194.90775, 'classification_time_ms': 272.714208}",2,not classified,False,
success,99ce7655-14e4-4182-b2ca-809021f15700,/opt/nuclio/shared_storage/test/3/mnist_3_test_00199.png,"{'skeletonization_time_ms': 73.358292, 'contour_analysis_time_ms': 370.167292, 'classification_time_ms': 57.560166}",3,7,False,
success,6d353204-b182-4f15-a387-2b8b490e23e5,/opt/nuclio/shared_storage/test/2/mnist_2_00566.png,"{'skeletonization_time_ms': 93.51075, 'contour_analysis_time_ms': 201.617792, 'classification_time_ms': 109.465208}",2,7,False,
success,32bbe208-8bd3-430e-9516-2ff1ff33af18,/opt/nuclio/shared_storage/test/2/mnist_2_00630.png,"{'skeletonization_time_ms': 37.3775, 'contour_analysis_time_ms': 161.896708, 'classification_time_ms': 82.477}",2,7,False,
success,7a6a1798-8b55-410c-8cbf-226a0c127872,/opt/nuclio/shared_storage/test/2/mnist_2_00823.png,"{'skeletonization_time_ms': 115.254584, 'contour_analysis_time_ms': 187.065666, 'classification_time_ms': 89.129584}",2,7,False,
success,825a4167-1902-4d30-bed6-da06de6b4597,/opt/nuclio/shared_storage/test/2/mnist_2_00528.png,"{'skeletonization_time_ms': 164.566666, 'contour_analysis_time_ms': 142.883958, 'classification_time_ms': 182.8985}",2,6,False,
success,69caf165-9c04-453c-9174-fc0cd22a9752,/opt/nuclio/shared_storage/test/2/mnist_2_test_00206.png,"{'skeletonization_time_ms': 55.4525, 'contour_analysis_time_ms': 180.769292, 'classification_time_ms': 178.856209}",2,7,False,
success,ddda490d-d5d3-4b89-89f2-0c7143b4b578,/opt/nuclio/shared_storage/test/2/mnist_2_00388.png,"{'skeletonization_time_ms': 75.477542, 'contour_analysis_time_ms': 238.308666, 'classification_time_ms': 156.073875}",2,7,False,
success,2e99b576-8576-4cda-a390-5f62b5b9e98f,/opt/nuclio/shared_storage/test/2/mnist_2_test_00100.png,"{'skeletonization_time_ms': 113.921959, 'contour_analysis_time_ms': 154.648709, 'classification_time_ms': 104.422708}",2,7,False,
success,b19738b6-5bbe-42a8-9042-d195e740860a,/opt/nuclio/shared_storage/test/2/mnist_2_00397.png,"{'skeletonization_time_ms': 44.798333, 'contour_analysis_time_ms': 141.436583, 'classification_time_ms': 87.34875}",2,4,False,
success,87f1ab97-1a7c-4509-a04c-c79e989cd77b,/opt/nuclio/shared_storage/test/2/mnist_2_00375.png,"{'skeletonization_time_ms': 38.817458, 'contour_analysis_time_ms': 155.625459, 'classification_time_ms': 131.26}",2,7,False,
success,169fb815-eba6-44ad-87bf-1f581910a556,/opt/nuclio/shared_storage/test/2/mnist_2_00039.png,"{'skeletonization_time_ms': 83.228834, 'contour_analysis_time_ms': 205.801583, 'classification_time_ms': 221.942459}",2,1,False,
success,019f873a-3bd1-48be-b5b8-b5b804dd340b,/opt/nuclio/shared_storage/test/2/mnist_2_00793.png,"{'skeletonization_time_ms': 42.318625, 'contour_analysis_time_ms': 148.9515, 'classification_time_ms': 51.481417}",2,7,False,
success,0beafa9b-4695-4573-9b16-11f70acacc33,/opt/nuclio/shared_storage/test/2/mnist_2_00943.png,"{'skeletonization_time_ms': 124.254542, 'contour_analysis_time_ms': 150.632292, 'classification_time_ms': 295.545875}",2,6,False,
success,53b91fec-0d14-44e5-a742-014e4b45ed20,/opt/nuclio/shared_storage/test/2/mnist_2_00638.png,"{'skeletonization_time_ms': 67.200042, 'contour_analysis_time_ms': 161.731125, 'classification_time_ms': 204.268209}",2,7,False,
success,1037b3a0-4920-40c2-ae3e-e3bc95b903c4,/opt/nuclio/shared_storage/test/2/mnist_2_00698.png,"{'skeletonization_time_ms': 51.627333, 'contour_analysis_time_ms': 321.312542, 'classification_time_ms': 56.746708}",2,7,False,
success,f9b22d60-743f-4367-884e-b1b4827b8113,/opt/nuclio/shared_storage/test/2/mnist_2_test_00204.png,"{'skeletonization_time_ms': 51.202542, 'contour_analysis_time_ms': 189.57, 'classification_time_ms': 139.8505}",2,7,False,
success,c50bfb14-c002-4372-af43-598b74ae40d6,/opt/nuclio/shared_storage/test/4/mnist_4_00256.png,"{'skeletonization_time_ms': 53.293833, 'contour_analysis_time_ms': 178.608833, 'classification_time_ms': 72.260666}",4,1,False,
success,687cf080-0145-4a06-9bad-d827cb86ae5e,/opt/nuclio/shared_storage/test/2/mnist_2_00843.png,"{'skeletonization_time_ms': 62.023166, 'contour_analysis_time_ms': 179.697542, 'classification_time_ms': 147.647833}",2,7,False,
success,b305b3cf-9017-4d9b-baf0-f20c5e5a0643,/opt/nuclio/shared_storage/test/2/mnist_2_00358.png,"{'skeletonization_time_ms': 48.129333, 'contour_analysis_time_ms': 207.580042, 'classification_time_ms': 355.019}",2,6,False,
success,83e643c0-7574-4983-8522-05e83f4017f3,/opt/nuclio/shared_storage/test/2/mnist_2_test_00202.png,"{'skeletonization_time_ms': 327.264958, 'contour_analysis_time_ms': 184.322459, 'classification_time_ms': 208.931333}",2,7,False,
success,141f0a03-7abe-47da-8a21-f0f08440003c,/opt/nuclio/shared_storage/test/2/mnist_2_test_00212.png,"{'skeletonization_time_ms': 53.410208, 'contour_analysis_time_ms': 280.146625, 'classification_time_ms': 110.717584}",2,7,False,
success,a3f709a1-3f4c-488d-b4a2-8eeddae450e7,/opt/nuclio/shared_storage/test/2/mnist_2_00926.png,"{'skeletonization_time_ms': 74.934459, 'contour_analysis_time_ms': 190.690959, 'classification_time_ms': 79.502916}",2,7,False,
success,440cad40-2fc4-452b-a30a-ee934e2a647a,/opt/nuclio/shared_storage/test/4/mnist_4_test_00182.png,"{'skeletonization_time_ms': 48.830416, 'contour_analysis_time_ms': 167.194958, 'classification_time_ms': 101.129583}",4,7,False,
success,e3a428f9-1efd-4820-83b9-6ba8c23f16fe,/opt/nuclio/shared_storage/test/4/mnist_4_test_00169.png,"{'skeletonization_time_ms': 179.867542, 'contour_analysis_time_ms': 158.222958, 'classification_time_ms': 76.536}",4,1,False,
success,09b53c44-d7b0-4ef5-910c-d7d98c663320,/opt/nuclio/shared_storage/test/2/mnist_2_00548.png,"{'skeletonization_time_ms': 113.150958, 'contour_analysis_time_ms': 146.9075, 'classification_time_ms': 27.485833}",2,7,False,
success,e24be3f6-fe3b-4c97-81d0-4787de30028d,/opt/nuclio/shared_storage/test/2/mnist_2_test_00004.png,"{'skeletonization_time_ms': 40.018958, 'contour_analysis_time_ms': 141.930125, 'classification_time_ms': 87.106542}",2,7,False,
success,6e272510-e388-47c8-983a-c50557c77611,/opt/nuclio/shared_storage/test/2/mnist_2_00570.png,"{'skeletonization_time_ms': 66.38425, 'contour_analysis_time_ms': 146.288166, 'classification_time_ms': 103.294833}",2,7,False,
success,ba4a41b7-d7cf-40e2-a215-75c967af2958,/opt/nuclio/shared_storage/test/2/mnist_2_00462.png,"{'skeletonization_time_ms': 55.717875, 'contour_analysis_time_ms': 157.788625, 'classification_time_ms': 56.096875}",2,7,False,
success,b0a40fdf-3145-43c5-a658-737e67d4f6c9,/opt/nuclio/shared_storage/test/2/mnist_2_00410.png,"{'skeletonization_time_ms': 86.850833, 'contour_analysis_time_ms': 261.756, 'classification_time_ms': 99.861042}",2,7,False,
success,1c2acf1c-61f3-491b-9059-fee85531a604,/opt/nuclio/shared_storage/test/2/mnist_2_test_00109.png,"{'skeletonization_time_ms': 49.224292, 'contour_analysis_time_ms': 209.123041, 'classification_time_ms': 289.234167}",2,6,False,
success,94850540-989e-4c13-9f27-b1f7cf153b74,/opt/nuclio/shared_storage/test/2/mnist_2_00700.png,"{'skeletonization_time_ms': 76.615042, 'contour_analysis_time_ms': 186.20075, 'classification_time_ms': 100.070416}",2,7,False,
success,723402b0-26b5-4cd7-a908-772bd1e982d3,/opt/nuclio/shared_storage/test/4/mnist_4_00496.png,"{'skeletonization_time_ms': 30.142291, 'contour_analysis_time_ms': 145.702084, 'classification_time_ms': 115.554584}",4,7,False,
success,8e451c24-7c5e-4bc6-88a4-64530b5668c2,/opt/nuclio/shared_storage/test/2/mnist_2_00941.png,"{'skeletonization_time_ms': 41.601416, 'contour_analysis_time_ms': 175.935625, 'classification_time_ms': 137.332417}",2,6,False,
success,9923a89a-b095-4dd4-b9ec-f66f07103be9,/opt/nuclio/shared_storage/test/2/mnist_2_test_00111.png,"{'skeletonization_time_ms': 322.117959, 'contour_analysis_time_ms': 193.332917, 'classification_time_ms': 166.842125}",2,7,False,
success,69993c8b-8e1c-4402-aaba-b50c7651c659,/opt/nuclio/shared_storage/test/2/mnist_2_00994.png,"{'skeletonization_time_ms': 58.259292, 'contour_analysis_time_ms': 176.266125, 'classification_time_ms': 48.168917}",2,7,False,
success,d3f57a64-7bdd-4b20-9c7b-60dd85ebb9ec,/opt/nuclio/shared_storage/test/2/mnist_2_test_00239.png,"{'skeletonization_time_ms': 83.730625, 'contour_analysis_time_ms': 194.199583, 'classification_time_ms': 326.996667}",2,6,False,
success,8c41daf4-c9b9-49f0-8e5f-f4ce477945c5,/opt/nuclio/shared_storage/test/2/mnist_2_00348.png,"{'skeletonization_time_ms': 59.415542, 'contour_analysis_time_ms': 138.97675, 'classification_time_ms': 351.538209}",2,6,False,
success,2cdb74cd-948d-4999-8ecf-63bd45b323db,/opt/nuclio/shared_storage/test/2/mnist_2_00415.png,"{'skeletonization_time_ms': 38.728416, 'contour_analysis_time_ms': 254.189792, 'classification_time_ms': 192.254167}",2,7,False,
success,13099fe8-1194-420c-843c-2f7aca571afd,/opt/nuclio/shared_storage/test/4/mnist_4_00124.png,"{'skeletonization_time_ms': 35.581583, 'contour_analysis_time_ms': 335.312459, 'classification_time_ms': 142.157}",4,7,False,
success,acce4f0e-0246-4dff-a4b1-a6cd14a1dd24,/opt/nuclio/shared_storage/test/2/mnist_2_00338.png,"{'skeletonization_time_ms': 43.037083, 'contour_analysis_time_ms': 303.087209, 'classification_time_ms': 116.3765}",2,7,False,
success,062a478e-3d1a-498d-b27f-abd79a5fca63,/opt/nuclio/shared_storage/test/2/mnist_2_00099.png,"{'skeletonization_time_ms': 132.919625, 'contour_analysis_time_ms': 205.843125, 'classification_time_ms': 95.638917}",2,7,False,
success,ed2fef40-cfb4-4c42-bb90-2798b16f4ccd,/opt/nuclio/shared_storage/test/2/mnist_2_00792.png,"{'skeletonization_time_ms': 137.560042, 'contour_analysis_time_ms': 186.199001, 'classification_time_ms': 61.327041}",2,7,False,
success,a62db984-e158-4d18-b0fc-a6d8d0d308aa,/opt/nuclio/shared_storage/test/2/mnist_2_00077.png,"{'skeletonization_time_ms': 107.117292, 'contour_analysis_time_ms': 164.695458, 'classification_time_ms': 157.94375}",2,7,False,
success,a661ec34-ac8b-42c8-a780-0f28dfa880b2,/opt/nuclio/shared_storage/test/4/mnist_4_test_00108.png,"{'skeletonization_time_ms': 67.543667, 'contour_analysis_time_ms': 217.588042, 'classification_time_ms': 89.951}",4,7,False,
success,2ab18b7c-fd47-40be-b204-234767996c82,/opt/nuclio/shared_storage/test/2/mnist_2_00261.png,"{'skeletonization_time_ms': 60.975083, 'contour_analysis_time_ms': 312.402708, 'classification_time_ms': 132.9685}",2,7,False,
success,eb56a434-06ca-433a-a0c7-498f25d1d9b8,/opt/nuclio/shared_storage/test/2/mnist_2_test_00129.png,"{'skeletonization_time_ms': 84.157041, 'contour_analysis_time_ms': 301.323334, 'classification_time_ms': 144.934916}",2,7,False,
success,8496f321-844b-436f-99b7-d56922fde587,/opt/nuclio/shared_storage/test/2/mnist_2_test_00070.png,"{'skeletonization_time_ms': 76.892083, 'contour_analysis_time_ms': 268.379417, 'classification_time_ms': 183.494334}",2,6,False,
success,1badfffe-6e31-44a3-8ff9-0f8f1a5c2960,/opt/nuclio/shared_storage/test/2/mnist_2_00882.png,"{'skeletonization_time_ms': 85.329625, 'contour_analysis_time_ms': 152.561458, 'classification_time_ms': 68.537583}",2,7,False,
success,3acd23ab-ae53-4992-afac-3af546753b7d,/opt/nuclio/shared_storage/test/2/mnist_2_00759.png,"{'skeletonization_time_ms': 48.591042, 'contour_analysis_time_ms': 223.322917, 'classification_time_ms': 177.533125}",2,6,False,
success,2d2f80ad-9bbe-4310-a4a6-70c672b90ad5,/opt/nuclio/shared_storage/test/2/mnist_2_00664.png,"{'skeletonization_time_ms': 62.443792, 'contour_analysis_time_ms': 161.082916, 'classification_time_ms': 54.692583}",2,7,False,
success,7eacb722-32f1-4012-aaa1-50b59ed2d9be,/opt/nuclio/shared_storage/test/2/mnist_2_00389.png,"{'skeletonization_time_ms': 61.536792, 'contour_analysis_time_ms': 225.029084, 'classification_time_ms': 301.52675}",2,7,False,
success,665c9ef9-e44c-49b1-8a2b-cea4b0d99c13,/opt/nuclio/shared_storage/test/2/mnist_2_test_00205.png,"{'skeletonization_time_ms': 78.608875, 'contour_analysis_time_ms': 178.330209, 'classification_time_ms': 332.631791}",2,6,False,
success,d3a8943f-c7e5-48c5-a039-bead807010b1,/opt/nuclio/shared_storage/test/2/mnist_2_00932.png,"{'skeletonization_time_ms': 69.190208, 'contour_analysis_time_ms': 223.369208, 'classification_time_ms': 181.269625}",2,7,False,
success,456f044b-03c4-4ec8-9dbe-e4a0df41d5aa,/opt/nuclio/shared_storage/test/2/mnist_2_00207.png,"{'skeletonization_time_ms': 70.327375, 'contour_analysis_time_ms': 125.652542, 'classification_time_ms': 81.852583}",2,7,False,
success,6847f1ea-3015-4ead-88fa-358ae0761f21,/opt/nuclio/shared_storage/test/4/mnist_4_test_00027.png,"{'skeletonization_time_ms': 97.89075, 'contour_analysis_time_ms': 131.651791, 'classification_time_ms': 121.428042}",4,7,False,
success,022b549b-4377-4912-a159-62f04bdc1ba9,/opt/nuclio/shared_storage/test/2/mnist_2_00712.png,"{'skeletonization_time_ms': 124.300666, 'contour_analysis_time_ms': 169.422167, 'classification_time_ms': 152.948541}",2,1,False,
success,77f2ecee-7886-49b8-a8b0-c2370f09b883,/opt/nuclio/shared_storage/test/2/mnist_2_00842.png,"{'skeletonization_time_ms': 59.21875, 'contour_analysis_time_ms': 132.948708, 'classification_time_ms': 273.495042}",2,6,False,
success,8770d292-bb19-4963-9bef-fcac6268112e,/opt/nuclio/shared_storage/test/2/mnist_2_00374.png,"{'skeletonization_time_ms': 86.040959, 'contour_analysis_time_ms': 153.672542, 'classification_time_ms': 154.662208}",2,7,False,
success,e0128cb2-0d00-4c54-8bb9-21c0f634703f,/opt/nuclio/shared_storage/test/2/mnist_2_00070.png,"{'skeletonization_time_ms': 50.937042, 'contour_analysis_time_ms': 192.051208, 'classification_time_ms': 46.933875}",2,7,False,
success,10972a0c-c194-4d48-95e7-3d373a594ade,/opt/nuclio/shared_storage/test/2/mnist_2_00878.png,"{'skeletonization_time_ms': 126.470958, 'contour_analysis_time_ms': 159.777125, 'classification_time_ms': 69.445041}",2,7,False,
success,cc93315c-1497-4969-98c8-530e0c4f7370,/opt/nuclio/shared_storage/test/3/mnist_3_00225.png,"{'skeletonization_time_ms': 26.6965, 'contour_analysis_time_ms': 172.630083, 'classification_time_ms': 75.818458}",3,5,False,
success,71c7a865-b020-40f6-b77e-0b5ec780b4cf,/opt/nuclio/shared_storage/test/4/mnist_4_test_00150.png,"{'skeletonization_time_ms': 83.974458, 'contour_analysis_time_ms': 147.269708, 'classification_time_ms': 99.8785}",4,7,False,
success,c3b1bdd2-fa37-40ea-997c-2aad65da00f8,/opt/nuclio/shared_storage/test/2/mnist_2_00066.png,"{'skeletonization_time_ms': 45.927459, 'contour_analysis_time_ms': 173.397542, 'classification_time_ms': 138.06225}",2,7,False,
success,9448f063-b0ed-4289-a160-c4cbc3b34b2c,/opt/nuclio/shared_storage/test/2/mnist_2_00951.png,"{'skeletonization_time_ms': 45.337625, 'contour_analysis_time_ms': 256.5915, 'classification_time_ms': 433.262292}",2,7,False,
success,db43eb6f-326a-40ce-80fa-f55468249a03,/opt/nuclio/shared_storage/test/2/mnist_2_00110.png,"{'skeletonization_time_ms': 49.546292, 'contour_analysis_time_ms': 415.852417, 'classification_time_ms': 248.210792}",2,7,False,
success,20e1deba-4b19-400b-9cdc-3622bbbfbb62,/opt/nuclio/shared_storage/test/2/mnist_2_test_00238.png,"{'skeletonization_time_ms': 52.178917, 'contour_analysis_time_ms': 523.9145, 'classification_time_ms': 153.098333}",2,7,False,
success,c699767c-9550-430f-bccc-9a3b046ba0e8,/opt/nuclio/shared_storage/test/2/mnist_2_00677.png,"{'skeletonization_time_ms': 208.5975, 'contour_analysis_time_ms': 1788.647126, 'classification_time_ms': 282.312667}",2,9,False,
success,49f6cc04-8182-4bab-89c0-fbdc146049e3,/opt/nuclio/shared_storage/test/2/mnist_2_00367.png,"{'skeletonization_time_ms': 44.134708, 'contour_analysis_time_ms': 310.593417, 'classification_time_ms': 603.590709}",2,6,False,
success,24b79296-6b98-4f28-a41d-c3b4aa443d3c,/opt/nuclio/shared_storage/test/4/mnist_4_00394.png,"{'skeletonization_time_ms': 41.4, 'contour_analysis_time_ms': 223.074917, 'classification_time_ms': 102.88025}",4,1,False,
success,57ba019e-eb7c-4be5-8b0e-80a7d8eb8eed,/opt/nuclio/shared_storage/test/2/mnist_2_00128.png,"{'skeletonization_time_ms': 62.971125, 'contour_analysis_time_ms': 296.968375, 'classification_time_ms': 53.966542}",2,7,False,
success,a9284be6-d15f-4651-a947-7f095223ba93,/opt/nuclio/shared_storage/test/2/mnist_2_00539.png,"{'skeletonization_time_ms': 33.471042, 'contour_analysis_time_ms': 273.452208, 'classification_time_ms': 104.839}",2,7,False,
success,d26c4bcd-f73b-4a01-aec4-ae975da5ea35,/opt/nuclio/shared_storage/test/2/mnist_2_00060.png,"{'skeletonization_time_ms': 93.056875, 'contour_analysis_time_ms': 296.683, 'classification_time_ms': 203.149958}",2,7,False,
success,b15658f0-c52d-4e28-be5d-3dde5e89d0c6,/opt/nuclio/shared_storage/test/2/mnist_2_test_00217.png,"{'skeletonization_time_ms': 102.322708, 'contour_analysis_time_ms': 401.013542, 'classification_time_ms': 346.74575}",2,6,False,
success,14c7d7b3-ae92-48b4-90a3-e2455ec1cee6,/opt/nuclio/shared_storage/test/4/mnist_4_test_00535.png,"{'skeletonization_time_ms': 55.359292, 'contour_analysis_time_ms': 416.603375, 'classification_time_ms': 172.484376}",4,9,False,
success,188ec8f8-d753-49b3-b5ca-4ff9e2f8eb0b,/opt/nuclio/shared_storage/test/2/mnist_2_00161.png,"{'skeletonization_time_ms': 90.474125, 'contour_analysis_time_ms': 415.406125, 'classification_time_ms': 269.5775}",2,7,False,
success,cc9f2371-4495-4675-bf7f-52de04088443,/opt/nuclio/shared_storage/test/2/mnist_2_00461.png,"{'skeletonization_time_ms': 118.386875, 'contour_analysis_time_ms': 313.421501, 'classification_time_ms': 190.84225}",2,7,False,
success,a73585e9-3951-4074-bfaf-66925b1dd440,/opt/nuclio/shared_storage/test/2/mnist_2_00076.png,"{'skeletonization_time_ms': 93.861458, 'contour_analysis_time_ms': 431.274625, 'classification_time_ms': 122.4885}",2,7,False,
success,af33e079-3c06-4770-b304-22950d7696f4,/opt/nuclio/shared_storage/test/2/mnist_2_00089.png,"{'skeletonization_time_ms': 45.938542, 'contour_analysis_time_ms': 165.348542, 'classification_time_ms': 136.217125}",2,7,False,
success,0cc112a8-6063-4b99-bc6e-cd51e46874cb,/opt/nuclio/shared_storage/test/2/mnist_2_00198.png,"{'skeletonization_time_ms': 49.847375, 'contour_analysis_time_ms': 399.005, 'classification_time_ms': 267.580833}",2,5,False,
success,99bd1dc8-7dc9-4244-a31f-363baf81132b,/opt/nuclio/shared_storage/test/2/mnist_2_00667.png,"{'skeletonization_time_ms': 39.747333, 'contour_analysis_time_ms': 687.703792, 'classification_time_ms': 291.387084}",2,7,False,
success,6125742a-40ce-4a9a-a5d5-a43e5fad12c3,/opt/nuclio/shared_storage/test/2/mnist_2_00605.png,"{'skeletonization_time_ms': 45.734584, 'contour_analysis_time_ms': 766.102584, 'classification_time_ms': 87.1775}",2,7,False,
success,7009e2ad-214c-49b6-bb04-ed6115d390eb,/opt/nuclio/shared_storage/test/2/mnist_2_00997.png,"{'skeletonization_time_ms': 61.79725, 'contour_analysis_time_ms': 516.652666, 'classification_time_ms': 232.642125}",2,7,False,
success,9cf44f86-6d76-4945-bee9-cd8425b9a97e,/opt/nuclio/shared_storage/test/4/mnist_4_00331.png,"{'skeletonization_time_ms': 38.859167, 'contour_analysis_time_ms': 441.632, 'classification_time_ms': 286.4325}",4,7,False,
success,fdc1d832-7c8a-4444-b604-e00d03e20b16,/opt/nuclio/shared_storage/test/2/mnist_2_test_00200.png,"{'skeletonization_time_ms': 51.313875, 'contour_analysis_time_ms': 360.872667, 'classification_time_ms': 658.823751}",2,7,False,
success,8f5911b0-9213-4c1c-83e6-95ec786e3b07,/opt/nuclio/shared_storage/test/2/mnist_2_00015.png,"{'skeletonization_time_ms': 175.267041, 'contour_analysis_time_ms': 885.197459, 'classification_time_ms': 102.01425}",2,7,False,
success,5df42f1d-e5de-4714-a811-5cdb0bc1cae7,/opt/nuclio/shared_storage/test/2/mnist_2_00666.png,"{'skeletonization_time_ms': 66.69, 'contour_analysis_time_ms': 805.180334, 'classification_time_ms': 162.414125}",2,7,False,
success,04e5b0f6-2cf1-427e-a469-334d90d3c9df,/opt/nuclio/shared_storage/test/4/mnist_4_00126.png,"{'skeletonization_time_ms': 41.964834, 'contour_analysis_time_ms': 595.056167, 'classification_time_ms': 284.946792}",4,7,False,
success,4c2ffc67-3b4f-4cb1-9586-985b058cb3d8,/opt/nuclio/shared_storage/test/3/mnist_3_00218.png,"{'skeletonization_time_ms': 60.924625, 'contour_analysis_time_ms': 829.419875, 'classification_time_ms': 585.202251}",3,7,False,
success,fdbf9359-accd-41b4-965c-9bf1d6a773d1,/opt/nuclio/shared_storage/test/2/mnist_2_00891.png,"{'skeletonization_time_ms': 57.811292, 'contour_analysis_time_ms': 501.027833, 'classification_time_ms': 183.846709}",2,7,False,
success,fb3edd6a-74ad-442e-95f7-80b24d918244,/opt/nuclio/shared_storage/test/4/mnist_4_00141.png,"{'skeletonization_time_ms': 37.275792, 'contour_analysis_time_ms': 543.204667, 'classification_time_ms': 91.950875}",4,1,False,
success,3432c259-bd7d-4c9a-aff2-df8251270cdb,/opt/nuclio/shared_storage/test/3/mnist_3_00742.png,"{'skeletonization_time_ms': 49.834, 'contour_analysis_time_ms': 416.03475, 'classification_time_ms': 262.753666}",3,6,False,
success,78352b3c-6f2f-4d9e-8378-62e83498a763,/opt/nuclio/shared_storage/test/3/mnist_3_00145.png,"{'skeletonization_time_ms': 53.378709, 'contour_analysis_time_ms': 429.491417, 'classification_time_ms': 107.325833}",3,5,False,
success,341abaa8-25d1-47d7-b857-18a9fd8aaf5a,/opt/nuclio/shared_storage/test/2/mnist_2_00163.png,"{'skeletonization_time_ms': 81.220375, 'contour_analysis_time_ms': 190.285834, 'classification_time_ms': 104.835167}",2,7,False,
success,636dc46c-6252-4858-9a19-093eb61030ff,/opt/nuclio/shared_storage/test/2/mnist_2_00933.png,"{'skeletonization_time_ms': 147.719667, 'contour_analysis_time_ms': 273.278292, 'classification_time_ms': 133.477167}",2,7,False,
success,cd17d10a-87f2-4848-9bd0-22685101e494,/opt/nuclio/shared_storage/test/2/mnist_2_00942.png,"{'skeletonization_time_ms': 81.497042, 'contour_analysis_time_ms': 174.742708, 'classification_time_ms': 284.293292}",2,6,False,
success,ec1c4c5b-59a9-4141-aa5d-1dfe535dfda6,/opt/nuclio/shared_storage/test/2/mnist_2_00277.png,"{'skeletonization_time_ms': 90.841, 'contour_analysis_time_ms': 256.637958, 'classification_time_ms': 102.707833}",2,7,False,
success,41712943-881f-4e79-9ec4-d0d557602ee6,/opt/nuclio/shared_storage/test/2/mnist_2_00562.png,"{'skeletonization_time_ms': 65.915292, 'contour_analysis_time_ms': 290.909167, 'classification_time_ms': 177.9795}",2,7,False,
success,1ed8251b-0d3e-4e26-a7fc-9d0586976239,/opt/nuclio/shared_storage/test/2/mnist_2_00273.png,"{'skeletonization_time_ms': 108.237334, 'contour_analysis_time_ms': 273.783542, 'classification_time_ms': 218.829792}",2,6,False,
success,af0372bf-a519-4524-b76e-d2c78912fbc3,/opt/nuclio/shared_storage/test/2/mnist_2_test_00248.png,"{'skeletonization_time_ms': 322.729125, 'contour_analysis_time_ms': 176.572625, 'classification_time_ms': 97.843959}",2,7,False,
success,da0e5236-0e0e-49e8-a989-7d0b4161033d,/opt/nuclio/shared_storage/test/2/mnist_2_00449.png,"{'skeletonization_time_ms': 60.200625, 'contour_analysis_time_ms': 252.908417, 'classification_time_ms': 240.979042}",2,9,False,
success,511e097b-2504-417e-aef9-e04658d1e002,/opt/nuclio/shared_storage/test/2/mnist_2_00855.png,"{'skeletonization_time_ms': 47.96925, 'contour_analysis_time_ms': 150.372125, 'classification_time_ms': 254.477625}",2,6,False,
success,9a3a47b3-bf14-456e-88f4-84a6d39bfd07,/opt/nuclio/shared_storage/test/2/mnist_2_00062.png,"{'skeletonization_time_ms': 119.400208, 'contour_analysis_time_ms': 234.373709, 'classification_time_ms': 95.263875}",2,7,False,
success,371f1bfc-0b4e-41c5-866e-5c52d2b7f1cc,/opt/nuclio/shared_storage/test/2/mnist_2_00853.png,"{'skeletonization_time_ms': 49.96875, 'contour_analysis_time_ms': 243.58675, 'classification_time_ms': 96.328291}",2,7,False,
success,4ac7144c-155a-4ac2-be88-cda1c1c02cfc,/opt/nuclio/shared_storage/test/2/mnist_2_00064.png,"{'skeletonization_time_ms': 47.11175, 'contour_analysis_time_ms': 187.387667, 'classification_time_ms': 63.883417}",2,7,False,
success,94ba6f11-8038-4f53-aa34-59b30857800d,/opt/nuclio/shared_storage/test/3/mnist_3_00608.png,"{'skeletonization_time_ms': 67.552083, 'contour_analysis_time_ms': 162.914167, 'classification_time_ms': 414.382041}",3,6,False,
success,cbe9e395-8d22-443c-ab14-a706840ff0a1,/opt/nuclio/shared_storage/test/2/mnist_2_00879.png,"{'skeletonization_time_ms': 98.181875, 'contour_analysis_time_ms': 273.43125, 'classification_time_ms': 160.108083}",2,7,False,
success,d5125b1d-e694-4982-93ff-40316cfec332,/opt/nuclio/shared_storage/test/2/mnist_2_00885.png,"{'skeletonization_time_ms': 278.157042, 'contour_analysis_time_ms': 168.972292, 'classification_time_ms': 165.679709}",2,7,False,
success,07590431-fbd5-4ba2-87a9-4e8fc0f9e5dc,/opt/nuclio/shared_storage/test/4/mnist_4_00319.png,"{'skeletonization_time_ms': 94.257709, 'contour_analysis_time_ms': 251.853041, 'classification_time_ms': 110.436792}",4,5,False,
success,e61722a4-3305-4d7b-9243-7b0400a8aab1,/opt/nuclio/shared_storage/test/4/mnist_4_test_00120.png,"{'skeletonization_time_ms': 37.340291, 'contour_analysis_time_ms': 134.540708, 'classification_time_ms': 58.514292}",4,1,False,
success,75f98941-58b5-48aa-b371-8436776e3d08,/opt/nuclio/shared_storage/test/2/mnist_2_00317.png,"{'skeletonization_time_ms': 38.002709, 'contour_analysis_time_ms': 158.007917, 'classification_time_ms': 188.367667}",2,6,False,
success,a64c1f87-5805-4c11-ab7b-997ce192c8e8,/opt/nuclio/shared_storage/test/3/mnist_3_00609.png,"{'skeletonization_time_ms': 194.123625, 'contour_analysis_time_ms': 194.251667, 'classification_time_ms': 49.310041}",3,7,False,
success,fafa1a44-ce96-4edf-ae0f-06d52c948e93,/opt/nuclio/shared_storage/test/2/mnist_2_00758.png,"{'skeletonization_time_ms': 199.077042, 'contour_analysis_time_ms': 261.772833, 'classification_time_ms': 22.418167}",2,7,False,
success,ae363b5e-4a3c-4946-823e-9dd892a5827d,/opt/nuclio/shared_storage/test/4/mnist_4_00231.png,"{'skeletonization_time_ms': 47.956542, 'contour_analysis_time_ms': 178.378709, 'classification_time_ms': 181.702125}",4,7,False,
success,7ed4de9c-14c4-42d9-b137-935cdcd667c4,/opt/nuclio/shared_storage/test/2/mnist_2_00851.png,"{'skeletonization_time_ms': 85.200292, 'contour_analysis_time_ms': 190.930458, 'classification_time_ms': 132.371042}",2,7,False,
success,42ccf52b-5105-4b35-a2da-427ae2c3ca8d,/opt/nuclio/shared_storage/test/2/mnist_2_00834.png,"{'skeletonization_time_ms': 77.797, 'contour_analysis_time_ms': 276.164792, 'classification_time_ms': 108.634958}",2,7,False,
success,555fc1b1-0c6d-468e-8643-5169ee118712,/opt/nuclio/shared_storage/test/4/mnist_4_test_00483.png,"{'skeletonization_time_ms': 64.003958, 'contour_analysis_time_ms': 219.220542, 'classification_time_ms': 67.767}",4,1,False,
success,773d2100-cb2a-4d59-9441-2b5911497864,/opt/nuclio/shared_storage/test/2/mnist_2_00075.png,"{'skeletonization_time_ms': 114.924084, 'contour_analysis_time_ms': 263.099584, 'classification_time_ms': 73.175167}",2,7,False,
success,27b25775-565a-42a5-876a-eecd22e816ae,/opt/nuclio/shared_storage/test/2/mnist_2_00895.png,"{'skeletonization_time_ms': 83.828875, 'contour_analysis_time_ms': 202.914167, 'classification_time_ms': 387.444875}",2,6,False,
success,4016ccef-cc31-4473-b5af-4ed4eecb5619,/opt/nuclio/shared_storage/test/2/mnist_2_test_00173.png,"{'skeletonization_time_ms': 34.503417, 'contour_analysis_time_ms': 261.602583, 'classification_time_ms': 136.115625}",2,7,False,
success,ab993aa3-aa52-41df-a469-445ed3dfd919,/opt/nuclio/shared_storage/test/3/mnist_3_00794.png,"{'skeletonization_time_ms': 103.020917, 'contour_analysis_time_ms': 281.014667, 'classification_time_ms': 95.607626}",3,5,False,
success,3ad9a443-f713-41ed-98db-1f9e558da820,/opt/nuclio/shared_storage/test/2/mnist_2_00074.png,"{'skeletonization_time_ms': 81.557125, 'contour_analysis_time_ms': 333.410375, 'classification_time_ms': 153.494917}",2,7,False,
success,11a80924-ebeb-4c63-90f2-28fe781056eb,/opt/nuclio/shared_storage/test/2/mnist_2_test_00102.png,"{'skeletonization_time_ms': 57.507167, 'contour_analysis_time_ms': 385.421833, 'classification_time_ms': 170.420291}",2,7,False,
success,036a1caa-14ec-48ca-837d-8a0643d6a1ac,/opt/nuclio/shared_storage/test/3/mnist_3_00236.png,"{'skeletonization_time_ms': 34.635334, 'contour_analysis_time_ms': 215.244583, 'classification_time_ms': 219.693459}",3,7,False,
success,6f784a55-ec7b-4769-80fd-55de3e57deee,/opt/nuclio/shared_storage/test/4/mnist_4_00332.png,"{'skeletonization_time_ms': 47.279625, 'contour_analysis_time_ms': 327.215875, 'classification_time_ms': 517.498292}",4,7,False,
success,1b5b6f50-b4d4-46a6-809d-38a00c8b21db,/opt/nuclio/shared_storage/test/4/mnist_4_00245.png,"{'skeletonization_time_ms': 67.857209, 'contour_analysis_time_ms': 202.19475, 'classification_time_ms': 897.344487}",4,7,False,
success,a23f4676-2abd-4f90-8e11-dcfffc2c5fe0,/opt/nuclio/shared_storage/test/4/mnist_4_test_00322.png,"{'skeletonization_time_ms': 58.289709, 'contour_analysis_time_ms': 637.24475, 'classification_time_ms': 74.89925}",4,7,False,
success,05efb708-e2f8-482b-98fc-4e75b13611dd,/opt/nuclio/shared_storage/test/2/mnist_2_00200.png,"{'skeletonization_time_ms': 90.737125, 'contour_analysis_time_ms': 780.376792, 'classification_time_ms': 142.201459}",2,7,False,
success,427f0339-1347-41ee-b388-a3235a5412c9,/opt/nuclio/shared_storage/test/2/mnist_2_00048.png,"{'skeletonization_time_ms': 44.395833, 'contour_analysis_time_ms': 307.325958, 'classification_time_ms': 114.624167}",2,7,False,
success,48d790d1-b7c7-49a2-a49c-e973bfdc6dc2,/opt/nuclio/shared_storage/test/2/mnist_2_00311.png,"{'skeletonization_time_ms': 39.579083, 'contour_analysis_time_ms': 225.585417, 'classification_time_ms': 102.455166}",2,7,False,
success,5e97a753-32cb-493a-93dd-c74fd119bc21,/opt/nuclio/shared_storage/test/3/mnist_3_00409.png,"{'skeletonization_time_ms': 155.659166, 'contour_analysis_time_ms': 323.599459, 'classification_time_ms': 115.490583}",3,7,False,
success,9dbae528-1696-4e7c-aa96-417ec64c0c41,/opt/nuclio/shared_storage/test/4/mnist_4_00197.png,"{'skeletonization_time_ms': 35.219708, 'contour_analysis_time_ms': 177.420542, 'classification_time_ms': 412.025125}",4,1,False,
success,3f777aa3-6991-4c68-b7e6-ad39632592ae,/opt/nuclio/shared_storage/test/3/mnist_3_00781.png,"{'skeletonization_time_ms': 53.890708, 'contour_analysis_time_ms': 1186.471125, 'classification_time_ms': 466.585501}",3,5,False,
success,602eef9f-4f58-4dea-882f-55172562d1e2,/opt/nuclio/shared_storage/test/2/mnist_2_00504.png,"{'skeletonization_time_ms': 82.170542, 'contour_analysis_time_ms': 907.696251, 'classification_time_ms': 542.142792}",2,6,False,
success,3f3cb58c-5dbf-463a-9325-c8b74377dabb,/opt/nuclio/shared_storage/test/3/mnist_3_00024.png,"{'skeletonization_time_ms': 414.488, 'contour_analysis_time_ms': 565.49775, 'classification_time_ms': 244.193667}",3,7,False,
success,c0d55579-e1d2-40a6-8052-9629723c1a1a,/opt/nuclio/shared_storage/test/4/mnist_4_test_00328.png,"{'skeletonization_time_ms': 29.26975, 'contour_analysis_time_ms': 556.306208, 'classification_time_ms': 146.534583}",4,1,False,
success,03967c37-0c52-4c3d-b543-9bd3f933cb8b,/opt/nuclio/shared_storage/test/3/mnist_3_00580.png,"{'skeletonization_time_ms': 145.086458, 'contour_analysis_time_ms': 536.48625, 'classification_time_ms': 249.517375}",3,7,False,
success,0d3cf656-5818-435b-a5a5-2f074ac8d136,/opt/nuclio/shared_storage/test/2/mnist_2_00502.png,"{'skeletonization_time_ms': 76.575333, 'contour_analysis_time_ms': 264.526251, 'classification_time_ms': 583.927667}",2,6,False,
success,e9c22a6c-a726-4710-ad54-34b1ac9af3ce,/opt/nuclio/shared_storage/test/3/mnist_3_00948.png,"{'skeletonization_time_ms': 70.621125, 'contour_analysis_time_ms': 626.341208, 'classification_time_ms': 59.195291}",3,7,False,
success,f8db370b-e5ea-4558-b0e3-9876908f8327,/opt/nuclio/shared_storage/test/3/mnist_3_00423.png,"{'skeletonization_time_ms': 137.244667, 'contour_analysis_time_ms': 811.474375, 'classification_time_ms': 151.025917}",3,7,False,
success,e9209674-6203-44cc-a69c-2050366fb4c9,/opt/nuclio/shared_storage/test/4/mnist_4_test_00094.png,"{'skeletonization_time_ms': 36.786958, 'contour_analysis_time_ms': 233.643083, 'classification_time_ms': 208.30675}",4,1,False,
success,1461eca0-5b39-4597-9201-ebf8fcb63692,/opt/nuclio/shared_storage/test/3/mnist_3_00381.png,"{'skeletonization_time_ms': 95.673084, 'contour_analysis_time_ms': 260.277583, 'classification_time_ms': 183.654042}",3,7,False,
success,56bf5bea-48ac-49ed-9ff1-24bc9255b07b,/opt/nuclio/shared_storage/test/3/mnist_3_00797.png,"{'skeletonization_time_ms': 280.155251, 'contour_analysis_time_ms': 356.356875, 'classification_time_ms': 413.823083}",3,2,False,
success,3ff791ef-f942-4fd4-b021-2636da9bc3de,/opt/nuclio/shared_storage/test/2/mnist_2_00920.png,"{'skeletonization_time_ms': 41.1625, 'contour_analysis_time_ms': 368.141292, 'classification_time_ms': 193.776208}",2,7,False,
success,e6d96ea3-5e7f-43fa-8c60-c33335ebdd2b,/opt/nuclio/shared_storage/test/3/mnist_3_00550.png,"{'skeletonization_time_ms': 136.763459, 'contour_analysis_time_ms': 292.52125, 'classification_time_ms': 183.799042}",3,7,False,
success,399ee6ed-969c-45d0-a16e-dc63c52cf7ba,/opt/nuclio/shared_storage/test/2/mnist_2_test_00160.png,"{'skeletonization_time_ms': 183.876625, 'contour_analysis_time_ms': 261.233, 'classification_time_ms': 207.97925}",2,7,False,
success,71eaf8b5-233c-4221-b22d-89bf26e8cf23,/opt/nuclio/shared_storage/test/2/mnist_2_test_00176.png,"{'skeletonization_time_ms': 86.275792, 'contour_analysis_time_ms': 274.367333, 'classification_time_ms': 34.306833}",2,1,False,
success,29767b3d-f76e-429c-bce7-8b44762c12fb,/opt/nuclio/shared_storage/test/2/mnist_2_00711.png,"{'skeletonization_time_ms': 192.907542, 'contour_analysis_time_ms': 225.717208, 'classification_time_ms': 312.200667}",2,6,False,
success,751256dd-8fcc-4f3e-9e18-fdaaead4a067,/opt/nuclio/shared_storage/test/4/mnist_4_00392.png,"{'skeletonization_time_ms': 146.897875, 'contour_analysis_time_ms': 251.56125, 'classification_time_ms': 157.193292}",4,7,False,
success,16489712-6079-49c4-9420-cd8588f163dc,/opt/nuclio/shared_storage/test/2/mnist_2_00660.png,"{'skeletonization_time_ms': 126.206291, 'contour_analysis_time_ms': 228.674167, 'classification_time_ms': 152.100625}",2,6,False,
success,9b479117-3600-4289-93f5-d1aa964d13fd,/opt/nuclio/shared_storage/test/4/mnist_4_test_00088.png,"{'skeletonization_time_ms': 70.568792, 'contour_analysis_time_ms': 144.992, 'classification_time_ms': 112.92775}",4,1,False,
success,55f8f8aa-8a63-4451-a8db-7c43fb765687,/opt/nuclio/shared_storage/test/4/mnist_4_test_00053.png,"{'skeletonization_time_ms': 68.675042, 'contour_analysis_time_ms': 206.371375, 'classification_time_ms': 329.092541}",4,6,False,
success,1bf76c1b-8c15-427b-81e8-172ad025a2ae,/opt/nuclio/shared_storage/test/3/mnist_3_00581.png,"{'skeletonization_time_ms': 53.773334, 'contour_analysis_time_ms': 353.600791, 'classification_time_ms': 294.737917}",3,9,False,
success,dccfd637-e940-4617-bb2c-342d4a7a0ace,/opt/nuclio/shared_storage/test/4/mnist_4_00430.png,"{'skeletonization_time_ms': 69.647792, 'contour_analysis_time_ms': 161.575376, 'classification_time_ms': 82.005833}",4,1,False,
success,25bbd9d4-cf38-49c2-8f52-38dbf4dd9933,/opt/nuclio/shared_storage/test/3/mnist_3_00787.png,"{'skeletonization_time_ms': 98.63075, 'contour_analysis_time_ms': 151.800458, 'classification_time_ms': 268.358584}",3,5,False,
success,3c2fdbd5-8040-41de-99da-90d8bca0d394,/opt/nuclio/shared_storage/test/4/mnist_4_test_00061.png,"{'skeletonization_time_ms': 45.596041, 'contour_analysis_time_ms': 174.25, 'classification_time_ms': 76.287083}",4,7,False,
success,c950a1e1-68bf-4968-be38-4f20cfe0358b,/opt/nuclio/shared_storage/test/2/mnist_2_00538.png,"{'skeletonization_time_ms': 99.734541, 'contour_analysis_time_ms': 203.371833, 'classification_time_ms': 137.884458}",2,7,False,
success,fb905a52-221a-4d28-be6b-1f451d3cc6b7,/opt/nuclio/shared_storage/test/2/mnist_2_test_00164.png,"{'skeletonization_time_ms': 342.948667, 'contour_analysis_time_ms': 270.921291, 'classification_time_ms': 102.697167}",2,7,False,
success,12f07aa6-c9e3-4584-93ae-e13cc706970d,/opt/nuclio/shared_storage/test/3/mnist_3_00811.png,"{'skeletonization_time_ms': 39.564542, 'contour_analysis_time_ms': 186.560417, 'classification_time_ms': 113.0175}",3,7,False,
success,285042d2-7333-4dd7-a2d7-23a297b520c7,/opt/nuclio/shared_storage/test/3/mnist_3_00191.png,"{'skeletonization_time_ms': 43.085333, 'contour_analysis_time_ms': 180.419375, 'classification_time_ms': 243.997751}",3,9,False,
success,7e696689-e512-439d-b324-0cf608028e6b,/opt/nuclio/shared_storage/test/2/mnist_2_00049.png,"{'skeletonization_time_ms': 91.763792, 'contour_analysis_time_ms': 293.112958, 'classification_time_ms': 249.491792}",2,6,False,
success,937e87c4-887f-4b3e-8e26-6fa70b7bea28,/opt/nuclio/shared_storage/test/2/mnist_2_00288.png,"{'skeletonization_time_ms': 66.995375, 'contour_analysis_time_ms': 244.11275, 'classification_time_ms': 41.799917}",2,7,False,
success,bed94da4-4b04-401d-96d8-583561d64097,/opt/nuclio/shared_storage/test/2/mnist_2_00339.png,"{'skeletonization_time_ms': 85.227208, 'contour_analysis_time_ms': 146.844959, 'classification_time_ms': 278.336958}",2,6,False,
success,cb122edd-e2cd-4c44-ac9a-6d80d398b8c1,/opt/nuclio/shared_storage/test/4/mnist_4_00000.png,"{'skeletonization_time_ms': 93.531, 'contour_analysis_time_ms': 246.35375, 'classification_time_ms': 137.321876}",4,7,False,
success,b1876783-7488-44fe-9f4b-a71792c5f2a7,/opt/nuclio/shared_storage/test/4/mnist_4_test_00117.png,"{'skeletonization_time_ms': 115.02175, 'contour_analysis_time_ms': 142.227166, 'classification_time_ms': 152.608917}",4,9,False,
success,ee634f03-eb86-40c7-9554-b5e091c3ed30,/opt/nuclio/shared_storage/test/2/mnist_2_00072.png,"{'skeletonization_time_ms': 98.208708, 'contour_analysis_time_ms': 224.273083, 'classification_time_ms': 147.88825}",2,7,False,
success,bac2efe1-97c7-45a3-843c-1d23e38ca9bb,/opt/nuclio/shared_storage/test/3/mnist_3_00569.png,"{'skeletonization_time_ms': 66.021333, 'contour_analysis_time_ms': 206.796833, 'classification_time_ms': 157.071708}",3,5,False,
success,1d332fdc-f956-483f-a4af-a25c573cc5e6,/opt/nuclio/shared_storage/test/3/mnist_3_00958.png,"{'skeletonization_time_ms': 40.9815, 'contour_analysis_time_ms': 345.121417, 'classification_time_ms': 238.677875}",3,7,False,
success,e0cda206-dada-4231-b2a8-8abcaa877a75,/opt/nuclio/shared_storage/test/4/mnist_4_00003.png,"{'skeletonization_time_ms': 38.699333, 'contour_analysis_time_ms': 410.681708, 'classification_time_ms': 95.944166}",4,7,False,
success,d5a639d0-4a6a-4ac6-8e47-db4ed2527a68,/opt/nuclio/shared_storage/test/3/mnist_3_00743.png,"{'skeletonization_time_ms': 240.169292, 'contour_analysis_time_ms': 283.0325, 'classification_time_ms': 283.373625}",3,5,False,
success,d930dfcb-fbcb-4a6f-a888-214e5bc2f640,/opt/nuclio/shared_storage/test/4/mnist_4_00200.png,"{'skeletonization_time_ms': 77.94025, 'contour_analysis_time_ms': 356.269583, 'classification_time_ms': 166.122167}",4,7,False,
success,7847b4ff-fc2c-4a5e-a4bc-9d5ab4c846e8,/opt/nuclio/shared_storage/test/3/mnist_3_test_00036.png,"{'skeletonization_time_ms': 94.145916, 'contour_analysis_time_ms': 373.037667, 'classification_time_ms': 267.199041}",3,5,False,
success,b1211d36-416a-4347-82f8-41d8268c1bd7,/opt/nuclio/shared_storage/test/2/mnist_2_00881.png,"{'skeletonization_time_ms': 75.751375, 'contour_analysis_time_ms': 220.65275, 'classification_time_ms': 59.935417}",2,7,False,
success,78b31f5f-eaa3-445d-9722-2dd1368e2c81,/opt/nuclio/shared_storage/test/4/mnist_4_00178.png,"{'skeletonization_time_ms': 56.525542, 'contour_analysis_time_ms': 222.720125, 'classification_time_ms': 60.200833}",4,7,False,
success,986d8a5e-aa16-46c0-9402-f68b53534534,/opt/nuclio/shared_storage/test/4/mnist_4_00180.png,"{'skeletonization_time_ms': 67.410625, 'contour_analysis_time_ms': 167.571917, 'classification_time_ms': 140.468667}",4,7,False,
success,fbbe772c-0bd9-41d4-8a29-27eb5e9301f0,/opt/nuclio/shared_storage/test/3/mnist_3_test_00197.png,"{'skeletonization_time_ms': 135.568542, 'contour_analysis_time_ms': 177.249875, 'classification_time_ms': 140.922958}",3,7,False,
success,a7ace186-f53b-4036-9c55-8be9620c1f1c,/opt/nuclio/shared_storage/test/3/mnist_3_00542.png,"{'skeletonization_time_ms': 119.500083, 'contour_analysis_time_ms': 213.208458, 'classification_time_ms': 143.741209}",3,5,False,
success,25857383-6969-431d-8d24-36587e4d2f94,/opt/nuclio/shared_storage/test/2/mnist_2_00673.png,"{'skeletonization_time_ms': 58.699375, 'contour_analysis_time_ms': 159.43275, 'classification_time_ms': 251.500916}",2,6,False,
success,73e453cb-c3f9-48d3-8e40-ec4d64b0584d,/opt/nuclio/shared_storage/test/4/mnist_4_test_00285.png,"{'skeletonization_time_ms': 124.557208, 'contour_analysis_time_ms': 251.859958, 'classification_time_ms': 132.305626}",4,9,False,
success,4a4ae8f2-94a5-413f-8a54-1b025030e456,/opt/nuclio/shared_storage/test/2/mnist_2_00856.png,"{'skeletonization_time_ms': 88.284875, 'contour_analysis_time_ms': 181.417625, 'classification_time_ms': 108.781416}",2,7,False,
success,2ca89095-95b8-4a0a-bb2a-fe7aecdfed45,/opt/nuclio/shared_storage/test/2/mnist_2_00852.png,"{'skeletonization_time_ms': 50.283584, 'contour_analysis_time_ms': 183.253417, 'classification_time_ms': 113.939125}",2,7,False,
success,b23d6322-7269-4b2e-970a-e1c43c05c4b9,/opt/nuclio/shared_storage/test/3/mnist_3_00034.png,"{'skeletonization_time_ms': 64.098792, 'contour_analysis_time_ms': 386.111333, 'classification_time_ms': 129.545541}",3,7,False,
success,4e4365dc-4a98-4cfa-b1a1-a9f3a03c4e90,/opt/nuclio/shared_storage/test/4/mnist_4_test_00465.png,"{'skeletonization_time_ms': 87.725416, 'contour_analysis_time_ms': 248.184875, 'classification_time_ms': 110.645584}",4,7,False,
success,ab582b85-6dd0-4ef8-90b7-649dcca450b2,/opt/nuclio/shared_storage/test/2/mnist_2_test_00175.png,"{'skeletonization_time_ms': 98.77925, 'contour_analysis_time_ms': 442.663709, 'classification_time_ms': 347.38825}",2,6,False,
success,a35209e9-e03c-4458-8235-54572fe4581e,/opt/nuclio/shared_storage/test/4/mnist_4_test_00048.png,"{'skeletonization_time_ms': 42.955708, 'contour_analysis_time_ms': 242.978125, 'classification_time_ms': 120.978083}",4,7,False,
success,1a4b5cdc-c492-4fb7-af02-c7694290b1cf,/opt/nuclio/shared_storage/test/4/mnist_4_00165.png,"{'skeletonization_time_ms': 72.811167, 'contour_analysis_time_ms': 204.021333, 'classification_time_ms': 127.951167}",4,7,False,
success,93f3b99d-85d6-4072-b44e-a85d7fc19e95,/opt/nuclio/shared_storage/test/3/mnist_3_00805.png,"{'skeletonization_time_ms': 61.058667, 'contour_analysis_time_ms': 186.273917, 'classification_time_ms': 97.905834}",3,7,False,
success,2d997cd7-f310-4314-9196-2fb23f05b4ab,/opt/nuclio/shared_storage/test/4/mnist_4_test_00332.png,"{'skeletonization_time_ms': 57.684333, 'contour_analysis_time_ms': 302.231042, 'classification_time_ms': 93.203875}",4,7,False,
success,ee53911c-08ac-44ba-934c-8f59af21de0e,/opt/nuclio/shared_storage/test/3/mnist_3_test_00147.png,"{'skeletonization_time_ms': 87.807959, 'contour_analysis_time_ms': 279.065166, 'classification_time_ms': 171.156416}",3,7,False,
success,0e03063a-a14a-4b60-8c80-4e8222932709,/opt/nuclio/shared_storage/test/3/mnist_3_00144.png,"{'skeletonization_time_ms': 82.49725, 'contour_analysis_time_ms': 361.890375, 'classification_time_ms': 220.476417}",3,5,False,
success,338b30d4-9379-497d-938c-3787ae0dcb33,/opt/nuclio/shared_storage/test/3/mnist_3_test_00080.png,"{'skeletonization_time_ms': 91.148, 'contour_analysis_time_ms': 312.691417, 'classification_time_ms': 310.090208}",3,4,False,
success,0d4a3b25-256a-44c5-b4be-f3b3449b978b,/opt/nuclio/shared_storage/test/3/mnist_3_00020.png,"{'skeletonization_time_ms': 105.751, 'contour_analysis_time_ms': 170.101333, 'classification_time_ms': 184.97325}",3,7,False,
success,56e588f2-11f7-400f-b434-6c863e1bd92e,/opt/nuclio/shared_storage/test/3/mnist_3_00222.png,"{'skeletonization_time_ms': 142.425584, 'contour_analysis_time_ms': 192.820292, 'classification_time_ms': 56.978125}",3,7,False,
success,6e214fb5-7480-4096-8aab-e84922f86fec,/opt/nuclio/shared_storage/test/4/mnist_4_00213.png,"{'skeletonization_time_ms': 60.441875, 'contour_analysis_time_ms': 311.608541, 'classification_time_ms': 439.875667}",4,9,False,
success,f68b2694-8d94-4311-9dea-cd5be224a105,/opt/nuclio/shared_storage/test/2/mnist_2_test_00002.png,"{'skeletonization_time_ms': 57.405917, 'contour_analysis_time_ms': 278.260334, 'classification_time_ms': 124.15875}",2,7,False,
success,184500bf-e373-47ec-82b6-58c95910917b,/opt/nuclio/shared_storage/test/2/mnist_2_test_00003.png,"{'skeletonization_time_ms': 78.0425, 'contour_analysis_time_ms': 424.325, 'classification_time_ms': 456.285751}",2,6,False,
success,54a5f318-e846-4f61-96ee-1cfaa7a5b9e1,/opt/nuclio/shared_storage/test/3/mnist_3_00839.png,"{'skeletonization_time_ms': 59.686459, 'contour_analysis_time_ms': 307.389959, 'classification_time_ms': 195.413166}",3,7,False,
success,166b0ac1-62a6-4c74-acff-0e3690441eb7,/opt/nuclio/shared_storage/test/4/mnist_4_00402.png,"{'skeletonization_time_ms': 76.310125, 'contour_analysis_time_ms': 250.983833, 'classification_time_ms': 58.460916}",4,7,False,
success,83ef513d-ee97-4f40-ab17-2c429da77cf7,/opt/nuclio/shared_storage/test/4/mnist_4_00113.png,"{'skeletonization_time_ms': 41.167625, 'contour_analysis_time_ms': 296.302542, 'classification_time_ms': 65.50075}",4,1,False,
success,3aff11c5-1ca2-4c25-bc72-ffad8327ef31,/opt/nuclio/shared_storage/test/3/mnist_3_00858.png,"{'skeletonization_time_ms': 34.251875, 'contour_analysis_time_ms': 269.78325, 'classification_time_ms': 164.370917}",3,7,False,
success,56258cad-101c-4ea0-88b4-e56db3a9cc58,/opt/nuclio/shared_storage/test/2/mnist_2_test_00229.png,"{'skeletonization_time_ms': 40.457875, 'contour_analysis_time_ms': 169.758667, 'classification_time_ms': 90.225541}",2,7,False,
success,0bbee488-1075-4007-89fd-a84e8988856f,/opt/nuclio/shared_storage/test/3/mnist_3_00126.png,"{'skeletonization_time_ms': 33.589458, 'contour_analysis_time_ms': 198.762667, 'classification_time_ms': 22.250208}",3,7,False,
success,74001b1b-7fa8-42d4-be50-7ef5e60f0b26,/opt/nuclio/shared_storage/test/3/mnist_3_test_00094.png,"{'skeletonization_time_ms': 44.191542, 'contour_analysis_time_ms': 179.290958, 'classification_time_ms': 59.588916}",3,7,False,
success,7c4d0dd5-92e8-43c7-aeb8-1b123050e60e,/opt/nuclio/shared_storage/test/2/mnist_2_test_00028.png,"{'skeletonization_time_ms': 51.979292, 'contour_analysis_time_ms': 338.877501, 'classification_time_ms': 119.267}",2,7,False,
success,afc2624a-8992-46f3-9284-095597a2399e,/opt/nuclio/shared_storage/test/3/mnist_3_test_00137.png,"{'skeletonization_time_ms': 93.028084, 'contour_analysis_time_ms': 221.025125, 'classification_time_ms': 119.208291}",3,7,False,
success,c06ffa22-45ac-452d-9825-231fb204debb,/opt/nuclio/shared_storage/test/2/mnist_2_00857.png,"{'skeletonization_time_ms': 56.758542, 'contour_analysis_time_ms': 266.700833, 'classification_time_ms': 259.428}",2,7,False,
success,e8717981-5f80-4e94-bac8-fab69e728a0f,/opt/nuclio/shared_storage/test/2/mnist_2_00699.png,"{'skeletonization_time_ms': 64.433208, 'contour_analysis_time_ms': 221.648584, 'classification_time_ms': 587.188333}",2,not classified,False,
success,74b796ad-42a7-403d-ba9c-7e3720fdd8bd,/opt/nuclio/shared_storage/test/3/mnist_3_00802.png,"{'skeletonization_time_ms': 77.044125, 'contour_analysis_time_ms': 390.108584, 'classification_time_ms': 131.3135}",3,7,False,
success,38ec430d-1b59-452c-8d96-c5a7aaf26d6a,/opt/nuclio/shared_storage/test/4/mnist_4_test_00362.png,"{'skeletonization_time_ms': 37.509208, 'contour_analysis_time_ms': 179.518958, 'classification_time_ms': 49.963041}",4,7,False,
success,b5630fa7-9dc5-4e6c-98c5-da27a3acc12c,/opt/nuclio/shared_storage/test/3/mnist_3_00627.png,"{'skeletonization_time_ms': 104.005001, 'contour_analysis_time_ms': 228.4335, 'classification_time_ms': 162.411042}",3,7,False,
success,73817d83-2760-4762-8f97-117c4ffe4081,/opt/nuclio/shared_storage/test/3/mnist_3_00814.png,"{'skeletonization_time_ms': 51.78575, 'contour_analysis_time_ms': 236.989875, 'classification_time_ms': 141.274958}",3,7,False,
success,cca32451-7eef-42ac-bfa4-d96b8a6852ec,/opt/nuclio/shared_storage/test/4/mnist_4_00151.png,"{'skeletonization_time_ms': 46.815625, 'contour_analysis_time_ms': 273.928167, 'classification_time_ms': 138.201334}",4,7,False,
success,4578eb29-38a4-4eba-9365-3d71f2eb4be2,/opt/nuclio/shared_storage/test/3/mnist_3_00124.png,"{'skeletonization_time_ms': 84.367916, 'contour_analysis_time_ms': 516.699583, 'classification_time_ms': 199.696375}",3,7,False,
success,a19a077a-3e0d-4b97-97fa-1fcbd863b2f1,/opt/nuclio/shared_storage/test/3/mnist_3_00508.png,"{'skeletonization_time_ms': 35.964208, 'contour_analysis_time_ms': 189.810125, 'classification_time_ms': 72.655458}",3,1,False,
success,f19f5181-ff5b-41a3-890a-5dd229f841d8,/opt/nuclio/shared_storage/test/3/mnist_3_00768.png,"{'skeletonization_time_ms': 65.7845, 'contour_analysis_time_ms': 227.615626, 'classification_time_ms': 145.16525}",3,5,False,
success,b8a2387d-bd0a-4622-817f-ae8560ede30b,/opt/nuclio/shared_storage/test/3/mnist_3_00975.png,"{'skeletonization_time_ms': 102.111042, 'contour_analysis_time_ms': 310.248292, 'classification_time_ms': 121.326792}",3,7,False,
success,16d33930-c0db-49fc-87a3-9c098c7fc738,/opt/nuclio/shared_storage/test/3/mnist_3_00751.png,"{'skeletonization_time_ms': 74.454111, 'contour_analysis_time_ms': 322.870042, 'classification_time_ms': 404.291417}",3,7,False,
success,9c21bb6a-2f4d-4180-a1e6-fb29be49da6c,/opt/nuclio/shared_storage/test/4/mnist_4_00075.png,"{'skeletonization_time_ms': 35.561666, 'contour_analysis_time_ms': 600.096334, 'classification_time_ms': 210.764292}",4,7,False,
success,1aef9dd8-1b24-44b9-89f1-9ddf754da07c,/opt/nuclio/shared_storage/test/3/mnist_3_00209.png,"{'skeletonization_time_ms': 54.412042, 'contour_analysis_time_ms': 669.74525, 'classification_time_ms': 149.160584}",3,2,False,
success,e4e06644-741e-45c8-9e1e-da79d6fd61a7,/opt/nuclio/shared_storage/test/3/mnist_3_00642.png,"{'skeletonization_time_ms': 163.2405, 'contour_analysis_time_ms': 620.681917, 'classification_time_ms': 239.186333}",3,6,False,
success,3211ccba-f817-4c33-96d4-693779cb0538,/opt/nuclio/shared_storage/test/3/mnist_3_00052.png,"{'skeletonization_time_ms': 79.886042, 'contour_analysis_time_ms': 185.213666, 'classification_time_ms': 120.832417}",3,5,False,
success,1e00d2b1-fdcd-40ec-a220-5ebbb5b668b1,/opt/nuclio/shared_storage/test/3/mnist_3_00735.png,"{'skeletonization_time_ms': 41.747959, 'contour_analysis_time_ms': 484.646834, 'classification_time_ms': 118.758416}",3,5,False,
success,b2b394b9-ff8c-4761-9127-f6235faee6e7,/opt/nuclio/shared_storage/test/4/mnist_4_test_00606.png,"{'skeletonization_time_ms': 64.691916, 'contour_analysis_time_ms': 207.6885, 'classification_time_ms': 103.894958}",4,7,False,
success,fa922008-702b-4f47-90f3-8101ac694ca8,/opt/nuclio/shared_storage/test/4/mnist_4_test_00229.png,"{'skeletonization_time_ms': 47.23225, 'contour_analysis_time_ms': 313.264542, 'classification_time_ms': 113.127208}",4,1,False,
success,cbb51171-ea1a-43a4-ac33-92b826aef811,/opt/nuclio/shared_storage/test/3/mnist_3_00906.png,"{'skeletonization_time_ms': 45.147792, 'contour_analysis_time_ms': 273.854792, 'classification_time_ms': 122.477}",3,7,False,
success,ff009742-75c8-4ad8-8885-21d33a7da128,/opt/nuclio/shared_storage/test/3/mnist_3_00535.png,"{'skeletonization_time_ms': 27.64625, 'contour_analysis_time_ms': 162.247625, 'classification_time_ms': 121.918125}",3,7,False,
success,a88407ca-5865-4c5e-bdd1-3fbc24741b31,/opt/nuclio/shared_storage/test/3/mnist_3_00859.png,"{'skeletonization_time_ms': 41.52775, 'contour_analysis_time_ms': 189.233875, 'classification_time_ms': 51.696417}",3,7,False,
success,d34aaa48-5b0c-44fa-bcc6-f0de70e87701,/opt/nuclio/shared_storage/test/4/mnist_4_00313.png,"{'skeletonization_time_ms': 38.147125, 'contour_analysis_time_ms': 251.678834, 'classification_time_ms': 137.8}",4,1,False,
success,9fe19cd7-1935-4e30-ada6-138d59cb4343,/opt/nuclio/shared_storage/test/4/mnist_4_00116.png,"{'skeletonization_time_ms': 40.304209, 'contour_analysis_time_ms': 257.401833, 'classification_time_ms': 75.415125}",4,7,False,
success,86f181e8-ee24-4967-b2b6-823380e4c740,/opt/nuclio/shared_storage/test/3/mnist_3_00888.png,"{'skeletonization_time_ms': 37.433458, 'contour_analysis_time_ms': 776.497667, 'classification_time_ms': 165.252417}",3,7,False,
success,8bcd6b30-ac6b-46cd-a2ab-9c46943eac39,/opt/nuclio/shared_storage/test/3/mnist_3_00208.png,"{'skeletonization_time_ms': 83.499333, 'contour_analysis_time_ms': 796.47, 'classification_time_ms': 302.087167}",3,6,False,
success,00b373be-4fbc-40e8-9aff-a4619a0c7e05,/opt/nuclio/shared_storage/test/3/mnist_3_00331.png,"{'skeletonization_time_ms': 108.509708, 'contour_analysis_time_ms': 247.519834, 'classification_time_ms': 96.770167}",3,7,False,
success,cf1ceb0f-143a-4639-bd8e-910f3996daa8,/opt/nuclio/shared_storage/test/3/mnist_3_test_00091.png,"{'skeletonization_time_ms': 83.68975, 'contour_analysis_time_ms': 196.096458, 'classification_time_ms': 24.967667}",3,7,False,
success,2e5187ab-099e-412a-b00d-bea85fbd02c5,/opt/nuclio/shared_storage/test/4/mnist_4_test_00411.png,"{'skeletonization_time_ms': 29.022916, 'contour_analysis_time_ms': 248.127416, 'classification_time_ms': 446.185583}",4,1,False,
success,773b83a7-cc07-4728-9668-e82509e8261b,/opt/nuclio/shared_storage/test/3/mnist_3_test_00082.png,"{'skeletonization_time_ms': 91.231625, 'contour_analysis_time_ms': 640.861208, 'classification_time_ms': 201.988292}",3,7,False,
success,02d1d36d-d98d-4508-97f1-e0e342688d95,/opt/nuclio/shared_storage/test/4/mnist_4_test_00105.png,"{'skeletonization_time_ms': 29.03325, 'contour_analysis_time_ms': 473.122458, 'classification_time_ms': 360.056542}",4,1,False,
success,27fc4b14-59c4-4322-96e3-197df7d44bd3,/opt/nuclio/shared_storage/test/3/mnist_3_test_00127.png,"{'skeletonization_time_ms': 180.550375, 'contour_analysis_time_ms': 465.084084, 'classification_time_ms': 293.997667}",3,7,False,
success,e985add5-bf12-4371-922e-469dd8c2d7ea,/opt/nuclio/shared_storage/test/4/mnist_4_00298.png,"{'skeletonization_time_ms': 40.374709, 'contour_analysis_time_ms': 290.596709, 'classification_time_ms': 60.156958}",4,7,False,
success,e44316e4-1a58-43e1-a0c9-0e6c7534bd32,/opt/nuclio/shared_storage/test/4/mnist_4_test_00589.png,"{'skeletonization_time_ms': 57.864541, 'contour_analysis_time_ms': 233.717916, 'classification_time_ms': 55.999041}",4,7,False,
success,7e556969-aef9-44a3-a181-701e52592385,/opt/nuclio/shared_storage/test/3/mnist_3_00644.png,"{'skeletonization_time_ms': 87.996625, 'contour_analysis_time_ms': 328.919791, 'classification_time_ms': 416.715167}",3,7,False,
success,a91dab75-a1da-4fdf-86d8-986b1febf4f0,/opt/nuclio/shared_storage/test/4/mnist_4_test_00217.png,"{'skeletonization_time_ms': 69.450416, 'contour_analysis_time_ms': 338.697167, 'classification_time_ms': 83.732791}",4,1,False,
success,fef80f52-ff36-439a-8823-ba481493d4e3,/opt/nuclio/shared_storage/test/3/mnist_3_00083.png,"{'skeletonization_time_ms': 33.479459, 'contour_analysis_time_ms': 250.558042, 'classification_time_ms': 69.462167}",3,7,False,
success,f8dc6ccb-2e86-4ab6-84f5-c1d1133a893b,/opt/nuclio/shared_storage/test/3/mnist_3_00383.png,"{'skeletonization_time_ms': 67.652083, 'contour_analysis_time_ms': 292.339792, 'classification_time_ms': 468.492959}",3,5,False,
success,b5daa3e7-580e-4b08-9508-884c0305c00c,/opt/nuclio/shared_storage/test/4/mnist_4_test_00515.png,"{'skeletonization_time_ms': 42.645125, 'contour_analysis_time_ms': 221.241459, 'classification_time_ms': 167.183834}",4,7,False,
success,5ef93b1f-0739-4760-8358-9e33fc1572de,/opt/nuclio/shared_storage/test/4/mnist_4_test_00176.png,"{'skeletonization_time_ms': 61.767416, 'contour_analysis_time_ms': 336.145042, 'classification_time_ms': 226.287417}",4,1,False,
success,7b4b3138-4a43-4b93-8bae-deb11b2e0975,/opt/nuclio/shared_storage/test/3/mnist_3_00874.png,"{'skeletonization_time_ms': 54.887542, 'contour_analysis_time_ms': 364.331625, 'classification_time_ms': 289.22525}",3,5,False,
success,9e3f447f-8350-4398-ab12-206096b61edd,/opt/nuclio/shared_storage/test/3/mnist_3_00902.png,"{'skeletonization_time_ms': 76.3025, 'contour_analysis_time_ms': 475.704959, 'classification_time_ms': 190.489167}",3,7,False,
success,9b488213-10a2-47c9-8d67-945087a99d13,/opt/nuclio/shared_storage/test/3/mnist_3_00803.png,"{'skeletonization_time_ms': 71.061917, 'contour_analysis_time_ms': 363.8615, 'classification_time_ms': 83.389667}",3,7,False,
success,48b6ad5b-f633-4fd4-bf89-77cac1b64e97,/opt/nuclio/shared_storage/test/3/mnist_3_00443.png,"{'skeletonization_time_ms': 100.683375, 'contour_analysis_time_ms': 214.512625, 'classification_time_ms': 73.790042}",3,7,False,
success,fa48f722-8131-44b7-9f37-6e578e811308,/opt/nuclio/shared_storage/test/3/mnist_3_00905.png,"{'skeletonization_time_ms': 103.604584, 'contour_analysis_time_ms': 225.853875, 'classification_time_ms': 113.889291}",3,7,False,
success,f15e6d46-cd64-4671-9563-7794bfe92340,/opt/nuclio/shared_storage/test/3/mnist_3_00866.png,"{'skeletonization_time_ms': 104.723792, 'contour_analysis_time_ms': 185.068666, 'classification_time_ms': 121.936041}",3,7,False,
success,b90b70c3-5684-4d0b-9b28-9b2acd448a89,/opt/nuclio/shared_storage/test/3/mnist_3_00697.png,"{'skeletonization_time_ms': 47.17125, 'contour_analysis_time_ms': 309.624, 'classification_time_ms': 163.367583}",3,5,False,
success,31ef6ccb-64dc-4672-bb90-d31424bb9fa4,/opt/nuclio/shared_storage/test/3/mnist_3_00118.png,"{'skeletonization_time_ms': 31.352458, 'contour_analysis_time_ms': 373.590292, 'classification_time_ms': 93.201917}",3,7,False,
success,f2d2f7d7-f9ed-4b2d-958d-d7594ccf2da2,/opt/nuclio/shared_storage/test/3/mnist_3_00009.png,"{'skeletonization_time_ms': 47.986875, 'contour_analysis_time_ms': 182.977792, 'classification_time_ms': 246.628625}",3,7,False,
success,ba23416e-0b88-424b-af2d-7ce61725ebf7,/opt/nuclio/shared_storage/test/4/mnist_4_test_00477.png,"{'skeletonization_time_ms': 84.254792, 'contour_analysis_time_ms': 321.060834, 'classification_time_ms': 98.835917}",4,1,False,
success,77e11c4f-6168-47e9-95be-57471a1cb66f,/opt/nuclio/shared_storage/test/4/mnist_4_test_00128.png,"{'skeletonization_time_ms': 49.734542, 'contour_analysis_time_ms': 177.793125, 'classification_time_ms': 150.468}",4,7,False,
success,4095bc3e-e114-46c9-bd50-865f0f303d8c,/opt/nuclio/shared_storage/test/4/mnist_4_00428.png,"{'skeletonization_time_ms': 154.816041, 'contour_analysis_time_ms': 168.97275, 'classification_time_ms': 99.636625}",4,1,False,
success,dcbe546e-d3ba-4e27-9395-3d9b67ace885,/opt/nuclio/shared_storage/test/3/mnist_3_00734.png,"{'skeletonization_time_ms': 52.754292, 'contour_analysis_time_ms': 219.134584, 'classification_time_ms': 103.208666}",3,7,False,
success,f0d7cf47-ff04-4c2b-a72b-44f7f42343e4,/opt/nuclio/shared_storage/test/4/mnist_4_00374.png,"{'skeletonization_time_ms': 104.818833, 'contour_analysis_time_ms': 216.322417, 'classification_time_ms': 143.118334}",4,7,False,
success,8810821f-1ea3-4298-9de1-4e137dc081c2,/opt/nuclio/shared_storage/test/3/mnist_3_test_00190.png,"{'skeletonization_time_ms': 25.36225, 'contour_analysis_time_ms': 267.503917, 'classification_time_ms': 91.830917}",3,7,False,
success,68c9d3a6-1958-415d-8cdd-888d170c5a76,/opt/nuclio/shared_storage/test/4/mnist_4_test_00573.png,"{'skeletonization_time_ms': 50.636041, 'contour_analysis_time_ms': 282.777959, 'classification_time_ms': 58.326667}",4,1,False,
success,08ac936c-ed21-4f0b-b5d4-55f80aea2d59,/opt/nuclio/shared_storage/test/3/mnist_3_00696.png,"{'skeletonization_time_ms': 34.791125, 'contour_analysis_time_ms': 213.549417, 'classification_time_ms': 281.553709}",3,5,False,
success,1227ef84-3a8a-49b0-96dc-2c8b385305c3,/opt/nuclio/shared_storage/test/3/mnist_3_00668.png,"{'skeletonization_time_ms': 67.631834, 'contour_analysis_time_ms': 202.053667, 'classification_time_ms': 49.109375}",3,7,False,
success,03cfefe7-c0e8-4a89-8e43-5ec2832765ba,/opt/nuclio/shared_storage/test/4/mnist_4_00238.png,"{'skeletonization_time_ms': 71.770792, 'contour_analysis_time_ms': 153.592125, 'classification_time_ms': 111.228125}",4,7,False,
success,00b4ed9b-070b-41cb-846c-977d9ecfb0d7,/opt/nuclio/shared_storage/test/3/mnist_3_00876.png,"{'skeletonization_time_ms': 70.765792, 'contour_analysis_time_ms': 186.865542, 'classification_time_ms': 318.30975}",3,9,False,
success,b1c9685c-71c1-4150-802c-c2698f09369e,/opt/nuclio/shared_storage/test/3/mnist_3_test_00146.png,"{'skeletonization_time_ms': 53.315417, 'contour_analysis_time_ms': 263.572625, 'classification_time_ms': 100.639084}",3,7,False,
success,15198ffa-9de5-4eb6-9ca6-b0bd013867cb,/opt/nuclio/shared_storage/test/4/mnist_4_test_00172.png,"{'skeletonization_time_ms': 98.762875, 'contour_analysis_time_ms': 277.9145, 'classification_time_ms': 29.317459}",4,7,False,
success,c876c73e-0b26-44ea-a5de-73a401a0a011,/opt/nuclio/shared_storage/test/4/mnist_4_00111.png,"{'skeletonization_time_ms': 52.084875, 'contour_analysis_time_ms': 201.26525, 'classification_time_ms': 64.167292}",4,7,False,
success,05aee88a-a5cb-4a82-8e9f-45b7a51a04a2,/opt/nuclio/shared_storage/test/4/mnist_4_test_00413.png,"{'skeletonization_time_ms': 89.834458, 'contour_analysis_time_ms': 413.512792, 'classification_time_ms': 267.533709}",4,1,False,
success,c77854d4-7be7-4023-8946-7e19bab94771,/opt/nuclio/shared_storage/test/3/mnist_3_00509.png,"{'skeletonization_time_ms': 122.874916, 'contour_analysis_time_ms': 534.855459, 'classification_time_ms': 178.027875}",3,5,False,
success,a40616a5-e064-4416-a296-103b3eb30627,/opt/nuclio/shared_storage/test/3/mnist_3_00419.png,"{'skeletonization_time_ms': 32.778208, 'contour_analysis_time_ms': 224.457125, 'classification_time_ms': 148.808042}",3,7,False,
success,4dabf2b3-7e14-4b7d-a50c-8b055f99dd67,/opt/nuclio/shared_storage/test/4/mnist_4_test_00072.png,"{'skeletonization_time_ms': 139.634667, 'contour_analysis_time_ms': 176.819958, 'classification_time_ms': 99.978083}",4,7,False,
success,21623d1b-63ae-475e-aa8f-03b3523b67ff,/opt/nuclio/shared_storage/test/3/mnist_3_00232.png,"{'skeletonization_time_ms': 110.083541, 'contour_analysis_time_ms': 166.48225, 'classification_time_ms': 99.579209}",3,7,False,
success,161a315d-832c-4600-a0d0-cf20c46d74d0,/opt/nuclio/shared_storage/test/3/mnist_3_00397.png,"{'skeletonization_time_ms': 51.961792, 'contour_analysis_time_ms': 147.921958, 'classification_time_ms': 60.460209}",3,7,False,
success,486335e0-6234-421b-adf4-8d1189c09cf6,/opt/nuclio/shared_storage/test/3/mnist_3_00496.png,"{'skeletonization_time_ms': 109.712375, 'contour_analysis_time_ms': 213.720166, 'classification_time_ms': 67.563416}",3,7,False,
success,211b1198-46b0-4f6f-bb5c-1c01eda88736,/opt/nuclio/shared_storage/test/3/mnist_3_00900.png,"{'skeletonization_time_ms': 117.027834, 'contour_analysis_time_ms': 150.531376, 'classification_time_ms': 171.117292}",3,5,False,
success,a149424b-eac5-487c-a104-dd1d2229b902,/opt/nuclio/shared_storage/test/5/mnist_5_test_00018.png,"{'skeletonization_time_ms': 48.28725, 'contour_analysis_time_ms': 205.153417, 'classification_time_ms': 123.323709}",5,3,False,
success,250c4227-96fb-4fb1-9619-cc1f96654596,/opt/nuclio/shared_storage/test/3/mnist_3_00534.png,"{'skeletonization_time_ms': 123.592458, 'contour_analysis_time_ms': 260.7415, 'classification_time_ms': 239.25125}",3,7,False,
success,4b07f8c0-7faf-4f60-99c0-ba4556d16c99,/opt/nuclio/shared_storage/test/5/mnist_5_test_00287.png,"{'skeletonization_time_ms': 72.796833, 'contour_analysis_time_ms': 135.872625, 'classification_time_ms': 77.624583}",5,7,False,
success,d3653f8d-cfc9-4313-ac5e-afbf32615604,/opt/nuclio/shared_storage/test/3/mnist_3_00426.png,"{'skeletonization_time_ms': 41.130958, 'contour_analysis_time_ms': 218.821708, 'classification_time_ms': 98.971417}",3,7,False,
success,7359e99d-1a3e-463c-b929-35e9b15098d6,/opt/nuclio/shared_storage/test/3/mnist_3_test_00128.png,"{'skeletonization_time_ms': 54.587, 'contour_analysis_time_ms': 191.192084, 'classification_time_ms': 70.618916}",3,7,False,
success,94b664b5-c659-4980-a0c9-a4df10624121,/opt/nuclio/shared_storage/test/3/mnist_3_00653.png,"{'skeletonization_time_ms': 54.528417, 'contour_analysis_time_ms': 165.970625, 'classification_time_ms': 181.891167}",3,7,False,
success,ab977336-a2c7-4300-9524-75e1564ebfd1,/opt/nuclio/shared_storage/test/4/mnist_4_00248.png,"{'skeletonization_time_ms': 135.283083, 'contour_analysis_time_ms': 202.105042, 'classification_time_ms': 175.988042}",4,1,False,
success,2ea99bef-6413-4a9b-80e1-eb9e3202f9e6,/opt/nuclio/shared_storage/test/5/mnist_5_test_00232.png,"{'skeletonization_time_ms': 49.407167, 'contour_analysis_time_ms': 200.176542, 'classification_time_ms': 117.41875}",5,2,False,
success,ea70f232-5b4d-43c2-b49b-1ea398450f9a,/opt/nuclio/shared_storage/test/3/mnist_3_00649.png,"{'skeletonization_time_ms': 57.795375, 'contour_analysis_time_ms': 199.560917, 'classification_time_ms': 55.038251}",3,7,False,
success,35228220-f384-4d68-9f22-8a2ffb2315de,/opt/nuclio/shared_storage/test/3/mnist_3_00290.png,"{'skeletonization_time_ms': 220.592709, 'contour_analysis_time_ms': 202.542417, 'classification_time_ms': 102.715792}",3,7,False,
success,400daf18-439c-45b3-8b74-350f76f650aa,/opt/nuclio/shared_storage/test/5/mnist_5_00157.png,"{'skeletonization_time_ms': 96.162708, 'contour_analysis_time_ms': 236.886333, 'classification_time_ms': 36.3035}",5,2,False,
success,8051d69b-b525-471e-b76f-2c63deb46a35,/opt/nuclio/shared_storage/test/3/mnist_3_00730.png,"{'skeletonization_time_ms': 36.580333, 'contour_analysis_time_ms': 354.451625, 'classification_time_ms': 124.232333}",3,7,False,
success,9091a262-90f9-444e-ad2d-976ba8c7fbc7,/opt/nuclio/shared_storage/test/3/mnist_3_00251.png,"{'skeletonization_time_ms': 34.303125, 'contour_analysis_time_ms': 213.323167, 'classification_time_ms': 29.986375}",3,7,False,
success,f409768d-682f-4bba-991e-057be1dbb5da,/opt/nuclio/shared_storage/test/3/mnist_3_00123.png,"{'skeletonization_time_ms': 171.828875, 'contour_analysis_time_ms': 245.268042, 'classification_time_ms': 130.623291}",3,7,False,
success,ce35633b-9f7c-4cf3-a474-d8e1599fb24b,/opt/nuclio/shared_storage/test/3/mnist_3_00679.png,"{'skeletonization_time_ms': 64.641583, 'contour_analysis_time_ms': 273.515584, 'classification_time_ms': 142.269542}",3,7,False,
success,fd491afa-a030-4569-b6be-583c8edef69e,/opt/nuclio/shared_storage/test/3/mnist_3_00056.png,"{'skeletonization_time_ms': 43.810667, 'contour_analysis_time_ms': 193.580542, 'classification_time_ms': 114.453667}",3,7,False,
success,d6373827-edc6-4276-88b6-7c347f15e8f6,/opt/nuclio/shared_storage/test/3/mnist_3_00519.png,"{'skeletonization_time_ms': 64.060876, 'contour_analysis_time_ms': 211.016833, 'classification_time_ms': 54.703833}",3,7,False,
success,8088b051-33df-4b13-ad96-be63a023bc4e,/opt/nuclio/shared_storage/test/3/mnist_3_00320.png,"{'skeletonization_time_ms': 77.495625, 'contour_analysis_time_ms': 300.937042, 'classification_time_ms': 591.168542}",3,6,False,
success,90cca1b0-31bd-44a7-a6b0-394a483c9b29,/opt/nuclio/shared_storage/test/3/mnist_3_00732.png,"{'skeletonization_time_ms': 53.180458, 'contour_analysis_time_ms': 464.881126, 'classification_time_ms': 49.319667}",3,7,False,
success,3e876ea4-14e6-4b03-a905-7b280908e947,/opt/nuclio/shared_storage/test/3/mnist_3_00516.png,"{'skeletonization_time_ms': 331.799125, 'contour_analysis_time_ms': 421.730375, 'classification_time_ms': 409.862709}",3,7,False,
success,d7f3a881-4aad-430c-a4a4-7dcc70d63e02,/opt/nuclio/shared_storage/test/3/mnist_3_test_00074.png,"{'skeletonization_time_ms': 73.108875, 'contour_analysis_time_ms': 246.4195, 'classification_time_ms': 305.294584}",3,7,False,
success,05ac04a6-d8cb-402b-8212-d858de21338d,/opt/nuclio/shared_storage/test/3/mnist_3_00479.png,"{'skeletonization_time_ms': 43.087792, 'contour_analysis_time_ms': 246.129417, 'classification_time_ms': 207.324542}",3,7,False,
success,2ef9d03c-105d-4932-8207-a16e4c200b47,/opt/nuclio/shared_storage/test/3/mnist_3_00720.png,"{'skeletonization_time_ms': 148.981334, 'contour_analysis_time_ms': 287.235, 'classification_time_ms': 104.441042}",3,7,False,
success,8e41d4ed-9360-45ad-99d9-61c8cc84ed6e,/opt/nuclio/shared_storage/test/5/mnist_5_test_00579.png,"{'skeletonization_time_ms': 65.317334, 'contour_analysis_time_ms': 184.327459, 'classification_time_ms': 105.100125}",5,2,False,
success,7825c427-b109-474c-bc7e-fd53dbf565ea,/opt/nuclio/shared_storage/test/3/mnist_3_00660.png,"{'skeletonization_time_ms': 50.8015, 'contour_analysis_time_ms': 186.75775, 'classification_time_ms': 702.497001}",3,9,False,
success,b4421a38-6422-4c05-9074-a60b2fe517d6,/opt/nuclio/shared_storage/test/3/mnist_3_00193.png,"{'skeletonization_time_ms': 62.302041, 'contour_analysis_time_ms': 360.184959, 'classification_time_ms': 222.741166}",3,6,False,
success,af06f237-65b5-494f-ad17-49c247a34ac3,/opt/nuclio/shared_storage/test/5/mnist_5_test_00230.png,"{'skeletonization_time_ms': 69.571291, 'contour_analysis_time_ms': 301.446334, 'classification_time_ms': 346.198417}",5,9,False,
success,59b97024-05fd-4812-b39c-87569689b7a9,/opt/nuclio/shared_storage/test/5/mnist_5_00143.png,"{'skeletonization_time_ms': 42.705167, 'contour_analysis_time_ms': 228.586958, 'classification_time_ms': 114.524416}",5,7,False,
success,8719e012-cc05-40dc-93a3-729bffb084c7,/opt/nuclio/shared_storage/test/3/mnist_3_00045.png,"{'skeletonization_time_ms': 90.686458, 'contour_analysis_time_ms': 205.4695, 'classification_time_ms': 199.357125}",3,7,False,
success,5e7464fb-5fa7-4939-ae22-b306cf6d9f00,/opt/nuclio/shared_storage/test/3/mnist_3_00325.png,"{'skeletonization_time_ms': 43.570416, 'contour_analysis_time_ms': 211.215917, 'classification_time_ms': 144.062167}",3,5,False,
success,0c34c091-b010-4d1f-ae0b-a201ec86576a,/opt/nuclio/shared_storage/test/3/mnist_3_00491.png,"{'skeletonization_time_ms': 191.360875, 'contour_analysis_time_ms': 198.942375, 'classification_time_ms': 141.591834}",3,7,False,
success,b5b82542-3e08-4492-9f66-dfaff3e23e34,/opt/nuclio/shared_storage/test/3/mnist_3_00716.png,"{'skeletonization_time_ms': 59.723125, 'contour_analysis_time_ms': 227.487834, 'classification_time_ms': 51.898625}",3,7,False,
success,04003b89-3662-4d03-b487-2d3b6461f1f8,/opt/nuclio/shared_storage/test/4/mnist_4_test_00560.png,"{'skeletonization_time_ms': 193.330167, 'contour_analysis_time_ms': 168.601708, 'classification_time_ms': 192.904459}",4,1,False,
success,53ebd8b5-2743-4163-9737-5a233d8d3b9c,/opt/nuclio/shared_storage/test/3/mnist_3_00736.png,"{'skeletonization_time_ms': 143.127542, 'contour_analysis_time_ms': 330.317541, 'classification_time_ms': 148.773376}",3,7,False,
success,90a8cadf-3d6d-440e-8799-a601f8245f8f,/opt/nuclio/shared_storage/test/3/mnist_3_00063.png,"{'skeletonization_time_ms': 51.889667, 'contour_analysis_time_ms': 213.171459, 'classification_time_ms': 216.646334}",3,7,False,
success,5e83d38e-b8d3-4c56-ac9e-2cc6b7805836,/opt/nuclio/shared_storage/test/3/mnist_3_test_00129.png,"{'skeletonization_time_ms': 61.815375, 'contour_analysis_time_ms': 362.372959, 'classification_time_ms': 148.079083}",3,7,False,
success,e995a50b-2e5b-4206-a122-6bfb42ee0361,/opt/nuclio/shared_storage/test/5/mnist_5_test_00641.png,"{'skeletonization_time_ms': 57.969875, 'contour_analysis_time_ms': 173.018459, 'classification_time_ms': 270.313542}",5,6,False,
success,0ad5f433-c385-41a2-8fea-9810ce9566bc,/opt/nuclio/shared_storage/test/3/mnist_3_00937.png,"{'skeletonization_time_ms': 330.857792, 'contour_analysis_time_ms': 236.829208, 'classification_time_ms': 336.646209}",3,7,False,
success,da791f8c-ce63-4503-ace1-08e09d6269f6,/opt/nuclio/shared_storage/test/3/mnist_3_00298.png,"{'skeletonization_time_ms': 178.12475, 'contour_analysis_time_ms': 220.192583, 'classification_time_ms': 155.345375}",3,7,False,
success,5b8365d5-c2d5-4c0c-9bb1-7483a5a40646,/opt/nuclio/shared_storage/test/3/mnist_3_00894.png,"{'skeletonization_time_ms': 32.762541, 'contour_analysis_time_ms': 247.772625, 'classification_time_ms': 176.106583}",3,7,False,
success,fba9e0b4-6a71-4e66-ae6f-49c614576956,/opt/nuclio/shared_storage/test/3/mnist_3_00472.png,"{'skeletonization_time_ms': 66.657917, 'contour_analysis_time_ms': 323.159875, 'classification_time_ms': 286.619792}",3,5,False,
success,46f4de49-07b1-4f7e-a92b-0744cc2e39f7,/opt/nuclio/shared_storage/test/3/mnist_3_00116.png,"{'skeletonization_time_ms': 59.563375, 'contour_analysis_time_ms': 343.186167, 'classification_time_ms': 57.059}",3,7,False,
success,af4bd9fa-7025-4f58-8d42-10ac7f353210,/opt/nuclio/shared_storage/test/3/mnist_3_00885.png,"{'skeletonization_time_ms': 37.347958, 'contour_analysis_time_ms': 340.782792, 'classification_time_ms': 131.453917}",3,7,False,
success,7fd83d69-7a86-4ebe-b1ab-fc7a1548f496,/opt/nuclio/shared_storage/test/5/mnist_5_00033.png,"{'skeletonization_time_ms': 36.277625, 'contour_analysis_time_ms': 289.500083, 'classification_time_ms': 196.081875}",5,6,False,
success,a6d1d2ba-a299-4c29-a890-b030ebe04b67,/opt/nuclio/shared_storage/test/3/mnist_3_00336.png,"{'skeletonization_time_ms': 114.437875, 'contour_analysis_time_ms': 218.135459, 'classification_time_ms': 135.365334}",3,7,False,
success,8816e74a-6dd9-40bf-a969-21d864ad5195,/opt/nuclio/shared_storage/test/3/mnist_3_00664.png,"{'skeletonization_time_ms': 51.052208, 'contour_analysis_time_ms': 258.434958, 'classification_time_ms': 116.9935}",3,7,False,
success,3bf7e7c5-e346-4d92-991e-9895cff6b454,/opt/nuclio/shared_storage/test/3/mnist_3_00057.png,"{'skeletonization_time_ms': 139.310626, 'contour_analysis_time_ms': 214.7015, 'classification_time_ms': 52.952958}",3,7,False,
success,780c0236-cb8c-4640-8f59-005442f0ec80,/opt/nuclio/shared_storage/test/3/mnist_3_00854.png,"{'skeletonization_time_ms': 31.91625, 'contour_analysis_time_ms': 181.602916, 'classification_time_ms': 136.551792}",3,7,False,
success,28e6d778-652b-4211-bbdc-6f80ff0e83d9,/opt/nuclio/shared_storage/test/3/mnist_3_test_00102.png,"{'skeletonization_time_ms': 43.831834, 'contour_analysis_time_ms': 188.097626, 'classification_time_ms': 51.38975}",3,7,False,
success,77b0a356-8b9d-41a7-81c3-4d6d9f0cf5c9,/opt/nuclio/shared_storage/test/5/mnist_5_test_00421.png,"{'skeletonization_time_ms': 38.350792, 'contour_analysis_time_ms': 185.921208, 'classification_time_ms': 136.895875}",5,9,False,
success,6d172f2c-7bfe-40a9-a8a5-239a29987d02,/opt/nuclio/shared_storage/test/5/mnist_5_test_00409.png,"{'skeletonization_time_ms': 123.795584, 'contour_analysis_time_ms': 226.636667, 'classification_time_ms': 107.247166}",5,7,False,
success,463e3192-6dbf-4a1f-8173-bbf829e08393,/opt/nuclio/shared_storage/test/5/mnist_5_00445.png,"{'skeletonization_time_ms': 51.881167, 'contour_analysis_time_ms': 185.719042, 'classification_time_ms': 75.462959}",5,7,False,
success,cdd3144d-b52b-4d94-bb7a-5ba81d229326,/opt/nuclio/shared_storage/test/3/mnist_3_00304.png,"{'skeletonization_time_ms': 75.392625, 'contour_analysis_time_ms': 285.894417, 'classification_time_ms': 96.39575}",3,5,False,
success,04938ee4-eeb1-4505-b4be-5a6b0ca9cd06,/opt/nuclio/shared_storage/test/3/mnist_3_00531.png,"{'skeletonization_time_ms': 80.559917, 'contour_analysis_time_ms': 264.358417, 'classification_time_ms': 179.482834}",3,7,False,
success,e80287b7-0381-4f71-a045-85469ac177ac,/opt/nuclio/shared_storage/test/3/mnist_3_test_00067.png,"{'skeletonization_time_ms': 98.2555, 'contour_analysis_time_ms': 561.077875, 'classification_time_ms': 295.124208}",3,7,False,
success,454a5b33-3465-469b-9888-cd6c2adf01fc,/opt/nuclio/shared_storage/test/3/mnist_3_test_00073.png,"{'skeletonization_time_ms': 66.62025, 'contour_analysis_time_ms': 299.33225, 'classification_time_ms': 103.60525}",3,7,False,
success,75efd6bc-e715-4902-a1c6-33ca39a3a083,/opt/nuclio/shared_storage/test/3/mnist_3_test_00063.png,"{'skeletonization_time_ms': 25.1155, 'contour_analysis_time_ms': 271.603292, 'classification_time_ms': 49.520292}",3,7,False,
success,1e77da38-8cdd-4c01-8311-7f191763dddc,/opt/nuclio/shared_storage/test/3/mnist_3_00061.png,"{'skeletonization_time_ms': 176.223625, 'contour_analysis_time_ms': 148.155792, 'classification_time_ms': 147.230792}",3,7,False,
success,85d30451-a49a-4fb9-9949-dfc34fce77c2,/opt/nuclio/shared_storage/test/3/mnist_3_00305.png,"{'skeletonization_time_ms': 51.331709, 'contour_analysis_time_ms': 224.010208, 'classification_time_ms': 176.150916}",3,7,False,
success,70b85fe5-8f52-44ce-a5d4-e4c131ab2721,/opt/nuclio/shared_storage/test/5/mnist_5_test_00696.png,"{'skeletonization_time_ms': 56.96, 'contour_analysis_time_ms': 238.81075, 'classification_time_ms': 322.382625}",5,not classified,False,
success,3151be30-58eb-42ed-b2ac-ab0a5ff1414f,/opt/nuclio/shared_storage/test/3/mnist_3_00528.png,"{'skeletonization_time_ms': 111.848375, 'contour_analysis_time_ms': 246.241083, 'classification_time_ms': 124.508042}",3,7,False,
success,eaae3c6f-6f9b-4738-9bd4-e04de61a9201,/opt/nuclio/shared_storage/test/5/mnist_5_00045.png,"{'skeletonization_time_ms': 28.454958, 'contour_analysis_time_ms': 206.138625, 'classification_time_ms': 57.250083}",5,2,False,
success,9d3bed20-f87f-4864-9288-8bb3c886b4b0,/opt/nuclio/shared_storage/test/3/mnist_3_00512.png,"{'skeletonization_time_ms': 62.273583, 'contour_analysis_time_ms': 208.570833, 'classification_time_ms': 238.022376}",3,9,False,
success,c867f9a1-de52-4e39-a783-6b14ef23705b,/opt/nuclio/shared_storage/test/3/mnist_3_00272.png,"{'skeletonization_time_ms': 54.566959, 'contour_analysis_time_ms': 194.602167, 'classification_time_ms': 77.430416}",3,7,False,
success,f837aa08-cd93-42bf-882f-128b43d3d133,/opt/nuclio/shared_storage/test/3/mnist_3_00574.png,"{'skeletonization_time_ms': 81.798334, 'contour_analysis_time_ms': 407.909209, 'classification_time_ms': 259.830167}",3,9,False,
success,d79be24e-de5e-4d9b-b724-e7e9b165c653,/opt/nuclio/shared_storage/test/3/mnist_3_00908.png,"{'skeletonization_time_ms': 47.987667, 'contour_analysis_time_ms': 259.472958, 'classification_time_ms': 91.870375}",3,7,False,
success,606528f6-49eb-46ec-b923-5262b8983807,/opt/nuclio/shared_storage/test/5/mnist_5_test_00678.png,"{'skeletonization_time_ms': 236.90475, 'contour_analysis_time_ms': 185.847792, 'classification_time_ms': 236.190834}",5,3,False,
success,72b76ad5-9609-4370-999b-457a28671805,/opt/nuclio/shared_storage/test/3/mnist_3_00911.png,"{'skeletonization_time_ms': 142.256625, 'contour_analysis_time_ms': 222.316084, 'classification_time_ms': 85.583167}",3,7,False,
success,6f830bc7-ec22-47da-a7c9-156c7a197016,/opt/nuclio/shared_storage/test/3/mnist_3_test_00106.png,"{'skeletonization_time_ms': 47.071083, 'contour_analysis_time_ms': 289.201542, 'classification_time_ms': 106.58275}",3,5,False,
success,ad0e9cae-b446-4af4-b94a-7152d360e31b,/opt/nuclio/shared_storage/test/3/mnist_3_test_00148.png,"{'skeletonization_time_ms': 99.631583, 'contour_analysis_time_ms': 152.445708, 'classification_time_ms': 86.178458}",3,7,False,
success,d39ac356-f66b-4502-b71a-9eab21087f07,/opt/nuclio/shared_storage/test/3/mnist_3_00110.png,"{'skeletonization_time_ms': 60.054, 'contour_analysis_time_ms': 196.705334, 'classification_time_ms': 97.010042}",3,7,False,
success,e17a7248-47fd-49f9-a3ef-dacc2a7b8a99,/opt/nuclio/shared_storage/test/5/mnist_5_test_00053.png,"{'skeletonization_time_ms': 32.796792, 'contour_analysis_time_ms': 157.132166, 'classification_time_ms': 79.915833}",5,2,False,
success,bf43fbe4-b15e-44a8-a502-746a38b52e65,/opt/nuclio/shared_storage/test/5/mnist_5_test_00181.png,"{'skeletonization_time_ms': 31.988958, 'contour_analysis_time_ms': 247.982166, 'classification_time_ms': 80.642}",5,7,False,
success,5e420e20-a587-4bde-8c83-8a5e9f5fbf32,/opt/nuclio/shared_storage/test/3/mnist_3_00337.png,"{'skeletonization_time_ms': 86.197333, 'contour_analysis_time_ms': 208.093959, 'classification_time_ms': 240.152}",3,5,False,
success,47ba4329-7fd8-4aec-8c84-b2bacf29fe40,/opt/nuclio/shared_storage/test/5/mnist_5_test_00106.png,"{'skeletonization_time_ms': 56.393084, 'contour_analysis_time_ms': 191.69975, 'classification_time_ms': 182.304666}",5,7,False,
success,ab87227b-04c8-4bf2-b0ee-e0238136a6be,/opt/nuclio/shared_storage/test/3/mnist_3_00289.png,"{'skeletonization_time_ms': 94.574916, 'contour_analysis_time_ms': 264.292, 'classification_time_ms': 139.631625}",3,5,False,
success,e92d1a0e-7967-4416-b1d9-5fff208a3284,/opt/nuclio/shared_storage/test/3/mnist_3_00640.png,"{'skeletonization_time_ms': 54.104708, 'contour_analysis_time_ms': 251.28075, 'classification_time_ms': 113.517}",3,7,False,
success,736b762f-6d13-481c-9af1-062c4b99322f,/opt/nuclio/shared_storage/test/5/mnist_5_test_00477.png,"{'skeletonization_time_ms': 32.378959, 'contour_analysis_time_ms': 233.462791, 'classification_time_ms': 138.647666}",5,2,False,
success,eaa17444-76d5-46ae-a04e-9bc29c4381fa,/opt/nuclio/shared_storage/test/3/mnist_3_00525.png,"{'skeletonization_time_ms': 45.782375, 'contour_analysis_time_ms': 199.32825, 'classification_time_ms': 83.004166}",3,7,False,
success,8ba9084f-4778-4780-81e7-5e8ac1f2ba32,/opt/nuclio/shared_storage/test/5/mnist_5_test_00130.png,"{'skeletonization_time_ms': 51.195125, 'contour_analysis_time_ms': 156.971833, 'classification_time_ms': 126.04675}",5,3,False,
success,37f9e5c5-6d2f-4381-a3bc-34120e95c477,/opt/nuclio/shared_storage/test/3/mnist_3_00473.png,"{'skeletonization_time_ms': 179.091625, 'contour_analysis_time_ms': 161.604708, 'classification_time_ms': 163.770458}",3,7,False,
success,77c1cceb-9224-47bb-89ff-3a7ac6041640,/opt/nuclio/shared_storage/test/3/mnist_3_00317.png,"{'skeletonization_time_ms': 100.997083, 'contour_analysis_time_ms': 196.476375, 'classification_time_ms': 257.700542}",3,7,False,
success,9625064e-308d-4691-a92f-f2db89e0be65,/opt/nuclio/shared_storage/test/3/mnist_3_00648.png,"{'skeletonization_time_ms': 35.928417, 'contour_analysis_time_ms': 204.758625, 'classification_time_ms': 64.810084}",3,5,False,
success,cf36c266-762b-4ec6-947d-608217eaebd5,/opt/nuclio/shared_storage/test/3/mnist_3_00493.png,"{'skeletonization_time_ms': 190.484541, 'contour_analysis_time_ms': 181.383375, 'classification_time_ms': 359.218625}",3,9,False,
success,6af7c1de-6228-4b3a-9875-93b10903a3d5,/opt/nuclio/shared_storage/test/5/mnist_5_00086.png,"{'skeletonization_time_ms': 55.157501, 'contour_analysis_time_ms': 523.4905, 'classification_time_ms': 180.215917}",5,7,False,
success,b0eda981-b4b7-4e6a-b806-4af5a6b5f42f,/opt/nuclio/shared_storage/test/3/mnist_3_00724.png,"{'skeletonization_time_ms': 186.382875, 'contour_analysis_time_ms': 420.166042, 'classification_time_ms': 96.128583}",3,7,False,
success,0530bdf5-e9de-4ae4-8070-5a27002b7208,/opt/nuclio/shared_storage/test/3/mnist_3_00465.png,"{'skeletonization_time_ms': 50.858291, 'contour_analysis_time_ms': 237.669, 'classification_time_ms': 286.681208}",3,7,False,
success,bc471b7d-603c-4677-9541-f8865d5068b8,/opt/nuclio/shared_storage/test/3/mnist_3_00098.png,"{'skeletonization_time_ms': 91.083167, 'contour_analysis_time_ms': 327.760875, 'classification_time_ms': 162.019042}",3,5,False,
success,9ef7aa40-506e-4d5c-8488-e1220f4a233f,/opt/nuclio/shared_storage/test/5/mnist_5_00054.png,"{'skeletonization_time_ms': 63.706375, 'contour_analysis_time_ms': 167.007916, 'classification_time_ms': 122.469917}",5,2,False,
success,675d5d4d-b7e0-44c9-80c9-2310e30cc798,/opt/nuclio/shared_storage/test/3/mnist_3_00077.png,"{'skeletonization_time_ms': 105.007583, 'contour_analysis_time_ms': 143.861375, 'classification_time_ms': 119.629042}",3,7,False,
success,19eea684-7668-4b31-a4c5-c19aeeeb49cc,/opt/nuclio/shared_storage/test/5/mnist_5_00259.png,"{'skeletonization_time_ms': 52.853042, 'contour_analysis_time_ms': 198.673167, 'classification_time_ms': 228.912209}",5,3,False,
success,2b7f0f44-1231-4f35-a743-4a87da3b05c6,/opt/nuclio/shared_storage/test/3/mnist_3_test_00163.png,"{'skeletonization_time_ms': 53.115083, 'contour_analysis_time_ms': 213.663376, 'classification_time_ms': 203.461792}",3,5,False,
success,abcf54a0-138f-4217-94c1-bb79a0123b27,/opt/nuclio/shared_storage/test/3/mnist_3_test_00044.png,"{'skeletonization_time_ms': 79.035334, 'contour_analysis_time_ms': 217.856, 'classification_time_ms': 122.460083}",3,7,False,
success,a4849f36-d77e-4298-ae29-7a86fcd23fe8,/opt/nuclio/shared_storage/test/3/mnist_3_00895.png,"{'skeletonization_time_ms': 59.245917, 'contour_analysis_time_ms': 157.886167, 'classification_time_ms': 85.171}",3,7,False,
success,22cba9ad-a03f-46a4-aa84-f71c1d7ce1a5,/opt/nuclio/shared_storage/test/3/mnist_3_test_00069.png,"{'skeletonization_time_ms': 1006.760292, 'contour_analysis_time_ms': 197.043417, 'classification_time_ms': 192.175833}",3,5,False,
success,6ee14da6-349f-4b18-a13c-2e8ff5648ce4,/opt/nuclio/shared_storage/test/3/mnist_3_00398.png,"{'skeletonization_time_ms': 34.444208, 'contour_analysis_time_ms': 275.670209, 'classification_time_ms': 62.425625}",3,7,False,
success,dc0f083d-b39e-4e32-8925-9d1a9f9dfbaa,/opt/nuclio/shared_storage/test/3/mnist_3_00205.png,"{'skeletonization_time_ms': 46.210583, 'contour_analysis_time_ms': 206.047042, 'classification_time_ms': 118.276541}",3,7,False,
success,928af8a5-9380-41ad-ab04-e8bad4e0c01e,/opt/nuclio/shared_storage/test/3/mnist_3_00248.png,"{'skeletonization_time_ms': 134.63225, 'contour_analysis_time_ms': 191.109167, 'classification_time_ms': 100.371791}",3,5,False,
success,592b6eb7-a6cd-4877-ae40-e20a972d40a8,/opt/nuclio/shared_storage/test/3/mnist_3_test_00114.png,"{'skeletonization_time_ms': 43.816167, 'contour_analysis_time_ms': 168.527375, 'classification_time_ms': 92.996709}",3,7,False,
success,12a7bd96-ad93-4830-9eac-aadfbcaabc20,/opt/nuclio/shared_storage/test/3/mnist_3_00707.png,"{'skeletonization_time_ms': 120.211625, 'contour_analysis_time_ms': 143.083166, 'classification_time_ms': 60.333584}",3,7,False,
success,21fe953a-bcf5-46e2-bd41-83ec876751a1,/opt/nuclio/shared_storage/test/3/mnist_3_00276.png,"{'skeletonization_time_ms': 140.914875, 'contour_analysis_time_ms': 138.909166, 'classification_time_ms': 121.919875}",3,5,False,
success,31b25e68-e850-4279-b300-b560ac2d940a,/opt/nuclio/shared_storage/test/3/mnist_3_00164.png,"{'skeletonization_time_ms': 35.230083, 'contour_analysis_time_ms': 226.707542, 'classification_time_ms': 90.242626}",3,7,False,
success,80d55659-d67c-400b-af6d-ac78da4777f8,/opt/nuclio/shared_storage/test/3/mnist_3_00645.png,"{'skeletonization_time_ms': 172.83125, 'contour_analysis_time_ms': 169.920917, 'classification_time_ms': 94.73775}",3,7,False,
success,e16e3ecb-50ef-462d-8ba4-ae0f72422d4d,/opt/nuclio/shared_storage/test/3/mnist_3_00403.png,"{'skeletonization_time_ms': 43.936792, 'contour_analysis_time_ms': 168.663208, 'classification_time_ms': 129.363084}",3,7,False,
success,7f53510b-cb6f-4fb5-8e05-af17035a6640,/opt/nuclio/shared_storage/test/3/mnist_3_00879.png,"{'skeletonization_time_ms': 438.93125, 'contour_analysis_time_ms': 238.173167, 'classification_time_ms': 179.452041}",3,5,False,
success,7bea8b68-04a2-4db8-897c-958284d5668f,/opt/nuclio/shared_storage/test/3/mnist_3_00428.png,"{'skeletonization_time_ms': 142.221125, 'contour_analysis_time_ms': 242.701583, 'classification_time_ms': 56.91525}",3,7,False,
success,fffe2902-5453-46a6-8288-c2fca477da90,/opt/nuclio/shared_storage/test/3/mnist_3_00288.png,"{'skeletonization_time_ms': 104.212626, 'contour_analysis_time_ms': 228.8475, 'classification_time_ms': 118.418375}",3,7,False,
success,965c5831-fdb2-4ffe-aa04-84da4dcbcac7,/opt/nuclio/shared_storage/test/3/mnist_3_00818.png,"{'skeletonization_time_ms': 41.556334, 'contour_analysis_time_ms': 145.339625, 'classification_time_ms': 163.556834}",3,7,False,
success,4aec68ed-8f5f-4ab1-ba9f-2920b861fa72,/opt/nuclio/shared_storage/test/5/mnist_5_test_00264.png,"{'skeletonization_time_ms': 45.232458, 'contour_analysis_time_ms': 229.017583, 'classification_time_ms': 180.576209}",5,7,False,
success,95228ab5-abba-42d8-96d0-1da694df053c,/opt/nuclio/shared_storage/test/3/mnist_3_00073.png,"{'skeletonization_time_ms': 58.793625, 'contour_analysis_time_ms': 267.713083, 'classification_time_ms': 210.604208}",3,7,False,
success,00b40dd6-ceb4-4e9a-b8e2-a04b72461691,/opt/nuclio/shared_storage/test/3/mnist_3_00953.png,"{'skeletonization_time_ms': 49.858041, 'contour_analysis_time_ms': 298.819792, 'classification_time_ms': 339.409375}",3,7,False,
success,9d7bf2eb-60ad-428a-8212-1e750758dcb6,/opt/nuclio/shared_storage/test/5/mnist_5_00478.png,"{'skeletonization_time_ms': 49.828041, 'contour_analysis_time_ms': 404.08775, 'classification_time_ms': 158.559083}",5,7,False,
success,3f8893cb-45db-4df2-b497-2300b89cc828,/opt/nuclio/shared_storage/test/3/mnist_3_00358.png,"{'skeletonization_time_ms': 102.587625, 'contour_analysis_time_ms': 471.525459, 'classification_time_ms': 119.558792}",3,7,False,
success,caf8003b-5dba-406d-85fe-4b1db7af97b9,/opt/nuclio/shared_storage/test/3/mnist_3_00934.png,"{'skeletonization_time_ms': 65.923, 'contour_analysis_time_ms': 407.435834, 'classification_time_ms': 166.120416}",3,7,False,
success,0e9b89e6-9496-49e4-b7ad-57c6cd801929,/opt/nuclio/shared_storage/test/3/mnist_3_00175.png,"{'skeletonization_time_ms': 43.436542, 'contour_analysis_time_ms': 194.278833, 'classification_time_ms': 235.736417}",3,5,False,
success,2728d79b-4dcf-4d54-b262-42a0e40ecd63,/opt/nuclio/shared_storage/test/3/mnist_3_00316.png,"{'skeletonization_time_ms': 45.119166, 'contour_analysis_time_ms': 214.448583, 'classification_time_ms': 44.915334}",3,7,False,
success,1e06d629-41eb-430d-988c-3538f4f7c8af,/opt/nuclio/shared_storage/test/5/mnist_5_test_00316.png,"{'skeletonization_time_ms': 37.351167, 'contour_analysis_time_ms': 148.896875, 'classification_time_ms': 70.4305}",5,7,False,
success,be2bb6fc-ce97-4201-a9a8-800053a57bdb,/opt/nuclio/shared_storage/test/3/mnist_3_00128.png,"{'skeletonization_time_ms': 103.081833, 'contour_analysis_time_ms': 283.990125, 'classification_time_ms': 242.897625}",3,5,False,
success,f6d5f5ac-2df8-408b-89bb-a2178ffb67bb,/opt/nuclio/shared_storage/test/5/mnist_5_00066.png,"{'skeletonization_time_ms': 35.256417, 'contour_analysis_time_ms': 268.948084, 'classification_time_ms': 106.792458}",5,2,False,
success,4543ba73-777c-440e-ada5-d9522403f67d,/opt/nuclio/shared_storage/test/3/mnist_3_00704.png,"{'skeletonization_time_ms': 98.036959, 'contour_analysis_time_ms': 292.602667, 'classification_time_ms': 185.393959}",3,7,False,
success,39b9851d-f9e1-40bf-a980-ba08d8fdfadb,/opt/nuclio/shared_storage/test/3/mnist_3_00201.png,"{'skeletonization_time_ms': 55.782292, 'contour_analysis_time_ms': 259.549542, 'classification_time_ms': 71.693917}",3,7,False,
success,239c9224-07a4-4336-baa1-90bc64b4acfa,/opt/nuclio/shared_storage/test/3/mnist_3_00258.png,"{'skeletonization_time_ms': 36.773375, 'contour_analysis_time_ms': 257.49725, 'classification_time_ms': 250.682625}",3,7,False,
success,2c18261b-df23-4aef-9abb-269813ed2e8a,/opt/nuclio/shared_storage/test/3/mnist_3_00827.png,"{'skeletonization_time_ms': 35.666666, 'contour_analysis_time_ms': 260.759876, 'classification_time_ms': 301.462125}",3,7,False,
success,36891f39-2c6d-47e5-904d-c29db7560e16,/opt/nuclio/shared_storage/test/5/mnist_5_00228.png,"{'skeletonization_time_ms': 62.765208, 'contour_analysis_time_ms': 258.602, 'classification_time_ms': 372.065667}",5,2,False,
success,1365fa25-dfba-44d1-a8e3-e1bbb795abf5,/opt/nuclio/shared_storage/test/3/mnist_3_00062.png,"{'skeletonization_time_ms': 172.236666, 'contour_analysis_time_ms': 304.813917, 'classification_time_ms': 129.328333}",3,7,False,
success,fecb1dfc-d3de-4214-8a81-3293f39f9d0b,/opt/nuclio/shared_storage/test/3/mnist_3_00841.png,"{'skeletonization_time_ms': 62.022084, 'contour_analysis_time_ms': 171.581542, 'classification_time_ms': 258.147458}",3,9,False,
success,a3d9354f-8a2a-4787-84ec-aee3c230e985,/opt/nuclio/shared_storage/test/3/mnist_3_00313.png,"{'skeletonization_time_ms': 35.195375, 'contour_analysis_time_ms': 236.800083, 'classification_time_ms': 105.40425}",3,7,False,
success,55e1a312-30f4-49b2-a008-c4ef63fc4f44,/opt/nuclio/shared_storage/test/3/mnist_3_00500.png,"{'skeletonization_time_ms': 62.834167, 'contour_analysis_time_ms': 297.518667, 'classification_time_ms': 110.736792}",3,7,False,
success,cfc7da9f-5c88-4c71-b059-1cb335442440,/opt/nuclio/shared_storage/test/5/mnist_5_00058.png,"{'skeletonization_time_ms': 62.508792, 'contour_analysis_time_ms': 322.652542, 'classification_time_ms': 261.127334}",5,9,False,
success,143a1156-827f-4860-97b0-8b8f02eb9e7a,/opt/nuclio/shared_storage/test/3/mnist_3_00897.png,"{'skeletonization_time_ms': 79.29975, 'contour_analysis_time_ms': 178.467375, 'classification_time_ms': 111.924917}",3,7,False,
success,3dbe90f2-74c9-454f-8a87-5e640e6412e8,/opt/nuclio/shared_storage/test/3/mnist_3_00003.png,"{'skeletonization_time_ms': 71.030458, 'contour_analysis_time_ms': 250.400208, 'classification_time_ms': 117.509208}",3,7,False,
success,c6d528dd-d5c5-4ce5-b71a-27d7c385527c,/opt/nuclio/shared_storage/test/3/mnist_3_00216.png,"{'skeletonization_time_ms': 91.979625, 'contour_analysis_time_ms': 184.615875, 'classification_time_ms': 421.5525}",3,9,False,
success,8b338aed-8e69-49c6-8840-1e65ab638323,/opt/nuclio/shared_storage/test/3/mnist_3_test_00058.png,"{'skeletonization_time_ms': 172.65825, 'contour_analysis_time_ms': 363.280042, 'classification_time_ms': 94.902625}",3,7,False,
success,a31c8fa2-7b5a-47a6-a129-6566fccdabfb,/opt/nuclio/shared_storage/test/5/mnist_5_test_00714.png,"{'skeletonization_time_ms': 46.039375, 'contour_analysis_time_ms': 253.935792, 'classification_time_ms': 65.47875}",5,7,False,
success,5b8c407a-bea0-483d-b936-09b06c0dc022,/opt/nuclio/shared_storage/test/3/mnist_3_00004.png,"{'skeletonization_time_ms': 100.910208, 'contour_analysis_time_ms': 170.06875, 'classification_time_ms': 151.332833}",3,6,False,
success,da80437d-01ca-4dbe-be1b-1a2d7c0af590,/opt/nuclio/shared_storage/test/5/mnist_5_00015.png,"{'skeletonization_time_ms': 74.567791, 'contour_analysis_time_ms': 203.284333, 'classification_time_ms': 356.029958}",5,6,False,
success,60639064-eeed-4431-83f4-a09c66de98fc,/opt/nuclio/shared_storage/test/5/mnist_5_00460.png,"{'skeletonization_time_ms': 85.032875, 'contour_analysis_time_ms': 178.682417, 'classification_time_ms': 77.956208}",5,2,False,
success,b3ec6d91-73f8-4236-95d0-2627d869a831,/opt/nuclio/shared_storage/test/3/mnist_3_00788.png,"{'skeletonization_time_ms': 49.599417, 'contour_analysis_time_ms': 135.216958, 'classification_time_ms': 89.231667}",3,7,False,
success,e94ea1ea-cf43-4dfb-971e-d1dc69068203,/opt/nuclio/shared_storage/test/3/mnist_3_00955.png,"{'skeletonization_time_ms': 109.468792, 'contour_analysis_time_ms': 214.79075, 'classification_time_ms': 275.669251}",3,9,False,
success,1f7b0804-cc10-4bf7-85b6-260d87374620,/opt/nuclio/shared_storage/test/4/mnist_4_test_00341.png,"{'skeletonization_time_ms': 70.091459, 'contour_analysis_time_ms': 145.040458, 'classification_time_ms': 157.7015}",4,7,False,
success,dacde00b-c663-48b7-88e3-1a1f9ec7b42e,/opt/nuclio/shared_storage/test/4/mnist_4_test_00237.png,"{'skeletonization_time_ms': 39.755917, 'contour_analysis_time_ms': 329.081334, 'classification_time_ms': 50.554125}",4,1,False,
success,11452909-9fe2-46f5-8bf4-b0c6e85f412f,/opt/nuclio/shared_storage/test/3/mnist_3_test_00206.png,"{'skeletonization_time_ms': 39.771709, 'contour_analysis_time_ms': 296.705042, 'classification_time_ms': 93.439833}",3,7,False,
success,af753ba0-7784-45df-8561-063923f15172,/opt/nuclio/shared_storage/test/3/mnist_3_00629.png,"{'skeletonization_time_ms': 41.651875, 'contour_analysis_time_ms': 161.683959, 'classification_time_ms': 117.133958}",3,5,False,
success,776e8327-8e33-4ce9-ae76-71798e7353e0,/opt/nuclio/shared_storage/test/3/mnist_3_00665.png,"{'skeletonization_time_ms': 53.4175, 'contour_analysis_time_ms': 288.409, 'classification_time_ms': 318.878}",3,7,False,
success,79e8349b-6795-4a95-a0b3-67245ab5d806,/opt/nuclio/shared_storage/test/6/mnist_6_00028.png,"{'skeletonization_time_ms': 134.969375, 'contour_analysis_time_ms': 805.474834, 'classification_time_ms': 249.678917}",6,9,False,
success,6d2e3e3a-7f22-4b99-9377-7698cdc71d14,/opt/nuclio/shared_storage/test/4/mnist_4_00446.png,"{'skeletonization_time_ms': 46.474709, 'contour_analysis_time_ms': 283.702083, 'classification_time_ms': 142.685208}",4,7,False,
success,e4375adf-6ab5-44b1-8c97-510b258f2044,/opt/nuclio/shared_storage/test/5/mnist_5_test_00664.png,"{'skeletonization_time_ms': 30.676541, 'contour_analysis_time_ms': 315.018875, 'classification_time_ms': 184.745083}",5,7,False,
success,dc2d9dd3-56f0-48c4-a247-2d61e4a311fe,/opt/nuclio/shared_storage/test/5/mnist_5_test_00607.png,"{'skeletonization_time_ms': 50.255958, 'contour_analysis_time_ms': 230.585167, 'classification_time_ms': 265.469459}",5,3,False,
success,5856044e-5dba-414f-a1a4-9be4abbfab88,/opt/nuclio/shared_storage/test/5/mnist_5_test_00367.png,"{'skeletonization_time_ms': 56.373, 'contour_analysis_time_ms': 211.551708, 'classification_time_ms': 206.330625}",5,6,False,
success,716e7680-9776-4ca6-a5a7-1f1d44181325,/opt/nuclio/shared_storage/test/5/mnist_5_test_00710.png,"{'skeletonization_time_ms': 52.564916, 'contour_analysis_time_ms': 225.244208, 'classification_time_ms': 159.523084}",5,2,False,
success,d595e6d8-b356-446b-8b8d-3957b3782d5d,/opt/nuclio/shared_storage/test/3/mnist_3_00117.png,"{'skeletonization_time_ms': 138.051083, 'contour_analysis_time_ms': 173.682959, 'classification_time_ms': 180.035459}",3,7,False,
success,1e97f7dc-9bd7-4042-afb7-d2dbc4675d46,/opt/nuclio/shared_storage/test/5/mnist_5_00488.png,"{'skeletonization_time_ms': 73.7405, 'contour_analysis_time_ms': 238.776792, 'classification_time_ms': 321.48125}",5,4,False,
success,49704558-1b38-41c9-9b55-a8cede7a85f0,/opt/nuclio/shared_storage/test/4/mnist_4_test_00547.png,"{'skeletonization_time_ms': 142.760834, 'contour_analysis_time_ms': 204.1335, 'classification_time_ms': 127.647791}",4,1,False,
success,1250e2c1-55bd-49f8-b3dd-8715d709b464,/opt/nuclio/shared_storage/test/3/mnist_3_00991.png,"{'skeletonization_time_ms': 51.369375, 'contour_analysis_time_ms': 200.673583, 'classification_time_ms': 182.8115}",3,7,False,
success,ab33f5cd-3db8-4215-be05-925cca66b867,/opt/nuclio/shared_storage/test/6/mnist_6_test_00108.png,"{'skeletonization_time_ms': 26.812083, 'contour_analysis_time_ms': 152.291417, 'classification_time_ms': 82.913208}",6,7,False,
success,be8dda44-5627-43b1-af10-6b0120979aad,/opt/nuclio/shared_storage/test/4/mnist_4_00320.png,"{'skeletonization_time_ms': 48.761375, 'contour_analysis_time_ms': 164.4765, 'classification_time_ms': 148.982417}",4,9,False,
success,59b1f417-c895-4531-910d-d39c522d9eb4,/opt/nuclio/shared_storage/test/3/mnist_3_00808.png,"{'skeletonization_time_ms': 181.413041, 'contour_analysis_time_ms': 210.453001, 'classification_time_ms': 116.174458}",3,5,False,
success,7a18a77f-f6ba-4541-a024-071ea5f8a770,/opt/nuclio/shared_storage/test/4/mnist_4_test_00544.png,"{'skeletonization_time_ms': 94.744375, 'contour_analysis_time_ms': 228.597126, 'classification_time_ms': 68.546125}",4,1,False,
success,f6c181b1-2d71-4553-8124-c97cda389756,/opt/nuclio/shared_storage/test/5/mnist_5_test_00676.png,"{'skeletonization_time_ms': 36.384875, 'contour_analysis_time_ms': 156.518208, 'classification_time_ms': 439.200625}",5,9,False,
success,04f73fec-098d-4ddd-bab4-118dd5f9fa9c,/opt/nuclio/shared_storage/test/3/mnist_3_00820.png,"{'skeletonization_time_ms': 92.993708, 'contour_analysis_time_ms': 226.276375, 'classification_time_ms': 158.081834}",3,7,False,
success,450afbb5-6015-4ebc-a6d0-5351c9f96789,/opt/nuclio/shared_storage/test/3/mnist_3_00588.png,"{'skeletonization_time_ms': 45.147292, 'contour_analysis_time_ms': 232.095958, 'classification_time_ms': 423.352667}",3,9,False,
success,f9aa8ad2-7d01-42be-b6e6-55b6e8eae303,/opt/nuclio/shared_storage/test/4/mnist_4_00308.png,"{'skeletonization_time_ms': 50.342542, 'contour_analysis_time_ms': 409.744501, 'classification_time_ms': 89.192458}",4,7,False,
success,83c5c2c2-a863-43b6-abe7-9894d3b65324,/opt/nuclio/shared_storage/test/4/mnist_4_test_00397.png,"{'skeletonization_time_ms': 37.505459, 'contour_analysis_time_ms': 350.64325, 'classification_time_ms': 73.838542}",4,7,False,
success,eeace0ad-5e74-48df-aeb0-49e78ba82836,/opt/nuclio/shared_storage/test/6/mnist_6_test_00057.png,"{'skeletonization_time_ms': 59.104375, 'contour_analysis_time_ms': 391.426125, 'classification_time_ms': 65.662792}",6,7,False,
success,38946698-3c8b-42cf-8722-8934095d2ad0,/opt/nuclio/shared_storage/test/3/mnist_3_00167.png,"{'skeletonization_time_ms': 47.746375, 'contour_analysis_time_ms': 151.901917, 'classification_time_ms': 308.872041}",3,7,False,
success,620b750e-e264-4098-b31e-1bd3cc7a99cb,/opt/nuclio/shared_storage/test/6/mnist_6_test_00124.png,"{'skeletonization_time_ms': 24.15225, 'contour_analysis_time_ms': 296.794209, 'classification_time_ms': 32.269875}",6,7,False,
success,cbc382a5-9d0f-4721-bf86-4b2704089686,/opt/nuclio/shared_storage/test/5/mnist_5_test_00176.png,"{'skeletonization_time_ms': 58.932208, 'contour_analysis_time_ms': 188.466792, 'classification_time_ms': 115.121458}",5,2,False,
success,729991d4-28a3-4577-83f8-e69f13195f1f,/opt/nuclio/shared_storage/test/3/mnist_3_00946.png,"{'skeletonization_time_ms': 47.952709, 'contour_analysis_time_ms': 199.154542, 'classification_time_ms': 250.700625}",3,7,False,
success,24103013-1cdc-402c-8311-193546741b2a,/opt/nuclio/shared_storage/test/5/mnist_5_test_00160.png,"{'skeletonization_time_ms': 65.876375, 'contour_analysis_time_ms': 272.673458, 'classification_time_ms': 182.526334}",5,2,False,
success,d5c0f5aa-67fe-4f84-a1a5-66419b0fb510,/opt/nuclio/shared_storage/test/4/mnist_4_test_00392.png,"{'skeletonization_time_ms': 84.009959, 'contour_analysis_time_ms': 248.664292, 'classification_time_ms': 72.001625}",4,7,False,
success,a05aa30f-e8ac-41f3-84b1-a1d76f3b31b9,/opt/nuclio/shared_storage/test/3/mnist_3_00013.png,"{'skeletonization_time_ms': 79.25, 'contour_analysis_time_ms': 361.888792, 'classification_time_ms': 49.306625}",3,7,False,
success,244f8e5b-1528-4b04-8dc9-14db1755c036,/opt/nuclio/shared_storage/test/4/mnist_4_test_00437.png,"{'skeletonization_time_ms': 38.170708, 'contour_analysis_time_ms': 160.600334, 'classification_time_ms': 92.867708}",4,1,False,
success,b5843d5e-824d-4352-a23f-b853628841df,/opt/nuclio/shared_storage/test/4/mnist_4_test_00037.png,"{'skeletonization_time_ms': 29.622208, 'contour_analysis_time_ms': 211.42025, 'classification_time_ms': 103.13325}",4,1,False,
success,d9481f8b-da8c-4781-aadc-ed9bb15dd207,/opt/nuclio/shared_storage/test/3/mnist_3_00559.png,"{'skeletonization_time_ms': 39.374625, 'contour_analysis_time_ms': 195.731375, 'classification_time_ms': 139.060791}",3,7,False,
success,81ee7f7e-ac8b-43d1-be78-88c5c8a83817,/opt/nuclio/shared_storage/test/4/mnist_4_test_00195.png,"{'skeletonization_time_ms': 147.980917, 'contour_analysis_time_ms': 153.127125, 'classification_time_ms': 89.154083}",4,1,False,
success,c4a95799-c82d-4779-a10e-47c9a5259712,/opt/nuclio/shared_storage/test/3/mnist_3_00767.png,"{'skeletonization_time_ms': 57.616417, 'contour_analysis_time_ms': 293.054834, 'classification_time_ms': 76.368125}",3,7,False,
success,ca90bc51-0bb5-4789-bf96-547830f09ad8,/opt/nuclio/shared_storage/test/4/mnist_4_test_00024.png,"{'skeletonization_time_ms': 41.94775, 'contour_analysis_time_ms': 169.559084, 'classification_time_ms': 188.276709}",4,7,False,
success,199606b0-13f3-4380-85d6-9e86c17ce679,/opt/nuclio/shared_storage/test/4/mnist_4_00068.png,"{'skeletonization_time_ms': 114.814459, 'contour_analysis_time_ms': 249.326458, 'classification_time_ms': 144.425084}",4,1,False,
success,c0784cc0-bfac-48b1-941b-e3a09cc88809,/opt/nuclio/shared_storage/test/4/mnist_4_00291.png,"{'skeletonization_time_ms': 61.750792, 'contour_analysis_time_ms': 237.176875, 'classification_time_ms': 109.310542}",4,7,False,
success,c77ccdb7-0f5c-4afd-8f91-6811259eb3c2,/opt/nuclio/shared_storage/test/4/mnist_4_test_00550.png,"{'skeletonization_time_ms': 61.936916, 'contour_analysis_time_ms': 414.335027, 'classification_time_ms': 175.924083}",4,1,False,
success,f83ad66d-2c52-40a9-b2df-7a4f96f91032,/opt/nuclio/shared_storage/test/4/mnist_4_00309.png,"{'skeletonization_time_ms': 43.190375, 'contour_analysis_time_ms': 272.765459, 'classification_time_ms': 131.117375}",4,7,False,
success,c7745443-cbd7-4e73-870c-e3eacdbdba24,/opt/nuclio/shared_storage/test/6/mnist_6_00015.png,"{'skeletonization_time_ms': 65.145792, 'contour_analysis_time_ms': 202.343375, 'classification_time_ms': 314.488375}",6,7,False,
success,e135dfc9-7496-4c9c-8a26-f0f119bc4ab6,/opt/nuclio/shared_storage/test/3/mnist_3_test_00005.png,"{'skeletonization_time_ms': 36.262083, 'contour_analysis_time_ms': 294.415583, 'classification_time_ms': 154.899334}",3,7,False,
success,16b3fd96-b383-461b-9e52-28f317fcd60c,/opt/nuclio/shared_storage/test/6/mnist_6_00809.png,"{'skeletonization_time_ms': 87.167042, 'contour_analysis_time_ms': 264.564541, 'classification_time_ms': 135.9855}",6,4,False,
success,f53edbd4-52e1-4197-9bff-045ec0da41a4,/opt/nuclio/shared_storage/test/4/mnist_4_test_00143.png,"{'skeletonization_time_ms': 52.778666, 'contour_analysis_time_ms': 332.739583, 'classification_time_ms': 139.015958}",4,2,False,
success,0f17d9f8-a45b-475e-b009-6d266357562e,/opt/nuclio/shared_storage/test/3/mnist_3_test_00004.png,"{'skeletonization_time_ms': 114.053042, 'contour_analysis_time_ms': 157.40525, 'classification_time_ms': 246.197042}",3,5,False,
success,ca93ce9f-4a2f-4993-9a14-3e259754e7e8,/opt/nuclio/shared_storage/test/4/mnist_4_test_00268.png,"{'skeletonization_time_ms': 61.002958, 'contour_analysis_time_ms': 171.309626, 'classification_time_ms': 446.001584}",4,7,False,
success,166120eb-daad-45bc-bce9-35059cfc26a0,/opt/nuclio/shared_storage/test/6/mnist_6_test_00441.png,"{'skeletonization_time_ms': 35.4295, 'contour_analysis_time_ms': 362.499375, 'classification_time_ms': 78.864291}",6,2,False,
success,25632c99-c6d2-4b94-b537-0d65a65e39d2,/opt/nuclio/shared_storage/test/6/mnist_6_test_00243.png,"{'skeletonization_time_ms': 70.408042, 'contour_analysis_time_ms': 359.064792, 'classification_time_ms': 178.171}",6,5,False,
success,c66ff252-d06b-4a1d-8437-2b2f7dea51ea,/opt/nuclio/shared_storage/test/5/mnist_5_test_00274.png,"{'skeletonization_time_ms': 71.594833, 'contour_analysis_time_ms': 246.162792, 'classification_time_ms': 103.112375}",5,7,False,
success,ce819498-e075-4ef0-92c6-16c7cd3bf205,/opt/nuclio/shared_storage/test/4/mnist_4_test_00422.png,"{'skeletonization_time_ms': 61.060916, 'contour_analysis_time_ms': 157.586458, 'classification_time_ms': 73.312208}",4,7,False,
success,6f8afb5e-9184-4ca3-83cf-0b292e51ecf3,/opt/nuclio/shared_storage/test/4/mnist_4_test_00183.png,"{'skeletonization_time_ms': 35.365792, 'contour_analysis_time_ms': 154.916542, 'classification_time_ms': 85.307417}",4,1,False,
success,9e3a3648-8344-4a27-9560-7ca8deb73a1f,/opt/nuclio/shared_storage/test/3/mnist_3_00947.png,"{'skeletonization_time_ms': 41.938916, 'contour_analysis_time_ms': 214.814584, 'classification_time_ms': 63.424917}",3,7,False,
success,091bcf31-f8b0-4cc0-ba5d-30258b773afc,/opt/nuclio/shared_storage/test/4/mnist_4_test_00209.png,"{'skeletonization_time_ms': 52.162375, 'contour_analysis_time_ms': 165.306125, 'classification_time_ms': 71.122625}",4,1,False,
success,260a5e4a-1510-45ed-b399-763cd86e3b20,/opt/nuclio/shared_storage/test/4/mnist_4_00469.png,"{'skeletonization_time_ms': 94.781916, 'contour_analysis_time_ms': 146.036625, 'classification_time_ms': 55.043875}",4,7,False,
success,aa505980-e823-4de4-a0e9-ca53f16be5f3,/opt/nuclio/shared_storage/test/4/mnist_4_00450.png,"{'skeletonization_time_ms': 48.602667, 'contour_analysis_time_ms': 229.672208, 'classification_time_ms': 99.41675}",4,1,False,
success,75785140-7221-406b-bdef-a317498852eb,/opt/nuclio/shared_storage/test/4/mnist_4_00486.png,"{'skeletonization_time_ms': 29.940875, 'contour_analysis_time_ms': 167.788542, 'classification_time_ms': 44.19575}",4,7,False,
success,7b4c212f-3e5d-4c5b-b662-a29f34df3990,/opt/nuclio/shared_storage/test/4/mnist_4_test_00218.png,"{'skeletonization_time_ms': 47.35675, 'contour_analysis_time_ms': 160.635333, 'classification_time_ms': 52.082542}",4,7,False,
success,8a8f40e2-ee4d-4031-b785-2407570209bf,/opt/nuclio/shared_storage/test/3/mnist_3_test_00210.png,"{'skeletonization_time_ms': 59.335958, 'contour_analysis_time_ms': 231.499751, 'classification_time_ms': 132.396167}",3,7,False,
success,40bd0246-fef7-4f93-9790-0f411516a600,/opt/nuclio/shared_storage/test/4/mnist_4_test_00241.png,"{'skeletonization_time_ms': 85.648542, 'contour_analysis_time_ms': 238.629041, 'classification_time_ms': 93.864709}",4,1,False,
success,e7fd1e57-e9a2-41ea-bee6-b4aa733b20e4,/opt/nuclio/shared_storage/test/4/mnist_4_00281.png,"{'skeletonization_time_ms': 68.946334, 'contour_analysis_time_ms': 161.040875, 'classification_time_ms': 49.690708}",4,7,False,
success,87146db7-b1d9-483d-b706-ec2a79a223ae,/opt/nuclio/shared_storage/test/3/mnist_3_00576.png,"{'skeletonization_time_ms': 56.885376, 'contour_analysis_time_ms': 132.328625, 'classification_time_ms': 79.298167}",3,7,False,
success,cd0a46fb-51bd-4e4d-9133-383ea132be0e,/opt/nuclio/shared_storage/test/4/mnist_4_test_00232.png,"{'skeletonization_time_ms': 33.264042, 'contour_analysis_time_ms': 202.637792, 'classification_time_ms': 47.649167}",4,1,False,
success,bed04af6-13ec-4b06-b313-8883e6a9dcc0,/opt/nuclio/shared_storage/test/6/mnist_6_00573.png,"{'skeletonization_time_ms': 35.835917, 'contour_analysis_time_ms': 232.876292, 'classification_time_ms': 28.4955}",6,7,False,
success,986fa4e8-42e5-4e62-8dea-b7782cdb3ef3,/opt/nuclio/shared_storage/test/3/mnist_3_00789.png,"{'skeletonization_time_ms': 59.241083, 'contour_analysis_time_ms': 142.148334, 'classification_time_ms': 127.997958}",3,7,False,
success,9d6f47ba-bb12-4705-be5e-22fe51326bea,/opt/nuclio/shared_storage/test/3/mnist_3_00177.png,"{'skeletonization_time_ms': 48.806708, 'contour_analysis_time_ms': 165.275375, 'classification_time_ms': 140.308541}",3,7,False,
success,bfafccb1-c173-419a-9cbf-fb6522a4d2cf,/opt/nuclio/shared_storage/test/5/mnist_5_00006.png,"{'skeletonization_time_ms': 42.894958, 'contour_analysis_time_ms': 135.059459, 'classification_time_ms': 127.321}",5,2,False,
success,51fd2902-44b3-4551-8feb-483094166b4f,/opt/nuclio/shared_storage/test/4/mnist_4_test_00623.png,"{'skeletonization_time_ms': 27.868083, 'contour_analysis_time_ms': 203.293042, 'classification_time_ms': 55.1575}",4,1,False,
success,16f26ebd-ea0e-44ff-937b-b1a8660dc2af,/opt/nuclio/shared_storage/test/4/mnist_4_test_00141.png,"{'skeletonization_time_ms': 34.97575, 'contour_analysis_time_ms': 183.713167, 'classification_time_ms': 118.224292}",4,1,False,
success,722c41fc-6d5f-4a56-a128-b01fac393730,/opt/nuclio/shared_storage/test/5/mnist_5_test_00612.png,"{'skeletonization_time_ms': 64.719709, 'contour_analysis_time_ms': 416.773458, 'classification_time_ms': 196.493}",5,not classified,False,
success,609c34ac-00a7-4202-baff-6e0486a99173,/opt/nuclio/shared_storage/test/4/mnist_4_test_00527.png,"{'skeletonization_time_ms': 45.703209, 'contour_analysis_time_ms': 263.315083, 'classification_time_ms': 136.438333}",4,9,False,
success,be9a0c21-8a13-4f1c-ba96-ad5827f57a1a,/opt/nuclio/shared_storage/test/3/mnist_3_00199.png,"{'skeletonization_time_ms': 153.61725, 'contour_analysis_time_ms': 186.815834, 'classification_time_ms': 90.766667}",3,7,False,
success,65f2363d-4b17-4e52-ba56-f84a7fad7de8,/opt/nuclio/shared_storage/test/4/mnist_4_00253.png,"{'skeletonization_time_ms': 62.2395, 'contour_analysis_time_ms': 239.182958, 'classification_time_ms': 91.432125}",4,7,False,
success,3a9efd03-8176-4c4a-9ffd-38e364f66073,/opt/nuclio/shared_storage/test/3/mnist_3_00835.png,"{'skeletonization_time_ms': 38.709708, 'contour_analysis_time_ms': 179.197333, 'classification_time_ms': 105.639917}",3,7,False,
success,70338a51-cbca-45fc-82ed-e3c3bb5243f6,/opt/nuclio/shared_storage/test/4/mnist_4_test_00531.png,"{'skeletonization_time_ms': 42.137917, 'contour_analysis_time_ms': 209.65325, 'classification_time_ms': 154.113917}",4,9,False,
success,7cef4e59-6326-4c30-a8ee-5e1e540fe45c,/opt/nuclio/shared_storage/test/6/mnist_6_test_00150.png,"{'skeletonization_time_ms': 59.485709, 'contour_analysis_time_ms': 240.376459, 'classification_time_ms': 119.820041}",6,5,False,
success,fa43ab0e-b85d-4181-9540-33d1f4a4904d,/opt/nuclio/shared_storage/test/4/mnist_4_00440.png,"{'skeletonization_time_ms': 43.879542, 'contour_analysis_time_ms': 274.95275, 'classification_time_ms': 139.509125}",4,7,False,
success,b6dc8c5b-8d98-4c70-937c-552bbade5215,/opt/nuclio/shared_storage/test/4/mnist_4_00452.png,"{'skeletonization_time_ms': 60.04, 'contour_analysis_time_ms': 226.155, 'classification_time_ms': 82.648917}",4,1,False,
success,c431d30b-6c13-4e5f-a8bd-22031e68f1c3,/opt/nuclio/shared_storage/test/3/mnist_3_00837.png,"{'skeletonization_time_ms': 185.942958, 'contour_analysis_time_ms': 160.091209, 'classification_time_ms': 214.799833}",3,7,False,
success,616f8669-b418-4f7f-ac17-3c13c0a96e3b,/opt/nuclio/shared_storage/test/4/mnist_4_test_00155.png,"{'skeletonization_time_ms': 135.475958, 'contour_analysis_time_ms': 171.074583, 'classification_time_ms': 154.886}",4,7,False,
success,5066d6cc-e83f-42bd-a7a7-579e12ce1960,/opt/nuclio/shared_storage/test/4/mnist_4_test_00441.png,"{'skeletonization_time_ms': 31.033458, 'contour_analysis_time_ms': 215.205875, 'classification_time_ms': 160.354459}",4,7,False,
success,de358091-4597-4e43-ac29-b7ac4cb9e77a,/opt/nuclio/shared_storage/test/6/mnist_6_test_00285.png,"{'skeletonization_time_ms': 110.455542, 'contour_analysis_time_ms': 178.197042, 'classification_time_ms': 79.382167}",6,7,False,
success,06fe0201-a92f-4708-91bd-a8201596291f,/opt/nuclio/shared_storage/test/6/mnist_6_00239.png,"{'skeletonization_time_ms': 49.395959, 'contour_analysis_time_ms': 174.878834, 'classification_time_ms': 101.535667}",6,7,False,
success,7e9a59e9-f6ef-4dd2-878e-7d190b7e1d6a,/opt/nuclio/shared_storage/test/4/mnist_4_00269.png,"{'skeletonization_time_ms': 80.241333, 'contour_analysis_time_ms': 214.152959, 'classification_time_ms': 383.660541}",4,1,False,
success,96dc1be7-652b-4db0-a049-3f778a389a48,/opt/nuclio/shared_storage/test/4/mnist_4_00130.png,"{'skeletonization_time_ms': 57.781834, 'contour_analysis_time_ms': 802.231334, 'classification_time_ms': 194.462375}",4,7,False,
success,5d4a588c-f03b-4fbb-9158-01b0e96007ad,/opt/nuclio/shared_storage/test/4/mnist_4_00330.png,"{'skeletonization_time_ms': 43.214375, 'contour_analysis_time_ms': 190.792333, 'classification_time_ms': 140.553042}",4,9,False,
success,4d5393a9-534c-4f61-a5f8-176eee5c9f49,/opt/nuclio/shared_storage/test/3/mnist_3_00605.png,"{'skeletonization_time_ms': 37.319667, 'contour_analysis_time_ms': 186.503209, 'classification_time_ms': 130.80425}",3,7,False,
success,87a2712e-ab8d-4e7a-bfba-c55c4cb562a0,/opt/nuclio/shared_storage/test/4/mnist_4_00456.png,"{'skeletonization_time_ms': 62.094167, 'contour_analysis_time_ms': 246.75, 'classification_time_ms': 86.064667}",4,7,False,
success,103a40e9-114e-453e-ba74-817e2b12da26,/opt/nuclio/shared_storage/test/6/mnist_6_00614.png,"{'skeletonization_time_ms': 187.885208, 'contour_analysis_time_ms': 251.185083, 'classification_time_ms': 88.704791}",6,2,False,
success,af63f3b1-1b19-4769-811c-a89739bdb369,/opt/nuclio/shared_storage/test/4/mnist_4_test_00233.png,"{'skeletonization_time_ms': 42.21, 'contour_analysis_time_ms': 245.338333, 'classification_time_ms': 124.194292}",4,1,False,
success,b8ca0ba5-5176-4096-832f-cdcc5420c797,/opt/nuclio/shared_storage/test/6/mnist_6_test_00420.png,"{'skeletonization_time_ms': 83.514167, 'contour_analysis_time_ms': 253.14325, 'classification_time_ms': 229.006042}",6,not classified,False,
success,f7057d10-3bce-4d37-809a-155c0c129208,/opt/nuclio/shared_storage/test/6/mnist_6_00149.png,"{'skeletonization_time_ms': 63.458625, 'contour_analysis_time_ms': 302.586459, 'classification_time_ms': 95.907417}",6,7,False,
success,4f056915-bfc1-4760-8cfc-cc79dff490d2,/opt/nuclio/shared_storage/test/4/mnist_4_test_00297.png,"{'skeletonization_time_ms': 48.826375, 'contour_analysis_time_ms': 228.386167, 'classification_time_ms': 139.466334}",4,7,False,
success,5385738a-debd-41df-9713-1940f8c06bc5,/opt/nuclio/shared_storage/test/4/mnist_4_00242.png,"{'skeletonization_time_ms': 36.395375, 'contour_analysis_time_ms': 216.028125, 'classification_time_ms': 173.669875}",4,7,False,
success,1fd4ae64-5759-4e99-a4b8-cb8408fb2528,/opt/nuclio/shared_storage/test/4/mnist_4_test_00533.png,"{'skeletonization_time_ms': 32.503417, 'contour_analysis_time_ms': 431.944417, 'classification_time_ms': 99.917667}",4,1,False,
success,ab17fcbb-f191-4141-8b9a-b5b91f178259,/opt/nuclio/shared_storage/test/5/mnist_5_00206.png,"{'skeletonization_time_ms': 872.342, 'contour_analysis_time_ms': 179.852542, 'classification_time_ms': 143.326709}",5,2,False,
success,7863b194-d1de-4ac0-b50b-f650a4261377,/opt/nuclio/shared_storage/test/3/mnist_3_00207.png,"{'skeletonization_time_ms': 152.156459, 'contour_analysis_time_ms': 163.18075, 'classification_time_ms': 113.217792}",3,5,False,
success,12d55f9f-7e63-4a86-818d-d0675923d5e3,/opt/nuclio/shared_storage/test/4/mnist_4_00491.png,"{'skeletonization_time_ms': 69.330334, 'contour_analysis_time_ms': 378.96925, 'classification_time_ms': 101.98425}",4,1,False,
success,334a8149-69b2-41eb-8c5e-7bce9a9171ff,/opt/nuclio/shared_storage/test/6/mnist_6_test_00186.png,"{'skeletonization_time_ms': 28.050417, 'contour_analysis_time_ms': 249.608916, 'classification_time_ms': 28.039791}",6,7,False,
success,527cfcf4-e976-4d2d-9f1b-869ad5edead7,/opt/nuclio/shared_storage/test/4/mnist_4_00413.png,"{'skeletonization_time_ms': 30.326792, 'contour_analysis_time_ms': 155.849083, 'classification_time_ms': 45.718292}",4,1,False,
success,21b4ea02-3460-4c34-8cde-3fcf18dce6b6,/opt/nuclio/shared_storage/test/4/mnist_4_test_00368.png,"{'skeletonization_time_ms': 35.391459, 'contour_analysis_time_ms': 350.965417, 'classification_time_ms': 87.014959}",4,1,False,
success,b185d08d-e5d2-4793-9843-b092f4ad2bd9,/opt/nuclio/shared_storage/test/4/mnist_4_00254.png,"{'skeletonization_time_ms': 85.297041, 'contour_analysis_time_ms': 178.652375, 'classification_time_ms': 110.879042}",4,2,False,
success,7f5212e4-c04a-4fd2-8ac6-6a34ee45f90b,/opt/nuclio/shared_storage/test/4/mnist_4_00095.png,"{'skeletonization_time_ms': 65.987334, 'contour_analysis_time_ms': 193.557541, 'classification_time_ms': 50.346542}",4,7,False,
success,ac659c2c-b17e-4f67-b040-3ed7d216eb3d,/opt/nuclio/shared_storage/test/4/mnist_4_test_00220.png,"{'skeletonization_time_ms': 39.422458, 'contour_analysis_time_ms': 140.401792, 'classification_time_ms': 46.456916}",4,7,False,
success,1c5a864c-b0b5-493a-a9b5-7cfaf66e60e9,/opt/nuclio/shared_storage/test/4/mnist_4_test_00690.png,"{'skeletonization_time_ms': 40.14575, 'contour_analysis_time_ms': 141.291917, 'classification_time_ms': 68.569584}",4,7,False,
success,789017a9-10a1-4a96-8a25-7086961a9040,/opt/nuclio/shared_storage/test/4/mnist_4_00451.png,"{'skeletonization_time_ms': 71.485417, 'contour_analysis_time_ms': 191.074208, 'classification_time_ms': 50.769208}",4,7,False,
success,e6cc0f40-b1c5-48d9-bb78-9ff391905167,/opt/nuclio/shared_storage/test/6/mnist_6_00203.png,"{'skeletonization_time_ms': 89.2835, 'contour_analysis_time_ms': 173.156208, 'classification_time_ms': 13.142917}",6,7,False,
success,fd4f8aea-dead-4039-a4a2-59aeed1856b7,/opt/nuclio/shared_storage/test/6/mnist_6_test_00393.png,"{'skeletonization_time_ms': 67.26175, 'contour_analysis_time_ms': 177.630833, 'classification_time_ms': 194.153875}",6,5,False,
success,f2c0f085-7424-4282-a528-07a9424aa992,/opt/nuclio/shared_storage/test/4/mnist_4_test_00350.png,"{'skeletonization_time_ms': 38.538459, 'contour_analysis_time_ms': 182.778167, 'classification_time_ms': 111.150584}",4,1,False,
success,4a36e7b9-8dad-4590-87b6-b2c73015159b,/opt/nuclio/shared_storage/test/3/mnist_3_00438.png,"{'skeletonization_time_ms': 56.177667, 'contour_analysis_time_ms': 277.811167, 'classification_time_ms': 102.352083}",3,7,False,
success,c5c14bdd-3266-48bc-b982-248c1fe523d4,/opt/nuclio/shared_storage/test/4/mnist_4_00122.png,"{'skeletonization_time_ms': 69.223625, 'contour_analysis_time_ms': 175.405459, 'classification_time_ms': 79.403459}",4,1,False,
success,fe142284-41a2-4a0b-8b1f-ba51308451e6,/opt/nuclio/shared_storage/test/3/mnist_3_00766.png,"{'skeletonization_time_ms': 88.794626, 'contour_analysis_time_ms': 257.727334, 'classification_time_ms': 95.269625}",3,7,False,
success,462b2d1e-faac-4c5a-a0b1-c57a0ad4c114,/opt/nuclio/shared_storage/test/3/mnist_3_00604.png,"{'skeletonization_time_ms': 50.987417, 'contour_analysis_time_ms': 137.578, 'classification_time_ms': 64.484959}",3,7,False,
success,360f0107-6ae3-499c-9843-c2f812d8bdea,/opt/nuclio/shared_storage/test/4/mnist_4_00293.png,"{'skeletonization_time_ms': 42.756833, 'contour_analysis_time_ms': 241.460834, 'classification_time_ms': 88.245792}",4,1,False,
success,ebb91c8d-8ec8-4ae4-be75-63de17ee7035,/opt/nuclio/shared_storage/test/6/mnist_6_test_00055.png,"{'skeletonization_time_ms': 69.234209, 'contour_analysis_time_ms': 201.672458, 'classification_time_ms': 156.887625}",6,1,False,
success,afc10ef0-956f-4b6b-a27b-f20206fcdea4,/opt/nuclio/shared_storage/test/4/mnist_4_00243.png,"{'skeletonization_time_ms': 96.972833, 'contour_analysis_time_ms': 300.834751, 'classification_time_ms': 162.24525}",4,7,False,
success,4785140e-acb2-48db-9b04-c205a4a9a011,/opt/nuclio/shared_storage/test/6/mnist_6_test_00331.png,"{'skeletonization_time_ms': 39.338375, 'contour_analysis_time_ms': 224.9025, 'classification_time_ms': 372.828833}",6,not classified,False,
success,91148e21-6dd7-4434-bf8a-ac90d9884f5c,/opt/nuclio/shared_storage/test/4/mnist_4_test_00484.png,"{'skeletonization_time_ms': 96.28175, 'contour_analysis_time_ms': 175.117833, 'classification_time_ms': 210.467833}",4,9,False,
success,0df6fbbe-494c-44b3-8054-cc8a523ffeff,/opt/nuclio/shared_storage/test/6/mnist_6_test_00247.png,"{'skeletonization_time_ms': 154.071, 'contour_analysis_time_ms': 191.4165, 'classification_time_ms': 82.618125}",6,2,False,
success,91d8b881-ad9c-4f7f-8aac-b263631903e5,/opt/nuclio/shared_storage/test/4/mnist_4_test_00352.png,"{'skeletonization_time_ms': 73.441666, 'contour_analysis_time_ms': 195.220209, 'classification_time_ms': 46.331375}",4,7,False,
success,41bf56d6-c1e7-4884-b392-a63606379f8c,/opt/nuclio/shared_storage/test/4/mnist_4_test_00556.png,"{'skeletonization_time_ms': 43.163291, 'contour_analysis_time_ms': 168.771292, 'classification_time_ms': 89.031709}",4,1,False,
success,cacf3e72-3ad1-4642-b6dd-302c2ccea726,/opt/nuclio/shared_storage/test/4/mnist_4_test_00041.png,"{'skeletonization_time_ms': 65.386292, 'contour_analysis_time_ms': 186.2825, 'classification_time_ms': 169.716625}",4,7,False,
success,25f75a3a-aefd-4502-8616-39ee0e8369cc,/opt/nuclio/shared_storage/test/4/mnist_4_test_00421.png,"{'skeletonization_time_ms': 68.556083, 'contour_analysis_time_ms': 162.154, 'classification_time_ms': 47.708708}",4,7,False,
success,a4f967b0-299b-4b96-8d20-ddb6120ed39f,/opt/nuclio/shared_storage/test/6/mnist_6_00093.png,"{'skeletonization_time_ms': 35.369667, 'contour_analysis_time_ms': 171.764125, 'classification_time_ms': 133.669}",6,not classified,False,
success,15a09b2e-bdc8-454e-9324-d044498aa7f6,/opt/nuclio/shared_storage/test/4/mnist_4_00234.png,"{'skeletonization_time_ms': 81.96375, 'contour_analysis_time_ms': 186.695667, 'classification_time_ms': 118.863875}",4,1,False,
success,a99a17cd-003e-4ece-b1c5-a32bd045909e,/opt/nuclio/shared_storage/test/4/mnist_4_00252.png,"{'skeletonization_time_ms': 149.516875, 'contour_analysis_time_ms': 157.101875, 'classification_time_ms': 131.233416}",4,7,False,
success,4c57c526-2edb-44ad-bd3a-7dded943b15d,/opt/nuclio/shared_storage/test/6/mnist_6_test_00281.png,"{'skeletonization_time_ms': 38.848292, 'contour_analysis_time_ms': 303.578792, 'classification_time_ms': 181.231542}",6,1,False,
success,2994f78c-fa0a-423e-a1d3-1b648ca9a2a9,/opt/nuclio/shared_storage/test/4/mnist_4_00146.png,"{'skeletonization_time_ms': 32.849792, 'contour_analysis_time_ms': 184.157459, 'classification_time_ms': 56.370917}",4,1,False,
success,07fbf0eb-4651-4002-b09c-18155d5aeb20,/opt/nuclio/shared_storage/test/4/mnist_4_test_00227.png,"{'skeletonization_time_ms': 52.086542, 'contour_analysis_time_ms': 224.113292, 'classification_time_ms': 64.143}",4,7,False,
success,f3b8190d-e9c6-44bf-867a-836192e3660c,/opt/nuclio/shared_storage/test/4/mnist_4_test_00667.png,"{'skeletonization_time_ms': 52.573625, 'contour_analysis_time_ms': 279.211486, 'classification_time_ms': 153.272416}",4,1,False,
success,3f8c8567-eaef-4423-b952-98c9b8939333,/opt/nuclio/shared_storage/test/4/mnist_4_test_00054.png,"{'skeletonization_time_ms': 61.777709, 'contour_analysis_time_ms': 207.089583, 'classification_time_ms': 162.572167}",4,7,False,
success,4f6515af-3ab5-40de-b696-a80555b51de4,/opt/nuclio/shared_storage/test/6/mnist_6_test_00054.png,"{'skeletonization_time_ms': 88.32925, 'contour_analysis_time_ms': 309.818792, 'classification_time_ms': 156.625667}",6,7,False,
success,902db07c-f160-4c4f-b31f-3680ab896bb4,/opt/nuclio/shared_storage/test/4/mnist_4_test_00110.png,"{'skeletonization_time_ms': 52.244542, 'contour_analysis_time_ms': 412.484167, 'classification_time_ms': 76.720084}",4,7,False,
success,d5be0abc-67bd-4e95-a16f-3d19879a34ee,/opt/nuclio/shared_storage/test/6/mnist_6_test_00180.png,"{'skeletonization_time_ms': 31.637292, 'contour_analysis_time_ms': 238.288709, 'classification_time_ms': 58.6405}",6,2,False,
success,9fa037c2-bdc2-45da-a70b-9ac3dc0afcfe,/opt/nuclio/shared_storage/test/4/mnist_4_test_00092.png,"{'skeletonization_time_ms': 35.598167, 'contour_analysis_time_ms': 178.039125, 'classification_time_ms': 115.463833}",4,7,False,
success,290ffe2f-6d9e-476c-8655-fc4106d8a51d,/opt/nuclio/shared_storage/test/6/mnist_6_test_00068.png,"{'skeletonization_time_ms': 103.501292, 'contour_analysis_time_ms': 288.366625, 'classification_time_ms': 119.43675}",6,5,False,
success,53163240-3234-47a7-a6a2-3bae9e638dc0,/opt/nuclio/shared_storage/test/6/mnist_6_test_00429.png,"{'skeletonization_time_ms': 66.18325, 'contour_analysis_time_ms': 137.814333, 'classification_time_ms': 51.600209}",6,7,False,
success,90d2590c-f0c1-42bb-92a1-9e3437d9da28,/opt/nuclio/shared_storage/test/4/mnist_4_test_00052.png,"{'skeletonization_time_ms': 51.217875, 'contour_analysis_time_ms': 247.41475, 'classification_time_ms': 108.72725}",4,7,False,
success,50ef02ae-f9c9-4cc5-a5af-f15a560acc00,/opt/nuclio/shared_storage/test/6/mnist_6_test_00195.png,"{'skeletonization_time_ms': 56.557791, 'contour_analysis_time_ms': 159.280375, 'classification_time_ms': 32.633583}",6,7,False,
success,38720ecc-2c3a-477c-9473-d6081da47d8e,/opt/nuclio/shared_storage/test/4/mnist_4_test_00323.png,"{'skeletonization_time_ms': 74.959709, 'contour_analysis_time_ms': 145.746542, 'classification_time_ms': 234.625209}",4,9,False,
success,a8da10e1-dc91-4f33-ad0a-6e33ffc937da,/opt/nuclio/shared_storage/test/4/mnist_4_test_00668.png,"{'skeletonization_time_ms': 43.579958, 'contour_analysis_time_ms': 148.106792, 'classification_time_ms': 118.114708}",4,7,False,
success,7618962c-dc91-42cb-953a-28448fc55156,/opt/nuclio/shared_storage/test/4/mnist_4_00008.png,"{'skeletonization_time_ms': 44.595583, 'contour_analysis_time_ms': 214.087667, 'classification_time_ms': 102.517708}",4,5,False,
success,73ab30ab-c6ee-4fee-a76b-b6950539fe18,/opt/nuclio/shared_storage/test/4/mnist_4_test_00316.png,"{'skeletonization_time_ms': 148.307125, 'contour_analysis_time_ms': 167.267375, 'classification_time_ms': 67.899291}",4,1,False,
success,d1ccce48-e26d-4ffb-9104-ddc2fab441ba,/opt/nuclio/shared_storage/test/4/mnist_4_test_00444.png,"{'skeletonization_time_ms': 33.123583, 'contour_analysis_time_ms': 191.649417, 'classification_time_ms': 102.91225}",4,7,False,
success,1c53acec-c08f-4cc3-bd30-e660f10415bf,/opt/nuclio/shared_storage/test/4/mnist_4_00434.png,"{'skeletonization_time_ms': 93.105333, 'contour_analysis_time_ms': 224.81075, 'classification_time_ms': 130.613166}",4,7,False,
success,ed2fa6fb-3ebf-41ff-b2b9-73930a597545,/opt/nuclio/shared_storage/test/6/mnist_6_test_00196.png,"{'skeletonization_time_ms': 130.897792, 'contour_analysis_time_ms': 167.690292, 'classification_time_ms': 28.343459}",6,2,False,
success,e3e6caa1-2224-43a0-b780-560587b0d8b5,/opt/nuclio/shared_storage/test/4/mnist_4_test_00090.png,"{'skeletonization_time_ms': 33.209959, 'contour_analysis_time_ms': 197.727709, 'classification_time_ms': 91.273875}",4,7,False,
success,6c09f3cc-9b10-400f-b714-917a81abe819,/opt/nuclio/shared_storage/test/4/mnist_4_test_00337.png,"{'skeletonization_time_ms': 53.221334, 'contour_analysis_time_ms': 178.699834, 'classification_time_ms': 67.288917}",4,1,False,
success,a02c856b-d62a-414c-89de-644dd24014fa,/opt/nuclio/shared_storage/test/4/mnist_4_00127.png,"{'skeletonization_time_ms': 142.569208, 'contour_analysis_time_ms': 203.164709, 'classification_time_ms': 106.695667}",4,7,False,
success,3507924a-00bf-49eb-b3b1-321bdf9709ad,/opt/nuclio/shared_storage/test/4/mnist_4_00376.png,"{'skeletonization_time_ms': 108.162875, 'contour_analysis_time_ms': 193.056625, 'classification_time_ms': 106.817291}",4,7,False,
success,492e4642-e1e0-4862-bfcf-a2bac7799997,/opt/nuclio/shared_storage/test/4/mnist_4_test_00096.png,"{'skeletonization_time_ms': 44.799458, 'contour_analysis_time_ms': 199.5245, 'classification_time_ms': 107.192708}",4,1,False,
success,e8741073-882c-4186-8dd1-f207ca710972,/opt/nuclio/shared_storage/test/4/mnist_4_test_00022.png,"{'skeletonization_time_ms': 46.134667, 'contour_analysis_time_ms': 151.662875, 'classification_time_ms': 176.013083}",4,1,False,
success,efc8e61d-643a-4e40-b58a-9ce286544ac9,/opt/nuclio/shared_storage/test/4/mnist_4_test_00568.png,"{'skeletonization_time_ms': 48.578333, 'contour_analysis_time_ms': 259.273667, 'classification_time_ms': 98.732375}",4,1,False,
success,0416e4e8-88d1-453e-b998-1fec21f8928c,/opt/nuclio/shared_storage/test/6/mnist_6_test_00348.png,"{'skeletonization_time_ms': 124.265208, 'contour_analysis_time_ms': 143.074, 'classification_time_ms': 254.174334}",6,not classified,False,
success,8673a2ee-477b-4ef5-8912-e46cc0bbe835,/opt/nuclio/shared_storage/test/4/mnist_4_test_00262.png,"{'skeletonization_time_ms': 27.833916, 'contour_analysis_time_ms': 188.651792, 'classification_time_ms': 49.81225}",4,1,False,
success,30b9756a-0a8f-4638-b19b-68eb64ddb819,/opt/nuclio/shared_storage/test/4/mnist_4_00175.png,"{'skeletonization_time_ms': 34.498, 'contour_analysis_time_ms': 201.199667, 'classification_time_ms': 59.60675}",4,1,False,
success,e8ebe794-85e1-41ea-b378-8a2cff9d2439,/opt/nuclio/shared_storage/test/6/mnist_6_00310.png,"{'skeletonization_time_ms': 80.6395, 'contour_analysis_time_ms': 381.333958, 'classification_time_ms': 150.299042}",6,2,False,
success,23a13fcf-1ba8-419f-8f81-0f537d51dbb0,/opt/nuclio/shared_storage/test/7/mnist_7_00717.png,"{'skeletonization_time_ms': 41.260583, 'contour_analysis_time_ms': 212.571917, 'classification_time_ms': 57.627625}",7,1,False,
success,1637d9dd-e099-498b-96a5-d9ce6adde892,/opt/nuclio/shared_storage/test/4/mnist_4_test_00486.png,"{'skeletonization_time_ms': 102.580875, 'contour_analysis_time_ms': 206.955209, 'classification_time_ms': 72.626625}",4,1,False,
success,7ebbdb1a-4df2-419a-87c9-0080262dafde,/opt/nuclio/shared_storage/test/4/mnist_4_00134.png,"{'skeletonization_time_ms': 64.40525, 'contour_analysis_time_ms': 202.144917, 'classification_time_ms': 215.859709}",4,1,False,
success,f3ec6067-c6e6-4082-80e5-bb0e1543d661,/opt/nuclio/shared_storage/test/4/mnist_4_test_00208.png,"{'skeletonization_time_ms': 33.68375, 'contour_analysis_time_ms': 304.708167, 'classification_time_ms': 64.881042}",4,1,False,
success,c1fb016c-81f0-42b1-b414-ebd9db43ec26,/opt/nuclio/shared_storage/test/4/mnist_4_00377.png,"{'skeletonization_time_ms': 40.31825, 'contour_analysis_time_ms': 200.992834, 'classification_time_ms': 84.758333}",4,1,False,
success,85145bde-ce90-4f5d-876a-d31ee767324b,/opt/nuclio/shared_storage/test/4/mnist_4_00278.png,"{'skeletonization_time_ms': 36.91625, 'contour_analysis_time_ms': 203.590084, 'classification_time_ms': 105.377875}",4,5,False,
success,165e5191-1f1d-43de-ab74-ce00932cb7ec,/opt/nuclio/shared_storage/test/4/mnist_4_test_00512.png,"{'skeletonization_time_ms': 68.081459, 'contour_analysis_time_ms': 165.266208, 'classification_time_ms': 83.248709}",4,1,False,
success,ec8e08a3-4ee7-4e10-9894-f189062b6dbf,/opt/nuclio/shared_storage/test/4/mnist_4_test_00019.png,"{'skeletonization_time_ms': 28.633542, 'contour_analysis_time_ms': 204.634666, 'classification_time_ms': 82.947126}",4,9,False,
success,c7b80824-6040-4e7e-b3f9-444b4dc9fb64,/opt/nuclio/shared_storage/test/4/mnist_4_test_00450.png,"{'skeletonization_time_ms': 50.872625, 'contour_analysis_time_ms': 164.782625, 'classification_time_ms': 166.431667}",4,7,False,
success,bc1a0cff-9f2f-404a-904f-a1565cf7a96d,/opt/nuclio/shared_storage/test/4/mnist_4_test_00498.png,"{'skeletonization_time_ms': 33.860833, 'contour_analysis_time_ms': 303.620875, 'classification_time_ms': 44.266}",4,1,False,
success,496832d1-abd3-4dcc-9559-6526ef249d8c,/opt/nuclio/shared_storage/test/4/mnist_4_test_00290.png,"{'skeletonization_time_ms': 187.785, 'contour_analysis_time_ms': 236.122167, 'classification_time_ms': 91.205791}",4,1,False,
success,fc0dd1d0-6ab5-4002-8869-0e891cd4442b,/opt/nuclio/shared_storage/test/4/mnist_4_test_00258.png,"{'skeletonization_time_ms': 47.094667, 'contour_analysis_time_ms': 284.621458, 'classification_time_ms': 196.3785}",4,1,False,
success,b908777e-19dd-4c6b-b1b8-72fd54cb48aa,/opt/nuclio/shared_storage/test/4/mnist_4_test_00499.png,"{'skeletonization_time_ms': 133.350583, 'contour_analysis_time_ms': 154.261834, 'classification_time_ms': 147.649042}",4,7,False,
success,f0afd0b0-c008-42c0-98b3-6dc38064e153,/opt/nuclio/shared_storage/test/4/mnist_4_00324.png,"{'skeletonization_time_ms': 109.071792, 'contour_analysis_time_ms': 170.65625, 'classification_time_ms': 52.667042}",4,1,False,
success,d1703075-de7c-4783-9511-e3bf2c7d7c54,/opt/nuclio/shared_storage/test/6/mnist_6_00732.png,"{'skeletonization_time_ms': 63.011167, 'contour_analysis_time_ms': 262.366166, 'classification_time_ms': 261.705167}",6,5,False,
success,75276fea-75b6-4b33-b175-d6de816b27b5,/opt/nuclio/shared_storage/test/4/mnist_4_test_00064.png,"{'skeletonization_time_ms': 127.776833, 'contour_analysis_time_ms': 317.901958, 'classification_time_ms': 50.372333}",4,7,False,
success,72f83750-22c0-4dbf-81f7-2c244091defd,/opt/nuclio/shared_storage/test/4/mnist_4_test_00193.png,"{'skeletonization_time_ms': 60.965, 'contour_analysis_time_ms': 406.961583, 'classification_time_ms': 102.361959}",4,7,False,
success,0535e3bf-fff6-4e63-a6ec-d770ba2ad426,/opt/nuclio/shared_storage/test/4/mnist_4_test_00467.png,"{'skeletonization_time_ms': 40.346709, 'contour_analysis_time_ms': 158.967333, 'classification_time_ms': 75.705625}",4,1,False,
success,6f9e2fd8-bb73-4952-aa92-0092e8bed0f3,/opt/nuclio/shared_storage/test/4/mnist_4_test_00046.png,"{'skeletonization_time_ms': 152.86275, 'contour_analysis_time_ms': 240.795541, 'classification_time_ms': 92.281291}",4,1,False,
success,6d715f8e-ba72-49ca-96bf-c052cdf3e7e1,/opt/nuclio/shared_storage/test/4/mnist_4_00352.png,"{'skeletonization_time_ms': 29.163791, 'contour_analysis_time_ms': 225.448959, 'classification_time_ms': 89.613459}",4,1,False,
success,3dbaf7af-4dbe-4d96-b7b6-7416cdd2d2f4,/opt/nuclio/shared_storage/test/6/mnist_6_00247.png,"{'skeletonization_time_ms': 47.398458, 'contour_analysis_time_ms': 150.516541, 'classification_time_ms': 332.675209}",6,not classified,False,
success,a3b93a78-4b9c-4ac1-a6aa-d8e502328a13,/opt/nuclio/shared_storage/test/4/mnist_4_test_00490.png,"{'skeletonization_time_ms': 117.464208, 'contour_analysis_time_ms': 211.355416, 'classification_time_ms': 67.424292}",4,1,False,
success,e37d83db-8673-4def-85d7-28742c67fc70,/opt/nuclio/shared_storage/test/4/mnist_4_00425.png,"{'skeletonization_time_ms': 150.927541, 'contour_analysis_time_ms': 243.991708, 'classification_time_ms': 23.572959}",4,7,False,
success,6074be1f-ef09-4e3f-bc90-a22d127e431d,/opt/nuclio/shared_storage/test/4/mnist_4_test_00043.png,"{'skeletonization_time_ms': 67.575125, 'contour_analysis_time_ms': 216.382292, 'classification_time_ms': 159.418125}",4,7,False,
success,5b4aacf9-fbc3-45e5-81f3-7d4f9c5cbaf3,/opt/nuclio/shared_storage/test/4/mnist_4_00433.png,"{'skeletonization_time_ms': 45.722333, 'contour_analysis_time_ms': 219.925917, 'classification_time_ms': 49.497875}",4,7,False,
success,fc150173-c033-4974-a9b0-4eda7bf3a7ce,/opt/nuclio/shared_storage/test/4/mnist_4_test_00274.png,"{'skeletonization_time_ms': 146.8725, 'contour_analysis_time_ms': 186.450417, 'classification_time_ms': 104.929042}",4,7,False,
success,1c6398df-d8c2-4141-96f0-42b7e424e39d,/opt/nuclio/shared_storage/test/4/mnist_4_test_00651.png,"{'skeletonization_time_ms': 129.994708, 'contour_analysis_time_ms': 231.699916, 'classification_time_ms': 139.212666}",4,7,False,
success,2bc100cc-0244-4e9a-9719-b27320270802,/opt/nuclio/shared_storage/test/6/mnist_6_00593.png,"{'skeletonization_time_ms': 44.237166, 'contour_analysis_time_ms': 137.325916, 'classification_time_ms': 22.831459}",6,7,False,
success,af988f05-b47c-491f-a091-89067247563c,/opt/nuclio/shared_storage/test/6/mnist_6_00191.png,"{'skeletonization_time_ms': 29.372166, 'contour_analysis_time_ms': 146.595958, 'classification_time_ms': 24.502375}",6,7,False,
success,cdaeb381-0f08-43a0-bc79-30d3038a3074,/opt/nuclio/shared_storage/test/4/mnist_4_00220.png,"{'skeletonization_time_ms': 42.149417, 'contour_analysis_time_ms': 246.280876, 'classification_time_ms': 53.163875}",4,1,False,
success,d802f912-7c6a-4c2f-a266-c6c8d44f381b,/opt/nuclio/shared_storage/test/4/mnist_4_test_00028.png,"{'skeletonization_time_ms': 53.891916, 'contour_analysis_time_ms': 170.025666, 'classification_time_ms': 72.749166}",4,1,False,
success,3a4e5bb3-6398-4af3-8ae3-da6a8904251d,/opt/nuclio/shared_storage/test/4/mnist_4_test_00069.png,"{'skeletonization_time_ms': 30.598375, 'contour_analysis_time_ms': 175.233875, 'classification_time_ms': 25.959667}",4,7,False,
success,46bb501e-1a91-4bb1-809a-63709c28be57,/opt/nuclio/shared_storage/test/6/mnist_6_test_00189.png,"{'skeletonization_time_ms': 44.046083, 'contour_analysis_time_ms': 152.297917, 'classification_time_ms': 34.396125}",6,7,False,
success,50d0cf2f-f4af-4440-9169-03436814a3d2,/opt/nuclio/shared_storage/test/4/mnist_4_test_00319.png,"{'skeletonization_time_ms': 44.360625, 'contour_analysis_time_ms': 228.999709, 'classification_time_ms': 289.3675}",4,7,False,
success,991e07e9-1418-44b4-bf97-feeaf3d1f529,/opt/nuclio/shared_storage/test/4/mnist_4_test_00055.png,"{'skeletonization_time_ms': 27.912959, 'contour_analysis_time_ms': 140.2725, 'classification_time_ms': 69.137292}",4,1,False,
success,dc641ab1-5449-4736-a490-dbd70b19cad0,/opt/nuclio/shared_storage/test/6/mnist_6_00678.png,"{'skeletonization_time_ms': 32.885292, 'contour_analysis_time_ms': 224.435625, 'classification_time_ms': 140.619792}",6,2,False,
success,3d3ed7c0-2f05-4953-905e-ecce5efb668e,/opt/nuclio/shared_storage/test/4/mnist_4_test_00510.png,"{'skeletonization_time_ms': 97.828, 'contour_analysis_time_ms': 447.760042, 'classification_time_ms': 119.378875}",4,7,False,
success,6f6f2015-7908-49ba-a021-6e626fb30d40,/opt/nuclio/shared_storage/test/6/mnist_6_00899.png,"{'skeletonization_time_ms': 57.043292, 'contour_analysis_time_ms': 429.672167, 'classification_time_ms': 113.737709}",6,5,False,
success,a63558bf-9997-4fab-8b54-a22c4e3efa85,/opt/nuclio/shared_storage/test/4/mnist_4_00025.png,"{'skeletonization_time_ms': 162.395625, 'contour_analysis_time_ms': 243.065583, 'classification_time_ms': 103.817542}",4,1,False,
success,8197cc54-ef50-4afc-ad13-fe6cd4d6ff36,/opt/nuclio/shared_storage/test/4/mnist_4_00164.png,"{'skeletonization_time_ms': 110.539042, 'contour_analysis_time_ms': 156.372625, 'classification_time_ms': 109.297208}",4,7,False,
success,7eeec8a3-a76e-474c-8e1e-50b5d448bb51,/opt/nuclio/shared_storage/test/4/mnist_4_test_00676.png,"{'skeletonization_time_ms': 159.924208, 'contour_analysis_time_ms': 185.216083, 'classification_time_ms': 114.4205}",4,7,False,
success,65ca8ce1-ad01-410a-8962-a8f810df9a00,/opt/nuclio/shared_storage/test/4/mnist_4_00031.png,"{'skeletonization_time_ms': 178.29725, 'contour_analysis_time_ms': 150.156833, 'classification_time_ms': 341.805291}",4,7,False,
success,98dd03ee-5ed7-4674-9ed3-d1d2b44c4a65,/opt/nuclio/shared_storage/test/4/mnist_4_00145.png,"{'skeletonization_time_ms': 180.317584, 'contour_analysis_time_ms': 413.104959, 'classification_time_ms': 124.884417}",4,1,False,
success,b98177a2-8a71-4d5a-8232-776548244d3d,/opt/nuclio/shared_storage/test/6/mnist_6_test_00372.png,"{'skeletonization_time_ms': 131.759333, 'contour_analysis_time_ms': 236.004125, 'classification_time_ms': 123.451527}",6,7,False,
success,5c09eb94-70e1-46a2-b259-1447c1f0cb1c,/opt/nuclio/shared_storage/test/4/mnist_4_test_00245.png,"{'skeletonization_time_ms': 63.23875, 'contour_analysis_time_ms': 191.86232, 'classification_time_ms': 59.697541}",4,7,False,
success,87167377-0eff-45aa-ad10-2e46e5937159,/opt/nuclio/shared_storage/test/6/mnist_6_00812.png,"{'skeletonization_time_ms': 136.75125, 'contour_analysis_time_ms': 211.662236, 'classification_time_ms': 143.613208}",6,9,False,
success,32d87af5-df58-46a7-ac7e-392d8a9b49b5,/opt/nuclio/shared_storage/test/4/mnist_4_test_00261.png,"{'skeletonization_time_ms': 80.506792, 'contour_analysis_time_ms': 133.971542, 'classification_time_ms': 62.014416}",4,7,False,
success,3c43868d-5dc2-448a-a40b-ffae89717b89,/opt/nuclio/shared_storage/test/6/mnist_6_00256.png,"{'skeletonization_time_ms': 41.569041, 'contour_analysis_time_ms': 191.226209, 'classification_time_ms': 25.405541}",6,2,False,
success,6696021b-0a65-41a2-b31e-c9bf1453533f,/opt/nuclio/shared_storage/test/4/mnist_4_00049.png,"{'skeletonization_time_ms': 44.004375, 'contour_analysis_time_ms': 190.359125, 'classification_time_ms': 105.872583}",4,7,False,
success,dbae4af2-7889-4c0c-8d70-467716fa4d92,/opt/nuclio/shared_storage/test/4/mnist_4_test_00503.png,"{'skeletonization_time_ms': 66.825958, 'contour_analysis_time_ms': 212.874, 'classification_time_ms': 109.676541}",4,1,False,
success,e57c613a-537d-4e23-b616-62ef311d82c1,/opt/nuclio/shared_storage/test/4/mnist_4_test_00119.png,"{'skeletonization_time_ms': 98.748833, 'contour_analysis_time_ms': 499.957251, 'classification_time_ms': 173.826375}",4,7,False,
success,b7349c87-271e-4eb0-a14b-8438fd18298c,/opt/nuclio/shared_storage/test/6/mnist_6_00609.png,"{'skeletonization_time_ms': 125.488834, 'contour_analysis_time_ms': 275.327084, 'classification_time_ms': 66.476083}",6,2,False,
success,67d01657-5d5c-4570-ad3e-fbb964bfbec8,/opt/nuclio/shared_storage/test/4/mnist_4_00014.png,"{'skeletonization_time_ms': 26.866209, 'contour_analysis_time_ms': 228.064208, 'classification_time_ms': 79.419708}",4,7,False,
success,cb676f6e-5c30-4445-8bed-c1fad7f09683,/opt/nuclio/shared_storage/test/4/mnist_4_00421.png,"{'skeletonization_time_ms': 165.906167, 'contour_analysis_time_ms': 293.629667, 'classification_time_ms': 91.191917}",4,7,False,
success,d03ebae0-32a4-4d0c-bff5-691499dd546a,/opt/nuclio/shared_storage/test/4/mnist_4_test_00700.png,"{'skeletonization_time_ms': 53.996709, 'contour_analysis_time_ms': 288.580042, 'classification_time_ms': 54.713417}",4,7,False,
success,a4145992-b1a6-47e5-b372-99eefa42719d,/opt/nuclio/shared_storage/test/4/mnist_4_test_00065.png,"{'skeletonization_time_ms': 42.656459, 'contour_analysis_time_ms': 377.862209, 'classification_time_ms': 122.235667}",4,9,False,
success,d285aaa2-3872-4e54-8e62-2c4b1efe5709,/opt/nuclio/shared_storage/test/6/mnist_6_test_00303.png,"{'skeletonization_time_ms': 658.070542, 'contour_analysis_time_ms': 251.609959, 'classification_time_ms': 41.007}",6,7,False,
success,efc9c20b-9104-4b7d-87cc-fe9f177f4664,/opt/nuclio/shared_storage/test/4/mnist_4_00149.png,"{'skeletonization_time_ms': 59.075583, 'contour_analysis_time_ms': 192.630416, 'classification_time_ms': 73.292334}",4,1,False,
success,bc286441-606c-4d9c-b673-dd70040965ef,/opt/nuclio/shared_storage/test/4/mnist_4_test_00243.png,"{'skeletonization_time_ms': 85.760167, 'contour_analysis_time_ms': 137.041, 'classification_time_ms': 58.043584}",4,7,False,
success,89cd630b-3802-42b0-a297-be4f7a9ff6ec,/opt/nuclio/shared_storage/test/4/mnist_4_test_00373.png,"{'skeletonization_time_ms': 34.793625, 'contour_analysis_time_ms': 142.974333, 'classification_time_ms': 51.133833}",4,7,False,
success,b7c06f89-70f7-4fa6-bd80-09d095c8a7c8,/opt/nuclio/shared_storage/test/4/mnist_4_00191.png,"{'skeletonization_time_ms': 63.682584, 'contour_analysis_time_ms': 193.222417, 'classification_time_ms': 92.995791}",4,1,False,
success,39b5a817-0899-4fb8-9eb5-0b4856868940,/opt/nuclio/shared_storage/test/4/mnist_4_test_00059.png,"{'skeletonization_time_ms': 48.455208, 'contour_analysis_time_ms': 185.744375, 'classification_time_ms': 58.011}",4,1,False,
success,5ef7c723-ff53-42bc-b00e-35de0bd8f5f0,/opt/nuclio/shared_storage/test/4/mnist_4_00424.png,"{'skeletonization_time_ms': 72.537375, 'contour_analysis_time_ms': 155.847375, 'classification_time_ms': 54.728125}",4,1,False,
success,5ec9c8bc-90dc-4e0a-9354-6d6ba3d88582,/opt/nuclio/shared_storage/test/4/mnist_4_test_00438.png,"{'skeletonization_time_ms': 217.549333, 'contour_analysis_time_ms': 238.556792, 'classification_time_ms': 100.625542}",4,1,False,
success,7db567e1-61f6-4027-95b6-421079440070,/opt/nuclio/shared_storage/test/4/mnist_4_test_00293.png,"{'skeletonization_time_ms': 43.684708, 'contour_analysis_time_ms': 249.199917, 'classification_time_ms': 119.686125}",4,1,False,
success,07a5bf78-0615-47e0-b314-8233384b12b2,/opt/nuclio/shared_storage/test/6/mnist_6_test_00177.png,"{'skeletonization_time_ms': 59.601583, 'contour_analysis_time_ms': 157.75175, 'classification_time_ms': 251.752709}",6,1,False,
success,6fa8ad39-5e4c-4922-90ce-2b4e9ff1b77a,/opt/nuclio/shared_storage/test/4/mnist_4_00470.png,"{'skeletonization_time_ms': 49.118542, 'contour_analysis_time_ms': 219.806792, 'classification_time_ms': 201.416709}",4,1,False,
success,5675a716-48d0-42e0-8389-ca3be5fa705e,/opt/nuclio/shared_storage/test/6/mnist_6_00708.png,"{'skeletonization_time_ms': 32.445542, 'contour_analysis_time_ms': 190.473125, 'classification_time_ms': 59.057875}",6,7,False,
success,f8908a29-5fae-432b-8128-95239971780e,/opt/nuclio/shared_storage/test/4/mnist_4_00218.png,"{'skeletonization_time_ms': 49.916916, 'contour_analysis_time_ms': 254.080751, 'classification_time_ms': 112.183791}",4,9,False,
success,540d4f1d-a08e-415d-bcc5-5f3b8f253e7b,/opt/nuclio/shared_storage/test/4/mnist_4_00010.png,"{'skeletonization_time_ms': 190.7055, 'contour_analysis_time_ms': 168.197417, 'classification_time_ms': 107.856666}",4,7,False,
success,e22f1f41-bb58-45d1-b2ce-a8346fa2c06a,/opt/nuclio/shared_storage/test/4/mnist_4_test_00327.png,"{'skeletonization_time_ms': 31.144667, 'contour_analysis_time_ms': 198.972334, 'classification_time_ms': 44.515791}",4,1,False,
success,4bfd5a5b-5ae5-4069-b27d-aff871e24155,/opt/nuclio/shared_storage/test/5/mnist_5_00183.png,"{'skeletonization_time_ms': 59.056667, 'contour_analysis_time_ms': 155.295833, 'classification_time_ms': 159.813458}",5,3,False,
success,49285a93-c53b-456f-a73d-5cab247be117,/opt/nuclio/shared_storage/test/4/mnist_4_test_00076.png,"{'skeletonization_time_ms': 88.60125, 'contour_analysis_time_ms': 379.163, 'classification_time_ms': 162.74425}",4,1,False,
success,cb16b002-f291-419f-8219-f714d6e70670,/opt/nuclio/shared_storage/test/4/mnist_4_test_00132.png,"{'skeletonization_time_ms': 89.002917, 'contour_analysis_time_ms': 445.003291, 'classification_time_ms': 172.065542}",4,7,False,
success,efcd983d-0183-4605-8ca0-85be2b65ae57,/opt/nuclio/shared_storage/test/4/mnist_4_00412.png,"{'skeletonization_time_ms': 46.5815, 'contour_analysis_time_ms': 270.451751, 'classification_time_ms': 143.563792}",4,7,False,
success,601edbfc-8c2e-4da6-9176-3ceadb9dd901,/opt/nuclio/shared_storage/test/4/mnist_4_00367.png,"{'skeletonization_time_ms': 68.809833, 'contour_analysis_time_ms': 182.452125, 'classification_time_ms': 258.276709}",4,7,False,
success,ac8e7b55-9520-4719-b998-a4e22bb702f2,/opt/nuclio/shared_storage/test/4/mnist_4_test_00189.png,"{'skeletonization_time_ms': 47.842167, 'contour_analysis_time_ms': 137.399583, 'classification_time_ms': 142.1395}",4,9,False,
success,9c09693b-a7ff-4cc0-925e-2cfea42b8b49,/opt/nuclio/shared_storage/test/4/mnist_4_test_00494.png,"{'skeletonization_time_ms': 46.947584, 'contour_analysis_time_ms': 196.105876, 'classification_time_ms': 125.61475}",4,2,False,
success,7795947c-1e2b-4464-b822-ad6dc761f4e5,/opt/nuclio/shared_storage/test/4/mnist_4_test_00124.png,"{'skeletonization_time_ms': 181.306709, 'contour_analysis_time_ms': 237.657084, 'classification_time_ms': 92.682708}",4,7,False,
success,debe87ae-ff85-4390-ad86-21e61522d1d9,/opt/nuclio/shared_storage/test/4/mnist_4_00388.png,"{'skeletonization_time_ms': 43.792667, 'contour_analysis_time_ms': 252.521125, 'classification_time_ms': 110.078292}",4,7,False,
success,9717d6a4-5a5a-432c-a42d-794135bcf35a,/opt/nuclio/shared_storage/test/4/mnist_4_test_00523.png,"{'skeletonization_time_ms': 38.343042, 'contour_analysis_time_ms': 147.148208, 'classification_time_ms': 146.268833}",4,7,False,
success,2250522a-a04f-410f-9c49-0e3da2d1c37b,/opt/nuclio/shared_storage/test/5/mnist_5_test_00208.png,"{'skeletonization_time_ms': 72.700667, 'contour_analysis_time_ms': 235.5685, 'classification_time_ms': 121.39875}",5,7,False,
success,e2a7d0b5-5f74-4cc4-b6e2-696319d203da,/opt/nuclio/shared_storage/test/5/mnist_5_test_00557.png,"{'skeletonization_time_ms': 52.92, 'contour_analysis_time_ms': 383.387917, 'classification_time_ms': 82.57675}",5,7,False,
success,2256eb82-9c59-4766-aa60-dcb6baeeb77d,/opt/nuclio/shared_storage/test/4/mnist_4_00475.png,"{'skeletonization_time_ms': 30.4685, 'contour_analysis_time_ms': 229.982583, 'classification_time_ms': 56.698542}",4,7,False,
success,51b127b2-0892-4082-9eb5-8812aa7c160c,/opt/nuclio/shared_storage/test/4/mnist_4_00366.png,"{'skeletonization_time_ms': 45.803959, 'contour_analysis_time_ms': 196.334209, 'classification_time_ms': 40.4255}",4,1,False,
success,bb29bf3f-b2ac-4d97-8c0f-7b993ab7858f,/opt/nuclio/shared_storage/test/4/mnist_4_00449.png,"{'skeletonization_time_ms': 44.281209, 'contour_analysis_time_ms': 164.482666, 'classification_time_ms': 120.988125}",4,1,False,
success,1b552245-3ebe-4bc3-ba18-0873382e0840,/opt/nuclio/shared_storage/test/4/mnist_4_test_00170.png,"{'skeletonization_time_ms': 42.638001, 'contour_analysis_time_ms': 342.214834, 'classification_time_ms': 166.073917}",4,7,False,
success,ce09ffe1-9efc-461c-b3c9-da2964171bd0,/opt/nuclio/shared_storage/test/4/mnist_4_test_00464.png,"{'skeletonization_time_ms': 73.140375, 'contour_analysis_time_ms': 261.001417, 'classification_time_ms': 71.860792}",4,1,False,
success,1ffa77d8-5e5a-40e6-a12a-316af67a348a,/opt/nuclio/shared_storage/test/5/mnist_5_00231.png,"{'skeletonization_time_ms': 56.894542, 'contour_analysis_time_ms': 258.06175, 'classification_time_ms': 123.426375}",5,2,False,
success,2d1807ae-751b-463c-a79a-1e40b2e7c1f6,/opt/nuclio/shared_storage/test/6/mnist_6_test_00305.png,"{'skeletonization_time_ms': 252.799042, 'contour_analysis_time_ms': 236.203334, 'classification_time_ms': 67.187875}",6,2,False,
success,fe58fc4e-fd76-48d9-9884-269e9d86904b,/opt/nuclio/shared_storage/test/4/mnist_4_test_00278.png,"{'skeletonization_time_ms': 55.660375, 'contour_analysis_time_ms': 231.952292, 'classification_time_ms': 78.819625}",4,1,False,
success,102ad595-64c5-453c-985d-4e79e613c425,/opt/nuclio/shared_storage/test/4/mnist_4_test_00699.png,"{'skeletonization_time_ms': 43.793875, 'contour_analysis_time_ms': 225.401458, 'classification_time_ms': 181.793042}",4,7,False,
success,79f509d3-7e9d-4665-83b6-277cd1f75e67,/opt/nuclio/shared_storage/test/4/mnist_4_test_00271.png,"{'skeletonization_time_ms': 69.28675, 'contour_analysis_time_ms': 150.923666, 'classification_time_ms': 58.345542}",4,7,False,
success,e90bc3df-7b22-497c-a87e-bf1c55587a49,/opt/nuclio/shared_storage/test/4/mnist_4_test_00127.png,"{'skeletonization_time_ms': 55.026375, 'contour_analysis_time_ms': 209.751667, 'classification_time_ms': 90.76275}",4,7,False,
success,ee7502a1-c56d-4edf-bb01-bcd342a55548,/opt/nuclio/shared_storage/test/4/mnist_4_00403.png,"{'skeletonization_time_ms': 49.628958, 'contour_analysis_time_ms': 309.559, 'classification_time_ms': 58.58425}",4,7,False,
success,e3a3030d-d40c-47c7-afa1-01e443d266d0,/opt/nuclio/shared_storage/test/5/mnist_5_test_00340.png,"{'skeletonization_time_ms': 52.699167, 'contour_analysis_time_ms': 173.029542, 'classification_time_ms': 132.996125}",5,2,False,
success,49add2e0-0d85-4795-a3b4-0fc1bff6a296,/opt/nuclio/shared_storage/test/4/mnist_4_00387.png,"{'skeletonization_time_ms': 52.805584, 'contour_analysis_time_ms': 205.389875, 'classification_time_ms': 54.612875}",4,1,False,
success,503c7c5e-e020-485b-97bb-f039f5fc48a9,/opt/nuclio/shared_storage/test/4/mnist_4_00062.png,"{'skeletonization_time_ms': 29.77975, 'contour_analysis_time_ms': 137.6695, 'classification_time_ms': 124.54775}",4,7,False,
success,1c427d8a-4438-4ca0-8e05-fff92bc14c49,/opt/nuclio/shared_storage/test/4/mnist_4_test_00066.png,"{'skeletonization_time_ms': 187.141625, 'contour_analysis_time_ms': 134.662959, 'classification_time_ms': 118.474625}",4,9,False,
success,073fcf3b-7600-4a7d-b673-9b0f54edc083,/opt/nuclio/shared_storage/test/6/mnist_6_00150.png,"{'skeletonization_time_ms': 51.630042, 'contour_analysis_time_ms': 191.74775, 'classification_time_ms': 136.57975}",6,9,False,
success,5afdc3e2-8b95-40d0-bd91-82d8f6601611,/opt/nuclio/shared_storage/test/4/mnist_4_test_00248.png,"{'skeletonization_time_ms': 98.043917, 'contour_analysis_time_ms': 224.309542, 'classification_time_ms': 249.387542}",4,7,False,
success,9446489d-224a-49aa-a91a-36aa8d805b91,/opt/nuclio/shared_storage/test/4/mnist_4_00329.png,"{'skeletonization_time_ms': 40.014083, 'contour_analysis_time_ms': 300.317251, 'classification_time_ms': 131.287333}",4,1,False,
success,2cc29638-5bfb-479f-a3ee-56116a61077b,/opt/nuclio/shared_storage/test/4/mnist_4_test_00049.png,"{'skeletonization_time_ms': 60.983125, 'contour_analysis_time_ms': 179.814583, 'classification_time_ms': 109.907334}",4,7,False,
success,6fa23c05-fb49-42b7-afde-21562c1f2c16,/opt/nuclio/shared_storage/test/4/mnist_4_test_00306.png,"{'skeletonization_time_ms': 150.907625, 'contour_analysis_time_ms': 250.14175, 'classification_time_ms': 171.216709}",4,1,False,
success,cbd8a295-07dd-4e24-97ce-00493109811e,/opt/nuclio/shared_storage/test/6/mnist_6_test_00274.png,"{'skeletonization_time_ms': 51.182125, 'contour_analysis_time_ms': 182.538916, 'classification_time_ms': 169.298417}",6,7,False,
success,8107adf7-22e8-4999-875d-2948f7099de2,/opt/nuclio/shared_storage/test/5/mnist_5_test_00045.png,"{'skeletonization_time_ms': 35.757791, 'contour_analysis_time_ms': 275.856458, 'classification_time_ms': 94.750584}",5,7,False,
success,e5226f3a-9594-42bc-8c06-93446b646ae7,/opt/nuclio/shared_storage/test/4/mnist_4_00007.png,"{'skeletonization_time_ms': 69.536958, 'contour_analysis_time_ms': 154.692459, 'classification_time_ms': 58.940583}",4,1,False,
success,493261e1-b245-484a-a45a-f961da3f902f,/opt/nuclio/shared_storage/test/4/mnist_4_00163.png,"{'skeletonization_time_ms': 33.556, 'contour_analysis_time_ms': 143.831876, 'classification_time_ms': 53.597541}",4,7,False,
success,6228b8b8-b6b2-46f6-995a-c01a4ea44737,/opt/nuclio/shared_storage/test/4/mnist_4_test_00366.png,"{'skeletonization_time_ms': 82.080542, 'contour_analysis_time_ms': 212.780708, 'classification_time_ms': 97.036458}",4,7,False,
success,ea041fca-000f-4a23-b7d2-a818570fef87,/opt/nuclio/shared_storage/test/4/mnist_4_test_00259.png,"{'skeletonization_time_ms': 91.75925, 'contour_analysis_time_ms': 328.756042, 'classification_time_ms': 211.748042}",4,1,False,
success,9f39f718-2a6c-48f8-8c77-6d9f983fe1af,/opt/nuclio/shared_storage/test/6/mnist_6_00634.png,"{'skeletonization_time_ms': 63.405875, 'contour_analysis_time_ms': 268.5625, 'classification_time_ms': 25.992083}",6,2,False,
success,e4e3c32e-2248-4d15-a74d-a39fbf9da975,/opt/nuclio/shared_storage/test/4/mnist_4_00258.png,"{'skeletonization_time_ms': 70.137333, 'contour_analysis_time_ms': 220.024625, 'classification_time_ms': 61.880166}",4,1,False,
success,5d0bf9d7-a952-4db5-8c2d-255d2d935502,/opt/nuclio/shared_storage/test/7/mnist_7_test_00123.png,"{'skeletonization_time_ms': 96.715083, 'contour_analysis_time_ms': 231.323584, 'classification_time_ms': 89.021417}",7,1,False,
success,fdf28960-66db-4b94-aa71-61703cf1db73,/opt/nuclio/shared_storage/test/4/mnist_4_test_00412.png,"{'skeletonization_time_ms': 101.267708, 'contour_analysis_time_ms': 216.215416, 'classification_time_ms': 100.320958}",4,1,False,
success,f7985e15-6bcc-4dd5-88a7-063ba0105420,/opt/nuclio/shared_storage/test/5/mnist_5_test_00184.png,"{'skeletonization_time_ms': 155.528667, 'contour_analysis_time_ms': 225.458125, 'classification_time_ms': 72.113791}",5,2,False,
success,a2f139e0-39c7-4914-aa42-826d1f4233a2,/opt/nuclio/shared_storage/test/4/mnist_4_test_00228.png,"{'skeletonization_time_ms': 70.769584, 'contour_analysis_time_ms': 157.468583, 'classification_time_ms': 60.658625}",4,1,False,
success,5d858cf3-90aa-49db-b477-63fa34cda78c,/opt/nuclio/shared_storage/test/4/mnist_4_test_00663.png,"{'skeletonization_time_ms': 31.539375, 'contour_analysis_time_ms': 159.109834, 'classification_time_ms': 88.047583}",4,7,False,
success,573ce462-e935-47ce-a703-94634db50d0d,/opt/nuclio/shared_storage/test/4/mnist_4_00102.png,"{'skeletonization_time_ms': 48.598541, 'contour_analysis_time_ms': 431.133751, 'classification_time_ms': 93.492}",4,1,False,
success,28fdd663-bf4c-4a38-a817-e0c580df7132,/opt/nuclio/shared_storage/test/4/mnist_4_test_00029.png,"{'skeletonization_time_ms': 72.4345, 'contour_analysis_time_ms': 171.671292, 'classification_time_ms': 50.487916}",4,7,False,
success,e98653d6-c7fd-4350-a77f-49b5e720b800,/opt/nuclio/shared_storage/test/4/mnist_4_00170.png,"{'skeletonization_time_ms': 133.202667, 'contour_analysis_time_ms': 175.963333, 'classification_time_ms': 88.931833}",4,7,False,
success,0d74bed8-8921-459a-bca5-404a07b53310,/opt/nuclio/shared_storage/test/5/mnist_5_00337.png,"{'skeletonization_time_ms': 37.348875, 'contour_analysis_time_ms': 157.824792, 'classification_time_ms': 25.272667}",5,7,False,
success,47435347-3458-4f2f-a4c5-d0a71aed3a64,/opt/nuclio/shared_storage/test/4/mnist_4_test_00629.png,"{'skeletonization_time_ms': 45.279625, 'contour_analysis_time_ms': 128.918083, 'classification_time_ms': 84.968083}",4,7,False,
success,31d736fa-6766-4cbe-aec5-ae93318372c4,/opt/nuclio/shared_storage/test/4/mnist_4_test_00600.png,"{'skeletonization_time_ms': 49.066291, 'contour_analysis_time_ms': 176.728333, 'classification_time_ms': 53.407584}",4,7,False,
success,9fae1927-19d4-4b7f-8d21-da1bfc4f2a6f,/opt/nuclio/shared_storage/test/5/mnist_5_test_00545.png,"{'skeletonization_time_ms': 25.60775, 'contour_analysis_time_ms': 227.279625, 'classification_time_ms': 32.069}",5,1,False,
success,db97cfd4-bea9-4bb6-a3ce-7d4699e4c42e,/opt/nuclio/shared_storage/test/5/mnist_5_test_00019.png,"{'skeletonization_time_ms': 54.968375, 'contour_analysis_time_ms': 211.150708, 'classification_time_ms': 192.855417}",5,7,False,
success,fcf9e627-673a-4642-8d22-1ad80488b187,/opt/nuclio/shared_storage/test/5/mnist_5_test_00582.png,"{'skeletonization_time_ms': 33.882125, 'contour_analysis_time_ms': 209.717833, 'classification_time_ms': 440.953209}",5,9,False,
success,4037ae5c-8da3-4509-8e32-5a20827a8ef1,/opt/nuclio/shared_storage/test/5/mnist_5_00184.png,"{'skeletonization_time_ms': 39.911583, 'contour_analysis_time_ms': 240.790833, 'classification_time_ms': 62.376959}",5,7,False,
success,e365f5d1-a888-452c-9226-5fe0fc8b646a,/opt/nuclio/shared_storage/test/4/mnist_4_00059.png,"{'skeletonization_time_ms': 42.555667, 'contour_analysis_time_ms': 171.468792, 'classification_time_ms': 169.564875}",4,1,False,
success,1f245465-ccb3-4f67-bd51-746f2fe3631e,/opt/nuclio/shared_storage/test/4/mnist_4_test_00388.png,"{'skeletonization_time_ms': 41.418666, 'contour_analysis_time_ms': 261.882208, 'classification_time_ms': 148.921708}",4,1,False,
success,576a336f-de0b-4fc5-99e1-fe485cbcf53a,/opt/nuclio/shared_storage/test/8/mnist_8_test_00120.png,"{'skeletonization_time_ms': 24.802583, 'contour_analysis_time_ms': 215.788375, 'classification_time_ms': 48.492834}",8,7,False,
success,cd4c21ec-42ec-4e16-a241-7c510eec9195,/opt/nuclio/shared_storage/test/4/mnist_4_test_00363.png,"{'skeletonization_time_ms': 64.421667, 'contour_analysis_time_ms': 218.479834, 'classification_time_ms': 65.154708}",4,7,False,
success,dc2bdff0-0b7f-4b34-9e58-7281f3f433eb,/opt/nuclio/shared_storage/test/4/mnist_4_test_00210.png,"{'skeletonization_time_ms': 41.33075, 'contour_analysis_time_ms': 192.414291, 'classification_time_ms': 148.494958}",4,7,False,
success,3868d0fa-f326-4a6f-9682-90462bbbd836,/opt/nuclio/shared_storage/test/5/mnist_5_00109.png,"{'skeletonization_time_ms': 70.289125, 'contour_analysis_time_ms': 166.121708, 'classification_time_ms': 175.039625}",5,3,False,
success,b0388a8e-2ea1-482f-928a-1339cdbaf0ac,/opt/nuclio/shared_storage/test/8/mnist_8_test_00487.png,"{'skeletonization_time_ms': 33.862166, 'contour_analysis_time_ms': 160.51825, 'classification_time_ms': 644.641917}",8,not classified,False,
success,9549eb87-30ec-4414-af2e-eec6ba9ca2f6,/opt/nuclio/shared_storage/test/4/mnist_4_test_00489.png,"{'skeletonization_time_ms': 47.40375, 'contour_analysis_time_ms': 312.414292, 'classification_time_ms': 200.117917}",4,7,False,
success,bb86ab33-8f9d-4922-928d-930763857bf7,/opt/nuclio/shared_storage/test/4/mnist_4_test_00310.png,"{'skeletonization_time_ms': 64.405209, 'contour_analysis_time_ms': 280.288792, 'classification_time_ms': 104.572459}",4,1,False,
success,12b641f9-ada6-4d09-afe0-04a3211c17f7,/opt/nuclio/shared_storage/test/4/mnist_4_test_00448.png,"{'skeletonization_time_ms': 56.016708, 'contour_analysis_time_ms': 326.989042, 'classification_time_ms': 129.047417}",4,1,False,
success,3feb2b66-42f1-4dc2-9fd3-3176f8ae4e44,/opt/nuclio/shared_storage/test/4/mnist_4_00416.png,"{'skeletonization_time_ms': 71.328542, 'contour_analysis_time_ms': 343.461125, 'classification_time_ms': 119.964291}",4,1,False,
success,fb2896db-a51b-40e8-9745-46d0850312e2,/opt/nuclio/shared_storage/test/5/mnist_5_test_00292.png,"{'skeletonization_time_ms': 35.245709, 'contour_analysis_time_ms': 346.537458, 'classification_time_ms': 105.439375}",5,2,False,
success,5b68e14c-bb3f-40d1-b280-92644cc35dd7,/opt/nuclio/shared_storage/test/4/mnist_4_test_00429.png,"{'skeletonization_time_ms': 62.383542, 'contour_analysis_time_ms': 298.628583, 'classification_time_ms': 92.464166}",4,7,False,
success,643450c0-24e8-42b2-b968-21859ceaea8b,/opt/nuclio/shared_storage/test/7/mnist_7_00152.png,"{'skeletonization_time_ms': 54.371958, 'contour_analysis_time_ms': 203.58875, 'classification_time_ms': 25.263584}",7,2,False,
success,51bcca7d-cd77-447f-8cd1-94a9f8f94971,/opt/nuclio/shared_storage/test/4/mnist_4_test_00199.png,"{'skeletonization_time_ms': 74.506541, 'contour_analysis_time_ms': 282.262625, 'classification_time_ms': 84.755625}",4,1,False,
success,854afa8e-cf66-4461-9bd2-984396bd3519,/opt/nuclio/shared_storage/test/4/mnist_4_test_00270.png,"{'skeletonization_time_ms': 79.132458, 'contour_analysis_time_ms': 139.922459, 'classification_time_ms': 44.786708}",4,1,False,
success,1b0abceb-987d-45e8-9224-db3c2029b106,/opt/nuclio/shared_storage/test/4/mnist_4_00477.png,"{'skeletonization_time_ms': 78.260125, 'contour_analysis_time_ms': 139.137334, 'classification_time_ms': 116.385958}",4,1,False,
success,065da817-29ab-4911-92a2-1b4a060bd229,/opt/nuclio/shared_storage/test/5/mnist_5_test_00354.png,"{'skeletonization_time_ms': 47.899583, 'contour_analysis_time_ms': 201.006542, 'classification_time_ms': 139.386334}",5,2,False,
success,f79f2122-7292-4030-9fa0-85297d2af8ea,/opt/nuclio/shared_storage/test/5/mnist_5_test_00178.png,"{'skeletonization_time_ms': 126.770959, 'contour_analysis_time_ms': 209.65975, 'classification_time_ms': 152.059583}",5,2,False,
success,326ea01c-6a3b-4dbc-8b3a-f1a4b92927af,/opt/nuclio/shared_storage/test/4/mnist_4_test_00576.png,"{'skeletonization_time_ms': 100.038625, 'contour_analysis_time_ms': 175.255208, 'classification_time_ms': 137.927375}",4,7,False,
success,6fdfeb17-74e1-41af-8d73-9e3ac4ee2699,/opt/nuclio/shared_storage/test/5/mnist_5_test_00353.png,"{'skeletonization_time_ms': 89.455625, 'contour_analysis_time_ms': 277.271417, 'classification_time_ms': 357.917667}",5,9,False,
success,78d205b6-37c7-40c7-ab2a-be1d3604e519,/opt/nuclio/shared_storage/test/5/mnist_5_test_00492.png,"{'skeletonization_time_ms': 36.46475, 'contour_analysis_time_ms': 200.232958, 'classification_time_ms': 222.871959}",5,2,False,
success,b5fd254a-5ca7-464b-8dde-105c46cf2a0c,/opt/nuclio/shared_storage/test/4/mnist_4_00463.png,"{'skeletonization_time_ms': 69.051708, 'contour_analysis_time_ms': 221.50725, 'classification_time_ms': 170.128917}",4,7,False,
success,82e8bf1e-1474-4612-86ff-1a2930d66f2f,/opt/nuclio/shared_storage/test/5/mnist_5_test_00326.png,"{'skeletonization_time_ms': 40.326166, 'contour_analysis_time_ms': 262.881708, 'classification_time_ms': 29.132083}",5,7,False,
success,1ee000be-26c4-4d78-bcc6-602da19d2407,/opt/nuclio/shared_storage/test/5/mnist_5_test_00182.png,"{'skeletonization_time_ms': 57.623666, 'contour_analysis_time_ms': 178.127833, 'classification_time_ms': 114.611959}",5,2,False,
success,d103a2cd-33eb-4325-990a-8dfcc7b75364,/opt/nuclio/shared_storage/test/4/mnist_4_test_00164.png,"{'skeletonization_time_ms': 37.722542, 'contour_analysis_time_ms': 248.188667, 'classification_time_ms': 153.994417}",4,1,False,
success,d0f4c790-63f2-4746-9940-8814b0eccfb9,/opt/nuclio/shared_storage/test/4/mnist_4_00073.png,"{'skeletonization_time_ms': 53.055083, 'contour_analysis_time_ms': 184.592792, 'classification_time_ms': 72.64275}",4,7,False,
success,5f06d6f3-f872-41ed-9f89-c3b2d3fa3b4e,/opt/nuclio/shared_storage/test/7/mnist_7_00765.png,"{'skeletonization_time_ms': 329.125694, 'contour_analysis_time_ms': 181.932709, 'classification_time_ms': 145.480042}",7,2,False,
success,b7d6aeaf-4392-468f-9c0f-66d5959fe0ad,/opt/nuclio/shared_storage/test/4/mnist_4_test_00549.png,"{'skeletonization_time_ms': 109.034541, 'contour_analysis_time_ms': 333.051542, 'classification_time_ms': 67.612375}",4,1,False,
success,affb8183-bb30-4248-8b7c-7f6c5035819b,/opt/nuclio/shared_storage/test/5/mnist_5_00430.png,"{'skeletonization_time_ms': 186.090541, 'contour_analysis_time_ms': 212.957209, 'classification_time_ms': 83.743958}",5,7,False,
success,d6478409-95f8-4ad0-816f-48fd74cab0e7,/opt/nuclio/shared_storage/test/4/mnist_4_00338.png,"{'skeletonization_time_ms': 47.738292, 'contour_analysis_time_ms': 190.796875, 'classification_time_ms': 176.380375}",4,7,False,
success,c8ec2233-9c7e-4715-b75b-80c06c53d3b9,/opt/nuclio/shared_storage/test/8/mnist_8_00234.png,"{'skeletonization_time_ms': 70.116875, 'contour_analysis_time_ms': 146.914542, 'classification_time_ms': 470.782083}",8,not classified,False,
success,01f41ff0-7401-4d09-8c1b-576de0532e46,/opt/nuclio/shared_storage/test/5/mnist_5_00127.png,"{'skeletonization_time_ms': 72.004333, 'contour_analysis_time_ms': 307.845375, 'classification_time_ms': 58.560042}",5,7,False,
success,d91cc679-cdd1-41f7-aa33-db5243ac893b,/opt/nuclio/shared_storage/test/5/mnist_5_00421.png,"{'skeletonization_time_ms': 98.850708, 'contour_analysis_time_ms': 235.690791, 'classification_time_ms': 431.626833}",5,9,False,
success,cf446adb-a9b9-451e-82b2-92cfdc04e144,/opt/nuclio/shared_storage/test/4/mnist_4_test_00565.png,"{'skeletonization_time_ms': 49.646, 'contour_analysis_time_ms': 176.369417, 'classification_time_ms': 158.784375}",4,7,False,
success,aa4ed868-7252-4982-956e-01944a8b3075,/opt/nuclio/shared_storage/test/5/mnist_5_test_00552.png,"{'skeletonization_time_ms': 73.273542, 'contour_analysis_time_ms': 314.062861, 'classification_time_ms': 143.552291}",5,3,False,
success,023b2ac0-cd95-4054-8014-d86ee591193f,/opt/nuclio/shared_storage/test/5/mnist_5_00237.png,"{'skeletonization_time_ms': 60.745667, 'contour_analysis_time_ms': 248.817694, 'classification_time_ms': 167.247292}",5,2,False,
success,3ca8ee66-0807-4af3-ab8d-071dd026a530,/opt/nuclio/shared_storage/test/8/mnist_8_test_00779.png,"{'skeletonization_time_ms': 78.990541, 'contour_analysis_time_ms': 195.959458, 'classification_time_ms': 299.870417}",8,6,False,
success,d851fa90-0a11-4b3a-b9d7-72a20f212a50,/opt/nuclio/shared_storage/test/5/mnist_5_00437.png,"{'skeletonization_time_ms': 69.346, 'contour_analysis_time_ms': 234.836209, 'classification_time_ms': 126.342917}",5,2,False,
success,72aa6b32-94c2-40d8-9b26-4ee0be381506,/opt/nuclio/shared_storage/test/5/mnist_5_test_00235.png,"{'skeletonization_time_ms': 33.884708, 'contour_analysis_time_ms': 403.407167, 'classification_time_ms': 55.948208}",5,7,False,
success,bd671ef9-6fd9-4504-9918-80410ed57a28,/opt/nuclio/shared_storage/test/8/mnist_8_00394.png,"{'skeletonization_time_ms': 95.900958, 'contour_analysis_time_ms': 187.324917, 'classification_time_ms': 140.831708}",8,not classified,False,
success,f4474390-a0ae-4423-a24e-79979cd9da22,/opt/nuclio/shared_storage/test/5/mnist_5_00055.png,"{'skeletonization_time_ms': 76.602459, 'contour_analysis_time_ms': 248.063792, 'classification_time_ms': 44.932375}",5,2,False,
success,c83251cb-35f5-4aa5-92e4-cec2bf8828e8,/opt/nuclio/shared_storage/test/4/mnist_4_00305.png,"{'skeletonization_time_ms': 53.171, 'contour_analysis_time_ms': 251.79325, 'classification_time_ms': 149.208167}",4,7,False,
success,572c768c-22a3-4601-b007-fb6976870288,/opt/nuclio/shared_storage/test/8/mnist_8_test_00625.png,"{'skeletonization_time_ms': 35.609625, 'contour_analysis_time_ms': 216.299167, 'classification_time_ms': 304.612292}",8,6,False,
success,631abd57-e046-4cdf-9e9d-52d6e41278cc,/opt/nuclio/shared_storage/test/5/mnist_5_00218.png,"{'skeletonization_time_ms': 149.141626, 'contour_analysis_time_ms': 203.053292, 'classification_time_ms': 158.330834}",5,3,False,
success,21ea6661-efa4-46de-8d33-fb32a4c2503c,/opt/nuclio/shared_storage/test/5/mnist_5_test_00427.png,"{'skeletonization_time_ms': 105.037417, 'contour_analysis_time_ms': 322.778416, 'classification_time_ms': 470.542209}",5,1,False,
success,4438efaa-1b9e-43df-a6e8-af5e4fc7de10,/opt/nuclio/shared_storage/test/7/mnist_7_00720.png,"{'skeletonization_time_ms': 47.162041, 'contour_analysis_time_ms': 276.156834, 'classification_time_ms': 67.70275}",7,1,False,
success,f940b529-2ee6-43da-ba37-aa01e0a69814,/opt/nuclio/shared_storage/test/4/mnist_4_00289.png,"{'skeletonization_time_ms': 97.356667, 'contour_analysis_time_ms': 234.46825, 'classification_time_ms': 125.073792}",4,1,False,
success,d3aa61fc-3c12-4fd5-802c-ca3fb2664363,/opt/nuclio/shared_storage/test/5/mnist_5_test_00625.png,"{'skeletonization_time_ms': 125.772917, 'contour_analysis_time_ms': 194.9245, 'classification_time_ms': 135.380208}",5,2,False,
success,8a0834c7-e4af-403b-a411-57aa984d643b,/opt/nuclio/shared_storage/test/5/mnist_5_00314.png,"{'skeletonization_time_ms': 49.055875, 'contour_analysis_time_ms': 245.227625, 'classification_time_ms': 109.701959}",5,2,False,
success,6dc67c60-7566-4c52-a1e8-acd3473bc391,/opt/nuclio/shared_storage/test/5/mnist_5_test_00231.png,"{'skeletonization_time_ms': 49.110458, 'contour_analysis_time_ms': 186.524666, 'classification_time_ms': 96.407541}",5,2,False,
success,887efaad-bbc1-434c-bf73-135873f46416,/opt/nuclio/shared_storage/test/7/mnist_7_00724.png,"{'skeletonization_time_ms': 49.996458, 'contour_analysis_time_ms': 138.296, 'classification_time_ms': 115.334125}",7,1,False,
success,6052afcd-8429-4f3b-bc1d-f33152eb9f80,/opt/nuclio/shared_storage/test/8/mnist_8_test_00154.png,"{'skeletonization_time_ms': 70.577583, 'contour_analysis_time_ms': 214.146209, 'classification_time_ms': 82.034042}",8,not classified,False,
success,c57be21a-c10a-4a11-8ede-b92078727328,/opt/nuclio/shared_storage/test/5/mnist_5_test_00218.png,"{'skeletonization_time_ms': 47.955083, 'contour_analysis_time_ms': 225.479333, 'classification_time_ms': 168.738125}",5,3,False,
success,453d1286-9c79-40a7-b6bf-bb9e87d0e9d7,/opt/nuclio/shared_storage/test/5/mnist_5_test_00351.png,"{'skeletonization_time_ms': 36.350042, 'contour_analysis_time_ms': 132.302541, 'classification_time_ms': 122.418667}",5,7,False,
success,92a0f89a-5a16-437d-9407-b63fda378bf4,/opt/nuclio/shared_storage/test/5/mnist_5_00209.png,"{'skeletonization_time_ms': 39.918459, 'contour_analysis_time_ms': 224.917542, 'classification_time_ms': 187.626042}",5,9,False,
success,bfde9889-c450-4227-9494-e83a0bc833a4,/opt/nuclio/shared_storage/test/5/mnist_5_00493.png,"{'skeletonization_time_ms': 74.133666, 'contour_analysis_time_ms': 159.025708, 'classification_time_ms': 195.234125}",5,2,False,
success,e61122bf-6ed8-4037-b6e6-62c203f402a6,/opt/nuclio/shared_storage/test/5/mnist_5_00319.png,"{'skeletonization_time_ms': 68.124583, 'contour_analysis_time_ms': 128.218083, 'classification_time_ms': 47.627542}",5,7,False,
success,5e7790bc-f760-454b-9ffe-1ca5bf6b8540,/opt/nuclio/shared_storage/test/8/mnist_8_test_00784.png,"{'skeletonization_time_ms': 60.618125, 'contour_analysis_time_ms': 204.148875, 'classification_time_ms': 278.807209}",8,not classified,False,
success,e84abdfd-af93-445e-8ce5-54842f8f4935,/opt/nuclio/shared_storage/test/5/mnist_5_test_00133.png,"{'skeletonization_time_ms': 38.289541, 'contour_analysis_time_ms': 193.002875, 'classification_time_ms': 43.437167}",5,7,False,
success,0514047b-3140-4ad3-be1a-150ddcc7dc86,/opt/nuclio/shared_storage/test/5/mnist_5_00420.png,"{'skeletonization_time_ms': 64.204291, 'contour_analysis_time_ms': 177.247459, 'classification_time_ms': 295.874375}",5,7,False,
success,222eebdc-3f76-4887-92c3-916b9406ce6b,/opt/nuclio/shared_storage/test/8/mnist_8_test_00257.png,"{'skeletonization_time_ms': 52.599542, 'contour_analysis_time_ms': 207.302626, 'classification_time_ms': 408.636833}",8,not classified,False,
success,f53eb022-92be-4eba-a6a0-82348cfcb63e,/opt/nuclio/shared_storage/test/5/mnist_5_test_00179.png,"{'skeletonization_time_ms': 121.924001, 'contour_analysis_time_ms': 410.068375, 'classification_time_ms': 100.05225}",5,2,False,
success,7da783c0-c2d9-4888-8ac0-19d38269667e,/opt/nuclio/shared_storage/test/8/mnist_8_test_00482.png,"{'skeletonization_time_ms': 370.803625, 'contour_analysis_time_ms': 391.588251, 'classification_time_ms': 85.236792}",8,7,False,
success,c585263e-282a-4be2-b82e-745763b41994,/opt/nuclio/shared_storage/test/5/mnist_5_00124.png,"{'skeletonization_time_ms': 83.14325, 'contour_analysis_time_ms': 323.716709, 'classification_time_ms': 125.368541}",5,2,False,
success,712354b5-eed9-4d58-8ec0-e078801694e9,/opt/nuclio/shared_storage/test/5/mnist_5_test_00146.png,"{'skeletonization_time_ms': 59.653166, 'contour_analysis_time_ms': 175.282042, 'classification_time_ms': 179.559084}",5,1,False,
success,3295e4bd-b245-4c1e-b969-c7a197e32237,/opt/nuclio/shared_storage/test/8/mnist_8_test_00650.png,"{'skeletonization_time_ms': 65.627709, 'contour_analysis_time_ms': 189.860792, 'classification_time_ms': 271.611001}",8,6,False,
success,7439c09e-b8ee-4524-af97-34596fd89b51,/opt/nuclio/shared_storage/test/5/mnist_5_00393.png,"{'skeletonization_time_ms': 56.058875, 'contour_analysis_time_ms': 469.023, 'classification_time_ms': 515.9015}",5,9,False,
success,a5796b7b-9f51-4df1-b209-bf604ff1ab49,/opt/nuclio/shared_storage/test/8/mnist_8_test_00083.png,"{'skeletonization_time_ms': 246.269042, 'contour_analysis_time_ms': 481.594333, 'classification_time_ms': 243.767875}",8,6,False,
success,49b7b1a3-38ae-40e6-99ab-882f84e7b779,/opt/nuclio/shared_storage/test/5/mnist_5_00043.png,"{'skeletonization_time_ms': 34.665167, 'contour_analysis_time_ms': 185.427416, 'classification_time_ms': 24.123208}",5,7,False,
success,690cd611-1501-4921-8a91-95944d5082a0,/opt/nuclio/shared_storage/test/5/mnist_5_test_00268.png,"{'skeletonization_time_ms': 38.196542, 'contour_analysis_time_ms': 153.372958, 'classification_time_ms': 169.052459}",5,2,False,
success,26cbb6dd-112e-4982-ae26-bf3413c84fcf,/opt/nuclio/shared_storage/test/5/mnist_5_00097.png,"{'skeletonization_time_ms': 74.365667, 'contour_analysis_time_ms': 180.684917, 'classification_time_ms': 148.835667}",5,3,False,
success,2c38871a-57e2-4a4e-9b94-90cf0eb90fd5,/opt/nuclio/shared_storage/test/8/mnist_8_00046.png,"{'skeletonization_time_ms': 38.462708, 'contour_analysis_time_ms': 295.383708, 'classification_time_ms': 280.005375}",8,2,False,
success,e4a37e57-0ed5-4d6f-ba2f-f1d872b316bd,/opt/nuclio/shared_storage/test/8/mnist_8_00354.png,"{'skeletonization_time_ms': 112.810541, 'contour_analysis_time_ms': 162.286792, 'classification_time_ms': 178.816625}",8,9,False,
success,92d0af35-46af-48a8-bc47-8f6e94d10c17,/opt/nuclio/shared_storage/test/5/mnist_5_test_00672.png,"{'skeletonization_time_ms': 54.280083, 'contour_analysis_time_ms': 194.076751, 'classification_time_ms': 81.506125}",5,7,False,
success,fd694548-fa4b-4486-a052-7e67c7c01c38,/opt/nuclio/shared_storage/test/8/mnist_8_00168.png,"{'skeletonization_time_ms': 64.359667, 'contour_analysis_time_ms': 204.473584, 'classification_time_ms': 201.033}",8,6,False,
success,8d7a2099-7036-4dbf-893c-ffa775352105,/opt/nuclio/shared_storage/test/8/mnist_8_test_00397.png,"{'skeletonization_time_ms': 90.724541, 'contour_analysis_time_ms': 142.045, 'classification_time_ms': 183.678125}",8,6,False,
success,5fc1fa1d-e12d-4970-b9ec-653280ba3dda,/opt/nuclio/shared_storage/test/8/mnist_8_test_00519.png,"{'skeletonization_time_ms': 54.110334, 'contour_analysis_time_ms': 152.016834, 'classification_time_ms': 66.073041}",8,not classified,False,
success,4b0ec48d-1eb0-49af-8388-15a1c3d16ec3,/opt/nuclio/shared_storage/test/5/mnist_5_00321.png,"{'skeletonization_time_ms': 35.904375, 'contour_analysis_time_ms': 191.558334, 'classification_time_ms': 231.268}",5,2,False,
success,4e4ef90d-c0f5-4591-b505-876ae97bd0f6,/opt/nuclio/shared_storage/test/5/mnist_5_test_00046.png,"{'skeletonization_time_ms': 28.918875, 'contour_analysis_time_ms': 286.056125, 'classification_time_ms': 44.354291}",5,7,False,
success,c87b87fe-57c9-488f-8bec-46d3f4f14135,/opt/nuclio/shared_storage/test/8/mnist_8_00433.png,"{'skeletonization_time_ms': 254.887, 'contour_analysis_time_ms': 217.836542, 'classification_time_ms': 381.653667}",8,not classified,False,
success,fa3ef2f9-edfb-4cb8-8ea5-0a93af6135c3,/opt/nuclio/shared_storage/test/5/mnist_5_test_00584.png,"{'skeletonization_time_ms': 39.811291, 'contour_analysis_time_ms': 294.065584, 'classification_time_ms': 90.19375}",5,7,False,
success,6d13e330-d658-473b-a8db-45aef060dd18,/opt/nuclio/shared_storage/test/8/mnist_8_test_00733.png,"{'skeletonization_time_ms': 80.281959, 'contour_analysis_time_ms': 166.964042, 'classification_time_ms': 214.7835}",8,6,False,
success,1091de14-299b-43bb-82ad-dd8ddc48b0e8,/opt/nuclio/shared_storage/test/8/mnist_8_test_00290.png,"{'skeletonization_time_ms': 58.193458, 'contour_analysis_time_ms': 317.415959, 'classification_time_ms': 213.096833}",8,9,False,
success,f7cabfa8-d141-4463-97a4-a558aebad746,/opt/nuclio/shared_storage/test/5/mnist_5_test_00246.png,"{'skeletonization_time_ms': 30.188375, 'contour_analysis_time_ms': 243.438626, 'classification_time_ms': 26.950083}",5,7,False,
success,a627490c-339b-4171-8a58-7fca2f83cd85,/opt/nuclio/shared_storage/test/5/mnist_5_test_00442.png,"{'skeletonization_time_ms': 36.414875, 'contour_analysis_time_ms': 187.919458, 'classification_time_ms': 142.594376}",5,7,False,
success,e5438089-e34c-4bb4-88f9-d6118a187ad4,/opt/nuclio/shared_storage/test/5/mnist_5_00269.png,"{'skeletonization_time_ms': 37.244166, 'contour_analysis_time_ms': 224.593125, 'classification_time_ms': 100.460667}",5,7,False,
success,117b5475-202f-493c-9574-384205226603,/opt/nuclio/shared_storage/test/8/mnist_8_test_00278.png,"{'skeletonization_time_ms': 103.371, 'contour_analysis_time_ms': 171.212708, 'classification_time_ms': 363.586084}",8,6,False,
success,7d6a1cdd-8194-46ec-8c88-34cccfbe5769,/opt/nuclio/shared_storage/test/5/mnist_5_00082.png,"{'skeletonization_time_ms': 69.921584, 'contour_analysis_time_ms': 154.875416, 'classification_time_ms': 155.120792}",5,7,False,
success,79cd8f58-9668-49b4-8db3-fdd4f6a1f5b3,/opt/nuclio/shared_storage/test/5/mnist_5_test_00397.png,"{'skeletonization_time_ms': 57.989208, 'contour_analysis_time_ms': 277.619, 'classification_time_ms': 117.75075}",5,2,False,
success,3e1de4aa-6fc5-44a4-aaae-22fc2fea7b13,/opt/nuclio/shared_storage/test/8/mnist_8_test_00682.png,"{'skeletonization_time_ms': 80.380583, 'contour_analysis_time_ms': 165.559417, 'classification_time_ms': 435.890417}",8,not classified,False,
success,1e62f4d3-48c6-4ef2-9f1f-f248d30d505b,/opt/nuclio/shared_storage/test/5/mnist_5_test_00245.png,"{'skeletonization_time_ms': 43.299209, 'contour_analysis_time_ms': 543.047083, 'classification_time_ms': 98.060792}",5,2,False,
success,203d29cc-05c6-4a90-9caa-04ac1acd5518,/opt/nuclio/shared_storage/test/5/mnist_5_test_00370.png,"{'skeletonization_time_ms': 63.56325, 'contour_analysis_time_ms': 348.009667, 'classification_time_ms': 700.722959}",5,6,False,
success,27e21d5d-f7e3-46e6-864c-39c24e0695b3,/opt/nuclio/shared_storage/test/8/mnist_8_test_00251.png,"{'skeletonization_time_ms': 42.076167, 'contour_analysis_time_ms': 250.831569, 'classification_time_ms': 72.505084}",8,not classified,False,
success,3d80ff24-831e-4696-ba99-c77821223b06,/opt/nuclio/shared_storage/test/8/mnist_8_test_00025.png,"{'skeletonization_time_ms': 74.642959, 'contour_analysis_time_ms': 186.912167, 'classification_time_ms': 347.731027}",8,6,False,
success,dc39a3f7-1b4a-498c-a6a1-3a88b9605105,/opt/nuclio/shared_storage/test/8/mnist_8_test_00040.png,"{'skeletonization_time_ms': 64.819209, 'contour_analysis_time_ms': 182.342334, 'classification_time_ms': 138.539917}",8,4,False,
success,6af1bbe4-1eb6-4736-8b72-6ce25b17f6a5,/opt/nuclio/shared_storage/test/8/mnist_8_test_00177.png,"{'skeletonization_time_ms': 221.96225, 'contour_analysis_time_ms': 170.89425, 'classification_time_ms': 249.17275}",8,1,False,
success,edc48f22-a78b-4f51-b486-2e15f6724033,/opt/nuclio/shared_storage/test/8/mnist_8_00031.png,"{'skeletonization_time_ms': 439.6555, 'contour_analysis_time_ms': 328.325626, 'classification_time_ms': 265.890041}",8,6,False,
success,f60c3c73-a484-4e24-8942-327c25e4385b,/opt/nuclio/shared_storage/test/8/mnist_8_00277.png,"{'skeletonization_time_ms': 244.035958, 'contour_analysis_time_ms': 200.733708, 'classification_time_ms': 352.460834}",8,not classified,False,
success,0e561d4e-7c22-41a8-97b2-b16f482431e3,/opt/nuclio/shared_storage/test/5/mnist_5_test_00267.png,"{'skeletonization_time_ms': 60.809625, 'contour_analysis_time_ms': 224.321917, 'classification_time_ms': 188.701084}",5,7,False,
success,bc7ef664-837a-402b-beef-f429cfbf02fc,/opt/nuclio/shared_storage/test/8/mnist_8_test_00047.png,"{'skeletonization_time_ms': 71.256583, 'contour_analysis_time_ms': 166.263042, 'classification_time_ms': 257.435208}",8,6,False,
success,3550f0fc-f4aa-472a-b65f-db8b2ec08ffa,/opt/nuclio/shared_storage/test/8/mnist_8_test_00478.png,"{'skeletonization_time_ms': 64.320667, 'contour_analysis_time_ms': 307.336834, 'classification_time_ms': 325.6285}",8,not classified,False,
success,ee5147d6-c695-4967-b648-25b0f2c2ecab,/opt/nuclio/shared_storage/test/8/mnist_8_test_00094.png,"{'skeletonization_time_ms': 45.45475, 'contour_analysis_time_ms': 153.453459, 'classification_time_ms': 159.743083}",8,not classified,False,
success,b9e27eb9-0232-452c-aa05-4e926b690f8b,/opt/nuclio/shared_storage/test/5/mnist_5_test_00154.png,"{'skeletonization_time_ms': 42.787292, 'contour_analysis_time_ms': 180.246042, 'classification_time_ms': 125.021376}",5,2,False,
success,83ca33fd-b1ad-48b6-b054-63dda39347e6,/opt/nuclio/shared_storage/test/8/mnist_8_test_00382.png,"{'skeletonization_time_ms': 119.764958, 'contour_analysis_time_ms': 202.018583, 'classification_time_ms': 238.591334}",8,2,False,
success,44c5631f-8e75-4b1f-971c-5267d4dbc8d6,/opt/nuclio/shared_storage/test/5/mnist_5_00028.png,"{'skeletonization_time_ms': 115.978459, 'contour_analysis_time_ms': 308.492125, 'classification_time_ms': 88.905167}",5,7,False,
success,8e80d8f1-218e-400d-a6f6-8f10b3a8b9d8,/opt/nuclio/shared_storage/test/8/mnist_8_test_00326.png,"{'skeletonization_time_ms': 30.858834, 'contour_analysis_time_ms': 310.208375, 'classification_time_ms': 9.872709}",8,7,False,
success,59b9be29-148e-482b-800a-c65e495fd210,/opt/nuclio/shared_storage/test/8/mnist_8_test_00122.png,"{'skeletonization_time_ms': 94.691875, 'contour_analysis_time_ms': 200.882583, 'classification_time_ms': 455.779875}",8,6,False,
success,b76af602-8baf-4c6b-9a30-7ac3cbd736b2,/opt/nuclio/shared_storage/test/8/mnist_8_test_00378.png,"{'skeletonization_time_ms': 181.678126, 'contour_analysis_time_ms': 207.969667, 'classification_time_ms': 256.186333}",8,6,False,
success,fd72687b-84c9-4e18-b720-c8d37e6e44c1,/opt/nuclio/shared_storage/test/5/mnist_5_00285.png,"{'skeletonization_time_ms': 39.477375, 'contour_analysis_time_ms': 166.604917, 'classification_time_ms': 178.981375}",5,2,False,
success,696d7aa7-164a-430a-9410-c50afe283d19,/opt/nuclio/shared_storage/test/8/mnist_8_test_00160.png,"{'skeletonization_time_ms': 44.511666, 'contour_analysis_time_ms': 213.708792, 'classification_time_ms': 168.376333}",8,6,False,
success,1b6f0019-7b37-4cef-901b-8a74caa2534a,/opt/nuclio/shared_storage/test/5/mnist_5_test_00242.png,"{'skeletonization_time_ms': 35.834208, 'contour_analysis_time_ms': 273.139084, 'classification_time_ms': 145.938958}",5,1,False,
success,5d1f9802-da26-4b9a-b733-9e3066b36886,/opt/nuclio/shared_storage/test/8/mnist_8_test_00333.png,"{'skeletonization_time_ms': 92.924, 'contour_analysis_time_ms': 340.014584, 'classification_time_ms': 214.381209}",8,9,False,
success,e77af03f-b5eb-402e-b8fb-26d99c3b2085,/opt/nuclio/shared_storage/test/8/mnist_8_00153.png,"{'skeletonization_time_ms': 67.409334, 'contour_analysis_time_ms': 185.363626, 'classification_time_ms': 164.974375}",8,9,False,
success,5ad7bf34-cac4-4fb8-a612-35cd5eea7aaa,/opt/nuclio/shared_storage/test/5/mnist_5_test_00478.png,"{'skeletonization_time_ms': 100.880625, 'contour_analysis_time_ms': 169.62025, 'classification_time_ms': 70.640541}",5,2,False,
success,306af477-9526-4ea4-b42a-bdf00362bb4a,/opt/nuclio/shared_storage/test/8/mnist_8_00182.png,"{'skeletonization_time_ms': 42.666417, 'contour_analysis_time_ms': 246.799958, 'classification_time_ms': 278.474458}",8,not classified,False,
success,e1edf3cc-a217-4ce1-9b45-a5eb90f27623,/opt/nuclio/shared_storage/test/5/mnist_5_test_00416.png,"{'skeletonization_time_ms': 58.513542, 'contour_analysis_time_ms': 414.504667, 'classification_time_ms': 169.283583}",5,3,False,
success,dde1bc44-2999-4499-8105-108888a2e811,/opt/nuclio/shared_storage/test/5/mnist_5_test_00293.png,"{'skeletonization_time_ms': 105.547041, 'contour_analysis_time_ms': 318.485834, 'classification_time_ms': 101.618833}",5,3,False,
success,1adeed54-f69c-499c-9c8b-333097d34e81,/opt/nuclio/shared_storage/test/5/mnist_5_00331.png,"{'skeletonization_time_ms': 64.386459, 'contour_analysis_time_ms': 219.128125, 'classification_time_ms': 117.419458}",5,3,False,
success,03163359-7f21-45ec-9971-c549d1cf3ecd,/opt/nuclio/shared_storage/test/8/mnist_8_00072.png,"{'skeletonization_time_ms': 71.052917, 'contour_analysis_time_ms': 423.663333, 'classification_time_ms': 330.565084}",8,2,False,
success,30cd87cc-0c40-44b9-961e-5bfb9d4ad0ba,/opt/nuclio/shared_storage/test/8/mnist_8_test_00095.png,"{'skeletonization_time_ms': 81.750959, 'contour_analysis_time_ms': 241.790666, 'classification_time_ms': 286.7765}",8,6,False,
success,70c0d3f1-82f9-4af8-bc50-130a3dad8ffc,/opt/nuclio/shared_storage/test/5/mnist_5_test_00593.png,"{'skeletonization_time_ms': 145.738834, 'contour_analysis_time_ms': 224.103208, 'classification_time_ms': 43.464334}",5,7,False,
success,6032083f-2e68-4d03-90a7-bf8a351d89f8,/opt/nuclio/shared_storage/test/8/mnist_8_test_00693.png,"{'skeletonization_time_ms': 43.018959, 'contour_analysis_time_ms': 317.014875, 'classification_time_ms': 115.796792}",8,4,False,
success,93a42ea4-085b-4e84-a0ff-9a7879b0d573,/opt/nuclio/shared_storage/test/5/mnist_5_00092.png,"{'skeletonization_time_ms': 43.445208, 'contour_analysis_time_ms': 230.993459, 'classification_time_ms': 98.188875}",5,7,False,
success,001c8e8f-4b1f-4504-afb5-6dcd0d89e742,/opt/nuclio/shared_storage/test/8/mnist_8_00122.png,"{'skeletonization_time_ms': 1655.413668, 'contour_analysis_time_ms': 194.009459, 'classification_time_ms': 324.306625}",8,not classified,False,
success,a75de9b7-d6dd-4448-88ea-629111cbb054,/opt/nuclio/shared_storage/test/5/mnist_5_test_00697.png,"{'skeletonization_time_ms': 41.334083, 'contour_analysis_time_ms': 243.089667, 'classification_time_ms': 166.234084}",5,7,False,
success,d5e4a799-e3de-4857-a3d0-2e4ce0766090,/opt/nuclio/shared_storage/test/8/mnist_8_test_00695.png,"{'skeletonization_time_ms': 66.972041, 'contour_analysis_time_ms': 280.306375, 'classification_time_ms': 274.137958}",8,not classified,False,
success,d01a1701-d0a4-4eb3-b57a-57bd5b099657,/opt/nuclio/shared_storage/test/5/mnist_5_00492.png,"{'skeletonization_time_ms': 30.034584, 'contour_analysis_time_ms': 177.530625, 'classification_time_ms': 27.276959}",5,7,False,
success,a416ffe8-9285-463e-a678-26b4083787b1,/opt/nuclio/shared_storage/test/8/mnist_8_test_00816.png,"{'skeletonization_time_ms': 78.726042, 'contour_analysis_time_ms': 164.144791, 'classification_time_ms': 351.475209}",8,6,False,
success,ce378346-468a-440f-a4d7-3b5b21de2f38,/opt/nuclio/shared_storage/test/5/mnist_5_test_00538.png,"{'skeletonization_time_ms': 30.278834, 'contour_analysis_time_ms': 237.284042, 'classification_time_ms': 277.024834}",5,7,False,
success,1311bcb4-4224-44ba-9399-249bfcb8c905,/opt/nuclio/shared_storage/test/8/mnist_8_00025.png,"{'skeletonization_time_ms': 108.263083, 'contour_analysis_time_ms': 279.11675, 'classification_time_ms': 467.455333}",8,6,False,
success,b76640bd-efc2-452f-ab5c-db265357f054,/opt/nuclio/shared_storage/test/8/mnist_8_00067.png,"{'skeletonization_time_ms': 370.112709, 'contour_analysis_time_ms': 360.955791, 'classification_time_ms': 224.229626}",8,4,False,
success,e9126b4f-45a5-4856-b35b-7bc2cbeeb66e,/opt/nuclio/shared_storage/test/5/mnist_5_00214.png,"{'skeletonization_time_ms': 75.671542, 'contour_analysis_time_ms': 381.094084, 'classification_time_ms': 161.410417}",5,3,False,
success,5263449f-43d0-40d1-88ac-590e65c3af38,/opt/nuclio/shared_storage/test/8/mnist_8_test_00536.png,"{'skeletonization_time_ms': 55.142792, 'contour_analysis_time_ms': 268.190875, 'classification_time_ms': 576.301834}",8,6,False,
success,108be703-3e60-4349-86fb-548cb6f87fe8,/opt/nuclio/shared_storage/test/8/mnist_8_test_00457.png,"{'skeletonization_time_ms': 133.186333, 'contour_analysis_time_ms': 594.264834, 'classification_time_ms': 305.615084}",8,9,False,
success,8fd08664-c434-4950-a785-0f8ea70e858f,/opt/nuclio/shared_storage/test/5/mnist_5_00102.png,"{'skeletonization_time_ms': 97.183584, 'contour_analysis_time_ms': 256.316833, 'classification_time_ms': 27.67075}",5,7,False,
success,e3bc2dcb-b2ca-4a1a-a557-bafeefc5b102,/opt/nuclio/shared_storage/test/8/mnist_8_00492.png,"{'skeletonization_time_ms': 41.449209, 'contour_analysis_time_ms': 237.299583, 'classification_time_ms': 236.803459}",8,6,False,
success,3f7c7802-def3-4d62-b86d-e0cdab69e8fb,/opt/nuclio/shared_storage/test/8/mnist_8_test_00805.png,"{'skeletonization_time_ms': 337.63725, 'contour_analysis_time_ms': 210.492333, 'classification_time_ms': 74.602834}",8,not classified,False,
success,83527b83-c0b6-4508-987f-8dad82a627c4,/opt/nuclio/shared_storage/test/5/mnist_5_test_00339.png,"{'skeletonization_time_ms': 47.504208, 'contour_analysis_time_ms': 324.385708, 'classification_time_ms': 158.049166}",5,3,False,
success,239803ce-7ab3-4706-aa23-a2c91fc03c6b,/opt/nuclio/shared_storage/test/8/mnist_8_test_00795.png,"{'skeletonization_time_ms': 52.122708, 'contour_analysis_time_ms': 185.90425, 'classification_time_ms': 109.339375}",8,not classified,False,
success,eb287564-930e-4682-a50c-617820aaaa56,/opt/nuclio/shared_storage/test/8/mnist_8_test_00750.png,"{'skeletonization_time_ms': 195.968667, 'contour_analysis_time_ms': 303.227084, 'classification_time_ms': 342.946292}",8,6,False,
success,6f2e0ec8-9e5b-4883-9663-39b0306fc8b5,/opt/nuclio/shared_storage/test/5/mnist_5_test_00296.png,"{'skeletonization_time_ms': 169.7385, 'contour_analysis_time_ms': 179.774209, 'classification_time_ms': 204.515751}",5,4,False,
success,fc031e88-2b21-4d29-aaff-cf71aa35faea,/opt/nuclio/shared_storage/test/5/mnist_5_00481.png,"{'skeletonization_time_ms': 60.833709, 'contour_analysis_time_ms': 394.428125, 'classification_time_ms': 85.648875}",5,7,False,
success,b5d4d4e8-9027-4e4d-849a-dfef42c5938d,/opt/nuclio/shared_storage/test/8/mnist_8_test_00585.png,"{'skeletonization_time_ms': 44.660875, 'contour_analysis_time_ms': 240.817001, 'classification_time_ms': 622.791708}",8,6,False,
success,05e6c529-2210-4eac-93cb-af27b0dbabdc,/opt/nuclio/shared_storage/test/8/mnist_8_test_00156.png,"{'skeletonization_time_ms': 53.035959, 'contour_analysis_time_ms': 259.962875, 'classification_time_ms': 316.5205}",8,6,False,
success,83f8b85a-b8a1-4f5a-b269-f016b241e8d3,/opt/nuclio/shared_storage/test/8/mnist_8_test_00657.png,"{'skeletonization_time_ms': 55.051958, 'contour_analysis_time_ms': 278.758708, 'classification_time_ms': 88.287625}",8,not classified,False,
success,332ec89d-3d85-467a-ac21-e313b15e89b5,/opt/nuclio/shared_storage/test/5/mnist_5_00414.png,"{'skeletonization_time_ms': 140.210041, 'contour_analysis_time_ms': 276.525625, 'classification_time_ms': 119.21725}",5,7,False,
success,d6e142d0-cd61-4f9b-a219-84a47e8a6dfc,/opt/nuclio/shared_storage/test/5/mnist_5_test_00282.png,"{'skeletonization_time_ms': 48.602084, 'contour_analysis_time_ms': 212.497125, 'classification_time_ms': 129.897375}",5,3,False,
success,3acbb036-0c7e-4b82-88ef-5fcf14f8c2ec,/opt/nuclio/shared_storage/test/8/mnist_8_test_00791.png,"{'skeletonization_time_ms': 50.010875, 'contour_analysis_time_ms': 276.433167, 'classification_time_ms': 297.240583}",8,6,False,
success,9182635a-1b35-486a-ae98-0f09aeee1ea4,/opt/nuclio/shared_storage/test/5/mnist_5_00302.png,"{'skeletonization_time_ms': 88.738542, 'contour_analysis_time_ms': 253.866166, 'classification_time_ms': 133.919792}",5,2,False,
success,17b3a0cb-d3f2-480e-9f5d-5fe8ee67e121,/opt/nuclio/shared_storage/test/5/mnist_5_00051.png,"{'skeletonization_time_ms': 180.857251, 'contour_analysis_time_ms': 291.519042, 'classification_time_ms': 127.611584}",5,2,False,
success,80b69056-05f9-4ccf-adc8-86a6f61e7cfa,/opt/nuclio/shared_storage/test/8/mnist_8_test_00434.png,"{'skeletonization_time_ms': 41.213209, 'contour_analysis_time_ms': 222.584792, 'classification_time_ms': 359.251583}",8,6,False,
success,d1415cb5-952e-486f-b58e-71af496243f3,/opt/nuclio/shared_storage/test/8/mnist_8_00147.png,"{'skeletonization_time_ms': 69.9535, 'contour_analysis_time_ms': 181.880167, 'classification_time_ms': 217.204709}",8,6,False,
success,84a339d0-8d30-416a-9edd-ecef02822b95,/opt/nuclio/shared_storage/test/8/mnist_8_test_00222.png,"{'skeletonization_time_ms': 164.379083, 'contour_analysis_time_ms': 231.482459, 'classification_time_ms': 405.685833}",8,not classified,False,
success,1764bf2a-9c15-4982-be0b-3a0b793a176d,/opt/nuclio/shared_storage/test/5/mnist_5_test_00491.png,"{'skeletonization_time_ms': 53.435334, 'contour_analysis_time_ms': 279.806834, 'classification_time_ms': 182.802792}",5,7,False,
success,fc9f89ee-4abd-4431-b1c2-6bd827883cb1,/opt/nuclio/shared_storage/test/8/mnist_8_test_00141.png,"{'skeletonization_time_ms': 207.976, 'contour_analysis_time_ms': 304.225792, 'classification_time_ms': 150.15}",8,9,False,
success,4b36b53a-d5c0-482b-b61f-722ab607a8d3,/opt/nuclio/shared_storage/test/8/mnist_8_test_00379.png,"{'skeletonization_time_ms': 43.888708, 'contour_analysis_time_ms': 170.649542, 'classification_time_ms': 155.079125}",8,6,False,
success,971698a4-bb49-4d9d-b8ff-9a82000980c1,/opt/nuclio/shared_storage/test/5/mnist_5_00161.png,"{'skeletonization_time_ms': 409.063416, 'contour_analysis_time_ms': 212.2425, 'classification_time_ms': 195.978792}",5,3,False,
success,8ab5e0f1-c7ce-4d1b-aa73-68424df74aae,/opt/nuclio/shared_storage/test/5/mnist_5_00060.png,"{'skeletonization_time_ms': 98.599917, 'contour_analysis_time_ms': 270.328208, 'classification_time_ms': 124.004792}",5,2,False,
success,52296e08-83a7-4e37-8181-e7b6326d5d70,/opt/nuclio/shared_storage/test/5/mnist_5_test_00642.png,"{'skeletonization_time_ms': 38.339583, 'contour_analysis_time_ms': 192.447542, 'classification_time_ms': 23.054333}",5,7,False,
success,f42bf2ba-24e5-42f5-9dd2-d1dabbb68c43,/opt/nuclio/shared_storage/test/8/mnist_8_test_00249.png,"{'skeletonization_time_ms': 46.41275, 'contour_analysis_time_ms': 265.838042, 'classification_time_ms': 162.643459}",8,6,False,
success,fec5be02-730a-4ad5-a78d-09156c08dd9b,/opt/nuclio/shared_storage/test/8/mnist_8_test_00541.png,"{'skeletonization_time_ms': 47.493667, 'contour_analysis_time_ms': 220.9265, 'classification_time_ms': 498.97425}",8,not classified,False,
success,3d576821-7a95-4d0a-9d25-5cd4191f14b0,/opt/nuclio/shared_storage/test/5/mnist_5_test_00403.png,"{'skeletonization_time_ms': 36.792708, 'contour_analysis_time_ms': 393.232834, 'classification_time_ms': 138.116958}",5,2,False,
success,58fd9383-ebf4-474b-bc2a-c3a666c48d82,/opt/nuclio/shared_storage/test/5/mnist_5_00497.png,"{'skeletonization_time_ms': 215.9875, 'contour_analysis_time_ms': 181.952709, 'classification_time_ms': 89.740584}",5,7,False,
success,51214b08-86f7-4d94-a2e8-90fc90a55429,/opt/nuclio/shared_storage/test/8/mnist_8_test_00383.png,"{'skeletonization_time_ms': 84.071125, 'contour_analysis_time_ms': 168.599917, 'classification_time_ms': 425.088875}",8,not classified,False,
success,6d7ea040-9da8-4814-b5ba-d207863283a4,/opt/nuclio/shared_storage/test/8/mnist_8_test_00610.png,"{'skeletonization_time_ms': 89.000917, 'contour_analysis_time_ms': 431.578042, 'classification_time_ms': 118.188084}",8,7,False,
success,b7604209-b7fc-47a3-99b6-4601f0d8fa80,/opt/nuclio/shared_storage/test/5/mnist_5_00326.png,"{'skeletonization_time_ms': 92.905542, 'contour_analysis_time_ms': 510.846626, 'classification_time_ms': 175.1045}",5,3,False,
success,0421ce3e-f690-49d9-ba6f-2841bca30a6f,/opt/nuclio/shared_storage/test/5/mnist_5_test_00702.png,"{'skeletonization_time_ms': 71.531291, 'contour_analysis_time_ms': 522.86675, 'classification_time_ms': 106.005541}",5,3,False,
success,10fc14c1-cccc-4dbc-863d-78dbefac068a,/opt/nuclio/shared_storage/test/8/mnist_8_test_00611.png,"{'skeletonization_time_ms': 54.23275, 'contour_analysis_time_ms': 208.123833, 'classification_time_ms': 244.496125}",8,5,False,
success,5fe5c422-d3a3-4514-87f1-b839f4075a51,/opt/nuclio/shared_storage/test/8/mnist_8_test_00744.png,"{'skeletonization_time_ms': 41.656292, 'contour_analysis_time_ms': 250.248084, 'classification_time_ms': 218.476542}",8,6,False,
success,73792fa7-874d-42e3-8e49-18da7699183c,/opt/nuclio/shared_storage/test/8/mnist_8_test_00462.png,"{'skeletonization_time_ms': 50.950459, 'contour_analysis_time_ms': 183.343042, 'classification_time_ms': 212.030125}",8,6,False,
success,3a980626-d97d-42e8-9de2-0013dd760490,/opt/nuclio/shared_storage/test/6/mnist_6_00358.png,"{'skeletonization_time_ms': 38.057917, 'contour_analysis_time_ms': 240.723875, 'classification_time_ms': 29.112708}",6,1,False,
success,e725f0fe-0f2d-4410-b8af-a2ab5354e760,/opt/nuclio/shared_storage/test/8/mnist_8_test_00550.png,"{'skeletonization_time_ms': 41.165041, 'contour_analysis_time_ms': 168.286333, 'classification_time_ms': 180.797041}",8,not classified,False,
success,b99ceeb4-8ab8-40ae-8e13-f2227a5d411b,/opt/nuclio/shared_storage/test/5/mnist_5_test_00312.png,"{'skeletonization_time_ms': 33.888458, 'contour_analysis_time_ms': 258.716042, 'classification_time_ms': 131.137625}",5,2,False,
success,9fcccc87-5533-4863-acb9-813dcb2a4168,/opt/nuclio/shared_storage/test/8/mnist_8_test_00100.png,"{'skeletonization_time_ms': 50.469167, 'contour_analysis_time_ms': 355.17, 'classification_time_ms': 139.371333}",8,9,False,
success,6fcdfb7d-173a-4179-bf42-2f58df816751,/opt/nuclio/shared_storage/test/8/mnist_8_test_00562.png,"{'skeletonization_time_ms': 32.314709, 'contour_analysis_time_ms': 169.489542, 'classification_time_ms': 199.694875}",8,4,False,
success,f24c9b7f-be46-4089-9ddd-636ffa7ba0bb,/opt/nuclio/shared_storage/test/8/mnist_8_test_00208.png,"{'skeletonization_time_ms': 85.186541, 'contour_analysis_time_ms': 227.969084, 'classification_time_ms': 52.619166}",8,not classified,False,
success,8c66ac60-4906-4123-ba2c-152d27ee6806,/opt/nuclio/shared_storage/test/8/mnist_8_test_00595.png,"{'skeletonization_time_ms': 63.916083, 'contour_analysis_time_ms': 178.351791, 'classification_time_ms': 509.635209}",8,1,False,
success,4e4ba44b-6d1a-42af-a9a9-f619ac4aa4f2,/opt/nuclio/shared_storage/test/8/mnist_8_test_00262.png,"{'skeletonization_time_ms': 39.064084, 'contour_analysis_time_ms': 256.239709, 'classification_time_ms': 360.609917}",8,6,False,
success,662e5240-11ad-4066-943d-52ce31449457,/opt/nuclio/shared_storage/test/5/mnist_5_test_00070.png,"{'skeletonization_time_ms': 31.669958, 'contour_analysis_time_ms': 373.327709, 'classification_time_ms': 69.673333}",5,7,False,
success,8f9ee342-e978-45b1-9c98-13671880c60a,/opt/nuclio/shared_storage/test/5/mnist_5_test_00249.png,"{'skeletonization_time_ms': 54.047667, 'contour_analysis_time_ms': 446.058125, 'classification_time_ms': 130.957376}",5,3,False,
success,35b3cd37-f7d2-4dae-9762-3986dc83a5bf,/opt/nuclio/shared_storage/test/8/mnist_8_test_00740.png,"{'skeletonization_time_ms': 108.602084, 'contour_analysis_time_ms': 529.856709, 'classification_time_ms': 306.311333}",8,6,False,
success,d80c0e95-8192-469c-8ca6-452356503bdb,/opt/nuclio/shared_storage/test/5/mnist_5_test_00645.png,"{'skeletonization_time_ms': 86.739167, 'contour_analysis_time_ms': 424.317125, 'classification_time_ms': 235.338583}",5,2,False,
success,70ff66ea-9b80-4597-bb96-5a584a922cfc,/opt/nuclio/shared_storage/test/5/mnist_5_test_00200.png,"{'skeletonization_time_ms': 35.514333, 'contour_analysis_time_ms': 251.077667, 'classification_time_ms': 98.100334}",5,2,False,
success,0eb16da7-450a-403a-8937-298489487bef,/opt/nuclio/shared_storage/test/8/mnist_8_00497.png,"{'skeletonization_time_ms': 51.4675, 'contour_analysis_time_ms': 338.59275, 'classification_time_ms': 245.210083}",8,not classified,False,
success,195edd42-0821-4b6e-b59d-c94bec0cbbf0,/opt/nuclio/shared_storage/test/5/mnist_5_test_00063.png,"{'skeletonization_time_ms': 274.652708, 'contour_analysis_time_ms': 201.780708, 'classification_time_ms': 111.065292}",5,2,False,
success,009056a0-8cd0-4df3-abcb-69cebe1563e6,/opt/nuclio/shared_storage/test/5/mnist_5_00061.png,"{'skeletonization_time_ms': 45.372791, 'contour_analysis_time_ms': 203.338194, 'classification_time_ms': 242.505458}",5,2,False,
success,067bfe4b-16ad-4d9f-bb99-826127bcf8dc,/opt/nuclio/shared_storage/test/8/mnist_8_test_00664.png,"{'skeletonization_time_ms': 47.95875, 'contour_analysis_time_ms': 257.4285, 'classification_time_ms': 458.935986}",8,6,False,
success,b7edac7a-f76e-414b-9cd0-da0037569700,/opt/nuclio/shared_storage/test/8/mnist_8_test_00345.png,"{'skeletonization_time_ms': 59.771708, 'contour_analysis_time_ms': 269.067209, 'classification_time_ms': 240.062792}",8,2,False,
success,832d2142-f639-4286-8114-6cdd19d6bdd7,/opt/nuclio/shared_storage/test/8/mnist_8_test_00273.png,"{'skeletonization_time_ms': 50.97325, 'contour_analysis_time_ms': 257.727125, 'classification_time_ms': 243.235667}",8,9,False,
success,44c8b3a8-5fa8-40da-ac3e-6927ce77d0fb,/opt/nuclio/shared_storage/test/8/mnist_8_00276.png,"{'skeletonization_time_ms': 39.779833, 'contour_analysis_time_ms': 194.920084, 'classification_time_ms': 231.66375}",8,not classified,False,
success,30b47967-0a2e-44b1-a581-af493cfa13ff,/opt/nuclio/shared_storage/test/8/mnist_8_test_00342.png,"{'skeletonization_time_ms': 70.09775, 'contour_analysis_time_ms': 207.753208, 'classification_time_ms': 392.565667}",8,6,False,
success,08dd8f5f-0a90-45dd-821a-5006c369308f,/opt/nuclio/shared_storage/test/8/mnist_8_00253.png,"{'skeletonization_time_ms': 109.43475, 'contour_analysis_time_ms': 637.004584, 'classification_time_ms': 144.976334}",8,not classified,False,
success,b291d9a5-62b2-48b2-91cd-4a8e587e7360,/opt/nuclio/shared_storage/test/8/mnist_8_00377.png,"{'skeletonization_time_ms': 242.076792, 'contour_analysis_time_ms': 445.536416, 'classification_time_ms': 319.030333}",8,not classified,False,
success,547f09c4-a813-4413-a1b1-c73835ebd893,/opt/nuclio/shared_storage/test/8/mnist_8_00309.png,"{'skeletonization_time_ms': 80.52125, 'contour_analysis_time_ms': 162.996875, 'classification_time_ms': 320.466583}",8,not classified,False,
success,71fe9d9e-2974-4c7e-9097-036297fcfcb8,/opt/nuclio/shared_storage/test/8/mnist_8_test_00190.png,"{'skeletonization_time_ms': 78.876, 'contour_analysis_time_ms': 150.049667, 'classification_time_ms': 95.657709}",8,not classified,False,
success,bae00e01-8c40-4e1a-aeba-a867aa50e21c,/opt/nuclio/shared_storage/test/5/mnist_5_00472.png,"{'skeletonization_time_ms': 46.982166, 'contour_analysis_time_ms': 415.518542, 'classification_time_ms': 240.479083}",5,7,False,
success,ed8c2652-f623-4f72-9665-de4457dbab53,/opt/nuclio/shared_storage/test/8/mnist_8_00094.png,"{'skeletonization_time_ms': 60.011167, 'contour_analysis_time_ms': 215.859584, 'classification_time_ms': 543.645083}",8,not classified,False,
success,a53ff570-207f-4e45-baa8-b5099ff17c4d,/opt/nuclio/shared_storage/test/8/mnist_8_test_00810.png,"{'skeletonization_time_ms': 55.352334, 'contour_analysis_time_ms': 192.549292, 'classification_time_ms': 731.191}",8,6,False,
success,0a753e16-c2eb-412b-a8c1-a283cd5774e2,/opt/nuclio/shared_storage/test/5/mnist_5_test_00488.png,"{'skeletonization_time_ms': 52.903583, 'contour_analysis_time_ms': 412.687667, 'classification_time_ms': 217.981084}",5,7,False,
success,b0ed2e6f-08a8-410d-993f-4683c2d60235,/opt/nuclio/shared_storage/test/5/mnist_5_00376.png,"{'skeletonization_time_ms': 54.464208, 'contour_analysis_time_ms': 414.514959, 'classification_time_ms': 179.050958}",5,3,False,
success,df2d25fc-fb49-4945-843b-63c8c9d0f6d2,/opt/nuclio/shared_storage/test/8/mnist_8_test_00435.png,"{'skeletonization_time_ms': 34.244708, 'contour_analysis_time_ms': 425.750625, 'classification_time_ms': 293.350833}",8,6,False,
success,e04e73bd-5f92-45eb-bd2d-fcdbf563aa59,/opt/nuclio/shared_storage/test/8/mnist_8_test_00229.png,"{'skeletonization_time_ms': 67.03425, 'contour_analysis_time_ms': 289.366167, 'classification_time_ms': 189.510666}",8,1,False,
success,c43a0b31-52d0-41bc-bd7c-4239ca5145ff,/opt/nuclio/shared_storage/test/5/mnist_5_test_00718.png,"{'skeletonization_time_ms': 73.256917, 'contour_analysis_time_ms': 197.346333, 'classification_time_ms': 123.878042}",5,3,False,
success,4f58af08-9778-411a-b01c-b94d59a42ebd,/opt/nuclio/shared_storage/test/5/mnist_5_test_00675.png,"{'skeletonization_time_ms': 58.549542, 'contour_analysis_time_ms': 440.155208, 'classification_time_ms': 225.477083}",5,2,False,
success,647fa3d6-07fc-437e-888e-e41fe5c74a97,/opt/nuclio/shared_storage/test/5/mnist_5_00442.png,"{'skeletonization_time_ms': 101.649542, 'contour_analysis_time_ms': 306.381125, 'classification_time_ms': 173.930542}",5,2,False,
success,fc3b9f39-e8cd-404a-a870-9228c34cd8e3,/opt/nuclio/shared_storage/test/8/mnist_8_00249.png,"{'skeletonization_time_ms': 72.509041, 'contour_analysis_time_ms': 329.02325, 'classification_time_ms': 380.326959}",8,not classified,False,
success,c436428a-5a89-4a67-be2d-b03003fbfd05,/opt/nuclio/shared_storage/test/8/mnist_8_test_00073.png,"{'skeletonization_time_ms': 32.432125, 'contour_analysis_time_ms': 342.141458, 'classification_time_ms': 309.113626}",8,6,False,
success,d0b4b37d-20ae-49c2-aaa9-09218861ac86,/opt/nuclio/shared_storage/test/8/mnist_8_test_00767.png,"{'skeletonization_time_ms': 81.594084, 'contour_analysis_time_ms': 327.199167, 'classification_time_ms': 399.0925}",8,6,False,
success,ed87e984-349c-41e5-a698-6752edf8972f,/opt/nuclio/shared_storage/test/8/mnist_8_test_00145.png,"{'skeletonization_time_ms': 33.216917, 'contour_analysis_time_ms': 404.731833, 'classification_time_ms': 216.666959}",8,6,False,
success,bdc9a53d-3736-49c1-9764-7a0b6ed6d763,/opt/nuclio/shared_storage/test/5/mnist_5_00188.png,"{'skeletonization_time_ms': 80.339, 'contour_analysis_time_ms': 305.377667, 'classification_time_ms': 218.690459}",5,2,False,
success,f98e8a8b-afb6-4ad6-8793-046fe4123eb4,/opt/nuclio/shared_storage/test/6/mnist_6_00367.png,"{'skeletonization_time_ms': 599.150417, 'contour_analysis_time_ms': 370.111208, 'classification_time_ms': 184.404292}",6,2,False,
success,55512919-5510-4d95-9e80-4aa3b6b84f9d,/opt/nuclio/shared_storage/test/5/mnist_5_test_00399.png,"{'skeletonization_time_ms': 59.918917, 'contour_analysis_time_ms': 366.211459, 'classification_time_ms': 175.285834}",5,3,False,
success,cd225e14-d881-4397-9be6-7c6c2654a740,/opt/nuclio/shared_storage/test/8/mnist_8_test_00263.png,"{'skeletonization_time_ms': 137.394875, 'contour_analysis_time_ms': 353.15925, 'classification_time_ms': 295.927458}",8,6,False,
success,82e8c7bd-362a-49d4-ab8b-3e1f29431cf2,/opt/nuclio/shared_storage/test/8/mnist_8_test_00742.png,"{'skeletonization_time_ms': 78.07375, 'contour_analysis_time_ms': 367.132458, 'classification_time_ms': 279.534541}",8,not classified,False,
success,06c8df40-5c24-4f1f-8b45-118ba66b67c5,/opt/nuclio/shared_storage/test/6/mnist_6_test_00324.png,"{'skeletonization_time_ms': 99.359416, 'contour_analysis_time_ms': 256.570542, 'classification_time_ms': 167.2335}",6,7,False,
success,b3077ff2-608b-48c0-825c-84bb372b34cd,/opt/nuclio/shared_storage/test/8/mnist_8_test_00210.png,"{'skeletonization_time_ms': 35.620542, 'contour_analysis_time_ms': 212.371542, 'classification_time_ms': 196.409209}",8,4,False,
success,d6144ad6-6433-4878-a820-eceb746bd0cf,/opt/nuclio/shared_storage/test/5/mnist_5_00012.png,"{'skeletonization_time_ms': 54.368959, 'contour_analysis_time_ms': 284.511709, 'classification_time_ms': 298.276541}",5,7,False,
success,3bd1e139-bf52-488d-95ee-5b7f26509f56,/opt/nuclio/shared_storage/test/5/mnist_5_test_00514.png,"{'skeletonization_time_ms': 45.472917, 'contour_analysis_time_ms': 238.8625, 'classification_time_ms': 306.200708}",5,2,False,
success,82b78e61-0349-4630-847e-39b8c8ca7a70,/opt/nuclio/shared_storage/test/8/mnist_8_test_00607.png,"{'skeletonization_time_ms': 66.438667, 'contour_analysis_time_ms': 424.502125, 'classification_time_ms': 140.313}",8,6,False,
success,6bcfb4f5-1bae-4b15-a1eb-cf510b7cdf12,/opt/nuclio/shared_storage/test/8/mnist_8_test_00400.png,"{'skeletonization_time_ms': 52.842875, 'contour_analysis_time_ms': 254.262625, 'classification_time_ms': 194.495125}",8,6,False,
success,7f88682f-8bab-4c80-94fb-7c5a5a41397a,/opt/nuclio/shared_storage/test/5/mnist_5_00363.png,"{'skeletonization_time_ms': 64.847208, 'contour_analysis_time_ms': 156.451334, 'classification_time_ms': 36.0175}",5,7,False,
success,63c4bdde-14a9-4f81-bc0d-141051783e39,/opt/nuclio/shared_storage/test/6/mnist_6_test_00287.png,"{'skeletonization_time_ms': 365.661542, 'contour_analysis_time_ms': 235.116541, 'classification_time_ms': 102.838}",6,7,False,
success,05a9d8ce-1cb5-46e4-99cb-bd9a1236e41b,/opt/nuclio/shared_storage/test/8/mnist_8_test_00439.png,"{'skeletonization_time_ms': 56.8875, 'contour_analysis_time_ms': 276.959625, 'classification_time_ms': 337.156791}",8,not classified,False,
success,cbdf802c-1364-4a7f-87eb-7e82c301ff50,/opt/nuclio/shared_storage/test/5/mnist_5_test_00529.png,"{'skeletonization_time_ms': 41.415833, 'contour_analysis_time_ms': 311.135166, 'classification_time_ms': 76.513041}",5,7,False,
success,43a49241-25ba-4029-8563-24790f5cdb48,/opt/nuclio/shared_storage/test/8/mnist_8_test_00161.png,"{'skeletonization_time_ms': 45.172, 'contour_analysis_time_ms': 199.741375, 'classification_time_ms': 273.895875}",8,6,False,
success,e1b6f769-a4bd-401a-bd41-15f660363427,/opt/nuclio/shared_storage/test/5/mnist_5_test_00065.png,"{'skeletonization_time_ms': 116.5685, 'contour_analysis_time_ms': 251.608792, 'classification_time_ms': 61.497125}",5,7,False,
success,0a482e14-3535-44bd-9251-77e3fecdf2e6,/opt/nuclio/shared_storage/test/8/mnist_8_00076.png,"{'skeletonization_time_ms': 100.7125, 'contour_analysis_time_ms': 236.900833, 'classification_time_ms': 325.581917}",8,not classified,False,
success,6db5c22f-3487-4607-ab2f-83cc0cfd0fcf,/opt/nuclio/shared_storage/test/8/mnist_8_test_00620.png,"{'skeletonization_time_ms': 64.712, 'contour_analysis_time_ms': 207.794708, 'classification_time_ms': 567.488959}",8,6,False,
success,d75a274f-b45c-498c-928f-1afb4c4623d2,/opt/nuclio/shared_storage/test/8/mnist_8_test_00634.png,"{'skeletonization_time_ms': 37.5195, 'contour_analysis_time_ms': 407.07225, 'classification_time_ms': 224.708666}",8,not classified,False,
success,d5b42371-b033-4b8f-aa63-7de3390ad03c,/opt/nuclio/shared_storage/test/8/mnist_8_test_00809.png,"{'skeletonization_time_ms': 49.662916, 'contour_analysis_time_ms': 527.342917, 'classification_time_ms': 341.58425}",8,not classified,False,
success,145892c8-5ebe-4914-981a-18681aa6e317,/opt/nuclio/shared_storage/test/5/mnist_5_test_00415.png,"{'skeletonization_time_ms': 32.128208, 'contour_analysis_time_ms': 562.157834, 'classification_time_ms': 89.040917}",5,2,False,
success,baab3b8c-e65f-4433-a11f-0c25e8d97288,/opt/nuclio/shared_storage/test/8/mnist_8_test_00769.png,"{'skeletonization_time_ms': 40.889917, 'contour_analysis_time_ms': 187.679083, 'classification_time_ms': 259.597875}",8,4,False,
success,318ac29d-c730-4ea6-ba15-127bbdfb69a2,/opt/nuclio/shared_storage/test/8/mnist_8_test_00365.png,"{'skeletonization_time_ms': 66.344292, 'contour_analysis_time_ms': 231.958167, 'classification_time_ms': 259.7005}",8,6,False,
success,ef883738-11ca-4008-b4c0-b392d561e18d,/opt/nuclio/shared_storage/test/8/mnist_8_00262.png,"{'skeletonization_time_ms': 177.119417, 'contour_analysis_time_ms': 219.175292, 'classification_time_ms': 207.156333}",8,not classified,False,
success,27bb8850-556c-4acb-b8f0-c8bb8dfaa2bb,/opt/nuclio/shared_storage/test/6/mnist_6_test_00321.png,"{'skeletonization_time_ms': 53.064375, 'contour_analysis_time_ms': 197.504917, 'classification_time_ms': 267.346001}",6,2,False,
success,4be07b8b-0b68-42aa-a49c-17a96c96cee0,/opt/nuclio/shared_storage/test/8/mnist_8_test_00602.png,"{'skeletonization_time_ms': 36.024083, 'contour_analysis_time_ms': 446.353458, 'classification_time_ms': 122.770751}",8,7,False,
success,bd2d1e75-d86a-48a2-b2e4-8326ba163d35,/opt/nuclio/shared_storage/test/6/mnist_6_00073.png,"{'skeletonization_time_ms': 53.088792, 'contour_analysis_time_ms': 175.075208, 'classification_time_ms': 55.1055}",6,7,False,
success,4d04df10-1f9f-48d4-b59b-4c1493af68d4,/opt/nuclio/shared_storage/test/6/mnist_6_00506.png,"{'skeletonization_time_ms': 29.715708, 'contour_analysis_time_ms': 146.30375, 'classification_time_ms': 87.007666}",6,2,False,
success,4782e2d0-6fc3-4469-9fe2-10f248b161ea,/opt/nuclio/shared_storage/test/8/mnist_8_00106.png,"{'skeletonization_time_ms': 45.992083, 'contour_analysis_time_ms': 206.172917, 'classification_time_ms': 245.708667}",8,not classified,False,
success,9d5772e2-0a7b-44bf-a0ea-3568978328c4,/opt/nuclio/shared_storage/test/8/mnist_8_00074.png,"{'skeletonization_time_ms': 54.295375, 'contour_analysis_time_ms': 154.990916, 'classification_time_ms': 333.838291}",8,not classified,False,
success,d4a1cf5f-4ea7-4d92-9eb9-5f30d8098945,/opt/nuclio/shared_storage/test/5/mnist_5_test_00188.png,"{'skeletonization_time_ms': 35.581708, 'contour_analysis_time_ms': 280.750875, 'classification_time_ms': 28.440125}",5,7,False,
success,f16733c1-a437-4f86-b9c0-63cab5dbcd56,/opt/nuclio/shared_storage/test/5/mnist_5_00463.png,"{'skeletonization_time_ms': 45.68025, 'contour_analysis_time_ms': 288.034792, 'classification_time_ms': 139.087417}",5,2,False,
success,710fb433-a88f-4874-9bbc-3fa7c63ab7c0,/opt/nuclio/shared_storage/test/8/mnist_8_test_00176.png,"{'skeletonization_time_ms': 52.746333, 'contour_analysis_time_ms': 360.451875, 'classification_time_ms': 349.046291}",8,not classified,False,
success,d6d8c31f-ee20-4420-b7e2-070cc6310c77,/opt/nuclio/shared_storage/test/8/mnist_8_test_00822.png,"{'skeletonization_time_ms': 80.749917, 'contour_analysis_time_ms': 230.709209, 'classification_time_ms': 241.849083}",8,6,False,
success,0a9a36bb-ada9-4c7f-b263-859a595584d7,/opt/nuclio/shared_storage/test/9/mnist_9_test_00282.png,"{'skeletonization_time_ms': 53.604125, 'contour_analysis_time_ms': 261.390042, 'classification_time_ms': 214.123042}",9,1,False,
success,e776c52a-950d-493f-8fb8-5fa7d035476d,/opt/nuclio/shared_storage/test/5/mnist_5_test_00539.png,"{'skeletonization_time_ms': 67.012125, 'contour_analysis_time_ms': 456.749584, 'classification_time_ms': 306.106}",5,2,False,
success,234a6bcf-ddd8-4f53-baa8-8c9d25b24abf,/opt/nuclio/shared_storage/test/6/mnist_6_test_00387.png,"{'skeletonization_time_ms': 36.879583, 'contour_analysis_time_ms': 243.107041, 'classification_time_ms': 58.138667}",6,2,False,
success,c77ab8f5-f152-4e15-b26d-8c7e4dc2a985,/opt/nuclio/shared_storage/test/8/mnist_8_test_00206.png,"{'skeletonization_time_ms': 35.2085, 'contour_analysis_time_ms': 268.874583, 'classification_time_ms': 223.10925}",8,2,False,
success,37cd1395-4ddf-48b3-8b8b-b88c161c78d6,/opt/nuclio/shared_storage/test/8/mnist_8_test_00028.png,"{'skeletonization_time_ms': 49.295041, 'contour_analysis_time_ms': 211.63825, 'classification_time_ms': 401.0105}",8,6,False,
success,a31145eb-280a-47df-a1fb-1eb810b6fe16,/opt/nuclio/shared_storage/test/6/mnist_6_test_00256.png,"{'skeletonization_time_ms': 44.241375, 'contour_analysis_time_ms': 323.201542, 'classification_time_ms': 206.314125}",6,not classified,False,
success,9a29698b-f0b8-48f4-97c8-3a962dcb4296,/opt/nuclio/shared_storage/test/8/mnist_8_test_00511.png,"{'skeletonization_time_ms': 51.622583, 'contour_analysis_time_ms': 227.50525, 'classification_time_ms': 267.702917}",8,9,False,
success,0a9b1c12-adf9-4a49-a177-5de7ddc2ca2d,/opt/nuclio/shared_storage/test/5/mnist_5_00405.png,"{'skeletonization_time_ms': 92.432208, 'contour_analysis_time_ms': 215.00825, 'classification_time_ms': 88.362167}",5,7,False,
success,3ab47dce-bda6-4e1a-9eb1-efd867ee14e5,/opt/nuclio/shared_storage/test/8/mnist_8_00428.png,"{'skeletonization_time_ms': 53.069084, 'contour_analysis_time_ms': 325.509584, 'classification_time_ms': 222.573375}",8,not classified,False,
success,f94b55d2-52f7-4395-bb9a-69a4dc99adce,/opt/nuclio/shared_storage/test/9/mnist_9_test_00255.png,"{'skeletonization_time_ms': 45.412667, 'contour_analysis_time_ms': 285.116334, 'classification_time_ms': 106.958209}",9,7,False,
success,3df7feee-86f8-48aa-8493-2eda0adaca86,/opt/nuclio/shared_storage/test/5/mnist_5_00105.png,"{'skeletonization_time_ms': 61.33875, 'contour_analysis_time_ms': 162.555959, 'classification_time_ms': 125.736583}",5,3,False,
success,10604d14-f7ff-427c-a5f7-875aab136de9,/opt/nuclio/shared_storage/test/8/mnist_8_00110.png,"{'skeletonization_time_ms': 52.486, 'contour_analysis_time_ms': 208.618792, 'classification_time_ms': 251.723126}",8,2,False,
success,92535194-96fa-4f0d-b5f2-354e4f395f84,/opt/nuclio/shared_storage/test/9/mnist_9_test_00091.png,"{'skeletonization_time_ms': 56.621958, 'contour_analysis_time_ms': 212.773001, 'classification_time_ms': 102.092792}",9,7,False,
success,fd1ff822-f66f-4bd9-a034-015642349619,/opt/nuclio/shared_storage/test/8/mnist_8_test_00199.png,"{'skeletonization_time_ms': 65.414417, 'contour_analysis_time_ms': 194.990458, 'classification_time_ms': 277.643125}",8,6,False,
success,3021d921-84d7-45be-8749-465caba978c9,/opt/nuclio/shared_storage/test/8/mnist_8_test_00158.png,"{'skeletonization_time_ms': 39.671, 'contour_analysis_time_ms': 205.225375, 'classification_time_ms': 100.259833}",8,not classified,False,
success,53b80b54-31f2-478d-8e1f-c97754355225,/opt/nuclio/shared_storage/test/8/mnist_8_test_00603.png,"{'skeletonization_time_ms': 36.083709, 'contour_analysis_time_ms': 157.066416, 'classification_time_ms': 181.944125}",8,6,False,
success,1b611451-c161-4f1c-a455-5e99c2626bf5,/opt/nuclio/shared_storage/test/8/mnist_8_00338.png,"{'skeletonization_time_ms': 38.354459, 'contour_analysis_time_ms': 185.348125, 'classification_time_ms': 82.752709}",8,not classified,False,
success,f7ca9152-93f2-44c5-a458-045b37fba09e,/opt/nuclio/shared_storage/test/5/mnist_5_test_00438.png,"{'skeletonization_time_ms': 60.165459, 'contour_analysis_time_ms': 168.633834, 'classification_time_ms': 197.363041}",5,6,False,
success,3174180b-fe9b-4fae-a132-6fb07632e75d,/opt/nuclio/shared_storage/test/5/mnist_5_00465.png,"{'skeletonization_time_ms': 42.585416, 'contour_analysis_time_ms': 176.970209, 'classification_time_ms': 70.609792}",5,7,False,
success,e8320fd1-c99d-4b5a-83f9-9dd356148dc3,/opt/nuclio/shared_storage/test/8/mnist_8_00200.png,"{'skeletonization_time_ms': 57.918583, 'contour_analysis_time_ms': 144.665333, 'classification_time_ms': 698.259459}",8,not classified,False,
success,7a9ff5ce-fa30-4220-9316-109cc8072c03,/opt/nuclio/shared_storage/test/8/mnist_8_test_00313.png,"{'skeletonization_time_ms': 44.493458, 'contour_analysis_time_ms': 439.163708, 'classification_time_ms': 339.461917}",8,6,False,
success,fef2f92a-c88f-4c07-90a0-2b0892bf0013,/opt/nuclio/shared_storage/test/9/mnist_9_00090.png,"{'skeletonization_time_ms': 57.905625, 'contour_analysis_time_ms': 245.535834, 'classification_time_ms': 42.98625}",9,4,False,
success,a3019b03-2616-4488-a5af-e8e46a1f40ee,/opt/nuclio/shared_storage/test/5/mnist_5_test_00467.png,"{'skeletonization_time_ms': 33.149, 'contour_analysis_time_ms': 382.050501, 'classification_time_ms': 130.573542}",5,7,False,
success,31cf6c3d-7718-4528-afae-eed9edb155d5,/opt/nuclio/shared_storage/test/5/mnist_5_00339.png,"{'skeletonization_time_ms': 57.166959, 'contour_analysis_time_ms': 323.66475, 'classification_time_ms': 312.82425}",5,9,False,
success,98488c17-be27-4abf-a6cd-55c78bb14273,/opt/nuclio/shared_storage/test/5/mnist_5_00113.png,"{'skeletonization_time_ms': 43.755167, 'contour_analysis_time_ms': 300.044625, 'classification_time_ms': 318.069042}",5,9,False,
success,64fa561b-5bfd-48fe-ac46-cea53237d5c3,/opt/nuclio/shared_storage/test/6/mnist_6_test_00044.png,"{'skeletonization_time_ms': 16.625834, 'contour_analysis_time_ms': 406.027458, 'classification_time_ms': 123.2585}",6,1,False,
success,a69ae809-47df-4d11-a8f8-9304c0f5adf8,/opt/nuclio/shared_storage/test/8/mnist_8_test_00466.png,"{'skeletonization_time_ms': 44.202916, 'contour_analysis_time_ms': 399.152625, 'classification_time_ms': 357.050625}",8,not classified,False,
success,204d5080-d526-4a3b-bda9-a86ad3792ecd,/opt/nuclio/shared_storage/test/8/mnist_8_test_00614.png,"{'skeletonization_time_ms': 48.221959, 'contour_analysis_time_ms': 265.145791, 'classification_time_ms': 165.507}",8,6,False,
success,32402d3f-652c-40e2-b32c-07b06c89a407,/opt/nuclio/shared_storage/test/8/mnist_8_test_00302.png,"{'skeletonization_time_ms': 60.591333, 'contour_analysis_time_ms': 543.278709, 'classification_time_ms': 255.674417}",8,5,False,
success,d80e02b1-ae97-449f-bced-ec043b5f8cc7,/opt/nuclio/shared_storage/test/9/mnist_9_00874.png,"{'skeletonization_time_ms': 45.143667, 'contour_analysis_time_ms': 242.771583, 'classification_time_ms': 97.939792}",9,1,False,
success,58b138c5-95d0-4c91-a4c0-193d31ffe47d,/opt/nuclio/shared_storage/test/5/mnist_5_test_00359.png,"{'skeletonization_time_ms': 51.316833, 'contour_analysis_time_ms': 189.440291, 'classification_time_ms': 113.230833}",5,2,False,
success,a5593b04-163f-4eac-845e-581655579f35,/opt/nuclio/shared_storage/test/8/mnist_8_test_00077.png,"{'skeletonization_time_ms': 57.65575, 'contour_analysis_time_ms': 233.718833, 'classification_time_ms': 406.541542}",8,6,False,
success,5ee8b535-55cb-49ee-b034-d8849bbf2bf3,/opt/nuclio/shared_storage/test/6/mnist_6_test_00338.png,"{'skeletonization_time_ms': 37.58975, 'contour_analysis_time_ms': 182.923584, 'classification_time_ms': 231.950208}",6,4,False,
success,d7408972-2f8c-4f8f-b0f8-0438d15d5602,/opt/nuclio/shared_storage/test/5/mnist_5_test_00464.png,"{'skeletonization_time_ms': 767.515042, 'contour_analysis_time_ms': 195.823459, 'classification_time_ms': 67.691833}",5,7,False,
success,a4dfffe8-f665-4414-a129-ccad3324447e,/opt/nuclio/shared_storage/test/6/mnist_6_00412.png,"{'skeletonization_time_ms': 47.031084, 'contour_analysis_time_ms': 236.92125, 'classification_time_ms': 66.659666}",6,5,False,
success,4bc29d22-55ff-4299-aff3-e6f03f509cfb,/opt/nuclio/shared_storage/test/8/mnist_8_00312.png,"{'skeletonization_time_ms': 52.734917, 'contour_analysis_time_ms': 167.468584, 'classification_time_ms': 226.665292}",8,6,False,
success,ce898786-79e1-4fa5-8d8e-c298204ffae6,/opt/nuclio/shared_storage/test/6/mnist_6_00628.png,"{'skeletonization_time_ms': 30.513375, 'contour_analysis_time_ms': 304.002083, 'classification_time_ms': 114.9035}",6,7,False,
success,e2ac470e-ec46-4dd0-b970-7eb2d117351d,/opt/nuclio/shared_storage/test/6/mnist_6_test_00091.png,"{'skeletonization_time_ms': 54.756583, 'contour_analysis_time_ms': 281.634792, 'classification_time_ms': 145.030959}",6,7,False,
success,1456cb42-cf9b-47c4-b7c3-565827f2f509,/opt/nuclio/shared_storage/test/9/mnist_9_00534.png,"{'skeletonization_time_ms': 53.655084, 'contour_analysis_time_ms': 208.942875, 'classification_time_ms': 145.648375}",9,4,False,
success,3beec5aa-2f60-4654-a664-c163759e7e55,/opt/nuclio/shared_storage/test/6/mnist_6_test_00440.png,"{'skeletonization_time_ms': 45.757375, 'contour_analysis_time_ms': 236.099625, 'classification_time_ms': 100.002833}",6,7,False,
success,239acb31-50fe-44db-961d-4d370aa426f8,/opt/nuclio/shared_storage/test/8/mnist_8_00176.png,"{'skeletonization_time_ms': 123.087958, 'contour_analysis_time_ms': 193.588917, 'classification_time_ms': 457.397209}",8,not classified,False,
success,0f936e03-8b06-4cfd-b6a1-30b9074bb5f2,/opt/nuclio/shared_storage/test/5/mnist_5_00198.png,"{'skeletonization_time_ms': 40.194667, 'contour_analysis_time_ms': 548.585, 'classification_time_ms': 1355.246959}",5,3,False,
success,4cac2a76-fc24-425e-95a9-b97da304adc1,/opt/nuclio/shared_storage/test/6/mnist_6_00517.png,"{'skeletonization_time_ms': 58.760834, 'contour_analysis_time_ms': 1562.169292, 'classification_time_ms': 336.466542}",6,not classified,False,
success,b4c4d8c6-0721-490e-a864-4acd41855330,/opt/nuclio/shared_storage/test/6/mnist_6_00577.png,"{'skeletonization_time_ms': 31.514125, 'contour_analysis_time_ms': 2079.214335, 'classification_time_ms': 312.037751}",6,2,False,
success,7b7b5c14-add7-4ee1-aaaf-ead656a5feb2,/opt/nuclio/shared_storage/test/8/mnist_8_test_00648.png,"{'skeletonization_time_ms': 29.453959, 'contour_analysis_time_ms': 673.332917, 'classification_time_ms': 255.554708}",8,6,False,
success,a870be41-304f-4338-9128-6bc127c7bd66,/opt/nuclio/shared_storage/test/6/mnist_6_00612.png,"{'skeletonization_time_ms': 37.653375, 'contour_analysis_time_ms': 241.07075, 'classification_time_ms': 103.871708}",6,2,False,
success,c1780f95-a77a-4650-ad9c-d5c0f1b48c7b,/opt/nuclio/shared_storage/test/6/mnist_6_test_00079.png,"{'skeletonization_time_ms': 32.202959, 'contour_analysis_time_ms': 567.111792, 'classification_time_ms': 264.263458}",6,9,False,
success,aca04da0-51e3-4b82-a3df-59b36ace66e4,/opt/nuclio/shared_storage/test/5/mnist_5_00317.png,"{'skeletonization_time_ms': 77.359833, 'contour_analysis_time_ms': 725.213417, 'classification_time_ms': 158.536917}",5,7,False,
success,4a1323c5-c1f9-4132-abf1-712f71767133,/opt/nuclio/shared_storage/test/6/mnist_6_test_00332.png,"{'skeletonization_time_ms': 58.125458, 'contour_analysis_time_ms': 601.854792, 'classification_time_ms': 164.612958}",6,7,False,
success,70f897bc-2325-47cd-a53c-ccc553a9e7e3,/opt/nuclio/shared_storage/test/8/mnist_8_test_00039.png,"{'skeletonization_time_ms': 95.815625, 'contour_analysis_time_ms': 703.544292, 'classification_time_ms': 309.158}",8,6,False,
success,3a78fb11-6e59-451c-9f4d-3daf0b0dc89a,/opt/nuclio/shared_storage/test/8/mnist_8_test_00502.png,"{'skeletonization_time_ms': 55.082583, 'contour_analysis_time_ms': 428.819167, 'classification_time_ms': 267.17975}",8,9,False,
success,1c33f27a-2f9d-424a-95d3-08fe84c09ea4,/opt/nuclio/shared_storage/test/6/mnist_6_test_00009.png,"{'skeletonization_time_ms': 23.88075, 'contour_analysis_time_ms': 197.564875, 'classification_time_ms': 27.290625}",6,7,False,
success,10303a8f-e30d-4a0c-a69c-760023668690,/opt/nuclio/shared_storage/test/8/mnist_8_00006.png,"{'skeletonization_time_ms': 38.453, 'contour_analysis_time_ms': 352.819042, 'classification_time_ms': 122.080417}",8,4,False,
success,8aa4b576-a7a0-429d-913b-9210945e3c00,/opt/nuclio/shared_storage/test/5/mnist_5_test_00076.png,"{'skeletonization_time_ms': 22.722084, 'contour_analysis_time_ms': 319.636584, 'classification_time_ms': 34.455125}",5,7,False,
success,c39f645a-34e8-48f5-a132-a50e5feb41a9,/opt/nuclio/shared_storage/test/8/mnist_8_test_00513.png,"{'skeletonization_time_ms': 75.30325, 'contour_analysis_time_ms': 235.453875, 'classification_time_ms': 626.501917}",8,not classified,False,
success,41f9de6d-28f6-4389-9f44-0fa34226a9f7,/opt/nuclio/shared_storage/test/8/mnist_8_00211.png,"{'skeletonization_time_ms': 65.407667, 'contour_analysis_time_ms': 291.705375, 'classification_time_ms': 198.004959}",8,not classified,False,
success,d57b53d6-6e29-4826-bfb8-789710b4c048,/opt/nuclio/shared_storage/test/8/mnist_8_test_00115.png,"{'skeletonization_time_ms': 45.20275, 'contour_analysis_time_ms': 203.943209, 'classification_time_ms': 228.213334}",8,not classified,False,
success,2742b310-918d-478b-8d47-a5357b223963,/opt/nuclio/shared_storage/test/6/mnist_6_00332.png,"{'skeletonization_time_ms': 26.149583, 'contour_analysis_time_ms': 239.256833, 'classification_time_ms': 16.302375}",6,1,False,
success,9a376bac-7ba2-428f-82d0-5248182d7caa,/opt/nuclio/shared_storage/test/8/mnist_8_test_00667.png,"{'skeletonization_time_ms': 49.242625, 'contour_analysis_time_ms': 212.486125, 'classification_time_ms': 211.027251}",8,4,False,
success,1689c4cc-e0ff-43a6-b19d-44bcdd862b09,/opt/nuclio/shared_storage/test/6/mnist_6_00598.png,"{'skeletonization_time_ms': 102.335375, 'contour_analysis_time_ms': 264.038125, 'classification_time_ms': 312.456876}",6,not classified,False,
success,4a2bf5b9-8adc-47b1-ab5c-b7a9e35565c3,/opt/nuclio/shared_storage/test/9/mnist_9_test_00243.png,"{'skeletonization_time_ms': 59.779917, 'contour_analysis_time_ms': 369.464291, 'classification_time_ms': 196.560167}",9,5,False,
success,d8bf4632-4a4b-49c9-816f-5c3d4a72e1e7,/opt/nuclio/shared_storage/test/5/mnist_5_test_00614.png,"{'skeletonization_time_ms': 120.00525, 'contour_analysis_time_ms': 168.472666, 'classification_time_ms': 138.447167}",5,2,False,
success,4a8b6d91-81da-4880-9aef-1f2b50226f19,/opt/nuclio/shared_storage/test/6/mnist_6_test_00425.png,"{'skeletonization_time_ms': 76.885167, 'contour_analysis_time_ms': 168.88225, 'classification_time_ms': 71.287333}",6,2,False,
success,00dd1b5f-1808-42c0-b449-ac0716fcd8ff,/opt/nuclio/shared_storage/test/8/mnist_8_test_00701.png,"{'skeletonization_time_ms': 67.019, 'contour_analysis_time_ms': 349.18425, 'classification_time_ms': 325.935542}",8,6,False,
success,05c697ab-ba60-4b7c-baaa-7edf7466dc03,/opt/nuclio/shared_storage/test/6/mnist_6_test_00421.png,"{'skeletonization_time_ms': 27.844792, 'contour_analysis_time_ms': 399.199209, 'classification_time_ms': 178.759625}",6,1,False,
success,91d46b65-e635-461e-8a1d-e9c0f6f3851c,/opt/nuclio/shared_storage/test/8/mnist_8_test_00103.png,"{'skeletonization_time_ms': 99.131, 'contour_analysis_time_ms': 281.787667, 'classification_time_ms': 225.359875}",8,1,False,
success,6f3510c9-d455-4043-87cd-582f12916165,/opt/nuclio/shared_storage/test/9/mnist_9_test_00280.png,"{'skeletonization_time_ms': 34.581541, 'contour_analysis_time_ms': 207.039625, 'classification_time_ms': 39.423625}",9,4,False,
success,93bb9d77-9425-4c39-b1b8-a777f77b86fb,/opt/nuclio/shared_storage/test/8/mnist_8_test_00729.png,"{'skeletonization_time_ms': 42.974542, 'contour_analysis_time_ms': 285.499584, 'classification_time_ms': 300.989167}",8,2,False,
success,9a5e1f3f-cd4b-45e6-9e4f-03d0e5d53741,/opt/nuclio/shared_storage/test/9/mnist_9_test_00124.png,"{'skeletonization_time_ms': 30.308625, 'contour_analysis_time_ms': 274.680625, 'classification_time_ms': 199.803569}",9,7,False,
success,07ab5491-6082-4530-a12e-3ed84d506e8c,/opt/nuclio/shared_storage/test/5/mnist_5_test_00204.png,"{'skeletonization_time_ms': 60.004416, 'contour_analysis_time_ms': 583.381777, 'classification_time_ms': 195.360792}",5,2,False,
success,2e2effaa-d1c9-43f9-847a-866d162e4674,/opt/nuclio/shared_storage/test/5/mnist_5_00202.png,"{'skeletonization_time_ms': 51.142333, 'contour_analysis_time_ms': 226.765208, 'classification_time_ms': 70.295709}",5,7,False,
success,a802c1a7-70e3-4209-84b6-d3d87d0f17ee,/opt/nuclio/shared_storage/test/6/mnist_6_test_00432.png,"{'skeletonization_time_ms': 76.501375, 'contour_analysis_time_ms': 290.790083, 'classification_time_ms': 224.474791}",6,1,False,
success,2bdd0106-d9ac-4c10-9d02-50eda9883a46,/opt/nuclio/shared_storage/test/6/mnist_6_00693.png,"{'skeletonization_time_ms': 110.216709, 'contour_analysis_time_ms': 197.916209, 'classification_time_ms': 210.35675}",6,9,False,
success,a9547e86-f7f1-4a72-96e1-3f42b51b8079,/opt/nuclio/shared_storage/test/6/mnist_6_00490.png,"{'skeletonization_time_ms': 37.130042, 'contour_analysis_time_ms': 346.76925, 'classification_time_ms': 248.998459}",6,5,False,
success,9e02368d-2b97-41b4-9124-927457086b48,/opt/nuclio/shared_storage/test/8/mnist_8_test_00329.png,"{'skeletonization_time_ms': 71.645666, 'contour_analysis_time_ms': 397.355584, 'classification_time_ms': 215.878792}",8,6,False,
success,9b03793a-6245-481e-979e-a749a5918396,/opt/nuclio/shared_storage/test/6/mnist_6_test_00384.png,"{'skeletonization_time_ms': 52.640292, 'contour_analysis_time_ms': 208.237417, 'classification_time_ms': 142.324166}",6,7,False,
success,6d465096-432a-4b3b-9196-7cafce22ad55,/opt/nuclio/shared_storage/test/9/mnist_9_test_00351.png,"{'skeletonization_time_ms': 57.423625, 'contour_analysis_time_ms': 241.684, 'classification_time_ms': 260.350334}",9,7,False,
success,d269e476-2298-489b-a615-9273aa4f522a,/opt/nuclio/shared_storage/test/5/mnist_5_test_00400.png,"{'skeletonization_time_ms': 48.472667, 'contour_analysis_time_ms': 409.401583, 'classification_time_ms': 461.289292}",5,1,False,
success,a9d8434c-01eb-4cd8-ba17-aa8fe884b115,/opt/nuclio/shared_storage/test/6/mnist_6_test_00178.png,"{'skeletonization_time_ms': 53.059625, 'contour_analysis_time_ms': 314.228541, 'classification_time_ms': 144.681083}",6,7,False,
success,c3468f29-31eb-4ebb-8859-6a17a9900d6f,/opt/nuclio/shared_storage/test/8/mnist_8_test_00702.png,"{'skeletonization_time_ms': 95.87425, 'contour_analysis_time_ms': 331.388583, 'classification_time_ms': 331.783584}",8,6,False,
success,7e87c163-6902-45ec-99df-cb2bed9acf1c,/opt/nuclio/shared_storage/test/6/mnist_6_00811.png,"{'skeletonization_time_ms': 36.218709, 'contour_analysis_time_ms': 318.686542, 'classification_time_ms': 434.150459}",6,9,False,
success,082f6220-0593-4fa1-9dc4-ea50b1fac733,/opt/nuclio/shared_storage/test/9/mnist_9_test_00056.png,"{'skeletonization_time_ms': 95.073625, 'contour_analysis_time_ms': 308.160167, 'classification_time_ms': 147.974416}",9,7,False,
success,c59ab0ac-62fb-467a-a292-dc3725046f6a,/opt/nuclio/shared_storage/test/5/mnist_5_test_00167.png,"{'skeletonization_time_ms': 56.951667, 'contour_analysis_time_ms': 438.536792, 'classification_time_ms': 385.202334}",5,9,False,
success,68e77178-3940-46d7-9788-c5a741268fa9,/opt/nuclio/shared_storage/test/8/mnist_8_test_00267.png,"{'skeletonization_time_ms': 93.747417, 'contour_analysis_time_ms': 611.40025, 'classification_time_ms': 532.905292}",8,6,False,
success,74fcf6de-55b1-44cb-8073-b3c8d06f7868,/opt/nuclio/shared_storage/test/5/mnist_5_00399.png,"{'skeletonization_time_ms': 100.682, 'contour_analysis_time_ms': 519.917292, 'classification_time_ms': 253.346709}",5,2,False,
success,9d69086e-b8e8-4981-b143-68daef862b90,/opt/nuclio/shared_storage/test/5/mnist_5_test_00572.png,"{'skeletonization_time_ms': 68.074125, 'contour_analysis_time_ms': 679.811042, 'classification_time_ms': 31.925375}",5,2,False,
success,36d6aedb-bbaa-4708-b429-8289720cbeb2,/opt/nuclio/shared_storage/test/8/mnist_8_test_00072.png,"{'skeletonization_time_ms': 47.561875, 'contour_analysis_time_ms': 281.268376, 'classification_time_ms': 359.242334}",8,6,False,
success,a63ff74a-bceb-443e-a848-8cc3b015a420,/opt/nuclio/shared_storage/test/6/mnist_6_test_00445.png,"{'skeletonization_time_ms': 52.403917, 'contour_analysis_time_ms': 462.502708, 'classification_time_ms': 335.620459}",6,not classified,False,
success,69eb27cf-4237-468d-9fbe-6c23246882e0,/opt/nuclio/shared_storage/test/6/mnist_6_test_00051.png,"{'skeletonization_time_ms': 71.43425, 'contour_analysis_time_ms': 197.715333, 'classification_time_ms': 72.449625}",6,7,False,
success,24948687-13ab-447e-8ed0-269d566b7a5f,/opt/nuclio/shared_storage/test/6/mnist_6_00014.png,"{'skeletonization_time_ms': 29.081458, 'contour_analysis_time_ms': 170.205166, 'classification_time_ms': 118.790125}",6,7,False,
success,205d524a-8f7b-46e2-b4cd-846989194f8c,/opt/nuclio/shared_storage/test/6/mnist_6_00473.png,"{'skeletonization_time_ms': 110.196833, 'contour_analysis_time_ms': 269.879417, 'classification_time_ms': 22.524334}",6,7,False,
success,df31f856-1e6e-4acf-b2d8-47849c26c8b8,/opt/nuclio/shared_storage/test/8/mnist_8_test_00460.png,"{'skeletonization_time_ms': 41.106792, 'contour_analysis_time_ms': 204.257001, 'classification_time_ms': 370.719333}",8,6,False,
success,eb8666bf-e9d6-49a9-bf97-675fb1a1e7b9,/opt/nuclio/shared_storage/test/6/mnist_6_00343.png,"{'skeletonization_time_ms': 29.195667, 'contour_analysis_time_ms': 156.520959, 'classification_time_ms': 127.725209}",6,4,False,
success,640734e8-ab51-41b6-8568-18967583bca0,/opt/nuclio/shared_storage/test/6/mnist_6_00158.png,"{'skeletonization_time_ms': 176.420166, 'contour_analysis_time_ms': 181.09875, 'classification_time_ms': 163.042666}",6,2,False,
success,1c025295-db27-48be-b25a-11f1af9e810a,/opt/nuclio/shared_storage/test/9/mnist_9_00913.png,"{'skeletonization_time_ms': 83.420167, 'contour_analysis_time_ms': 286.544375, 'classification_time_ms': 28.491083}",9,7,False,
success,e164f04e-767a-40b9-8589-2ed79da82c99,/opt/nuclio/shared_storage/test/6/mnist_6_test_00333.png,"{'skeletonization_time_ms': 31.176417, 'contour_analysis_time_ms': 162.341667, 'classification_time_ms': 29.166959}",6,7,False,
success,f65a1298-7676-40a0-b337-62638d46a290,/opt/nuclio/shared_storage/test/6/mnist_6_test_00268.png,"{'skeletonization_time_ms': 48.896292, 'contour_analysis_time_ms': 424.965334, 'classification_time_ms': 76.487041}",6,2,False,
success,58f05324-38e3-4f4a-af14-16024e3b310e,/opt/nuclio/shared_storage/test/6/mnist_6_00205.png,"{'skeletonization_time_ms': 30.2275, 'contour_analysis_time_ms': 225.770083, 'classification_time_ms': 29.042333}",6,7,False,
success,c47f6f61-0d38-4d2b-8656-888ae627e79e,/opt/nuclio/shared_storage/test/9/mnist_9_test_00185.png,"{'skeletonization_time_ms': 86.011833, 'contour_analysis_time_ms': 198.671875, 'classification_time_ms': 21.96975}",9,7,False,
success,114a0303-425f-4275-83f2-33677198fb16,/opt/nuclio/shared_storage/test/5/mnist_5_test_00174.png,"{'skeletonization_time_ms': 70.496708, 'contour_analysis_time_ms': 464.35975, 'classification_time_ms': 246.611875}",5,3,False,
success,a2714a20-f803-4977-b2f1-e595aeac1023,/opt/nuclio/shared_storage/test/6/mnist_6_00241.png,"{'skeletonization_time_ms': 35.486875, 'contour_analysis_time_ms': 625.581375, 'classification_time_ms': 99.411459}",6,2,False,
success,dd8162aa-4716-4d41-81c1-952d54d2e997,/opt/nuclio/shared_storage/test/6/mnist_6_test_00158.png,"{'skeletonization_time_ms': 103.056166, 'contour_analysis_time_ms': 284.775417, 'classification_time_ms': 55.663042}",6,2,False,
success,171df2ce-3c54-41fd-80ad-096f8db5cb35,/opt/nuclio/shared_storage/test/5/mnist_5_test_00377.png,"{'skeletonization_time_ms': 66.883666, 'contour_analysis_time_ms': 224.077583, 'classification_time_ms': 109.19775}",5,7,False,
success,94a8d5ce-f86e-45a2-8d52-78a3b5271cd8,/opt/nuclio/shared_storage/test/6/mnist_6_00575.png,"{'skeletonization_time_ms': 62.929, 'contour_analysis_time_ms': 232.892292, 'classification_time_ms': 324.060958}",6,not classified,False,
success,bdb453bb-9ed4-4022-8026-920b73f63247,/opt/nuclio/shared_storage/test/6/mnist_6_test_00135.png,"{'skeletonization_time_ms': 153.284125, 'contour_analysis_time_ms': 503.331667, 'classification_time_ms': 80.779666}",6,7,False,
success,693f6863-18b1-4330-b61b-c19c48110ccd,/opt/nuclio/shared_storage/test/6/mnist_6_test_00269.png,"{'skeletonization_time_ms': 114.965791, 'contour_analysis_time_ms': 491.520875, 'classification_time_ms': 282.902667}",6,5,False,
success,74e2b5a8-9fc6-4243-b105-58074422eaa9,/opt/nuclio/shared_storage/test/6/mnist_6_00700.png,"{'skeletonization_time_ms': 75.455542, 'contour_analysis_time_ms': 315.216458, 'classification_time_ms': 103.026584}",6,1,False,
success,670bbb4b-0c83-4e68-a192-183fbf52e0e3,/opt/nuclio/shared_storage/test/6/mnist_6_test_00209.png,"{'skeletonization_time_ms': 67.899708, 'contour_analysis_time_ms': 311.794126, 'classification_time_ms': 545.942209}",6,not classified,False,
success,90e63307-03fd-403d-b802-b6f42395007e,/opt/nuclio/shared_storage/test/6/mnist_6_00559.png,"{'skeletonization_time_ms': 140.180083, 'contour_analysis_time_ms': 765.275584, 'classification_time_ms': 360.5755}",6,9,False,
success,86ced721-afbf-4e84-bc5e-7bf2186dafd0,/opt/nuclio/shared_storage/test/6/mnist_6_test_00200.png,"{'skeletonization_time_ms': 37.81425, 'contour_analysis_time_ms': 528.806833, 'classification_time_ms': 32.96075}",6,1,False,
success,bc04ce46-479d-46a4-8741-94c2175eef14,/opt/nuclio/shared_storage/test/6/mnist_6_00588.png,"{'skeletonization_time_ms': 79.883167, 'contour_analysis_time_ms': 490.475292, 'classification_time_ms': 106.071667}",6,4,False,
success,9093d645-5a91-4e65-b414-80268568888d,/opt/nuclio/shared_storage/test/9/mnist_9_test_00084.png,"{'skeletonization_time_ms': 43.390458, 'contour_analysis_time_ms': 424.838875, 'classification_time_ms': 181.888}",9,7,False,
success,c620e81b-35b8-4ac1-8e63-5fb1e860da8b,/opt/nuclio/shared_storage/test/9/mnist_9_00354.png,"{'skeletonization_time_ms': 37.495791, 'contour_analysis_time_ms': 189.192417, 'classification_time_ms': 25.499166}",9,7,False,
success,9d9f9596-a2c2-4361-9774-2f821646bfcc,/opt/nuclio/shared_storage/test/6/mnist_6_test_00254.png,"{'skeletonization_time_ms': 167.20025, 'contour_analysis_time_ms': 328.201167, 'classification_time_ms': 33.096125}",6,7,False,
success,de5336d2-d996-44b0-831e-3c219630ca42,/opt/nuclio/shared_storage/test/6/mnist_6_00528.png,"{'skeletonization_time_ms': 29.152833, 'contour_analysis_time_ms': 294.854209, 'classification_time_ms': 153.571125}",6,5,False,
success,7093a41e-608e-4f29-8a23-094174b2d4e0,/opt/nuclio/shared_storage/test/6/mnist_6_test_00378.png,"{'skeletonization_time_ms': 30.321416, 'contour_analysis_time_ms': 192.305959, 'classification_time_ms': 57.10725}",6,7,False,
success,f6f54c4a-88a3-46d5-930f-c9474851e9a8,/opt/nuclio/shared_storage/test/6/mnist_6_00537.png,"{'skeletonization_time_ms': 182.768542, 'contour_analysis_time_ms': 328.639542, 'classification_time_ms': 21.827375}",6,2,False,
success,79fde8c4-993c-4a6d-b6d4-cf81cf74a886,/opt/nuclio/shared_storage/test/5/mnist_5_00176.png,"{'skeletonization_time_ms': 91.753625, 'contour_analysis_time_ms': 366.854209, 'classification_time_ms': 352.04225}",5,9,False,
success,2199c2e2-fa8b-46a6-b9f0-a3e3f66df8fc,/opt/nuclio/shared_storage/test/6/mnist_6_00438.png,"{'skeletonization_time_ms': 62.196833, 'contour_analysis_time_ms': 175.569208, 'classification_time_ms': 289.423}",6,9,False,
success,b09015d2-84a1-40d7-a82b-6434760d6fcc,/opt/nuclio/shared_storage/test/6/mnist_6_test_00093.png,"{'skeletonization_time_ms': 68.200542, 'contour_analysis_time_ms': 261.17075, 'classification_time_ms': 25.277}",6,2,False,
success,e23269b4-ef4c-4faf-9ffa-6acbfb4e85b6,/opt/nuclio/shared_storage/test/6/mnist_6_00048.png,"{'skeletonization_time_ms': 29.33025, 'contour_analysis_time_ms': 400.781959, 'classification_time_ms': 58.5445}",6,4,False,
success,f76a084a-3ae5-4654-9660-bcdc7e18d790,/opt/nuclio/shared_storage/test/9/mnist_9_test_00186.png,"{'skeletonization_time_ms': 59.510209, 'contour_analysis_time_ms': 251.292208, 'classification_time_ms': 188.214208}",9,4,False,
success,809f57f6-094d-46b2-8161-ab25913f7d4c,/opt/nuclio/shared_storage/test/6/mnist_6_00286.png,"{'skeletonization_time_ms': 221.72, 'contour_analysis_time_ms': 212.351375, 'classification_time_ms': 104.655584}",6,5,False,
success,e46e18f5-080d-4e6c-aa41-81b8121acd52,/opt/nuclio/shared_storage/test/6/mnist_6_test_00265.png,"{'skeletonization_time_ms': 36.440236, 'contour_analysis_time_ms': 220.640417, 'classification_time_ms': 89.007959}",6,2,False,
success,ecbbde6e-4cae-498d-97c2-2c5eced948dc,/opt/nuclio/shared_storage/test/6/mnist_6_test_00143.png,"{'skeletonization_time_ms': 91.788333, 'contour_analysis_time_ms': 339.220917, 'classification_time_ms': 243.488708}",6,5,False,
success,c1a315bd-870a-4baf-8b3e-b9a5ebabe830,/opt/nuclio/shared_storage/test/9/mnist_9_test_00349.png,"{'skeletonization_time_ms': 57.335125, 'contour_analysis_time_ms': 413.257291, 'classification_time_ms': 270.855292}",9,7,False,
success,0fe569d1-54e1-4e5e-b4f7-ed57550deaef,/opt/nuclio/shared_storage/test/6/mnist_6_test_00094.png,"{'skeletonization_time_ms': 555.271833, 'contour_analysis_time_ms': 520.736042, 'classification_time_ms': 273.518417}",6,5,False,
success,6684f72f-8e70-4b02-9626-0c9e879d3970,/opt/nuclio/shared_storage/test/6/mnist_6_00204.png,"{'skeletonization_time_ms': 89.245583, 'contour_analysis_time_ms': 572.001042, 'classification_time_ms': 140.817083}",6,1,False,
success,52a2a092-00cf-475f-9c0f-edc4dddb6933,/opt/nuclio/shared_storage/test/9/mnist_9_test_00397.png,"{'skeletonization_time_ms': 74.744625, 'contour_analysis_time_ms': 252.88525, 'classification_time_ms': 159.738792}",9,5,False,
success,3f66aa97-1468-4cf7-871f-31158e607325,/opt/nuclio/shared_storage/test/6/mnist_6_00019.png,"{'skeletonization_time_ms': 34.942541, 'contour_analysis_time_ms': 249.708125, 'classification_time_ms': 169.262542}",6,7,False,
success,24d13c7c-e148-4a3b-9622-0062d42255a2,/opt/nuclio/shared_storage/test/6/mnist_6_test_00034.png,"{'skeletonization_time_ms': 52.005167, 'contour_analysis_time_ms': 512.013292, 'classification_time_ms': 15.2435}",6,7,False,
success,5780b4fe-35f9-4488-8c08-814585840019,/opt/nuclio/shared_storage/test/6/mnist_6_test_00204.png,"{'skeletonization_time_ms': 100.132417, 'contour_analysis_time_ms': 439.272542, 'classification_time_ms': 306.324417}",6,not classified,False,
success,c9af73f9-ccf5-45af-97fd-583cf541c440,/opt/nuclio/shared_storage/test/9/mnist_9_00469.png,"{'skeletonization_time_ms': 44.770375, 'contour_analysis_time_ms': 160.788542, 'classification_time_ms': 239.8405}",9,4,False,
success,2a6d6913-3827-463e-a1af-c52f98d5080d,/opt/nuclio/shared_storage/test/9/mnist_9_test_00146.png,"{'skeletonization_time_ms': 34.178917, 'contour_analysis_time_ms': 168.513334, 'classification_time_ms': 236.302375}",9,4,False,
success,84712196-965f-45a3-a453-9edfac1d1bc8,/opt/nuclio/shared_storage/test/6/mnist_6_00087.png,"{'skeletonization_time_ms': 87.181583, 'contour_analysis_time_ms': 188.800709, 'classification_time_ms': 27.324625}",6,7,False,
success,aab9e19a-75be-49a2-bdad-315f1710a1cc,/opt/nuclio/shared_storage/test/6/mnist_6_test_00119.png,"{'skeletonization_time_ms': 131.223375, 'contour_analysis_time_ms': 190.645167, 'classification_time_ms': 27.101792}",6,7,False,
success,145c5c75-d7fc-451c-a9d0-8e8b27584d5c,/opt/nuclio/shared_storage/test/6/mnist_6_00729.png,"{'skeletonization_time_ms': 67.585125, 'contour_analysis_time_ms': 261.051916, 'classification_time_ms': 34.083083}",6,7,False,
success,3cb156ef-1951-4fe4-917a-cf7563e3e8fd,/opt/nuclio/shared_storage/test/9/mnist_9_test_00233.png,"{'skeletonization_time_ms': 96.360459, 'contour_analysis_time_ms': 442.379417, 'classification_time_ms': 196.832333}",9,5,False,
success,47c5670c-1652-4af3-b9f4-aa2142278a15,/opt/nuclio/shared_storage/test/6/mnist_6_00941.png,"{'skeletonization_time_ms': 171.725791, 'contour_analysis_time_ms': 494.090708, 'classification_time_ms': 111.091167}",6,7,False,
success,2946ce49-6772-4b5c-aaf8-8c2645f1ca98,/opt/nuclio/shared_storage/test/6/mnist_6_test_00227.png,"{'skeletonization_time_ms': 62.796292, 'contour_analysis_time_ms': 278.62175, 'classification_time_ms': 163.879375}",6,1,False,
success,feba8c75-742a-40f2-aaf1-68132ac03fe7,/opt/nuclio/shared_storage/test/9/mnist_9_test_00009.png,"{'skeletonization_time_ms': 69.222625, 'contour_analysis_time_ms': 638.321917, 'classification_time_ms': 36.365667}",9,4,False,
success,c92e7341-d4fe-471f-b861-1e7774369cc8,/opt/nuclio/shared_storage/test/6/mnist_6_00029.png,"{'skeletonization_time_ms': 328.753834, 'contour_analysis_time_ms': 296.855667, 'classification_time_ms': 47.288625}",6,7,False,
success,8be2e3a2-d171-4f8e-b99a-4becdaa996bc,/opt/nuclio/shared_storage/test/6/mnist_6_test_00157.png,"{'skeletonization_time_ms': 42.851292, 'contour_analysis_time_ms': 224.986292, 'classification_time_ms': 27.172625}",6,7,False,
success,0ea77f94-f382-415e-8ef3-32bd1b104ab5,/opt/nuclio/shared_storage/test/6/mnist_6_00089.png,"{'skeletonization_time_ms': 39.172166, 'contour_analysis_time_ms': 312.397709, 'classification_time_ms': 350.294458}",6,7,False,
success,aceeb136-62c6-4b73-91f1-fa009f59da72,/opt/nuclio/shared_storage/test/9/mnist_9_test_00151.png,"{'skeletonization_time_ms': 42.523667, 'contour_analysis_time_ms': 492.343417, 'classification_time_ms': 167.741834}",9,4,False,
success,d70d9e05-ac57-4cc6-9bb5-6018ed6d7992,/opt/nuclio/shared_storage/test/9/mnist_9_test_00226.png,"{'skeletonization_time_ms': 66.448083, 'contour_analysis_time_ms': 490.423458, 'classification_time_ms': 262.441625}",9,4,False,
success,70da3943-c528-412b-9143-d71d8b32b59b,/opt/nuclio/shared_storage/test/9/mnist_9_00603.png,"{'skeletonization_time_ms': 40.678542, 'contour_analysis_time_ms': 468.671875, 'classification_time_ms': 82.147125}",9,4,False,
success,d770e555-2c96-4d60-af50-8c227cc4dd79,/opt/nuclio/shared_storage/test/6/mnist_6_test_00146.png,"{'skeletonization_time_ms': 43.889083, 'contour_analysis_time_ms': 250.418125, 'classification_time_ms': 307.594917}",6,5,False,
success,94df6f72-e0dd-48b1-9e9d-64b6352528ea,/opt/nuclio/shared_storage/test/6/mnist_6_test_00194.png,"{'skeletonization_time_ms': 52.71625, 'contour_analysis_time_ms': 413.560042, 'classification_time_ms': 122.52975}",6,not classified,False,
success,47e320ed-3b35-4008-9109-c57bd2ac1df3,/opt/nuclio/shared_storage/test/6/mnist_6_test_00019.png,"{'skeletonization_time_ms': 144.476709, 'contour_analysis_time_ms': 195.55975, 'classification_time_ms': 142.61325}",6,7,False,
success,d89abc96-30e0-4170-b858-bb5be193b8f8,/opt/nuclio/shared_storage/test/6/mnist_6_00030.png,"{'skeletonization_time_ms': 67.970084, 'contour_analysis_time_ms': 290.965333, 'classification_time_ms': 120.560084}",6,7,False,
success,290aeded-f0f2-45f2-9216-669a7e6da979,/opt/nuclio/shared_storage/test/6/mnist_6_00686.png,"{'skeletonization_time_ms': 65.335875, 'contour_analysis_time_ms': 285.135334, 'classification_time_ms': 251.617709}",6,2,False,
success,b5683284-c829-46e3-9f07-196463e8ed39,/opt/nuclio/shared_storage/test/6/mnist_6_00064.png,"{'skeletonization_time_ms': 129.354167, 'contour_analysis_time_ms': 350.399417, 'classification_time_ms': 46.347833}",6,2,False,
success,5cc5929b-9135-44b2-8b76-994f56cb425d,/opt/nuclio/shared_storage/test/6/mnist_6_test_00039.png,"{'skeletonization_time_ms': 46.670708, 'contour_analysis_time_ms': 352.253917, 'classification_time_ms': 336.902917}",6,not classified,False,
success,2e2b3fb4-88b1-4ed9-a3b2-b46bd0e1cf46,/opt/nuclio/shared_storage/test/6/mnist_6_test_00367.png,"{'skeletonization_time_ms': 56.668459, 'contour_analysis_time_ms': 242.828333, 'classification_time_ms': 162.322042}",6,2,False,
success,64a7803b-9c23-4551-a0c7-53006df83b90,/opt/nuclio/shared_storage/test/6/mnist_6_test_00045.png,"{'skeletonization_time_ms': 28.05575, 'contour_analysis_time_ms': 217.304875, 'classification_time_ms': 151.004792}",6,2,False,
success,8b569a2d-3cbe-4e90-93b5-e4afe549ce25,/opt/nuclio/shared_storage/test/6/mnist_6_test_00382.png,"{'skeletonization_time_ms': 59.773084, 'contour_analysis_time_ms': 224.981375, 'classification_time_ms': 61.568}",6,2,False,
success,81a28331-d978-43bc-8f4f-7cf7b0ba1cfa,/opt/nuclio/shared_storage/test/6/mnist_6_00458.png,"{'skeletonization_time_ms': 49.006292, 'contour_analysis_time_ms': 258.194125, 'classification_time_ms': 221.741875}",6,2,False,
success,3ba999b9-147b-4404-ae8f-8d036e944050,/opt/nuclio/shared_storage/test/6/mnist_6_00630.png,"{'skeletonization_time_ms': 30.114792, 'contour_analysis_time_ms': 274.863278, 'classification_time_ms': 61.389166}",6,7,False,
success,c3f10469-82c3-487c-8be0-50fbdaf1b00b,/opt/nuclio/shared_storage/test/6/mnist_6_test_00031.png,"{'skeletonization_time_ms': 68.771792, 'contour_analysis_time_ms': 316.772542, 'classification_time_ms': 55.509042}",6,7,False,
success,8fbd01c1-5c6b-483e-bf39-f206d9179cdf,/opt/nuclio/shared_storage/test/6/mnist_6_00476.png,"{'skeletonization_time_ms': 63.019417, 'contour_analysis_time_ms': 406.230417, 'classification_time_ms': 215.281417}",6,not classified,False,
success,d56e64be-2dd6-4835-8023-58b9294b0bb1,/opt/nuclio/shared_storage/test/9/mnist_9_test_00002.png,"{'skeletonization_time_ms': 77.897667, 'contour_analysis_time_ms': 468.876292, 'classification_time_ms': 184.193}",9,1,False,
success,82a3a296-6aa2-4d13-9d95-7640c81d9712,/opt/nuclio/shared_storage/test/6/mnist_6_00866.png,"{'skeletonization_time_ms': 37.120084, 'contour_analysis_time_ms': 199.5365, 'classification_time_ms': 33.53275}",6,7,False,
success,6a0c9008-f0ab-4986-8915-c6bcbc217318,/opt/nuclio/shared_storage/test/6/mnist_6_00512.png,"{'skeletonization_time_ms': 42.326125, 'contour_analysis_time_ms': 207.333542, 'classification_time_ms': 248.428375}",6,not classified,False,
success,803aebe4-87bd-48d7-8dba-7e0987dbeeac,/opt/nuclio/shared_storage/test/6/mnist_6_00165.png,"{'skeletonization_time_ms': 42.892625, 'contour_analysis_time_ms': 329.2315, 'classification_time_ms': 198.616}",6,7,False,
success,720c1195-4c6c-49b0-91c9-559f5a1ff706,/opt/nuclio/shared_storage/test/6/mnist_6_test_00023.png,"{'skeletonization_time_ms': 42.868041, 'contour_analysis_time_ms': 207.967208, 'classification_time_ms': 104.262542}",6,2,False,
success,ab0ababa-a9aa-45c3-94a4-f341f7ff4179,/opt/nuclio/shared_storage/test/6/mnist_6_test_00437.png,"{'skeletonization_time_ms': 21.454459, 'contour_analysis_time_ms': 161.457833, 'classification_time_ms': 6.232959}",6,1,False,
success,ea2b9bb9-5b32-4ea8-8fd4-e8e7d2bd1bb0,/opt/nuclio/shared_storage/test/6/mnist_6_test_00182.png,"{'skeletonization_time_ms': 29.583875, 'contour_analysis_time_ms': 182.181791, 'classification_time_ms': 65.715084}",6,7,False,
success,070fde6e-8513-4453-b321-9ffe2416e171,/opt/nuclio/shared_storage/test/6/mnist_6_test_00238.png,"{'skeletonization_time_ms': 61.883459, 'contour_analysis_time_ms': 174.070917, 'classification_time_ms': 44.281959}",6,2,False,
success,4aa3c4b0-b04f-49a8-94b6-141e3d4a20d3,/opt/nuclio/shared_storage/test/6/mnist_6_test_00355.png,"{'skeletonization_time_ms': 41.327458, 'contour_analysis_time_ms': 194.755167, 'classification_time_ms': 117.486833}",6,7,False,
success,c5ad40f8-d26d-4cf6-a1fc-23a9bd29c86b,/opt/nuclio/shared_storage/test/9/mnist_9_00714.png,"{'skeletonization_time_ms': 456.290833, 'contour_analysis_time_ms': 189.110417, 'classification_time_ms': 435.718917}",9,7,False,
success,7f469de8-1a53-4beb-b2c8-aae24188e219,/opt/nuclio/shared_storage/test/6/mnist_6_test_00402.png,"{'skeletonization_time_ms': 89.221417, 'contour_analysis_time_ms': 351.14325, 'classification_time_ms': 178.211167}",6,5,False,
success,791da97d-a9e5-45b1-8a8c-5189a363f8c2,/opt/nuclio/shared_storage/test/9/mnist_9_test_00129.png,"{'skeletonization_time_ms': 78.129, 'contour_analysis_time_ms': 364.445416, 'classification_time_ms': 188.297792}",9,not classified,False,
success,7f9c6088-ed02-447b-b0d9-e4840e9af1f6,/opt/nuclio/shared_storage/test/6/mnist_6_00047.png,"{'skeletonization_time_ms': 34.259542, 'contour_analysis_time_ms': 264.259666, 'classification_time_ms': 149.33075}",6,9,False,
success,09254f79-909c-4921-a6b3-9a72c5d1fe26,/opt/nuclio/shared_storage/test/6/mnist_6_test_00414.png,"{'skeletonization_time_ms': 125.888792, 'contour_analysis_time_ms': 277.138083, 'classification_time_ms': 78.212833}",6,7,False,
success,f45db5a1-c9d2-4717-97a7-9d07a35b1a15,/opt/nuclio/shared_storage/test/6/mnist_6_00289.png,"{'skeletonization_time_ms': 60.845083, 'contour_analysis_time_ms': 2908.778543, 'classification_time_ms': 878.055626}",6,not classified,False,
success,d48d62b2-41f8-468b-b817-4bac483c70d4,/opt/nuclio/shared_storage/test/6/mnist_6_test_00430.png,"{'skeletonization_time_ms': 57.507041, 'contour_analysis_time_ms': 765.403459, 'classification_time_ms': 126.628417}",6,1,False,
success,3e428849-34b1-4a7e-833f-10c30d2c51a8,/opt/nuclio/shared_storage/test/6/mnist_6_test_00060.png,"{'skeletonization_time_ms': 58.893292, 'contour_analysis_time_ms': 981.275042, 'classification_time_ms': 183.05075}",6,5,False,
success,497ff5f9-c683-419d-a714-8d0852871496,/opt/nuclio/shared_storage/test/6/mnist_6_00909.png,"{'skeletonization_time_ms': 29.900458, 'contour_analysis_time_ms': 912.403584, 'classification_time_ms': 164.7385}",6,7,False,
success,2c969022-e82d-43af-b32d-bd4f15a031cf,/opt/nuclio/shared_storage/test/9/mnist_9_test_00367.png,"{'skeletonization_time_ms': 31.953084, 'contour_analysis_time_ms': 1081.569084, 'classification_time_ms': 414.369251}",9,7,False,
success,5f0b5d36-7226-494c-871a-c390129009fc,/opt/nuclio/shared_storage/test/6/mnist_6_test_00234.png,"{'skeletonization_time_ms': 58.856959, 'contour_analysis_time_ms': 300.434334, 'classification_time_ms': 208.181}",6,2,False,
success,b07a3175-3f7d-41ef-9737-25e9e1c8a548,/opt/nuclio/shared_storage/test/6/mnist_6_00123.png,"{'skeletonization_time_ms': 84.768958, 'contour_analysis_time_ms': 475.472584, 'classification_time_ms': 567.386458}",6,2,False,
success,a818a6b7-a780-4ef1-9860-f4394a6ce7c9,/opt/nuclio/shared_storage/test/6/mnist_6_test_00110.png,"{'skeletonization_time_ms': 41.289042, 'contour_analysis_time_ms': 1137.429917, 'classification_time_ms': 219.365625}",6,1,False,
success,1ca4a104-8d17-448a-901f-c6f2f4d0518e,/opt/nuclio/shared_storage/test/6/mnist_6_00321.png,"{'skeletonization_time_ms': 38.897042, 'contour_analysis_time_ms': 240.888875, 'classification_time_ms': 77.584291}",6,7,False,
success,d2456147-3f18-408b-82b9-d994038dedd5,/opt/nuclio/shared_storage/test/9/mnist_9_00363.png,"{'skeletonization_time_ms': 32.39025, 'contour_analysis_time_ms': 221.086083, 'classification_time_ms': 89.666083}",9,7,False,
success,1299836e-8b0f-4643-85e8-b775faf44c06,/opt/nuclio/shared_storage/test/6/mnist_6_00065.png,"{'skeletonization_time_ms': 61.110958, 'contour_analysis_time_ms': 1335.415917, 'classification_time_ms': 91.331125}",6,2,False,
success,36b5a6d7-a861-4333-9d68-cf88bd1b3b9b,/opt/nuclio/shared_storage/test/6/mnist_6_00931.png,"{'skeletonization_time_ms': 59.526084, 'contour_analysis_time_ms': 1022.911194, 'classification_time_ms': 1269.519584}",6,1,False,
success,af0eaa9f-b38f-4468-a368-c77d507a4893,/opt/nuclio/shared_storage/test/6/mnist_6_test_00107.png,"{'skeletonization_time_ms': 78.400167, 'contour_analysis_time_ms': 2286.133834, 'classification_time_ms': 368.031167}",6,7,False,
success,b61d0787-ed83-4571-bc13-43585291fb91,/opt/nuclio/shared_storage/test/6/mnist_6_00454.png,"{'skeletonization_time_ms': 105.146834, 'contour_analysis_time_ms': 1925.029917, 'classification_time_ms': 546.435167}",6,4,False,
success,0512da1c-6d35-4be8-8657-001e8adfd4fa,/opt/nuclio/shared_storage/test/6/mnist_6_00737.png,"{'skeletonization_time_ms': 88.311375, 'contour_analysis_time_ms': 832.337417, 'classification_time_ms': 643.495125}",6,not classified,False,
success,cee32b31-8dc6-4d7d-a2e8-65cc6196f9b1,/opt/nuclio/shared_storage/test/6/mnist_6_test_00271.png,"{'skeletonization_time_ms': 31.389084, 'contour_analysis_time_ms': 342.726209, 'classification_time_ms': 253.874333}",6,7,False,
success,ac431466-c768-4813-8b53-2bca35d00124,/opt/nuclio/shared_storage/test/6/mnist_6_test_00424.png,"{'skeletonization_time_ms': 52.841584, 'contour_analysis_time_ms': 355.213791, 'classification_time_ms': 243.975375}",6,7,False,
success,cadd7da4-0fc0-47b0-92b1-84873e849087,/opt/nuclio/shared_storage/test/9/mnist_9_test_00098.png,"{'skeletonization_time_ms': 37.43925, 'contour_analysis_time_ms': 495.863334, 'classification_time_ms': 88.873333}",9,7,False,
success,413df74a-8694-4585-bdfc-d506934f0249,/opt/nuclio/shared_storage/test/6/mnist_6_00298.png,"{'skeletonization_time_ms': 52.078458, 'contour_analysis_time_ms': 550.561375, 'classification_time_ms': 217.384917}",6,not classified,False,
success,4d1986ec-d7ed-4178-bf56-671fda466410,/opt/nuclio/shared_storage/test/6/mnist_6_00182.png,"{'skeletonization_time_ms': 46.449791, 'contour_analysis_time_ms': 350.780334, 'classification_time_ms': 80.304167}",6,4,False,
success,3c3894dc-1f20-4f7a-b9bf-6eedcd258f76,/opt/nuclio/shared_storage/test/9/mnist_9_test_00162.png,"{'skeletonization_time_ms': 36.589917, 'contour_analysis_time_ms': 432.276292, 'classification_time_ms': 503.969709}",9,4,False,
success,df3c976a-0d41-4ea1-9412-f7bf41ad125a,/opt/nuclio/shared_storage/test/6/mnist_6_test_00185.png,"{'skeletonization_time_ms': 62.356334, 'contour_analysis_time_ms': 532.56075, 'classification_time_ms': 40.500334}",6,2,False,
success,d33550b2-6c29-4c43-b081-50a2a32484e4,/opt/nuclio/shared_storage/test/6/mnist_6_00546.png,"{'skeletonization_time_ms': 84.134625, 'contour_analysis_time_ms': 230.431792, 'classification_time_ms': 59.443542}",6,1,False,
success,e2dc3246-8e22-4611-885c-a123d7b65e2f,/opt/nuclio/shared_storage/test/6/mnist_6_00067.png,"{'skeletonization_time_ms': 34.33175, 'contour_analysis_time_ms': 216.363501, 'classification_time_ms': 44.731708}",6,2,False,
success,c63406d2-5188-4189-bd95-994ac7695c98,/opt/nuclio/shared_storage/test/6/mnist_6_00297.png,"{'skeletonization_time_ms': 59.588542, 'contour_analysis_time_ms': 323.648292, 'classification_time_ms': 41.025041}",6,2,False,
success,f67c6cd0-54f2-470f-8013-913fe69f882d,/opt/nuclio/shared_storage/test/6/mnist_6_test_00334.png,"{'skeletonization_time_ms': 86.229084, 'contour_analysis_time_ms': 402.068083, 'classification_time_ms': 106.353291}",6,2,False,
success,f6ff44af-d32d-4d48-ac6c-3053541a2236,/opt/nuclio/shared_storage/test/6/mnist_6_test_00199.png,"{'skeletonization_time_ms': 42.571875, 'contour_analysis_time_ms': 282.468667, 'classification_time_ms': 277.329208}",6,2,False,
success,48b608d1-b0be-439a-8117-4c496e280161,/opt/nuclio/shared_storage/test/6/mnist_6_test_00223.png,"{'skeletonization_time_ms': 45.153875, 'contour_analysis_time_ms': 450.219375, 'classification_time_ms': 242.56375}",6,7,False,
success,34ac2798-042c-4d3c-b74a-9b99a19908f0,/opt/nuclio/shared_storage/test/6/mnist_6_test_00167.png,"{'skeletonization_time_ms': 40.815791, 'contour_analysis_time_ms': 515.862542, 'classification_time_ms': 27.282667}",6,2,False,
success,d02c7d27-65ce-48a6-82a3-0f9e4e9125e9,/opt/nuclio/shared_storage/test/6/mnist_6_00070.png,"{'skeletonization_time_ms': 61.6605, 'contour_analysis_time_ms': 290.676458, 'classification_time_ms': 161.218958}",6,5,False,
success,3031762f-941a-425c-8c3f-741c1ba42cbc,/opt/nuclio/shared_storage/test/6/mnist_6_test_00028.png,"{'skeletonization_time_ms': 34.112625, 'contour_analysis_time_ms': 208.049042, 'classification_time_ms': 26.604375}",6,7,False,
success,aab6df3a-a1a4-4529-aef5-d2a9c0b1baca,/opt/nuclio/shared_storage/test/9/mnist_9_00449.png,"{'skeletonization_time_ms': 33.766333, 'contour_analysis_time_ms': 234.938583, 'classification_time_ms': 171.000167}",9,4,False,
success,4a1ec117-666d-4f58-aaa0-7ebc1961bcba,/opt/nuclio/shared_storage/test/6/mnist_6_test_00164.png,"{'skeletonization_time_ms': 87.516416, 'contour_analysis_time_ms': 388.068708, 'classification_time_ms': 112.568833}",6,2,False,
success,62865a50-3c45-44e4-ba36-b62fe5e1dc46,/opt/nuclio/shared_storage/test/6/mnist_6_test_00210.png,"{'skeletonization_time_ms': 78.758208, 'contour_analysis_time_ms': 178.650625, 'classification_time_ms': 87.530042}",6,2,False,
success,57bd064a-a9cf-4ff0-9097-85a97b256468,/opt/nuclio/shared_storage/test/6/mnist_6_test_00017.png,"{'skeletonization_time_ms': 43.0585, 'contour_analysis_time_ms': 204.701125, 'classification_time_ms': 45.277375}",6,7,False,
success,694fff2a-4338-477d-87c8-0331a885cc03,/opt/nuclio/shared_storage/test/6/mnist_6_test_00038.png,"{'skeletonization_time_ms': 75.589084, 'contour_analysis_time_ms': 230.880083, 'classification_time_ms': 755.699418}",6,2,False,
success,455ede95-8e9f-4e30-9404-c989faba801e,/opt/nuclio/shared_storage/test/7/mnist_7_test_00008.png,"{'skeletonization_time_ms': 78.123167, 'contour_analysis_time_ms': 419.956125, 'classification_time_ms': 144.053458}",7,1,False,
success,3357e4f2-6664-4b52-8b3b-344589dfabe3,/opt/nuclio/shared_storage/test/6/mnist_6_00948.png,"{'skeletonization_time_ms': 42.299541, 'contour_analysis_time_ms': 183.695542, 'classification_time_ms': 151.936125}",6,4,False,
success,453f1e74-b0c0-44ac-86d1-c2cf42428d73,/opt/nuclio/shared_storage/test/6/mnist_6_test_00339.png,"{'skeletonization_time_ms': 103.64675, 'contour_analysis_time_ms': 209.651459, 'classification_time_ms': 58.3665}",6,2,False,
success,ec20680b-c407-4ece-9c43-a736226ab9a7,/opt/nuclio/shared_storage/test/6/mnist_6_00543.png,"{'skeletonization_time_ms': 94.340458, 'contour_analysis_time_ms': 248.193001, 'classification_time_ms': 103.975375}",6,2,False,
success,499b0085-69b0-4c44-ba56-9c10e01e46c0,/opt/nuclio/shared_storage/test/7/mnist_7_00272.png,"{'skeletonization_time_ms': 35.378292, 'contour_analysis_time_ms': 210.161416, 'classification_time_ms': 91.800458}",7,9,False,
success,1557e45d-b806-43e7-9068-7062abd51ccf,/opt/nuclio/shared_storage/test/6/mnist_6_test_00354.png,"{'skeletonization_time_ms': 132.485375, 'contour_analysis_time_ms': 272.862125, 'classification_time_ms': 67.967834}",6,7,False,
success,596b258a-7d5c-46a9-a2c0-2deae3f91dce,/opt/nuclio/shared_storage/test/6/mnist_6_00867.png,"{'skeletonization_time_ms': 48.64875, 'contour_analysis_time_ms': 150.7175, 'classification_time_ms': 78.290375}",6,2,False,
success,dd9eaa12-e4ad-4bf1-a163-d1acf5d70b41,/opt/nuclio/shared_storage/test/6/mnist_6_00718.png,"{'skeletonization_time_ms': 352.27075, 'contour_analysis_time_ms': 454.478083, 'classification_time_ms': 244.530319}",6,1,False,
success,40f6e335-c918-4efd-86a7-c71b2fe2fe75,/opt/nuclio/shared_storage/test/6/mnist_6_test_00004.png,"{'skeletonization_time_ms': 104.530875, 'contour_analysis_time_ms': 212.753084, 'classification_time_ms': 244.390583}",6,5,False,
success,c5951271-8fa7-4010-a9db-fe0c532db211,/opt/nuclio/shared_storage/test/6/mnist_6_00244.png,"{'skeletonization_time_ms': 423.094459, 'contour_analysis_time_ms': 262.107667, 'classification_time_ms': 49.640459}",6,2,False,
success,0328f67b-68e3-424a-be36-d5fc43d1ab4b,/opt/nuclio/shared_storage/test/6/mnist_6_test_00394.png,"{'skeletonization_time_ms': 64.594416, 'contour_analysis_time_ms': 749.495959, 'classification_time_ms': 1015.648709}",6,not classified,False,
success,d8115164-e016-4939-9373-bb5eca320b75,/opt/nuclio/shared_storage/test/6/mnist_6_00154.png,"{'skeletonization_time_ms': 74.131334, 'contour_analysis_time_ms': 191.451917, 'classification_time_ms': 143.015916}",6,7,False,
success,28b3a022-a8e0-422b-8802-7c11ab1efde8,/opt/nuclio/shared_storage/test/6/mnist_6_00640.png,"{'skeletonization_time_ms': 206.914792, 'contour_analysis_time_ms': 381.1665, 'classification_time_ms': 889.9695}",6,4,False,
success,16d969a6-2f6c-4efd-8fc8-101c82a4c48b,/opt/nuclio/shared_storage/test/6/mnist_6_test_00013.png,"{'skeletonization_time_ms': 77.822541, 'contour_analysis_time_ms': 312.150083, 'classification_time_ms': 158.340333}",6,not classified,False,
success,a8e430c0-9019-4d27-ad5b-1e40d947e917,/opt/nuclio/shared_storage/test/6/mnist_6_00085.png,"{'skeletonization_time_ms': 233.002125, 'contour_analysis_time_ms': 255.731333, 'classification_time_ms': 192.443}",6,2,False,
success,63a49f8f-07aa-4a68-971c-b70f85e443fd,/opt/nuclio/shared_storage/test/6/mnist_6_test_00105.png,"{'skeletonization_time_ms': 37.247833, 'contour_analysis_time_ms': 201.857917, 'classification_time_ms': 74.996}",6,1,False,
success,1db28b13-628b-4b5a-ac66-d1df422061ba,/opt/nuclio/shared_storage/test/6/mnist_6_00440.png,"{'skeletonization_time_ms': 30.530416, 'contour_analysis_time_ms': 203.633917, 'classification_time_ms': 173.550458}",6,1,False,
success,36a42f8e-4495-4c2f-8316-aba5b04188c9,/opt/nuclio/shared_storage/test/6/mnist_6_00709.png,"{'skeletonization_time_ms': 467.474792, 'contour_analysis_time_ms': 155.24075, 'classification_time_ms': 58.007417}",6,2,False,
success,ff800dab-6187-4ea9-9d28-0d9aadcef539,/opt/nuclio/shared_storage/test/6/mnist_6_test_00014.png,"{'skeletonization_time_ms': 24.988459, 'contour_analysis_time_ms': 195.471292, 'classification_time_ms': 133.780583}",6,7,False,
success,5b3441df-b192-409e-b96a-483e01347c11,/opt/nuclio/shared_storage/test/6/mnist_6_00433.png,"{'skeletonization_time_ms': 54.810625, 'contour_analysis_time_ms': 279.824959, 'classification_time_ms': 784.983125}",6,7,False,
success,903f54fb-f889-42e3-a04c-0f6b319fe11c,/opt/nuclio/shared_storage/test/6/mnist_6_test_00129.png,"{'skeletonization_time_ms': 44.7215, 'contour_analysis_time_ms': 273.969792, 'classification_time_ms': 148.988667}",6,4,False,
success,5e363f05-7997-44fc-a4ca-3e1f74b6d67e,/opt/nuclio/shared_storage/test/6/mnist_6_test_00270.png,"{'skeletonization_time_ms': 224.38425, 'contour_analysis_time_ms': 300.105708, 'classification_time_ms': 763.518417}",6,1,False,
success,268a87da-3c52-4e3d-b87c-09e4942a399b,/opt/nuclio/shared_storage/test/6/mnist_6_00034.png,"{'skeletonization_time_ms': 33.587625, 'contour_analysis_time_ms': 1257.020376, 'classification_time_ms': 211.094209}",6,9,False,
success,bc1cdf4c-112b-4006-8941-b7ee4a6d8f9d,/opt/nuclio/shared_storage/test/6/mnist_6_00540.png,"{'skeletonization_time_ms': 103.4675, 'contour_analysis_time_ms': 260.995417, 'classification_time_ms': 102.440125}",6,2,False,
success,45fbf2c4-4166-4445-90a3-db9a0f402620,/opt/nuclio/shared_storage/test/6/mnist_6_test_00228.png,"{'skeletonization_time_ms': 45.334791, 'contour_analysis_time_ms': 324.550584, 'classification_time_ms': 169.711334}",6,7,False,
success,9162ce60-4989-4234-b86e-1d575333f104,/opt/nuclio/shared_storage/test/6/mnist_6_00631.png,"{'skeletonization_time_ms': 205.542042, 'contour_analysis_time_ms': 383.682626, 'classification_time_ms': 118.887458}",6,1,False,
success,c93bd891-1d40-4cb8-ae89-6a3cbc8d85ac,/opt/nuclio/shared_storage/test/6/mnist_6_test_00058.png,"{'skeletonization_time_ms': 59.151417, 'contour_analysis_time_ms': 244.499458, 'classification_time_ms': 207.493334}",6,2,False,
success,b1a37c51-35bb-4804-9adb-47e0cf20ede5,/opt/nuclio/shared_storage/test/6/mnist_6_test_00070.png,"{'skeletonization_time_ms': 67.967542, 'contour_analysis_time_ms': 190.603125, 'classification_time_ms': 118.016083}",6,1,False,
success,03031364-d8d1-4fbc-83e9-685b50fc8361,/opt/nuclio/shared_storage/test/6/mnist_6_test_00312.png,"{'skeletonization_time_ms': 61.894333, 'contour_analysis_time_ms': 143.435042, 'classification_time_ms': 165.103251}",6,5,False,
success,23ca64f6-da17-4053-97e6-04e25bb9fa78,/opt/nuclio/shared_storage/test/6/mnist_6_test_00067.png,"{'skeletonization_time_ms': 65.587958, 'contour_analysis_time_ms': 311.110083, 'classification_time_ms': 64.059792}",6,7,False,
success,c44124fe-0d66-4b10-ad86-f86415707a98,/opt/nuclio/shared_storage/test/6/mnist_6_00626.png,"{'skeletonization_time_ms': 24.405125, 'contour_analysis_time_ms': 184.927751, 'classification_time_ms': 83.514167}",6,4,False,
success,f2fe68a5-0dcd-4b17-8652-3c2aa9392fa0,/opt/nuclio/shared_storage/test/6/mnist_6_00280.png,"{'skeletonization_time_ms': 30.31075, 'contour_analysis_time_ms': 338.831708, 'classification_time_ms': 881.422376}",6,not classified,False,
success,5389690d-0595-451c-ae20-e7ca052a4527,/opt/nuclio/shared_storage/test/6/mnist_6_test_00306.png,"{'skeletonization_time_ms': 43.268375, 'contour_analysis_time_ms': 308.609917, 'classification_time_ms': 940.026792}",6,not classified,False,
success,630e87dc-00c6-4f8a-9622-f1e50dbd61aa,/opt/nuclio/shared_storage/test/6/mnist_6_test_00002.png,"{'skeletonization_time_ms': 45.641709, 'contour_analysis_time_ms': 331.367167, 'classification_time_ms': 410.065042}",6,2,False,
success,ffe95cfe-259e-401c-bcfc-787bfaf8f398,/opt/nuclio/shared_storage/test/6/mnist_6_test_00061.png,"{'skeletonization_time_ms': 40.254708, 'contour_analysis_time_ms': 312.174083, 'classification_time_ms': 674.580084}",6,9,False,
success,1e74378f-4497-4e4a-9fb4-e6c808db006c,/opt/nuclio/shared_storage/test/6/mnist_6_test_00276.png,"{'skeletonization_time_ms': 86.901, 'contour_analysis_time_ms': 886.165042, 'classification_time_ms': 481.014625}",6,1,False,
success,416cad84-3c9a-4c0e-a4bb-d0fab44e5bda,/opt/nuclio/shared_storage/test/6/mnist_6_test_00065.png,"{'skeletonization_time_ms': 324.220542, 'contour_analysis_time_ms': 259.901083, 'classification_time_ms': 246.980083}",6,2,False,
success,6264b732-2e7f-4d8d-973e-2ac0f63c6a75,/opt/nuclio/shared_storage/test/7/mnist_7_test_00000.png,"{'skeletonization_time_ms': 35.195958, 'contour_analysis_time_ms': 172.961209, 'classification_time_ms': 91.236041}",7,2,False,
success,160d1ebe-f56c-4aa8-a662-6cca00d1015c,/opt/nuclio/shared_storage/test/7/mnist_7_test_00204.png,"{'skeletonization_time_ms': 34.162333, 'contour_analysis_time_ms': 372.594708, 'classification_time_ms': 128.225125}",7,9,False,
success,6f1030a0-3a51-45f3-80cc-fbb0972cfe27,/opt/nuclio/shared_storage/test/6/mnist_6_00595.png,"{'skeletonization_time_ms': 83.686375, 'contour_analysis_time_ms': 205.598542, 'classification_time_ms': 59.801625}",6,7,False,
success,23d62fa6-686a-4f26-8c1c-36dc14f8d7dc,/opt/nuclio/shared_storage/test/6/mnist_6_test_00263.png,"{'skeletonization_time_ms': 24.404625, 'contour_analysis_time_ms': 316.390208, 'classification_time_ms': 137.21825}",6,1,False,
success,9fca1430-4e85-4477-8295-7da2e2ef8b40,/opt/nuclio/shared_storage/test/7/mnist_7_00262.png,"{'skeletonization_time_ms': 53.1055, 'contour_analysis_time_ms': 230.841792, 'classification_time_ms': 51.620125}",7,2,False,
success,cb37c51c-0038-4244-a4a6-48082c4a3dd6,/opt/nuclio/shared_storage/test/7/mnist_7_00477.png,"{'skeletonization_time_ms': 67.29025, 'contour_analysis_time_ms': 161.697167, 'classification_time_ms': 62.701208}",7,1,False,
success,b8bbc46e-4f6f-4de0-aa41-e6de0b556da2,/opt/nuclio/shared_storage/test/6/mnist_6_00390.png,"{'skeletonization_time_ms': 87.873625, 'contour_analysis_time_ms': 193.46, 'classification_time_ms': 624.540125}",6,not classified,False,
success,e1b6c0f1-1dfd-4c76-b158-2068a0e4d424,/opt/nuclio/shared_storage/test/6/mnist_6_test_00275.png,"{'skeletonization_time_ms': 57.935292, 'contour_analysis_time_ms': 259.631584, 'classification_time_ms': 178.202791}",6,2,False,
success,90ae182d-54e5-4ec8-808e-e02b9e394026,/opt/nuclio/shared_storage/test/7/mnist_7_test_00122.png,"{'skeletonization_time_ms': 40.179416, 'contour_analysis_time_ms': 318.361834, 'classification_time_ms': 870.757626}",7,1,False,
success,aced4028-7add-4728-a064-3a3ae9a8711a,/opt/nuclio/shared_storage/test/7/mnist_7_00169.png,"{'skeletonization_time_ms': 41.33075, 'contour_analysis_time_ms': 969.794042, 'classification_time_ms': 99.028459}",7,2,False,
success,382a902b-a860-4646-bca1-9b25ddb201b2,/opt/nuclio/shared_storage/test/7/mnist_7_test_00206.png,"{'skeletonization_time_ms': 36.388291, 'contour_analysis_time_ms': 462.390875, 'classification_time_ms': 116.869833}",7,2,False,
success,063337f5-d6c9-4bf0-a567-fe76f9f5d792,/opt/nuclio/shared_storage/test/8/mnist_8_test_00078.png,"{'skeletonization_time_ms': 51.337, 'contour_analysis_time_ms': 240.936167, 'classification_time_ms': 453.380167}",8,not classified,False,
success,cfb9e096-48b0-447f-9e0f-7c731d1fc162,/opt/nuclio/shared_storage/test/7/mnist_7_00045.png,"{'skeletonization_time_ms': 56.214167, 'contour_analysis_time_ms': 632.755417, 'classification_time_ms': 62.586458}",7,1,False,
success,f5c3084d-de80-4776-ba23-7c4b789f0724,/opt/nuclio/shared_storage/test/8/mnist_8_test_00493.png,"{'skeletonization_time_ms': 90.906125, 'contour_analysis_time_ms': 703.468334, 'classification_time_ms': 392.91075}",8,6,False,
success,87f42ee3-d740-46ee-9d21-06bd33ac055e,/opt/nuclio/shared_storage/test/8/mnist_8_test_00651.png,"{'skeletonization_time_ms': 37.159542, 'contour_analysis_time_ms': 712.228583, 'classification_time_ms': 606.730334}",8,6,False,
success,bdecefe7-c580-4da3-b371-d06e62b29044,/opt/nuclio/shared_storage/test/8/mnist_8_test_00746.png,"{'skeletonization_time_ms': 43.256958, 'contour_analysis_time_ms': 666.483626, 'classification_time_ms': 106.982209}",8,not classified,False,
success,188dc637-2467-48bf-af55-a442a554fa53,/opt/nuclio/shared_storage/test/8/mnist_8_00141.png,"{'skeletonization_time_ms': 58.278917, 'contour_analysis_time_ms': 219.745167, 'classification_time_ms': 390.727042}",8,9,False,
success,4ee549e1-6909-4934-bbfd-d8daeb140105,/opt/nuclio/shared_storage/test/8/mnist_8_test_00451.png,"{'skeletonization_time_ms': 50.459792, 'contour_analysis_time_ms': 206.009042, 'classification_time_ms': 783.867126}",8,2,False,
success,5b4f98c6-6c3b-462f-a9ec-8cda5301ca49,/opt/nuclio/shared_storage/test/7/mnist_7_00834.png,"{'skeletonization_time_ms': 87.280458, 'contour_analysis_time_ms': 578.36775, 'classification_time_ms': 38.363708}",7,1,False,
success,49e671aa-783f-4d4c-8af2-6cc74582f241,/opt/nuclio/shared_storage/test/8/mnist_8_test_00800.png,"{'skeletonization_time_ms': 28.708541, 'contour_analysis_time_ms': 230.146333, 'classification_time_ms': 252.810917}",8,4,False,
success,6dfb4d38-2629-45d0-92db-3ad9c79488df,/opt/nuclio/shared_storage/test/8/mnist_8_00024.png,"{'skeletonization_time_ms': 34.02925, 'contour_analysis_time_ms': 319.497751, 'classification_time_ms': 309.479291}",8,6,False,
success,c797df68-587d-4a92-9820-d8a0a156a716,/opt/nuclio/shared_storage/test/8/mnist_8_test_00521.png,"{'skeletonization_time_ms': 50.499625, 'contour_analysis_time_ms': 202.283417, 'classification_time_ms': 347.479292}",8,not classified,False,
success,41c03f7a-3544-49c4-a5a9-be4b9ba75537,/opt/nuclio/shared_storage/test/7/mnist_7_00080.png,"{'skeletonization_time_ms': 39.642542, 'contour_analysis_time_ms': 475.791542, 'classification_time_ms': 520.670334}",7,1,False,
success,1d241295-df0d-4ff6-992f-10b2e2a1dccc,/opt/nuclio/shared_storage/test/8/mnist_8_test_00726.png,"{'skeletonization_time_ms': 123.167666, 'contour_analysis_time_ms': 204.642042, 'classification_time_ms': 695.429167}",8,not classified,False,
success,5d199b95-dc13-4a23-961b-2fa73a971df1,/opt/nuclio/shared_storage/test/8/mnist_8_test_00281.png,"{'skeletonization_time_ms': 56.753708, 'contour_analysis_time_ms': 496.776292, 'classification_time_ms': 177.49825}",8,6,False,
success,231f5e47-6f49-4f06-a812-20733ae8705f,/opt/nuclio/shared_storage/test/8/mnist_8_test_00479.png,"{'skeletonization_time_ms': 62.707917, 'contour_analysis_time_ms': 272.359542, 'classification_time_ms': 378.9405}",8,6,False,
success,c75db01d-677e-41fc-b69f-5790a463abae,/opt/nuclio/shared_storage/test/8/mnist_8_test_00686.png,"{'skeletonization_time_ms': 74.494417, 'contour_analysis_time_ms': 391.649792, 'classification_time_ms': 602.247083}",8,6,False,
success,1b08972e-c57d-469c-a668-541976974356,/opt/nuclio/shared_storage/test/7/mnist_7_00330.png,"{'skeletonization_time_ms': 39.502708, 'contour_analysis_time_ms': 190.426916, 'classification_time_ms': 130.520042}",7,1,False,
success,e8912995-515e-4ff7-a21d-349f19ba2916,/opt/nuclio/shared_storage/test/8/mnist_8_test_00532.png,"{'skeletonization_time_ms': 52.120667, 'contour_analysis_time_ms': 155.341292, 'classification_time_ms': 1448.866542}",8,not classified,False,
success,83a3c794-e58e-4145-9671-4b0e16c02b17,/opt/nuclio/shared_storage/test/8/mnist_8_test_00497.png,"{'skeletonization_time_ms': 148.663917, 'contour_analysis_time_ms': 1343.025293, 'classification_time_ms': 156.725333}",8,4,False,
success,42a022b3-7409-4a4c-a2d2-9e49162f845d,/opt/nuclio/shared_storage/test/8/mnist_8_test_00309.png,"{'skeletonization_time_ms': 37.895417, 'contour_analysis_time_ms': 264.489458, 'classification_time_ms': 753.742251}",8,not classified,False,
success,69465215-fe85-4163-bbcd-5dce173111f6,/opt/nuclio/shared_storage/test/8/mnist_8_00344.png,"{'skeletonization_time_ms': 131.8055, 'contour_analysis_time_ms': 1070.525042, 'classification_time_ms': 207.064875}",8,not classified,False,
success,eda600ea-ebd5-437d-90ce-db85c484f21f,/opt/nuclio/shared_storage/test/7/mnist_7_00723.png,"{'skeletonization_time_ms': 32.051458, 'contour_analysis_time_ms': 317.942458, 'classification_time_ms': 145.405708}",7,1,False,
success,9be0aef8-a8d1-42b1-96d9-5f4b6bcc1570,/opt/nuclio/shared_storage/test/8/mnist_8_00230.png,"{'skeletonization_time_ms': 166.333917, 'contour_analysis_time_ms': 253.592875, 'classification_time_ms': 454.304111}",8,6,False,
success,8ff5aaaf-8ba4-4df5-b365-3cf209ef9969,/opt/nuclio/shared_storage/test/8/mnist_8_test_00446.png,"{'skeletonization_time_ms': 38.606208, 'contour_analysis_time_ms': 223.03425, 'classification_time_ms': 206.874333}",8,not classified,False,
success,8682896e-1fcb-4ec1-a1fc-e0ee79d3327c,/opt/nuclio/shared_storage/test/7/mnist_7_00731.png,"{'skeletonization_time_ms': 36.464333, 'contour_analysis_time_ms': 171.027125, 'classification_time_ms': 273.160209}",7,3,False,
success,452a9d6c-5be0-49b2-920a-8ea4c6ab0fc9,/opt/nuclio/shared_storage/test/8/mnist_8_test_00680.png,"{'skeletonization_time_ms': 66.418541, 'contour_analysis_time_ms': 899.247792, 'classification_time_ms': 346.72525}",8,6,False,
success,af8fd73a-7c98-4961-b35d-7abc7d9041de,/opt/nuclio/shared_storage/test/7/mnist_7_00601.png,"{'skeletonization_time_ms': 37.052375, 'contour_analysis_time_ms': 349.865292, 'classification_time_ms': 53.220584}",7,1,False,
success,b784178b-3a32-47d3-bd03-95a5259b648f,/opt/nuclio/shared_storage/test/8/mnist_8_00008.png,"{'skeletonization_time_ms': 154.224917, 'contour_analysis_time_ms': 460.025667, 'classification_time_ms': 287.164084}",8,not classified,False,
success,6cfa7969-3774-4cca-a3c9-4ede40c35eef,/opt/nuclio/shared_storage/test/8/mnist_8_test_00584.png,"{'skeletonization_time_ms': 50.014833, 'contour_analysis_time_ms': 280.186125, 'classification_time_ms': 343.190167}",8,6,False,
success,e1a986a3-b808-48da-920e-8f526b2a4bfc,/opt/nuclio/shared_storage/test/8/mnist_8_test_00690.png,"{'skeletonization_time_ms': 37.269, 'contour_analysis_time_ms': 267.947583, 'classification_time_ms': 169.682584}",8,6,False,
success,517de88e-ac6e-4057-8fbc-52ab81e3ab59,/opt/nuclio/shared_storage/test/8/mnist_8_test_00594.png,"{'skeletonization_time_ms': 61.125125, 'contour_analysis_time_ms': 169.565542, 'classification_time_ms': 304.836875}",8,6,False,
success,d255dbcf-b984-448d-9df3-98011b768cc2,/opt/nuclio/shared_storage/test/8/mnist_8_00084.png,"{'skeletonization_time_ms': 136.874333, 'contour_analysis_time_ms': 573.970834, 'classification_time_ms': 1720.802918}",8,9,False,
success,f24e3b58-015d-4449-970e-fe0f726bab10,/opt/nuclio/shared_storage/test/8/mnist_8_test_00492.png,"{'skeletonization_time_ms': 43.77175, 'contour_analysis_time_ms': 884.360209, 'classification_time_ms': 1886.288667}",8,6,False,
success,70742fb7-58cf-4a9a-b2b3-31ff3c13bd96,/opt/nuclio/shared_storage/test/8/mnist_8_00145.png,"{'skeletonization_time_ms': 410.578292, 'contour_analysis_time_ms': 572.237584, 'classification_time_ms': 441.980167}",8,9,False,
success,d5275ed6-b58a-4a8e-a00d-ee9b3310078f,/opt/nuclio/shared_storage/test/8/mnist_8_00026.png,"{'skeletonization_time_ms': 87.181042, 'contour_analysis_time_ms': 289.374625, 'classification_time_ms': 150.2895}",8,7,False,
success,97ede9a9-7947-4f91-88a2-e855ef01f8e1,/opt/nuclio/shared_storage/test/7/mnist_7_00722.png,"{'skeletonization_time_ms': 29.501, 'contour_analysis_time_ms': 1024.474043, 'classification_time_ms': 139.417833}",7,1,False,
success,4a3af15c-9b7c-4e65-8282-5fd65cb0cb21,/opt/nuclio/shared_storage/test/7/mnist_7_00735.png,"{'skeletonization_time_ms': 61.376958, 'contour_analysis_time_ms': 864.721875, 'classification_time_ms': 127.965333}",7,1,False,
success,e7e34d48-87f6-466f-8fd8-b1cf37b98295,/opt/nuclio/shared_storage/test/8/mnist_8_test_00241.png,"{'skeletonization_time_ms': 44.518917, 'contour_analysis_time_ms': 247.682459, 'classification_time_ms': 285.337042}",8,6,False,
success,51129e9c-aa3e-4e8b-8ed7-de41b15f6ed8,/opt/nuclio/shared_storage/test/7/mnist_7_00636.png,"{'skeletonization_time_ms': 35.770583, 'contour_analysis_time_ms': 235.061833, 'classification_time_ms': 400.076958}",7,9,False,
success,01094557-def8-4d87-90cf-ab10c6894d3e,/opt/nuclio/shared_storage/test/8/mnist_8_test_00254.png,"{'skeletonization_time_ms': 54.48425, 'contour_analysis_time_ms': 286.807167, 'classification_time_ms': 950.555084}",8,9,False,
success,f48d3a58-1a88-4d4d-81b7-ed48af5a2cab,/opt/nuclio/shared_storage/test/7/mnist_7_00050.png,"{'skeletonization_time_ms': 59.764083, 'contour_analysis_time_ms': 241.653916, 'classification_time_ms': 26.71125}",7,2,False,
success,927d45aa-0518-4891-8236-bbe3dbc8c640,/opt/nuclio/shared_storage/test/8/mnist_8_test_00131.png,"{'skeletonization_time_ms': 235.044416, 'contour_analysis_time_ms': 237.748667, 'classification_time_ms': 168.140125}",8,7,False,
success,c8145201-938d-4550-81a1-7a55ddb8b947,/opt/nuclio/shared_storage/test/8/mnist_8_test_00441.png,"{'skeletonization_time_ms': 79.385917, 'contour_analysis_time_ms': 527.280625, 'classification_time_ms': 123.08625}",8,not classified,False,
success,ffa2d904-5020-45d4-a0f7-d14cf0342f45,/opt/nuclio/shared_storage/test/8/mnist_8_test_00781.png,"{'skeletonization_time_ms': 51.598375, 'contour_analysis_time_ms': 265.444042, 'classification_time_ms': 266.066251}",8,6,False,
success,cb4dd345-f5d9-4282-86bc-9d10d88b0365,/opt/nuclio/shared_storage/test/8/mnist_8_test_00287.png,"{'skeletonization_time_ms': 51.984917, 'contour_analysis_time_ms': 460.898708, 'classification_time_ms': 151.455542}",8,7,False,
success,9d7f80ca-658e-4a29-a512-32fe8875f852,/opt/nuclio/shared_storage/test/8/mnist_8_test_00322.png,"{'skeletonization_time_ms': 108.402625, 'contour_analysis_time_ms': 470.174167, 'classification_time_ms': 180.813209}",8,not classified,False,
success,bd0f567b-37db-4857-a98d-1eef7eff1bd7,/opt/nuclio/shared_storage/test/7/mnist_7_00939.png,"{'skeletonization_time_ms': 45.639291, 'contour_analysis_time_ms': 1232.921918, 'classification_time_ms': 293.560084}",7,9,False,
success,61f0ead9-5b61-480b-b2cb-efdf1152de6d,/opt/nuclio/shared_storage/test/8/mnist_8_test_00053.png,"{'skeletonization_time_ms': 61.78025, 'contour_analysis_time_ms': 319.133917, 'classification_time_ms': 169.27175}",8,9,False,
success,c8c10a19-beec-4299-a9d4-a4cf3f250262,/opt/nuclio/shared_storage/test/8/mnist_8_test_00484.png,"{'skeletonization_time_ms': 134.011375, 'contour_analysis_time_ms': 246.311584, 'classification_time_ms': 656.072251}",8,6,False,
success,17487eaf-b390-4ccb-978e-e4fb6fb3cb33,/opt/nuclio/shared_storage/test/8/mnist_8_test_00085.png,"{'skeletonization_time_ms': 68.228541, 'contour_analysis_time_ms': 536.424917, 'classification_time_ms': 88.683292}",8,not classified,False,
success,258d511e-a72c-406d-b17d-d2e78bec6a36,/opt/nuclio/shared_storage/test/8/mnist_8_test_00325.png,"{'skeletonization_time_ms': 58.0965, 'contour_analysis_time_ms': 573.538334, 'classification_time_ms': 365.548542}",8,not classified,False,
success,8496db50-7e08-4965-bd76-765452d71310,/opt/nuclio/shared_storage/test/8/mnist_8_test_00014.png,"{'skeletonization_time_ms': 39.860917, 'contour_analysis_time_ms': 191.040833, 'classification_time_ms': 125.224375}",8,9,False,
success,25573646-a6ca-4d73-808f-099c4b3a446b,/opt/nuclio/shared_storage/test/8/mnist_8_test_00132.png,"{'skeletonization_time_ms': 49.285333, 'contour_analysis_time_ms': 191.402417, 'classification_time_ms': 180.986917}",8,9,False,
success,8568f6b4-43c4-4f5c-9087-b4019f64fe27,/opt/nuclio/shared_storage/test/8/mnist_8_00484.png,"{'skeletonization_time_ms': 34.370584, 'contour_analysis_time_ms': 191.392084, 'classification_time_ms': 106.601708}",8,not classified,False,
success,02c576ef-dc98-4056-94de-643d4805b8b6,/opt/nuclio/shared_storage/test/7/mnist_7_00253.png,"{'skeletonization_time_ms': 39.40675, 'contour_analysis_time_ms': 914.817778, 'classification_time_ms': 152.455126}",7,2,False,
success,a65b5ee4-539f-4831-8c27-dd15351c1ac7,/opt/nuclio/shared_storage/test/8/mnist_8_test_00286.png,"{'skeletonization_time_ms': 63.315917, 'contour_analysis_time_ms': 240.631541, 'classification_time_ms': 998.656861}",8,7,False,
success,a7febdba-edc1-4012-a6dc-d85b36eac2c7,/opt/nuclio/shared_storage/test/7/mnist_7_00734.png,"{'skeletonization_time_ms': 45.762791, 'contour_analysis_time_ms': 1008.251486, 'classification_time_ms': 216.808333}",7,1,False,
success,219e0c67-8e32-4ea6-a4b0-74536937bd51,/opt/nuclio/shared_storage/test/8/mnist_8_test_00745.png,"{'skeletonization_time_ms': 47.661208, 'contour_analysis_time_ms': 331.749792, 'classification_time_ms': 302.712417}",8,6,False,
success,21a3977d-da7a-4394-a10b-b121d888be9b,/opt/nuclio/shared_storage/test/8/mnist_8_00268.png,"{'skeletonization_time_ms': 105.396625, 'contour_analysis_time_ms': 253.586417, 'classification_time_ms': 513.650667}",8,not classified,False,
success,29325121-5a96-4892-be16-4408e02eb3f8,/opt/nuclio/shared_storage/test/8/mnist_8_test_00631.png,"{'skeletonization_time_ms': 80.05525, 'contour_analysis_time_ms': 396.17575, 'classification_time_ms': 475.618626}",8,6,False,
success,773c0a07-88f4-4ebf-838d-92d726e104a1,/opt/nuclio/shared_storage/test/8/mnist_8_test_00524.png,"{'skeletonization_time_ms': 46.571166, 'contour_analysis_time_ms': 192.366875, 'classification_time_ms': 860.253626}",8,not classified,False,
success,36f1371e-0d24-4a53-83b1-0973bf23f062,/opt/nuclio/shared_storage/test/8/mnist_8_test_00081.png,"{'skeletonization_time_ms': 30.613959, 'contour_analysis_time_ms': 829.248292, 'classification_time_ms': 780.46975}",8,9,False,
success,e5b2e1dc-5cde-41db-9205-abe5c4deeeaa,/opt/nuclio/shared_storage/test/7/mnist_7_test_00110.png,"{'skeletonization_time_ms': 28.439959, 'contour_analysis_time_ms': 1034.439833, 'classification_time_ms': 511.260375}",7,1,False,
success,fbb2dd3d-9866-4b52-9e2a-ceda32cd546d,/opt/nuclio/shared_storage/test/8/mnist_8_00236.png,"{'skeletonization_time_ms': 33.415417, 'contour_analysis_time_ms': 241.375292, 'classification_time_ms': 205.644625}",8,not classified,False,
success,d4d5c4c6-0390-42e9-966d-929d84db4fa2,/opt/nuclio/shared_storage/test/8/mnist_8_test_00747.png,"{'skeletonization_time_ms': 658.675417, 'contour_analysis_time_ms': 524.259792, 'classification_time_ms': 408.694625}",8,4,False,
success,926d1a71-8c34-4acd-9f8f-33d6bd5c93b2,/opt/nuclio/shared_storage/test/8/mnist_8_00351.png,"{'skeletonization_time_ms': 40.623375, 'contour_analysis_time_ms': 228.716916, 'classification_time_ms': 391.000417}",8,6,False,
success,41a70b24-7c5e-4b36-a05b-35d6db6899e3,/opt/nuclio/shared_storage/test/8/mnist_8_test_00545.png,"{'skeletonization_time_ms': 155.548416, 'contour_analysis_time_ms': 480.324584, 'classification_time_ms': 1254.389501}",8,6,False,
success,f23ff6b1-b43e-49e5-8185-936173ba0afb,/opt/nuclio/shared_storage/test/8/mnist_8_test_00292.png,"{'skeletonization_time_ms': 47.958583, 'contour_analysis_time_ms': 644.681042, 'classification_time_ms': 369.860042}",8,6,False,
success,8adde74b-fc40-4c26-bbda-7e5ad5a2d5a3,/opt/nuclio/shared_storage/test/8/mnist_8_test_00508.png,"{'skeletonization_time_ms': 165.177, 'contour_analysis_time_ms': 570.55975, 'classification_time_ms': 571.469375}",8,6,False,
success,c8ebcdfe-80e1-43b4-9a8f-337a81628257,/opt/nuclio/shared_storage/test/7/mnist_7_00733.png,"{'skeletonization_time_ms': 50.495625, 'contour_analysis_time_ms': 339.518, 'classification_time_ms': 108.930625}",7,1,False,
success,8220962b-f5ac-4791-b4f2-de161a443683,/opt/nuclio/shared_storage/test/8/mnist_8_test_00778.png,"{'skeletonization_time_ms': 142.659167, 'contour_analysis_time_ms': 596.888208, 'classification_time_ms': 465.242625}",8,not classified,False,
success,0ae8b184-4c5b-4f91-b07c-220c86411806,/opt/nuclio/shared_storage/test/8/mnist_8_test_00481.png,"{'skeletonization_time_ms': 65.842958, 'contour_analysis_time_ms': 319.641875, 'classification_time_ms': 573.01475}",8,6,False,
success,5f8ace63-9be6-456a-ab54-8fa645365e8e,/opt/nuclio/shared_storage/test/8/mnist_8_test_00624.png,"{'skeletonization_time_ms': 276.688459, 'contour_analysis_time_ms': 192.954875, 'classification_time_ms': 285.870666}",8,6,False,
success,4cefe635-9283-4865-9375-925ba6f264c6,/opt/nuclio/shared_storage/test/8/mnist_8_test_00008.png,"{'skeletonization_time_ms': 52.591417, 'contour_analysis_time_ms': 280.829792, 'classification_time_ms': 175.437084}",8,4,False,
success,9a52c9bf-174e-4582-a94b-eacc643c41c2,/opt/nuclio/shared_storage/test/8/mnist_8_00257.png,"{'skeletonization_time_ms': 39.085417, 'contour_analysis_time_ms': 844.523126, 'classification_time_ms': 756.339167}",8,5,False,
success,69062a09-bee9-4448-8682-b82edef3ff94,/opt/nuclio/shared_storage/test/8/mnist_8_test_00135.png,"{'skeletonization_time_ms': 89.489208, 'contour_analysis_time_ms': 1398.112125, 'classification_time_ms': 2129.972501}",8,6,False,
success,8a2eec2f-32d1-41ec-8024-6cdd9dadb3ae,/opt/nuclio/shared_storage/test/8/mnist_8_test_00256.png,"{'skeletonization_time_ms': 43.331792, 'contour_analysis_time_ms': 933.042084, 'classification_time_ms': 1937.147501}",8,2,False,
success,084a1275-0108-493f-a74b-081c5689219a,/opt/nuclio/shared_storage/test/8/mnist_8_test_00622.png,"{'skeletonization_time_ms': 155.396917, 'contour_analysis_time_ms': 2332.298126, 'classification_time_ms': 526.625083}",8,not classified,False,
success,89060a05-8043-451b-84b4-4e0da2682b81,/opt/nuclio/shared_storage/test/8/mnist_8_00280.png,"{'skeletonization_time_ms': 44.156292, 'contour_analysis_time_ms': 1130.822653, 'classification_time_ms': 437.845125}",8,not classified,False,
success,4eb4ce0c-cc2e-4e04-a414-1b550978c6fa,/opt/nuclio/shared_storage/test/8/mnist_8_test_00395.png,"{'skeletonization_time_ms': 39.930542, 'contour_analysis_time_ms': 439.158084, 'classification_time_ms': 239.150917}",8,4,False,
success,215e0c7d-982b-436f-bfe8-a10545e34f66,/opt/nuclio/shared_storage/test/8/mnist_8_test_00057.png,"{'skeletonization_time_ms': 87.588, 'contour_analysis_time_ms': 399.635625, 'classification_time_ms': 269.666917}",8,6,False,
success,ea6ab84e-5cc4-4a83-818b-35a0721a649b,/opt/nuclio/shared_storage/test/8/mnist_8_test_00179.png,"{'skeletonization_time_ms': 75.420125, 'contour_analysis_time_ms': 238.631501, 'classification_time_ms': 319.054209}",8,6,False,
success,7332bcd6-331f-45df-a5f6-0c6645093885,/opt/nuclio/shared_storage/test/8/mnist_8_test_00183.png,"{'skeletonization_time_ms': 54.589, 'contour_analysis_time_ms': 296.816458, 'classification_time_ms': 1114.241334}",8,6,False,
success,edab1427-e58b-4e46-877d-73908262b398,/opt/nuclio/shared_storage/test/8/mnist_8_test_00023.png,"{'skeletonization_time_ms': 48.24725, 'contour_analysis_time_ms': 1087.756751, 'classification_time_ms': 483.060209}",8,6,False,
success,a98fca85-19b9-4e40-bf6d-efe6e924b0de,/opt/nuclio/shared_storage/test/8/mnist_8_test_00454.png,"{'skeletonization_time_ms': 127.315709, 'contour_analysis_time_ms': 275.90225, 'classification_time_ms': 525.962917}",8,4,False,
success,f4b20a9e-e588-4a5a-865f-79b02a5bd71c,/opt/nuclio/shared_storage/test/8/mnist_8_test_00380.png,"{'skeletonization_time_ms': 39.311666, 'contour_analysis_time_ms': 323.363792, 'classification_time_ms': 688.978584}",8,6,False,
success,ec9bd311-1d03-48d4-aa2c-a3b406e614d2,/opt/nuclio/shared_storage/test/8/mnist_8_test_00724.png,"{'skeletonization_time_ms': 64.580583, 'contour_analysis_time_ms': 333.162666, 'classification_time_ms': 910.358501}",8,6,False,
success,a1962e6f-95d4-4715-847a-a157ee2dc0d5,/opt/nuclio/shared_storage/test/8/mnist_8_00395.png,"{'skeletonization_time_ms': 39.131167, 'contour_analysis_time_ms': 382.481084, 'classification_time_ms': 266.677541}",8,6,False,
success,bfb82a54-c5ec-46a4-a324-bd8128b37c3a,/opt/nuclio/shared_storage/test/8/mnist_8_test_00409.png,"{'skeletonization_time_ms': 36.108958, 'contour_analysis_time_ms': 1109.574876, 'classification_time_ms': 512.676501}",8,6,False,
success,b00dd0f5-92ab-4926-ad8b-c111ffd1d10d,/opt/nuclio/shared_storage/test/8/mnist_8_test_00450.png,"{'skeletonization_time_ms': 50.627417, 'contour_analysis_time_ms': 1206.338293, 'classification_time_ms': 494.757584}",8,6,False,
success,d71020c8-b6f9-4445-b5ce-d4b4be320c98,/opt/nuclio/shared_storage/test/8/mnist_8_test_00718.png,"{'skeletonization_time_ms': 81.514584, 'contour_analysis_time_ms': 661.02575, 'classification_time_ms': 533.358959}",8,2,False,
success,ae0910a2-a469-413c-99a5-02bba0dd743c,/opt/nuclio/shared_storage/test/8/mnist_8_test_00786.png,"{'skeletonization_time_ms': 102.24225, 'contour_analysis_time_ms': 460.249209, 'classification_time_ms': 1026.449709}",8,6,False,
success,5060a668-389a-4967-b657-caf04f030952,/opt/nuclio/shared_storage/test/8/mnist_8_test_00452.png,"{'skeletonization_time_ms': 101.500334, 'contour_analysis_time_ms': 343.3875, 'classification_time_ms': 403.247125}",8,6,False,
success,9fac4cbf-c87a-4bd8-950e-ce3523548fc4,/opt/nuclio/shared_storage/test/8/mnist_8_test_00194.png,"{'skeletonization_time_ms': 82.161959, 'contour_analysis_time_ms': 227.565333, 'classification_time_ms': 555.268083}",8,not classified,False,
success,de825baf-7ad2-4734-af51-f207b351dc90,/opt/nuclio/shared_storage/test/8/mnist_8_test_00596.png,"{'skeletonization_time_ms': 61.448084, 'contour_analysis_time_ms': 498.503834, 'classification_time_ms': 176.208458}",8,not classified,False,
success,924d465a-6841-4eeb-b99d-52f472416a6b,/opt/nuclio/shared_storage/test/8/mnist_8_test_00730.png,"{'skeletonization_time_ms': 578.832708, 'contour_analysis_time_ms': 1256.524126, 'classification_time_ms': 241.166917}",8,6,False,
success,3d2449bc-1faa-4424-b128-239f5a472086,/opt/nuclio/shared_storage/test/8/mnist_8_test_00728.png,"{'skeletonization_time_ms': 40.875083, 'contour_analysis_time_ms': 1262.746, 'classification_time_ms': 286.666458}",8,6,False,
success,53f07040-0311-4173-8b80-7e5124589d49,/opt/nuclio/shared_storage/test/8/mnist_8_00254.png,"{'skeletonization_time_ms': 59.530125, 'contour_analysis_time_ms': 941.39275, 'classification_time_ms': 694.690208}",8,4,False,
success,5b6856ec-87d5-410f-a3e5-99277912be2d,/opt/nuclio/shared_storage/test/8/mnist_8_test_00255.png,"{'skeletonization_time_ms': 119.818791, 'contour_analysis_time_ms': 695.923542, 'classification_time_ms': 2007.727501}",8,4,False,
success,6e36f804-7e92-43c8-8d4c-38913a47c69c,/opt/nuclio/shared_storage/test/8/mnist_8_test_00756.png,"{'skeletonization_time_ms': 31.79275, 'contour_analysis_time_ms': 755.039917, 'classification_time_ms': 2050.034459}",8,6,False,
success,b4e5cab6-2338-494b-8721-f9d548509363,/opt/nuclio/shared_storage/test/8/mnist_8_test_00646.png,"{'skeletonization_time_ms': 40.407875, 'contour_analysis_time_ms': 2259.508585, 'classification_time_ms': 660.684376}",8,not classified,False,
success,a6073396-a358-4a4b-b257-6d522d484839,/opt/nuclio/shared_storage/test/8/mnist_8_test_00218.png,"{'skeletonization_time_ms': 42.751333, 'contour_analysis_time_ms': 318.445042, 'classification_time_ms': 784.932583}",8,6,False,
success,0ee4e068-1e73-40a5-be75-b6610873091f,/opt/nuclio/shared_storage/test/8/mnist_8_test_00334.png,"{'skeletonization_time_ms': 91.900833, 'contour_analysis_time_ms': 436.157334, 'classification_time_ms': 426.712125}",8,4,False,
success,164aafd8-0815-40e1-8c7c-3700900a9e5a,/opt/nuclio/shared_storage/test/8/mnist_8_test_00297.png,"{'skeletonization_time_ms': 46.728292, 'contour_analysis_time_ms': 340.684792, 'classification_time_ms': 852.671542}",8,not classified,False,
success,19a2c41b-6625-47d7-ac51-3b5791b82031,/opt/nuclio/shared_storage/test/8/mnist_8_test_00324.png,"{'skeletonization_time_ms': 50.610166, 'contour_analysis_time_ms': 247.316708, 'classification_time_ms': 130.908042}",8,4,False,
success,223ac999-2fd4-4001-b452-26efd70164d8,/opt/nuclio/shared_storage/test/8/mnist_8_test_00785.png,"{'skeletonization_time_ms': 41.679459, 'contour_analysis_time_ms': 721.706625, 'classification_time_ms': 623.324751}",8,not classified,False,
success,5522fb58-123b-40e8-9c46-cb39ca01cf62,/opt/nuclio/shared_storage/test/8/mnist_8_test_00320.png,"{'skeletonization_time_ms': 77.811958, 'contour_analysis_time_ms': 248.64125, 'classification_time_ms': 405.767041}",8,6,False,
success,d1324259-a28f-4e01-b969-804d4d6c693c,/opt/nuclio/shared_storage/test/8/mnist_8_test_00041.png,"{'skeletonization_time_ms': 35.958958, 'contour_analysis_time_ms': 236.194167, 'classification_time_ms': 298.934875}",8,6,False,
success,c5d21ab1-9b3c-41ff-b2e6-610538aa46c4,/opt/nuclio/shared_storage/test/8/mnist_8_test_00294.png,"{'skeletonization_time_ms': 107.448917, 'contour_analysis_time_ms': 344.884042, 'classification_time_ms': 181.810958}",8,7,False,
success,9bf09f97-9d0e-4021-8264-6c17c1617acd,/opt/nuclio/shared_storage/test/8/mnist_8_test_00308.png,"{'skeletonization_time_ms': 523.178458, 'contour_analysis_time_ms': 269.089084, 'classification_time_ms': 1669.354793}",8,9,False,
success,f8f27d6a-1b42-466a-bc44-f3b76de16a42,/opt/nuclio/shared_storage/test/8/mnist_8_00419.png,"{'skeletonization_time_ms': 55.493042, 'contour_analysis_time_ms': 367.344791, 'classification_time_ms': 1795.934501}",8,not classified,False,
success,a75c87f7-93d4-41cd-b32d-5f49bde8116b,/opt/nuclio/shared_storage/test/8/mnist_8_test_00330.png,"{'skeletonization_time_ms': 63.045209, 'contour_analysis_time_ms': 354.11725, 'classification_time_ms': 364.2925}",8,6,False,
success,c34def3c-87b4-4c5a-a69f-c2fb2a2e4cdf,/opt/nuclio/shared_storage/test/8/mnist_8_test_00153.png,"{'skeletonization_time_ms': 1277.015251, 'contour_analysis_time_ms': 467.20175, 'classification_time_ms': 151.487584}",8,7,False,
success,5ff1245c-aea6-41a8-81e7-ccffacf6435f,/opt/nuclio/shared_storage/test/8/mnist_8_test_00341.png,"{'skeletonization_time_ms': 57.137083, 'contour_analysis_time_ms': 276.71775, 'classification_time_ms': 356.530111}",8,6,False,
success,5cf72848-7500-44e1-a346-e0855a8f6a57,/opt/nuclio/shared_storage/test/8/mnist_8_test_00321.png,"{'skeletonization_time_ms': 57.257042, 'contour_analysis_time_ms': 460.847361, 'classification_time_ms': 410.877834}",8,9,False,
success,8f6c41e2-9bc2-4ce1-9534-94fe65c4c7af,/opt/nuclio/shared_storage/test/8/mnist_8_test_00084.png,"{'skeletonization_time_ms': 81.536833, 'contour_analysis_time_ms': 589.665028, 'classification_time_ms': 407.480625}",8,6,False,
success,c7575e0a-0abe-4e00-8251-0c2b3d58d2ee,/opt/nuclio/shared_storage/test/8/mnist_8_00196.png,"{'skeletonization_time_ms': 73.736334, 'contour_analysis_time_ms': 472.995459, 'classification_time_ms': 245.301125}",8,not classified,False,
success,03afee75-3d53-485a-a6d1-d5450df0a36e,/opt/nuclio/shared_storage/test/8/mnist_8_test_00163.png,"{'skeletonization_time_ms': 71.367458, 'contour_analysis_time_ms': 236.640083, 'classification_time_ms': 366.0945}",8,9,False,
success,d334e6a3-0699-44cd-843a-367cee2873ca,/opt/nuclio/shared_storage/test/8/mnist_8_test_00245.png,"{'skeletonization_time_ms': 64.250917, 'contour_analysis_time_ms': 234.574541, 'classification_time_ms': 441.482375}",8,not classified,False,
success,fecc9ac4-aced-476e-af32-26d3b82d7d44,/opt/nuclio/shared_storage/test/8/mnist_8_test_00543.png,"{'skeletonization_time_ms': 67.591416, 'contour_analysis_time_ms': 222.742875, 'classification_time_ms': 684.028251}",8,2,False,
success,926f9376-ca13-4a6f-bf6c-04ac04ea0b20,/opt/nuclio/shared_storage/test/8/mnist_8_test_00692.png,"{'skeletonization_time_ms': 66.93625, 'contour_analysis_time_ms': 266.112125, 'classification_time_ms': 461.853459}",8,2,False,
success,b240b1a7-44ee-47b4-be93-0a095ef278d3,/opt/nuclio/shared_storage/test/8/mnist_8_00150.png,"{'skeletonization_time_ms': 59.100417, 'contour_analysis_time_ms': 1243.987834, 'classification_time_ms': 922.586375}",8,not classified,False,
success,8d131a59-e580-4841-8e70-8c057e54ba07,/opt/nuclio/shared_storage/test/8/mnist_8_test_00668.png,"{'skeletonization_time_ms': 60.228334, 'contour_analysis_time_ms': 928.822959, 'classification_time_ms': 910.634959}",8,6,False,
success,3f3b8aa7-88db-4385-9dc5-0b488b23ea8b,/opt/nuclio/shared_storage/test/8/mnist_8_test_00712.png,"{'skeletonization_time_ms': 46.252709, 'contour_analysis_time_ms': 1094.68375, 'classification_time_ms': 299.966}",8,9,False,
success,fb12dac0-f6de-471b-be57-7ed3b7ef51a5,/opt/nuclio/shared_storage/test/8/mnist_8_test_00445.png,"{'skeletonization_time_ms': 40.654958, 'contour_analysis_time_ms': 282.737875, 'classification_time_ms': 144.7715}",8,9,False,
success,d63b300c-514a-4a98-8385-99beff5670b2,/opt/nuclio/shared_storage/test/8/mnist_8_test_00538.png,"{'skeletonization_time_ms': 51.42075, 'contour_analysis_time_ms': 339.596126, 'classification_time_ms': 255.486541}",8,6,False,
success,c8b443c3-d1f0-4534-9c00-b7fc137f6017,/opt/nuclio/shared_storage/test/8/mnist_8_test_00581.png,"{'skeletonization_time_ms': 72.225291, 'contour_analysis_time_ms': 183.664792, 'classification_time_ms': 479.057208}",8,4,False,
success,03773288-3af8-45c4-aa80-34afab3df48e,/opt/nuclio/shared_storage/test/8/mnist_8_test_00678.png,"{'skeletonization_time_ms': 36.173542, 'contour_analysis_time_ms': 197.99625, 'classification_time_ms': 275.905584}",8,not classified,False,
success,ffca1412-38f2-42e3-822b-ecabe3cc178e,/opt/nuclio/shared_storage/test/8/mnist_8_test_00654.png,"{'skeletonization_time_ms': 63.29225, 'contour_analysis_time_ms': 344.219584, 'classification_time_ms': 95.896792}",8,not classified,False,
success,42416e7d-1fee-4768-a729-0f313c38298a,/opt/nuclio/shared_storage/test/8/mnist_8_00218.png,"{'skeletonization_time_ms': 62.396667, 'contour_analysis_time_ms': 461.109584, 'classification_time_ms': 1954.587834}",8,6,False,
success,11e649ce-60cf-445b-87bd-0ec0b734e429,/opt/nuclio/shared_storage/test/8/mnist_8_test_00560.png,"{'skeletonization_time_ms': 50.973875, 'contour_analysis_time_ms': 1967.082792, 'classification_time_ms': 248.978541}",8,6,False,
success,87c5a08b-5bdd-47c8-b8b9-07c5734dcaed,/opt/nuclio/shared_storage/test/8/mnist_8_test_00525.png,"{'skeletonization_time_ms': 172.63825, 'contour_analysis_time_ms': 240.392958, 'classification_time_ms': 256.109625}",8,6,False,
success,56165524-7238-4a88-a1bf-5e6f40e64556,/opt/nuclio/shared_storage/test/9/mnist_9_test_00087.png,"{'skeletonization_time_ms': 56.702542, 'contour_analysis_time_ms': 949.703751, 'classification_time_ms': 627.466417}",9,7,False,
success,f51490ea-32c1-414b-8504-ba8343f51b19,/opt/nuclio/shared_storage/test/8/mnist_8_test_00480.png,"{'skeletonization_time_ms': 82.476417, 'contour_analysis_time_ms': 190.473917, 'classification_time_ms': 1474.088459}",8,2,False,
success,b1840887-9f02-447e-a157-2673f5de52d5,/opt/nuclio/shared_storage/test/8/mnist_8_00468.png,"{'skeletonization_time_ms': 93.472417, 'contour_analysis_time_ms': 499.725083, 'classification_time_ms': 1756.619042}",8,not classified,False,
success,27379da5-80a7-4df3-a160-152881ba1b52,/opt/nuclio/shared_storage/test/8/mnist_8_test_00327.png,"{'skeletonization_time_ms': 788.237583, 'contour_analysis_time_ms': 1620.237834, 'classification_time_ms': 367.906917}",8,not classified,False,
success,20ea6c0e-1a39-4339-9fef-02685cf7c9a0,/opt/nuclio/shared_storage/test/8/mnist_8_00431.png,"{'skeletonization_time_ms': 38.407417, 'contour_analysis_time_ms': 2632.821376, 'classification_time_ms': 680.501667}",8,6,False,
success,99886e5b-aaa9-480b-a0e4-bafb43449f90,/opt/nuclio/shared_storage/test/8/mnist_8_test_00632.png,"{'skeletonization_time_ms': 119.385167, 'contour_analysis_time_ms': 359.400916, 'classification_time_ms': 234.467834}",8,9,False,
success,4e15d014-96db-4a82-b286-f1243677c9c5,/opt/nuclio/shared_storage/test/8/mnist_8_test_00331.png,"{'skeletonization_time_ms': 86.756708, 'contour_analysis_time_ms': 667.976542, 'classification_time_ms': 181.343208}",8,not classified,False,
success,0d5701c6-ad74-42d5-9295-488e4a5a2ca5,/opt/nuclio/shared_storage/test/8/mnist_8_test_00165.png,"{'skeletonization_time_ms': 168.39525, 'contour_analysis_time_ms': 260.462916, 'classification_time_ms': 359.781417}",8,not classified,False,
success,b72e7da2-c68d-4f4c-8e9f-b9ea79ec1064,/opt/nuclio/shared_storage/test/8/mnist_8_test_00526.png,"{'skeletonization_time_ms': 84.732625, 'contour_analysis_time_ms': 282.939417, 'classification_time_ms': 374.519417}",8,2,False,
success,76d4697d-4a38-4ba9-be39-c3a3a88f8a64,/opt/nuclio/shared_storage/test/8/mnist_8_00325.png,"{'skeletonization_time_ms': 50.431833, 'contour_analysis_time_ms': 315.311792, 'classification_time_ms': 468.150876}",8,not classified,False,
success,d55c69e2-73dc-498c-b078-c9b7ced14164,/opt/nuclio/shared_storage/test/8/mnist_8_test_00011.png,"{'skeletonization_time_ms': 102.635708, 'contour_analysis_time_ms': 296.383667, 'classification_time_ms': 190.760584}",8,6,False,
success,fe148b5a-4d8e-4ecb-b9f3-e0e4d4d41703,/opt/nuclio/shared_storage/test/8/mnist_8_test_00757.png,"{'skeletonization_time_ms': 71.961375, 'contour_analysis_time_ms': 211.071417, 'classification_time_ms': 716.376834}",8,6,False,
success,3097be3a-56fe-4989-a341-023d2781affd,/opt/nuclio/shared_storage/test/8/mnist_8_test_00440.png,"{'skeletonization_time_ms': 43.582291, 'contour_analysis_time_ms': 1549.007542, 'classification_time_ms': 647.19325}",8,6,False,
success,53c6036e-33d3-4599-913e-f2762fccd6cc,/opt/nuclio/shared_storage/test/8/mnist_8_test_00363.png,"{'skeletonization_time_ms': 52.312792, 'contour_analysis_time_ms': 1269.703501, 'classification_time_ms': 846.328625}",8,6,False,
success,c44791d3-8031-4637-a23e-fe02d56febda,/opt/nuclio/shared_storage/test/8/mnist_8_00284.png,"{'skeletonization_time_ms': 49.0155, 'contour_analysis_time_ms': 405.375167, 'classification_time_ms': 717.260417}",8,2,False,
success,973a6c40-6daa-4aca-adaa-98809fc49de3,/opt/nuclio/shared_storage/test/8/mnist_8_test_00404.png,"{'skeletonization_time_ms': 42.650334, 'contour_analysis_time_ms': 674.552126, 'classification_time_ms': 368.992292}",8,not classified,False,
success,b77c47e8-30b0-4f54-a9a6-691e4db24f37,/opt/nuclio/shared_storage/test/8/mnist_8_test_00029.png,"{'skeletonization_time_ms': 50.826125, 'contour_analysis_time_ms': 436.693667, 'classification_time_ms': 96.883541}",8,not classified,False,
success,de02a1cf-d096-4ee0-b030-2d989c70b2c9,/opt/nuclio/shared_storage/test/8/mnist_8_test_00734.png,"{'skeletonization_time_ms': 279.915084, 'contour_analysis_time_ms': 170.288292, 'classification_time_ms': 113.290417}",8,not classified,False,
success,32a5efe8-56f5-4bb4-b084-b4b0ba754716,/opt/nuclio/shared_storage/test/8/mnist_8_test_00050.png,"{'skeletonization_time_ms': 33.005125, 'contour_analysis_time_ms': 176.776833, 'classification_time_ms': 247.67}",8,9,False,
success,45b85591-d5bf-45db-bd3b-b4602b39a934,/opt/nuclio/shared_storage/test/8/mnist_8_00435.png,"{'skeletonization_time_ms': 67.098792, 'contour_analysis_time_ms': 576.084, 'classification_time_ms': 333.633625}",8,not classified,False,
success,5cf30178-f769-4640-bb64-126176f38ea0,/opt/nuclio/shared_storage/test/8/mnist_8_test_00110.png,"{'skeletonization_time_ms': 43.11925, 'contour_analysis_time_ms': 336.038417, 'classification_time_ms': 309.766209}",8,6,False,
success,54e3cdf3-a82a-4b88-99cd-378ececb0ac8,/opt/nuclio/shared_storage/test/8/mnist_8_test_00679.png,"{'skeletonization_time_ms': 73.381958, 'contour_analysis_time_ms': 633.323834, 'classification_time_ms': 211.119875}",8,6,False,
success,17c9e7d1-270d-42be-a687-8ccab186f975,/opt/nuclio/shared_storage/test/8/mnist_8_00226.png,"{'skeletonization_time_ms': 245.0015, 'contour_analysis_time_ms': 300.669791, 'classification_time_ms': 216.320751}",8,not classified,False,
success,26c99573-e211-40ad-9975-d355030787df,/opt/nuclio/shared_storage/test/8/mnist_8_test_00427.png,"{'skeletonization_time_ms': 372.096, 'contour_analysis_time_ms': 364.543417, 'classification_time_ms': 312.865334}",8,6,False,
success,2a707114-b3ad-4ce9-b041-1702550ad873,/opt/nuclio/shared_storage/test/8/mnist_8_00109.png,"{'skeletonization_time_ms': 47.773625, 'contour_analysis_time_ms': 276.939126, 'classification_time_ms': 435.300875}",8,not classified,False,
success,ba591282-cd06-43cc-88ef-989146df2662,/opt/nuclio/shared_storage/test/8/mnist_8_test_00801.png,"{'skeletonization_time_ms': 103.868709, 'contour_analysis_time_ms': 276.478167, 'classification_time_ms': 497.0965}",8,not classified,False,
success,b1426db3-432b-4285-8d56-65a7b148c1d0,/opt/nuclio/shared_storage/test/8/mnist_8_00357.png,"{'skeletonization_time_ms': 47.100083, 'contour_analysis_time_ms': 449.519625, 'classification_time_ms': 121.3095}",8,not classified,False,
success,5778e28b-3cc7-47b6-abbd-d88c405f2ee0,/opt/nuclio/shared_storage/test/8/mnist_8_00444.png,"{'skeletonization_time_ms': 38.437125, 'contour_analysis_time_ms': 234.478333, 'classification_time_ms': 78.349625}",8,4,False,
success,9254387e-1c27-405a-b1e6-19751488c607,/opt/nuclio/shared_storage/test/8/mnist_8_00166.png,"{'skeletonization_time_ms': 62.322209, 'contour_analysis_time_ms': 249.091875, 'classification_time_ms': 518.303084}",8,not classified,False,
success,87eb61f8-7cea-4130-b06b-7afacb13ef37,/opt/nuclio/shared_storage/test/8/mnist_8_00340.png,"{'skeletonization_time_ms': 97.006459, 'contour_analysis_time_ms': 1700.436251, 'classification_time_ms': 323.509458}",8,6,False,
success,af2c5863-5361-4f40-a5ea-a6e83629f21c,/opt/nuclio/shared_storage/test/8/mnist_8_test_00817.png,"{'skeletonization_time_ms': 78.246959, 'contour_analysis_time_ms': 443.724167, 'classification_time_ms': 504.0005}",8,4,False,
success,8a345eaa-6cd2-4c72-9b87-b273969622c1,/opt/nuclio/shared_storage/test/8/mnist_8_test_00274.png,"{'skeletonization_time_ms': 65.406833, 'contour_analysis_time_ms': 1723.128834, 'classification_time_ms': 916.551751}",8,not classified,False,
success,712e45bf-dc67-4cb6-9373-f67849c085e8,/opt/nuclio/shared_storage/test/8/mnist_8_00294.png,"{'skeletonization_time_ms': 101.576292, 'contour_analysis_time_ms': 659.082626, 'classification_time_ms': 259.1375}",8,6,False,
success,5ea5549c-6df4-47eb-b10e-7a5abbc294e1,/opt/nuclio/shared_storage/test/8/mnist_8_test_00020.png,"{'skeletonization_time_ms': 34.952875, 'contour_analysis_time_ms': 262.568917, 'classification_time_ms': 507.770375}",8,9,False,
success,3681cab1-1883-42df-bdee-8bf8ca6c4e4b,/opt/nuclio/shared_storage/test/8/mnist_8_test_00173.png,"{'skeletonization_time_ms': 77.278, 'contour_analysis_time_ms': 291.986083, 'classification_time_ms': 893.440792}",8,6,False,
success,29231ded-2b29-430a-8b15-dc352a1aea46,/opt/nuclio/shared_storage/test/8/mnist_8_test_00237.png,"{'skeletonization_time_ms': 121.224209, 'contour_analysis_time_ms': 904.752833, 'classification_time_ms': 897.322209}",8,1,False,
success,d251b568-3746-4421-bd1d-396f958f8650,/opt/nuclio/shared_storage/test/8/mnist_8_test_00656.png,"{'skeletonization_time_ms': 141.74775, 'contour_analysis_time_ms': 522.302875, 'classification_time_ms': 1007.959626}",8,2,False,
success,c2853aca-c819-4207-a818-8374f67a73eb,/opt/nuclio/shared_storage/test/8/mnist_8_test_00371.png,"{'skeletonization_time_ms': 29.216292, 'contour_analysis_time_ms': 259.170084, 'classification_time_ms': 725.979042}",8,9,False,
success,9bacad58-0fd8-48d1-af7f-9501afaefa1f,/opt/nuclio/shared_storage/test/8/mnist_8_test_00358.png,"{'skeletonization_time_ms': 58.564875, 'contour_analysis_time_ms': 725.137626, 'classification_time_ms': 500.134959}",8,not classified,False,
success,76bb2724-d6f0-45c7-b64e-945e41cc5478,/opt/nuclio/shared_storage/test/8/mnist_8_test_00209.png,"{'skeletonization_time_ms': 51.162541, 'contour_analysis_time_ms': 247.447584, 'classification_time_ms': 314.345958}",8,6,False,
success,657290d8-9787-4e24-afb8-dee7c94dc5c0,/opt/nuclio/shared_storage/test/8/mnist_8_test_00119.png,"{'skeletonization_time_ms': 111.0955, 'contour_analysis_time_ms': 331.934125, 'classification_time_ms': 121.18425}",8,4,False,
success,86f15055-bbe8-4790-be05-65ffb9dd9e0f,/opt/nuclio/shared_storage/test/8/mnist_8_test_00340.png,"{'skeletonization_time_ms': 53.380208, 'contour_analysis_time_ms': 287.623708, 'classification_time_ms': 419.604792}",8,6,False,
success,6703bc11-e30a-4e41-9e81-7ba4517cf334,/opt/nuclio/shared_storage/test/8/mnist_8_test_00447.png,"{'skeletonization_time_ms': 63.43125, 'contour_analysis_time_ms': 591.356126, 'classification_time_ms': 312.517875}",8,6,False,
success,a36d0566-762f-4119-b018-71c3c9994209,/opt/nuclio/shared_storage/test/8/mnist_8_test_00180.png,"{'skeletonization_time_ms': 41.902791, 'contour_analysis_time_ms': 336.263584, 'classification_time_ms': 740.832876}",8,6,False,
success,b3cad419-87c5-4842-b620-3b99aa0b04bd,/opt/nuclio/shared_storage/test/8/mnist_8_test_00354.png,"{'skeletonization_time_ms': 69.790083, 'contour_analysis_time_ms': 602.455376, 'classification_time_ms': 336.287875}",8,6,False,
success,25236319-f647-401d-91d1-bff46708ab31,/opt/nuclio/shared_storage/test/8/mnist_8_00066.png,"{'skeletonization_time_ms': 38.088042, 'contour_analysis_time_ms': 440.439042, 'classification_time_ms': 202.1025}",8,not classified,False,
success,ce9d99f3-ca29-4ebd-b9dd-2c11cbcf24c6,/opt/nuclio/shared_storage/test/8/mnist_8_test_00191.png,"{'skeletonization_time_ms': 42.216042, 'contour_analysis_time_ms': 547.669375, 'classification_time_ms': 423.459333}",8,6,False,
success,699c58bf-18c3-4a6a-a77b-9cd5613ee286,/opt/nuclio/shared_storage/test/8/mnist_8_test_00432.png,"{'skeletonization_time_ms': 111.537916, 'contour_analysis_time_ms': 344.406875, 'classification_time_ms': 237.943042}",8,1,False,
success,c88fc48a-aa20-49bf-81d2-708d90165c3d,/opt/nuclio/shared_storage/test/8/mnist_8_00058.png,"{'skeletonization_time_ms': 145.497167, 'contour_analysis_time_ms': 567.7685, 'classification_time_ms': 426.916376}",8,not classified,False,
success,02fc4eda-2744-4670-b163-d587183b22e6,/opt/nuclio/shared_storage/test/8/mnist_8_test_00036.png,"{'skeletonization_time_ms': 45.157459, 'contour_analysis_time_ms': 605.445792, 'classification_time_ms': 296.442166}",8,7,False,
success,c4511280-bbf9-45ca-8afd-5a83735b96f5,/opt/nuclio/shared_storage/test/8/mnist_8_test_00250.png,"{'skeletonization_time_ms': 61.320417, 'contour_analysis_time_ms': 778.987417, 'classification_time_ms': 373.368917}",8,6,False,
success,c8de4120-43e1-488a-ab78-a7e60ab0d50f,/opt/nuclio/shared_storage/test/8/mnist_8_test_00793.png,"{'skeletonization_time_ms': 73.165291, 'contour_analysis_time_ms': 437.778833, 'classification_time_ms': 822.849667}",8,6,False,
success,4c9f6bc1-0931-477c-9dc6-936b17499875,/opt/nuclio/shared_storage/test/8/mnist_8_00242.png,"{'skeletonization_time_ms': 32.848333, 'contour_analysis_time_ms': 577.964625, 'classification_time_ms': 185.671042}",8,4,False,
success,d5839ec7-d6c0-4324-8bb9-56a4f21ae2c4,/opt/nuclio/shared_storage/test/8/mnist_8_test_00544.png,"{'skeletonization_time_ms': 55.558417, 'contour_analysis_time_ms': 437.132666, 'classification_time_ms': 413.673375}",8,9,False,
success,fac8fb24-68b0-4345-96c0-9f3bc0af68b5,/opt/nuclio/shared_storage/test/8/mnist_8_test_00535.png,"{'skeletonization_time_ms': 73.855708, 'contour_analysis_time_ms': 321.639458, 'classification_time_ms': 399.723166}",8,not classified,False,
success,7fe417d4-0c78-40e9-9b1d-94bd3f522568,/opt/nuclio/shared_storage/test/8/mnist_8_test_00798.png,"{'skeletonization_time_ms': 49.474917, 'contour_analysis_time_ms': 320.545667, 'classification_time_ms': 124.656333}",8,9,False,
success,5c6f2f84-fd58-4cfd-80d4-59e63668a652,/opt/nuclio/shared_storage/test/8/mnist_8_test_00277.png,"{'skeletonization_time_ms': 32.40525, 'contour_analysis_time_ms': 323.8695, 'classification_time_ms': 130.210208}",8,7,False,
success,36763c17-0c27-4781-a6ff-935456331f34,/opt/nuclio/shared_storage/test/8/mnist_8_test_00773.png,"{'skeletonization_time_ms': 76.489875, 'contour_analysis_time_ms': 189.500166, 'classification_time_ms': 377.611667}",8,6,False,
success,b845566f-83f4-4ad4-b9a3-42472f5a523c,/opt/nuclio/shared_storage/test/8/mnist_8_test_00012.png,"{'skeletonization_time_ms': 72.753583, 'contour_analysis_time_ms': 504.941, 'classification_time_ms': 374.413667}",8,not classified,False,
success,8c705060-d487-458f-897c-2af14a684b7d,/opt/nuclio/shared_storage/test/8/mnist_8_test_00618.png,"{'skeletonization_time_ms': 46.3145, 'contour_analysis_time_ms': 351.243, 'classification_time_ms': 339.524416}",8,not classified,False,
success,40d89c12-b0dc-4666-b72e-398a1812f118,/opt/nuclio/shared_storage/test/8/mnist_8_test_00022.png,"{'skeletonization_time_ms': 42.813, 'contour_analysis_time_ms': 288.976667, 'classification_time_ms': 399.17925}",8,6,False,
success,55833679-8f1c-4112-a530-362ba401e7f2,/opt/nuclio/shared_storage/test/8/mnist_8_test_00181.png,"{'skeletonization_time_ms': 64.338834, 'contour_analysis_time_ms': 471.489666, 'classification_time_ms': 492.302875}",8,9,False,
success,559f5112-a4ff-4ea9-95bb-8d4cc6041c16,/opt/nuclio/shared_storage/test/8/mnist_8_test_00761.png,"{'skeletonization_time_ms': 42.054875, 'contour_analysis_time_ms': 165.649667, 'classification_time_ms': 253.925959}",8,not classified,False,
success,e9393155-e495-48ff-8ddb-8f67f0594ab7,/opt/nuclio/shared_storage/test/8/mnist_8_test_00390.png,"{'skeletonization_time_ms': 71.278333, 'contour_analysis_time_ms': 266.838292, 'classification_time_ms': 334.801042}",8,not classified,False,
success,450819c0-2f91-47ac-900c-905ae3021177,/opt/nuclio/shared_storage/test/8/mnist_8_test_00558.png,"{'skeletonization_time_ms': 50.9265, 'contour_analysis_time_ms': 239.780084, 'classification_time_ms': 600.771917}",8,not classified,False,
success,ace96cdd-53c1-4ad3-8bd2-1c1f9c447773,/opt/nuclio/shared_storage/test/8/mnist_8_test_00005.png,"{'skeletonization_time_ms': 43.088, 'contour_analysis_time_ms': 853.322417, 'classification_time_ms': 222.158833}",8,not classified,False,
success,2961d111-bc2c-42a5-ba07-fcf0970de15a,/opt/nuclio/shared_storage/test/8/mnist_8_test_00552.png,"{'skeletonization_time_ms': 62.578167, 'contour_analysis_time_ms': 838.072333, 'classification_time_ms': 363.276084}",8,not classified,False,
success,bd6aa1f0-6acf-4b11-bcf4-004a43b93eff,/opt/nuclio/shared_storage/test/8/mnist_8_test_00803.png,"{'skeletonization_time_ms': 40.46525, 'contour_analysis_time_ms': 289.069042, 'classification_time_ms': 164.397709}",8,9,False,
success,a5f2728b-ef49-4cf2-b6cc-318f69383f88,/opt/nuclio/shared_storage/test/8/mnist_8_00283.png,"{'skeletonization_time_ms': 42.081625, 'contour_analysis_time_ms': 280.433334, 'classification_time_ms': 198.3675}",8,5,False,
success,b9e107aa-2916-40af-9897-4486fbf42275,/opt/nuclio/shared_storage/test/8/mnist_8_test_00129.png,"{'skeletonization_time_ms': 34.831, 'contour_analysis_time_ms': 217.46525, 'classification_time_ms': 160.881125}",8,6,False,
success,4d6b03b0-d2d9-4874-a309-062e24807b6b,/opt/nuclio/shared_storage/test/8/mnist_8_test_00431.png,"{'skeletonization_time_ms': 101.82125, 'contour_analysis_time_ms': 199.244334, 'classification_time_ms': 75.990875}",8,not classified,False,
success,51cf045d-3434-4384-8c57-bbd05f56cd2b,/opt/nuclio/shared_storage/test/8/mnist_8_test_00174.png,"{'skeletonization_time_ms': 58.904708, 'contour_analysis_time_ms': 175.702417, 'classification_time_ms': 396.662667}",8,6,False,
success,96724e7c-990d-463c-a080-a1f5c5292339,/opt/nuclio/shared_storage/test/8/mnist_8_test_00546.png,"{'skeletonization_time_ms': 60.776833, 'contour_analysis_time_ms': 327.963625, 'classification_time_ms': 180.225292}",8,2,False,
success,54cc9351-7144-4ec8-ab55-e3cde1821034,/opt/nuclio/shared_storage/test/8/mnist_8_test_00406.png,"{'skeletonization_time_ms': 120.750751, 'contour_analysis_time_ms': 814.684792, 'classification_time_ms': 690.447501}",8,2,False,
success,3d811484-5c95-4907-ae98-822ed1032afd,/opt/nuclio/shared_storage/test/8/mnist_8_00308.png,"{'skeletonization_time_ms': 242.026333, 'contour_analysis_time_ms': 709.467042, 'classification_time_ms': 542.511653}",8,2,False,
success,25b24f81-74eb-49a0-9f18-3e37339406ac,/opt/nuclio/shared_storage/test/8/mnist_8_test_00437.png,"{'skeletonization_time_ms': 198.684375, 'contour_analysis_time_ms': 712.897375, 'classification_time_ms': 560.473069}",8,6,False,
success,3042dc38-35cb-4c0b-9ab3-927006ef670a,/opt/nuclio/shared_storage/test/8/mnist_8_test_00627.png,"{'skeletonization_time_ms': 46.127791, 'contour_analysis_time_ms': 497.181736, 'classification_time_ms': 448.128417}",8,6,False,
success,9f7a4666-d36a-4c9b-a051-abbb88ad2ae1,/opt/nuclio/shared_storage/test/8/mnist_8_test_00306.png,"{'skeletonization_time_ms': 79.999292, 'contour_analysis_time_ms': 660.948861, 'classification_time_ms': 478.982292}",8,6,False,
success,c898c629-bc1e-46fd-b0f5-4f134a999f3e,/opt/nuclio/shared_storage/test/8/mnist_8_test_00319.png,"{'skeletonization_time_ms': 46.223209, 'contour_analysis_time_ms': 851.815459, 'classification_time_ms': 1026.705959}",8,not classified,False,
success,5f56dcfd-dca1-43f2-8c27-49c8acc93ad5,/opt/nuclio/shared_storage/test/8/mnist_8_test_00569.png,"{'skeletonization_time_ms': 36.19975, 'contour_analysis_time_ms': 637.356459, 'classification_time_ms': 1237.949917}",8,not classified,False,
success,67885e4f-1576-404a-9eb7-bf0e0d099bb5,/opt/nuclio/shared_storage/test/8/mnist_8_test_00289.png,"{'skeletonization_time_ms': 53.105209, 'contour_analysis_time_ms': 1273.393667, 'classification_time_ms': 679.214417}",8,6,False,
success,38d9da5a-4d4c-4ead-88ac-c3c575ca86fb,/opt/nuclio/shared_storage/test/8/mnist_8_test_00221.png,"{'skeletonization_time_ms': 59.777667, 'contour_analysis_time_ms': 1005.730084, 'classification_time_ms': 877.351167}",8,not classified,False,
success,16f14c4f-91e4-48a9-9a00-9e74946d9d3e,/opt/nuclio/shared_storage/test/8/mnist_8_test_00807.png,"{'skeletonization_time_ms': 78.551834, 'contour_analysis_time_ms': 890.265125, 'classification_time_ms': 284.408917}",8,6,False,
success,7e25735c-8f24-4760-bc33-60a2e81d9810,/opt/nuclio/shared_storage/test/8/mnist_8_00151.png,"{'skeletonization_time_ms': 73.7985, 'contour_analysis_time_ms': 213.2545, 'classification_time_ms': 951.665084}",8,not classified,False,
success,58acbc8e-1be4-4b8f-9f55-2bd1aa989a3f,/opt/nuclio/shared_storage/test/8/mnist_8_00320.png,"{'skeletonization_time_ms': 52.475792, 'contour_analysis_time_ms': 802.100542, 'classification_time_ms': 210.56725}",8,4,False,
success,eecc1142-7c46-49cc-95f9-364c08b07e81,/opt/nuclio/shared_storage/test/8/mnist_8_test_00655.png,"{'skeletonization_time_ms': 48.9355, 'contour_analysis_time_ms': 566.086625, 'classification_time_ms': 581.368834}",8,not classified,False,
success,21b67c9c-0c92-4fff-8357-0ab1d3cd0a82,/opt/nuclio/shared_storage/test/8/mnist_8_test_00738.png,"{'skeletonization_time_ms': 134.514417, 'contour_analysis_time_ms': 350.511875, 'classification_time_ms': 721.033834}",8,6,False,
success,3cbec26a-59db-4617-acd0-603ae0f89b60,/opt/nuclio/shared_storage/test/8/mnist_8_test_00626.png,"{'skeletonization_time_ms': 55.267083, 'contour_analysis_time_ms': 408.895792, 'classification_time_ms': 763.594375}",8,not classified,False,
success,2cd147fa-1f9c-4e74-b925-c2552d70573d,/opt/nuclio/shared_storage/test/8/mnist_8_test_00384.png,"{'skeletonization_time_ms': 54.031417, 'contour_analysis_time_ms': 711.887792, 'classification_time_ms': 418.509292}",8,6,False,
success,046f9e98-eee8-41a3-be51-6dd766a10b1f,/opt/nuclio/shared_storage/test/8/mnist_8_test_00670.png,"{'skeletonization_time_ms': 36.07725, 'contour_analysis_time_ms': 787.860875, 'classification_time_ms': 547.449375}",8,6,False,
success,40f8b08b-1dc5-4ef4-9d33-eb7d909b1470,/opt/nuclio/shared_storage/test/8/mnist_8_test_00370.png,"{'skeletonization_time_ms': 39.655458, 'contour_analysis_time_ms': 608.226292, 'classification_time_ms': 1518.021084}",8,4,False,
success,e1e4d3d8-bf39-4c76-beae-b2dfa29c3eb6,/opt/nuclio/shared_storage/test/8/mnist_8_test_00509.png,"{'skeletonization_time_ms': 119.722125, 'contour_analysis_time_ms': 434.79025, 'classification_time_ms': 1059.736834}",8,6,False,
success,c9f3a6df-8dbb-4c47-90c4-71d63da4000c,/opt/nuclio/shared_storage/test/8/mnist_8_test_00164.png,"{'skeletonization_time_ms': 95.401208, 'contour_analysis_time_ms': 967.323917, 'classification_time_ms': 1007.396209}",8,7,False,
success,a6c95042-398a-47a7-b63a-fb18761cf385,/opt/nuclio/shared_storage/test/8/mnist_8_test_00418.png,"{'skeletonization_time_ms': 46.639, 'contour_analysis_time_ms': 1267.956376, 'classification_time_ms': 153.395208}",8,4,False,
success,5e75a623-a296-4589-bf66-1abab4396625,/opt/nuclio/shared_storage/test/8/mnist_8_00494.png,"{'skeletonization_time_ms': 40.039042, 'contour_analysis_time_ms': 783.475709, 'classification_time_ms': 2456.795418}",8,not classified,False,
success,e4dacf08-2fb8-4a3b-a0d4-46a1c00acef4,/opt/nuclio/shared_storage/test/8/mnist_8_00127.png,"{'skeletonization_time_ms': 80.860667, 'contour_analysis_time_ms': 1009.604292, 'classification_time_ms': 226.096375}",8,6,False,
success,588495e6-e082-49a6-9c3a-3ff6d9084712,/opt/nuclio/shared_storage/test/8/mnist_8_test_00814.png,"{'skeletonization_time_ms': 61.477875, 'contour_analysis_time_ms': 239.415292, 'classification_time_ms': 2323.51846}",8,6,False,
success,a69bbff2-64b9-47b1-8bfc-bc5f90ebc10f,/opt/nuclio/shared_storage/test/8/mnist_8_test_00592.png,"{'skeletonization_time_ms': 44.276792, 'contour_analysis_time_ms': 2328.305584, 'classification_time_ms': 1120.813709}",8,6,False,
success,cd41d9d0-5a6c-4b6d-b2a9-331a632fc4a5,/opt/nuclio/shared_storage/test/8/mnist_8_test_00419.png,"{'skeletonization_time_ms': 66.171666, 'contour_analysis_time_ms': 1077.641417, 'classification_time_ms': 1687.178293}",8,not classified,False,
success,6d3401ee-c1cc-4df6-b662-197f28e59d70,/opt/nuclio/shared_storage/test/8/mnist_8_00363.png,"{'skeletonization_time_ms': 49.342, 'contour_analysis_time_ms': 941.268125, 'classification_time_ms': 832.829626}",8,not classified,False,
success,ac913681-3f37-4114-a87f-8fb0f94bfd87,/opt/nuclio/shared_storage/test/8/mnist_8_test_00705.png,"{'skeletonization_time_ms': 42.03175, 'contour_analysis_time_ms': 700.893709, 'classification_time_ms': 1121.699667}",8,not classified,False,
success,8e9ba949-bf38-414b-9fd9-583ac77ae0b2,/opt/nuclio/shared_storage/test/8/mnist_8_00293.png,"{'skeletonization_time_ms': 36.321625, 'contour_analysis_time_ms': 693.672333, 'classification_time_ms': 642.380083}",8,not classified,False,
success,11104409-901e-43bf-8e70-b1fcc51f95cc,/opt/nuclio/shared_storage/test/8/mnist_8_test_00223.png,"{'skeletonization_time_ms': 50.163666, 'contour_analysis_time_ms': 743.172167, 'classification_time_ms': 672.977125}",8,4,False,
success,c2309652-0774-45ef-a579-95a91a3f2b4e,/opt/nuclio/shared_storage/test/8/mnist_8_test_00366.png,"{'skeletonization_time_ms': 394.771375, 'contour_analysis_time_ms': 693.313167, 'classification_time_ms': 860.774459}",8,7,False,
success,9d5145ca-920f-47c1-aaf0-045944e07b37,/opt/nuclio/shared_storage/test/8/mnist_8_test_00623.png,"{'skeletonization_time_ms': 95.551167, 'contour_analysis_time_ms': 812.413084, 'classification_time_ms': 1090.057084}",8,6,False,
success,bfb0aa08-6497-4408-8f20-2aa758e73bcf,/opt/nuclio/shared_storage/test/8/mnist_8_test_00422.png,"{'skeletonization_time_ms': 221.978166, 'contour_analysis_time_ms': 500.201959, 'classification_time_ms': 984.747501}",8,4,False,
success,be049b3b-14a2-492a-9140-6d25c709b62e,/opt/nuclio/shared_storage/test/9/mnist_9_00121.png,"{'skeletonization_time_ms': 117.761542, 'contour_analysis_time_ms': 318.165959, 'classification_time_ms': 215.970083}",9,4,False,
success,9c00b191-3434-417b-a155-558c37f2101b,/opt/nuclio/shared_storage/test/8/mnist_8_test_00169.png,"{'skeletonization_time_ms': 46.628416, 'contour_analysis_time_ms': 921.576792, 'classification_time_ms': 1457.343584}",8,not classified,False,
success,671da79d-77d8-4276-b235-5e5b85d10b17,/opt/nuclio/shared_storage/test/8/mnist_8_00227.png,"{'skeletonization_time_ms': 80.52825, 'contour_analysis_time_ms': 2036.234084, 'classification_time_ms': 254.486709}",8,4,False,
success,6a616baa-933c-4df9-a397-1eb0c8b3f2fc,/opt/nuclio/shared_storage/test/8/mnist_8_00483.png,"{'skeletonization_time_ms': 102.253542, 'contour_analysis_time_ms': 1358.623043, 'classification_time_ms': 976.591917}",8,4,False,
success,109d1585-7de1-4561-9355-078835d561b2,/opt/nuclio/shared_storage/test/8/mnist_8_test_00009.png,"{'skeletonization_time_ms': 46.728291, 'contour_analysis_time_ms': 379.625167, 'classification_time_ms': 370.382417}",8,6,False,
success,9c2be3ff-4464-4d46-947e-8057dcfc6847,/opt/nuclio/shared_storage/test/8/mnist_8_test_00820.png,"{'skeletonization_time_ms': 46.026584, 'contour_analysis_time_ms': 464.390417, 'classification_time_ms': 492.122792}",8,6,False,
success,b8303a90-e2b5-4248-8b6d-d895594252ff,/opt/nuclio/shared_storage/test/8/mnist_8_test_00246.png,"{'skeletonization_time_ms': 243.994292, 'contour_analysis_time_ms': 411.523916, 'classification_time_ms': 609.914417}",8,5,False,
success,b5d9f0d5-cd79-401e-bf32-5c9998179a52,/opt/nuclio/shared_storage/test/8/mnist_8_test_00087.png,"{'skeletonization_time_ms': 100.581292, 'contour_analysis_time_ms': 1135.379959, 'classification_time_ms': 187.81025}",8,6,False,
success,f7a92dc8-2153-4db4-9e38-94ead1327d8d,/opt/nuclio/shared_storage/test/8/mnist_8_test_00586.png,"{'skeletonization_time_ms': 52.97125, 'contour_analysis_time_ms': 732.154708, 'classification_time_ms': 589.873292}",8,6,False,
success,5508db12-93c9-4417-8693-6c020bb68f58,/opt/nuclio/shared_storage/test/8/mnist_8_test_00804.png,"{'skeletonization_time_ms': 32.304708, 'contour_analysis_time_ms': 459.003708, 'classification_time_ms': 405.502667}",8,6,False,
success,0d6fc101-bfe9-466f-8f1d-c18fa719e3bd,/opt/nuclio/shared_storage/test/8/mnist_8_test_00703.png,"{'skeletonization_time_ms': 92.927208, 'contour_analysis_time_ms': 416.4745, 'classification_time_ms': 343.659959}",8,not classified,False,
success,484e2b4c-1b2b-46e1-b860-5a5cc8b4d255,/opt/nuclio/shared_storage/test/8/mnist_8_test_00291.png,"{'skeletonization_time_ms': 88.736083, 'contour_analysis_time_ms': 248.299292, 'classification_time_ms': 117.03225}",8,7,False,
success,db0e3508-a15c-4fee-a8a2-c1d58d7eb590,/opt/nuclio/shared_storage/test/8/mnist_8_test_00597.png,"{'skeletonization_time_ms': 32.918501, 'contour_analysis_time_ms': 351.46825, 'classification_time_ms': 331.527125}",8,6,False,
success,f83b8570-bde8-439c-a490-31590f98edcb,/opt/nuclio/shared_storage/test/8/mnist_8_test_00346.png,"{'skeletonization_time_ms': 30.278125, 'contour_analysis_time_ms': 1363.079125, 'classification_time_ms': 450.61175}",8,6,False,
success,0b94bece-5a38-4899-81b6-846308ed195f,/opt/nuclio/shared_storage/test/8/mnist_8_test_00157.png,"{'skeletonization_time_ms': 91.3085, 'contour_analysis_time_ms': 469.739709, 'classification_time_ms': 314.995625}",8,6,False,
success,a473e793-f4b6-47a2-82a1-cfbb9cf3f9c3,/opt/nuclio/shared_storage/test/8/mnist_8_test_00827.png,"{'skeletonization_time_ms': 32.383125, 'contour_analysis_time_ms': 296.120834, 'classification_time_ms': 1699.486793}",8,6,False,
success,27021cb7-7311-4422-b98d-a6428294bd58,/opt/nuclio/shared_storage/test/8/mnist_8_test_00666.png,"{'skeletonization_time_ms': 93.092625, 'contour_analysis_time_ms': 283.95975, 'classification_time_ms': 191.493667}",8,7,False,
success,825183e7-051f-4aa8-b1b9-b0f75b5e0907,/opt/nuclio/shared_storage/test/8/mnist_8_test_00353.png,"{'skeletonization_time_ms': 42.459667, 'contour_analysis_time_ms': 1923.161501, 'classification_time_ms': 1042.074334}",8,6,False,
success,33d8a21a-5974-435a-8790-b31c0a70f67f,/opt/nuclio/shared_storage/test/8/mnist_8_test_00628.png,"{'skeletonization_time_ms': 70.931708, 'contour_analysis_time_ms': 689.80375, 'classification_time_ms': 289.493667}",8,6,False,
success,e6724ed9-eb6d-42b2-a014-7d44bae29251,/opt/nuclio/shared_storage/test/8/mnist_8_test_00167.png,"{'skeletonization_time_ms': 50.468, 'contour_analysis_time_ms': 316.142917, 'classification_time_ms': 370.241334}",8,6,False,
success,2eb9347f-1438-4148-9113-ddde7e781742,/opt/nuclio/shared_storage/test/8/mnist_8_test_00386.png,"{'skeletonization_time_ms': 52.970334, 'contour_analysis_time_ms': 1050.094084, 'classification_time_ms': 216.687625}",8,9,False,
success,d0bf0ca2-5157-4307-913e-64c6fe2ea68b,/opt/nuclio/shared_storage/test/8/mnist_8_test_00636.png,"{'skeletonization_time_ms': 48.941708, 'contour_analysis_time_ms': 234.271083, 'classification_time_ms': 160.392917}",8,not classified,False,
success,7451be0f-8380-48b9-8566-b67bb837827b,/opt/nuclio/shared_storage/test/8/mnist_8_test_00516.png,"{'skeletonization_time_ms': 70.723958, 'contour_analysis_time_ms': 219.442792, 'classification_time_ms': 394.716292}",8,6,False,
success,a877bc20-d912-4890-b170-af88d887896a,/opt/nuclio/shared_storage/test/8/mnist_8_test_00033.png,"{'skeletonization_time_ms': 41.024167, 'contour_analysis_time_ms': 257.968875, 'classification_time_ms': 297.450792}",8,6,False,
success,649643f8-e049-4f75-b7f4-e1ac71ec3a6b,/opt/nuclio/shared_storage/test/8/mnist_8_test_00436.png,"{'skeletonization_time_ms': 26.125375, 'contour_analysis_time_ms': 284.232583, 'classification_time_ms': 50.422958}",8,7,False,
success,38d64e68-3b8c-48cc-8351-d798d271d860,/opt/nuclio/shared_storage/test/8/mnist_8_00292.png,"{'skeletonization_time_ms': 159.440875, 'contour_analysis_time_ms': 187.075083, 'classification_time_ms': 591.365917}",8,not classified,False,
success,3dee7429-0c51-4837-9040-722e5f673360,/opt/nuclio/shared_storage/test/8/mnist_8_00015.png,"{'skeletonization_time_ms': 43.550958, 'contour_analysis_time_ms': 274.014083, 'classification_time_ms': 397.445333}",8,6,False,
success,12feecc1-3fb0-440f-9954-24844d804d90,/opt/nuclio/shared_storage/test/8/mnist_8_test_00150.png,"{'skeletonization_time_ms': 48.764334, 'contour_analysis_time_ms': 314.933959, 'classification_time_ms': 173.80175}",8,9,False,
success,44cf0ded-9fbe-443e-b871-cde12f2a674a,/opt/nuclio/shared_storage/test/8/mnist_8_test_00184.png,"{'skeletonization_time_ms': 37.537625, 'contour_analysis_time_ms': 160.170958, 'classification_time_ms': 186.748}",8,2,False,
success,dbc1d8b0-e2ae-4524-a3d9-2e75c22bb0d1,/opt/nuclio/shared_storage/test/8/mnist_8_00044.png,"{'skeletonization_time_ms': 41.294958, 'contour_analysis_time_ms': 298.838875, 'classification_time_ms': 413.87425}",8,not classified,False,
success,6a2bced5-75da-4387-a770-b3669428d861,/opt/nuclio/shared_storage/test/9/mnist_9_test_00191.png,"{'skeletonization_time_ms': 37.539, 'contour_analysis_time_ms': 249.149833, 'classification_time_ms': 149.986417}",9,not classified,False,
success,d92725dc-05e1-494d-80e4-84db5775949d,/opt/nuclio/shared_storage/test/8/mnist_8_test_00230.png,"{'skeletonization_time_ms': 57.796708, 'contour_analysis_time_ms': 175.2475, 'classification_time_ms': 225.686833}",8,4,False,
success,8a909748-b552-495a-b0ae-8bec650ea828,/opt/nuclio/shared_storage/test/8/mnist_8_00114.png,"{'skeletonization_time_ms': 34.228416, 'contour_analysis_time_ms': 224.959458, 'classification_time_ms': 199.996958}",8,9,False,
success,2c87908f-c7bf-411b-9387-3c0bf8ae04e7,/opt/nuclio/shared_storage/test/8/mnist_8_test_00101.png,"{'skeletonization_time_ms': 159.038667, 'contour_analysis_time_ms': 189.425416, 'classification_time_ms': 258.686459}",8,6,False,
success,002caa3c-c5b2-48cc-b397-94c786929aea,/opt/nuclio/shared_storage/test/8/mnist_8_test_00583.png,"{'skeletonization_time_ms': 54.621209, 'contour_analysis_time_ms': 249.973125, 'classification_time_ms': 80.901708}",8,not classified,False,
success,36a4d2be-db60-4a69-b65c-244e4e828113,/opt/nuclio/shared_storage/test/8/mnist_8_00029.png,"{'skeletonization_time_ms': 52.360708, 'contour_analysis_time_ms': 315.112459, 'classification_time_ms': 569.367625}",8,6,False,
success,6f0e0e41-53b8-4c5e-95c5-e47bea598b27,/opt/nuclio/shared_storage/test/8/mnist_8_test_00576.png,"{'skeletonization_time_ms': 39.032083, 'contour_analysis_time_ms': 249.475708, 'classification_time_ms': 497.643}",8,6,False,
success,ba850ee3-b76b-4dae-94f7-e03a5cc3625c,/opt/nuclio/shared_storage/test/8/mnist_8_00078.png,"{'skeletonization_time_ms': 33.578, 'contour_analysis_time_ms': 205.31, 'classification_time_ms': 413.156042}",8,6,False,
success,748bf5f0-ee24-47d9-960c-dd6fe378b049,/opt/nuclio/shared_storage/test/8/mnist_8_test_00398.png,"{'skeletonization_time_ms': 72.676792, 'contour_analysis_time_ms': 320.483542, 'classification_time_ms': 452.4585}",8,not classified,False,
success,37140cd7-a61c-4695-a6e4-6f6c07603275,/opt/nuclio/shared_storage/test/8/mnist_8_test_00598.png,"{'skeletonization_time_ms': 201.721459, 'contour_analysis_time_ms': 321.660667, 'classification_time_ms': 150.76325}",8,5,False,
success,2038c02a-96bb-4c13-9050-371a9b35b70b,/opt/nuclio/shared_storage/test/8/mnist_8_test_00189.png,"{'skeletonization_time_ms': 39.824208, 'contour_analysis_time_ms': 271.009958, 'classification_time_ms': 349.653334}",8,not classified,False,
success,c266c39d-f0de-48ac-92d6-f94598c23d66,/opt/nuclio/shared_storage/test/8/mnist_8_00373.png,"{'skeletonization_time_ms': 117.876959, 'contour_analysis_time_ms': 194.318042, 'classification_time_ms': 591.926084}",8,not classified,False,
success,9a59fcb9-c7f8-4b00-8abf-a814f42bf326,/opt/nuclio/shared_storage/test/8/mnist_8_test_00608.png,"{'skeletonization_time_ms': 47.244125, 'contour_analysis_time_ms': 339.027459, 'classification_time_ms': 307.936667}",8,6,False,
success,64f1a796-1616-49b4-a3fb-f5789e143789,/opt/nuclio/shared_storage/test/8/mnist_8_test_00196.png,"{'skeletonization_time_ms': 60.673209, 'contour_analysis_time_ms': 170.991583, 'classification_time_ms': 346.252}",8,6,False,
success,7e99eb23-d967-4883-bc42-753eea0d13e9,/opt/nuclio/shared_storage/test/8/mnist_8_00261.png,"{'skeletonization_time_ms': 121.157833, 'contour_analysis_time_ms': 295.398458, 'classification_time_ms': 513.445583}",8,9,False,
success,11f3f8ed-4167-44ae-8154-37310ab3b481,/opt/nuclio/shared_storage/test/8/mnist_8_test_00412.png,"{'skeletonization_time_ms': 46.073833, 'contour_analysis_time_ms': 394.142125, 'classification_time_ms': 190.058791}",8,6,False,
success,57a55022-6d0a-42d4-ac58-664252ee5132,/opt/nuclio/shared_storage/test/8/mnist_8_test_00823.png,"{'skeletonization_time_ms': 77.069292, 'contour_analysis_time_ms': 235.892125, 'classification_time_ms': 265.812791}",8,2,False,
success,653e2160-2eff-4d7e-bb03-1fa2c852b9f4,/opt/nuclio/shared_storage/test/8/mnist_8_test_00219.png,"{'skeletonization_time_ms': 40.634208, 'contour_analysis_time_ms': 981.702875, 'classification_time_ms': 317.838708}",8,6,False,
success,03f03cbb-8aab-4012-b628-a6a5b1bdabd8,/opt/nuclio/shared_storage/test/8/mnist_8_test_00315.png,"{'skeletonization_time_ms': 36.009208, 'contour_analysis_time_ms': 255.803042, 'classification_time_ms': 324.30225}",8,6,False,
success,cefd4bf8-9671-41e2-8462-fc4456d4229b,/opt/nuclio/shared_storage/test/8/mnist_8_test_00035.png,"{'skeletonization_time_ms': 97.600167, 'contour_analysis_time_ms': 395.565167, 'classification_time_ms': 261.18575}",8,9,False,
success,a600b059-42f8-4d90-8171-527aedfe2072,/opt/nuclio/shared_storage/test/8/mnist_8_test_00639.png,"{'skeletonization_time_ms': 57.431167, 'contour_analysis_time_ms': 191.84325, 'classification_time_ms': 224.349834}",8,6,False,
success,bfb5ede1-79bf-4bf9-8e63-422634db0776,/opt/nuclio/shared_storage/test/8/mnist_8_test_00616.png,"{'skeletonization_time_ms': 41.937417, 'contour_analysis_time_ms': 546.621542, 'classification_time_ms': 301.143459}",8,not classified,False,
success,a3464e05-a50f-468d-8b15-c6f8f8d07125,/opt/nuclio/shared_storage/test/9/mnist_9_00901.png,"{'skeletonization_time_ms': 57.00275, 'contour_analysis_time_ms': 262.507125, 'classification_time_ms': 108.107542}",9,4,False,
success,49874684-c417-461e-a6c0-d9f851ee18bc,/opt/nuclio/shared_storage/test/8/mnist_8_test_00001.png,"{'skeletonization_time_ms': 35.868167, 'contour_analysis_time_ms': 591.997125, 'classification_time_ms': 435.86925}",8,9,False,
success,c21b6ffd-696b-433d-8612-bcbb9e4a5520,/opt/nuclio/shared_storage/test/8/mnist_8_test_00405.png,"{'skeletonization_time_ms': 45.124334, 'contour_analysis_time_ms': 518.317903, 'classification_time_ms': 424.90625}",8,6,False,
success,090548ba-c6d7-4a91-9bbe-78b38a205980,/opt/nuclio/shared_storage/test/8/mnist_8_00112.png,"{'skeletonization_time_ms': 60.426334, 'contour_analysis_time_ms': 452.232445, 'classification_time_ms': 625.525209}",8,not classified,False,
success,c58c57a9-9ca0-4ac1-8e9d-597f8fd9157c,/opt/nuclio/shared_storage/test/8/mnist_8_test_00261.png,"{'skeletonization_time_ms': 33.409292, 'contour_analysis_time_ms': 466.896208, 'classification_time_ms': 222.223292}",8,not classified,False,
success,7c1052df-ac93-41a4-9782-0153adf1bee8,/opt/nuclio/shared_storage/test/9/mnist_9_test_00342.png,"{'skeletonization_time_ms': 64.8645, 'contour_analysis_time_ms': 328.941125, 'classification_time_ms': 192.275042}",9,7,False,
success,866f6976-356f-44f1-8e83-e59ce22bf19a,/opt/nuclio/shared_storage/test/8/mnist_8_test_00374.png,"{'skeletonization_time_ms': 26.788542, 'contour_analysis_time_ms': 324.14175, 'classification_time_ms': 203.605208}",8,9,False,
success,f7af7f7c-efce-4084-be1d-ae69aeefeb81,/opt/nuclio/shared_storage/test/8/mnist_8_test_00605.png,"{'skeletonization_time_ms': 27.829958, 'contour_analysis_time_ms': 281.671625, 'classification_time_ms': 158.601917}",8,6,False,
success,8a97d88d-ab80-4d53-8e08-971e42128ebb,/opt/nuclio/shared_storage/test/8/mnist_8_test_00510.png,"{'skeletonization_time_ms': 57.313959, 'contour_analysis_time_ms': 214.948417, 'classification_time_ms': 425.225458}",8,not classified,False,
success,37cac7ca-df4b-4f42-8d5e-8a355eb397fa,/opt/nuclio/shared_storage/test/8/mnist_8_test_00671.png,"{'skeletonization_time_ms': 136.937792, 'contour_analysis_time_ms': 326.582875, 'classification_time_ms': 305.238584}",8,5,False,
success,85b7822b-092c-4d69-895f-4bcc52ca8832,/opt/nuclio/shared_storage/test/8/mnist_8_00001.png,"{'skeletonization_time_ms': 49.808667, 'contour_analysis_time_ms': 196.188208, 'classification_time_ms': 184.384125}",8,not classified,False,
success,bfaf993d-0cab-424f-9d60-1e287c09015f,/opt/nuclio/shared_storage/test/8/mnist_8_test_00749.png,"{'skeletonization_time_ms': 37.308333, 'contour_analysis_time_ms': 287.799958, 'classification_time_ms': 284.062833}",8,6,False,
success,1edbf834-fc4a-4d59-8417-c0a4d44e471a,/opt/nuclio/shared_storage/test/8/mnist_8_test_00775.png,"{'skeletonization_time_ms': 58.306834, 'contour_analysis_time_ms': 242.026375, 'classification_time_ms': 546.172042}",8,6,False,
success,b024bef0-0b5d-45c0-bfe6-cdc19a3f3b9e,/opt/nuclio/shared_storage/test/8/mnist_8_00263.png,"{'skeletonization_time_ms': 51.38775, 'contour_analysis_time_ms': 469.855875, 'classification_time_ms': 196.524}",8,6,False,
success,0b88360a-8fcc-40b1-8a9a-5c1fa526b6f9,/opt/nuclio/shared_storage/test/8/mnist_8_test_00582.png,"{'skeletonization_time_ms': 34.061666, 'contour_analysis_time_ms': 328.160334, 'classification_time_ms': 256.308417}",8,6,False,
success,5435c2f3-c39d-4ceb-aae7-9dadd24eda92,/opt/nuclio/shared_storage/test/8/mnist_8_test_00226.png,"{'skeletonization_time_ms': 36.12, 'contour_analysis_time_ms': 365.761292, 'classification_time_ms': 462.863625}",8,not classified,False,
success,248e06cf-019b-4e40-a819-00d499fab370,/opt/nuclio/shared_storage/test/9/mnist_9_test_00053.png,"{'skeletonization_time_ms': 48.213708, 'contour_analysis_time_ms': 440.315709, 'classification_time_ms': 557.980417}",9,7,False,
success,19ed03af-2cc0-4129-92a2-3e733abafa8e,/opt/nuclio/shared_storage/test/8/mnist_8_00062.png,"{'skeletonization_time_ms': 29.131542, 'contour_analysis_time_ms': 538.826583, 'classification_time_ms': 154.523541}",8,6,False,
success,9b5ccf63-34bf-4a00-aa31-39c893b9f1c1,/opt/nuclio/shared_storage/test/9/mnist_9_test_00245.png,"{'skeletonization_time_ms': 39.807791, 'contour_analysis_time_ms': 658.401709, 'classification_time_ms': 381.838959}",9,7,False,
success,bbb0cfbc-e5ca-4955-9f43-e712c5cbbdda,/opt/nuclio/shared_storage/test/8/mnist_8_test_00187.png,"{'skeletonization_time_ms': 32.491958, 'contour_analysis_time_ms': 876.352375, 'classification_time_ms': 875.496126}",8,6,False,
success,475b33ca-cd33-4c2c-abdd-51ca4522b89c,/opt/nuclio/shared_storage/test/8/mnist_8_test_00162.png,"{'skeletonization_time_ms': 51.365042, 'contour_analysis_time_ms': 372.087958, 'classification_time_ms': 836.472834}",8,6,False,
success,08915014-ec7a-44bc-a95f-6c239c487d8d,/opt/nuclio/shared_storage/test/8/mnist_8_00429.png,"{'skeletonization_time_ms': 57.288042, 'contour_analysis_time_ms': 939.993834, 'classification_time_ms': 130.153501}",8,9,False,
success,28d9aff2-6165-4623-8651-82c4e4c55cd7,/opt/nuclio/shared_storage/test/8/mnist_8_00075.png,"{'skeletonization_time_ms': 57.755375, 'contour_analysis_time_ms': 256.299917, 'classification_time_ms': 500.273625}",8,6,False,
success,887fdc3c-ac07-4dad-a041-f8d54ee245e9,/opt/nuclio/shared_storage/test/8/mnist_8_test_00270.png,"{'skeletonization_time_ms': 52.605333, 'contour_analysis_time_ms': 493.121626, 'classification_time_ms': 277.116792}",8,6,False,
success,d7dad7cf-ceb3-4d1c-af52-fc54c153413c,/opt/nuclio/shared_storage/test/9/mnist_9_00053.png,"{'skeletonization_time_ms': 31.677416, 'contour_analysis_time_ms': 183.01525, 'classification_time_ms': 224.455167}",9,4,False,
success,791382b7-b7ec-4ab1-ba5e-957bd540015c,/opt/nuclio/shared_storage/test/8/mnist_8_test_00765.png,"{'skeletonization_time_ms': 140.638084, 'contour_analysis_time_ms': 317.312666, 'classification_time_ms': 423.031334}",8,not classified,False,
success,4e65a488-3eb2-4ea0-9ca4-c5e1e3f5257e,/opt/nuclio/shared_storage/test/8/mnist_8_test_00387.png,"{'skeletonization_time_ms': 51.483042, 'contour_analysis_time_ms': 293.38625, 'classification_time_ms': 375.715375}",8,2,False,
success,7b99c08b-2782-4d84-85b4-5c43314c2488,/opt/nuclio/shared_storage/test/8/mnist_8_00116.png,"{'skeletonization_time_ms': 25.003583, 'contour_analysis_time_ms': 475.118917, 'classification_time_ms': 197.3135}",8,9,False,
success,87cfa963-3426-48df-92d9-615e2b140d1c,/opt/nuclio/shared_storage/test/8/mnist_8_00496.png,"{'skeletonization_time_ms': 48.856208, 'contour_analysis_time_ms': 429.451292, 'classification_time_ms': 337.123251}",8,2,False,
success,6fb70e11-132f-4e9a-b282-e876fbaedc1b,/opt/nuclio/shared_storage/test/8/mnist_8_test_00674.png,"{'skeletonization_time_ms': 69.18575, 'contour_analysis_time_ms': 393.44025, 'classification_time_ms': 494.720417}",8,6,False,
success,56fca640-3d30-4573-8712-3c3477dfc5ed,/opt/nuclio/shared_storage/test/8/mnist_8_test_00604.png,"{'skeletonization_time_ms': 288.937125, 'contour_analysis_time_ms': 578.910792, 'classification_time_ms': 2571.255168}",8,1,False,
success,bc607930-f289-47b7-98cb-39570f52dab1,/opt/nuclio/shared_storage/test/8/mnist_8_test_00713.png,"{'skeletonization_time_ms': 82.84775, 'contour_analysis_time_ms': 910.057209, 'classification_time_ms': 2548.005502}",8,2,False,
success,14494ddf-cd73-4a8a-bed4-ace9876eff2b,/opt/nuclio/shared_storage/test/8/mnist_8_test_00149.png,"{'skeletonization_time_ms': 60.19607, 'contour_analysis_time_ms': 1800.740876, 'classification_time_ms': 2511.129293}",8,not classified,False,
success,d3d96c65-b664-4d48-8fef-984b3f362429,/opt/nuclio/shared_storage/test/8/mnist_8_test_00638.png,"{'skeletonization_time_ms': 41.726458, 'contour_analysis_time_ms': 2548.300334, 'classification_time_ms': 679.928334}",8,not classified,False,
success,a55ffa13-e7ff-485f-87d5-e2900f178a53,/opt/nuclio/shared_storage/test/8/mnist_8_test_00762.png,"{'skeletonization_time_ms': 65.334959, 'contour_analysis_time_ms': 543.864792, 'classification_time_ms': 702.347958}",8,6,False,
success,88f84ac8-5143-4561-8640-d3d1602c45e7,/opt/nuclio/shared_storage/test/8/mnist_8_00305.png,"{'skeletonization_time_ms': 37.509833, 'contour_analysis_time_ms': 2491.861918, 'classification_time_ms': 1311.029876}",8,6,False,
success,5250558d-e037-4752-bfc9-4c407925eb45,/opt/nuclio/shared_storage/test/8/mnist_8_00107.png,"{'skeletonization_time_ms': 60.548528, 'contour_analysis_time_ms': 2991.079085, 'classification_time_ms': 1784.190084}",8,not classified,False,
success,aa81cd14-7641-446b-8996-491553628442,/opt/nuclio/shared_storage/test/8/mnist_8_test_00673.png,"{'skeletonization_time_ms': 47.414708, 'contour_analysis_time_ms': 1153.682695, 'classification_time_ms': 1088.885376}",8,4,False,
success,329ad3c7-c430-4528-b347-6c8a22b9065b,/opt/nuclio/shared_storage/test/8/mnist_8_test_00777.png,"{'skeletonization_time_ms': 74.870208, 'contour_analysis_time_ms': 997.973959, 'classification_time_ms': 549.797875}",8,6,False,
success,1a11e2bc-64ad-4692-a097-e0ad0dbf2449,/opt/nuclio/shared_storage/test/9/mnist_9_test_00047.png,"{'skeletonization_time_ms': 156.654916, 'contour_analysis_time_ms': 409.380209, 'classification_time_ms': 96.583958}",9,7,False,
success,97303b03-172b-4336-94e6-9231b303fcd1,/opt/nuclio/shared_storage/test/8/mnist_8_test_00467.png,"{'skeletonization_time_ms': 35.210209, 'contour_analysis_time_ms': 393.308041, 'classification_time_ms': 110.839666}",8,4,False,
success,c1f336a3-290a-4b47-9686-571d3c5450fb,/opt/nuclio/shared_storage/test/8/mnist_8_test_00205.png,"{'skeletonization_time_ms': 161.202167, 'contour_analysis_time_ms': 401.371, 'classification_time_ms': 315.299292}",8,not classified,False,
success,1891cd2a-cd5a-4c96-baea-7d01643d77ac,/opt/nuclio/shared_storage/test/8/mnist_8_test_00772.png,"{'skeletonization_time_ms': 55.453959, 'contour_analysis_time_ms': 460.283625, 'classification_time_ms': 660.070209}",8,not classified,False,
success,7ae3ea6b-2958-4f04-8f4f-b540947a98ef,/opt/nuclio/shared_storage/test/8/mnist_8_test_00175.png,"{'skeletonization_time_ms': 43.800667, 'contour_analysis_time_ms': 609.146709, 'classification_time_ms': 500.751167}",8,6,False,
success,36d3ab7a-ee4e-427d-a7a0-80beea222d9d,/opt/nuclio/shared_storage/test/8/mnist_8_test_00748.png,"{'skeletonization_time_ms': 63.376625, 'contour_analysis_time_ms': 307.210084, 'classification_time_ms': 2121.532251}",8,6,False,
success,61fe30e0-2b8a-4be8-8857-b2068a1eebc0,/opt/nuclio/shared_storage/test/8/mnist_8_test_00007.png,"{'skeletonization_time_ms': 50.386167, 'contour_analysis_time_ms': 1654.267293, 'classification_time_ms': 222.641958}",8,7,False,
success,3611358c-0b8d-4297-be5d-f89376437efb,/opt/nuclio/shared_storage/test/9/mnist_9_test_00296.png,"{'skeletonization_time_ms': 33.80225, 'contour_analysis_time_ms': 642.994792, 'classification_time_ms': 275.907}",9,5,False,
success,dda386d5-fabf-4452-8211-cf7d5e7587b0,/opt/nuclio/shared_storage/test/8/mnist_8_test_00006.png,"{'skeletonization_time_ms': 47.274875, 'contour_analysis_time_ms': 343.520375, 'classification_time_ms': 473.428542}",8,1,False,
success,be747d23-c5ec-4214-bc1d-5a9e88f3096f,/opt/nuclio/shared_storage/test/8/mnist_8_test_00528.png,"{'skeletonization_time_ms': 52.035291, 'contour_analysis_time_ms': 726.577417, 'classification_time_ms': 452.747875}",8,not classified,False,
success,e57b0d7c-0fa1-424a-bd92-08c914ae2fbd,/opt/nuclio/shared_storage/test/8/mnist_8_00103.png,"{'skeletonization_time_ms': 94.149458, 'contour_analysis_time_ms': 333.193833, 'classification_time_ms': 807.293042}",8,6,False,
success,fcede9b7-3180-4de6-8acd-e6cfbc96f077,/opt/nuclio/shared_storage/test/8/mnist_8_test_00704.png,"{'skeletonization_time_ms': 166.88075, 'contour_analysis_time_ms': 834.73225, 'classification_time_ms': 91.49775}",8,not classified,False,
success,0796fcc0-658e-4767-8be0-f2350eb69768,/opt/nuclio/shared_storage/test/8/mnist_8_test_00416.png,"{'skeletonization_time_ms': 39.684042, 'contour_analysis_time_ms': 795.937792, 'classification_time_ms': 320.641292}",8,6,False,
success,cb59321e-e817-474c-82a5-90f34cc111a5,/opt/nuclio/shared_storage/test/9/mnist_9_test_00137.png,"{'skeletonization_time_ms': 32.442542, 'contour_analysis_time_ms': 410.500417, 'classification_time_ms': 454.890875}",9,7,False,
success,cad3b030-554f-4cba-842f-076567e67b16,/opt/nuclio/shared_storage/test/8/mnist_8_00413.png,"{'skeletonization_time_ms': 108.127375, 'contour_analysis_time_ms': 360.195541, 'classification_time_ms': 1163.831293}",8,not classified,False,
success,c2d049e8-eeff-4bd3-aaeb-eec1d6436f2d,/opt/nuclio/shared_storage/test/8/mnist_8_test_00470.png,"{'skeletonization_time_ms': 33.129708, 'contour_analysis_time_ms': 762.477125, 'classification_time_ms': 398.571626}",8,9,False,
success,346fb0e7-a06c-44c7-ab1e-1d35bd7dc308,/opt/nuclio/shared_storage/test/8/mnist_8_test_00577.png,"{'skeletonization_time_ms': 30.275375, 'contour_analysis_time_ms': 615.150875, 'classification_time_ms': 170.993875}",8,7,False,
success,806e14ca-a0b2-4aff-a3db-6f9e0dc8be6f,/opt/nuclio/shared_storage/test/8/mnist_8_test_00074.png,"{'skeletonization_time_ms': 79.363625, 'contour_analysis_time_ms': 665.831292, 'classification_time_ms': 823.481792}",8,9,False,
success,c68b8a26-c2a4-473e-ba6b-632157f27f4e,/opt/nuclio/shared_storage/test/8/mnist_8_test_00766.png,"{'skeletonization_time_ms': 112.529584, 'contour_analysis_time_ms': 468.039958, 'classification_time_ms': 1019.745667}",8,6,False,
success,c94326b9-cbd4-4567-a9d7-508e67337e0f,/opt/nuclio/shared_storage/test/8/mnist_8_00270.png,"{'skeletonization_time_ms': 55.749334, 'contour_analysis_time_ms': 872.269459, 'classification_time_ms': 1572.392043}",8,not classified,False,
success,2e2e66e0-27c7-468a-b734-dd514600204e,/opt/nuclio/shared_storage/test/8/mnist_8_test_00658.png,"{'skeletonization_time_ms': 56.696292, 'contour_analysis_time_ms': 1226.298209, 'classification_time_ms': 620.564792}",8,not classified,False,
success,cca526d9-49df-44c1-8ec4-19d1e4b3fda5,/opt/nuclio/shared_storage/test/8/mnist_8_test_00071.png,"{'skeletonization_time_ms': 43.167666, 'contour_analysis_time_ms': 346.331376, 'classification_time_ms': 603.796417}",8,not classified,False,
success,7a05dc90-028a-4bd8-bbc6-2b1d9807d2a6,/opt/nuclio/shared_storage/test/8/mnist_8_test_00615.png,"{'skeletonization_time_ms': 88.882084, 'contour_analysis_time_ms': 588.8015, 'classification_time_ms': 130.115292}",8,9,False,
success,fc7919da-82ce-4733-b058-5cbfd7ef401e,/opt/nuclio/shared_storage/test/8/mnist_8_00117.png,"{'skeletonization_time_ms': 75.709458, 'contour_analysis_time_ms': 181.661125, 'classification_time_ms': 156.409417}",8,not classified,False,
success,891119ac-081d-429a-9fb6-63cef92b7b77,/opt/nuclio/shared_storage/test/8/mnist_8_test_00213.png,"{'skeletonization_time_ms': 39.612209, 'contour_analysis_time_ms': 376.611417, 'classification_time_ms': 285.398084}",8,7,False,
success,2f6fb444-6229-4539-8b55-641059fceceb,/opt/nuclio/shared_storage/test/9/mnist_9_test_00109.png,"{'skeletonization_time_ms': 33.929542, 'contour_analysis_time_ms': 514.749834, 'classification_time_ms': 219.20725}",9,4,False,
success,bb9ca4d5-38f0-43ff-8474-f847f3ffc467,/opt/nuclio/shared_storage/test/8/mnist_8_test_00276.png,"{'skeletonization_time_ms': 45.082417, 'contour_analysis_time_ms': 347.081417, 'classification_time_ms': 667.199736}",8,6,False,
success,a5e54056-aecf-44b3-8198-fb52f41a5b3c,/opt/nuclio/shared_storage/test/8/mnist_8_00099.png,"{'skeletonization_time_ms': 157.43575, 'contour_analysis_time_ms': 640.701236, 'classification_time_ms': 148.699417}",8,9,False,
success,14e20d8f-1d91-480b-b2e0-53fdc1f7468f,/opt/nuclio/shared_storage/test/8/mnist_8_test_00461.png,"{'skeletonization_time_ms': 29.645917, 'contour_analysis_time_ms': 287.765, 'classification_time_ms': 325.030292}",8,9,False,
success,e280947e-aa1a-4411-8804-751ff4425f9c,/opt/nuclio/shared_storage/test/8/mnist_8_test_00774.png,"{'skeletonization_time_ms': 43.444792, 'contour_analysis_time_ms': 471.150125, 'classification_time_ms': 470.229791}",8,6,False,
success,00aeceb5-b36e-4b1b-a074-76881dbdc493,/opt/nuclio/shared_storage/test/8/mnist_8_test_00207.png,"{'skeletonization_time_ms': 38.674958, 'contour_analysis_time_ms': 661.906334, 'classification_time_ms': 111.488167}",8,4,False,
success,3aa3a352-0852-466e-9897-554b3f412f42,/opt/nuclio/shared_storage/test/8/mnist_8_test_00471.png,"{'skeletonization_time_ms': 51.56575, 'contour_analysis_time_ms': 224.585958, 'classification_time_ms': 352.094417}",8,not classified,False,
success,32cc883f-3772-45c2-bd42-48dc2f0514ca,/opt/nuclio/shared_storage/test/8/mnist_8_test_00665.png,"{'skeletonization_time_ms': 40.222792, 'contour_analysis_time_ms': 405.703584, 'classification_time_ms': 343.911667}",8,not classified,False,
success,95ceef90-5cb6-4a1c-a06e-d7bac5c110fe,/opt/nuclio/shared_storage/test/8/mnist_8_test_00506.png,"{'skeletonization_time_ms': 94.231083, 'contour_analysis_time_ms': 478.534875, 'classification_time_ms': 108.318}",8,5,False,
success,2553ddac-48ec-4931-8286-e744489b6600,/opt/nuclio/shared_storage/test/8/mnist_8_test_00063.png,"{'skeletonization_time_ms': 45.811833, 'contour_analysis_time_ms': 336.118001, 'classification_time_ms': 307.881042}",8,not classified,False,
success,22e27779-7cc2-47ba-9c96-023f4ea77811,/opt/nuclio/shared_storage/test/8/mnist_8_test_00739.png,"{'skeletonization_time_ms': 70.248, 'contour_analysis_time_ms': 260.342042, 'classification_time_ms': 588.419375}",8,9,False,
success,88394551-659b-484b-a22a-2a72d557b23d,/opt/nuclio/shared_storage/test/8/mnist_8_00411.png,"{'skeletonization_time_ms': 27.947333, 'contour_analysis_time_ms': 508.165708, 'classification_time_ms': 138.522667}",8,4,False,
success,2c637bd3-f503-4416-94f6-55da36148ea6,/opt/nuclio/shared_storage/test/8/mnist_8_test_00204.png,"{'skeletonization_time_ms': 49.432209, 'contour_analysis_time_ms': 828.6335, 'classification_time_ms': 352.481625}",8,6,False,
success,e8775ea8-f105-458a-b8ce-4d2d8c23d43a,/opt/nuclio/shared_storage/test/8/mnist_8_test_00107.png,"{'skeletonization_time_ms': 135.470458, 'contour_analysis_time_ms': 615.157584, 'classification_time_ms': 279.090084}",8,6,False,
success,b57336d6-9a39-4857-9616-9bd47a8f1138,/opt/nuclio/shared_storage/test/8/mnist_8_test_00301.png,"{'skeletonization_time_ms': 38.878584, 'contour_analysis_time_ms': 228.963208, 'classification_time_ms': 867.0855}",8,6,False,
success,4c6ca01a-9cc8-49c8-8ecd-b7c31eb08d29,/opt/nuclio/shared_storage/test/8/mnist_8_00162.png,"{'skeletonization_time_ms': 40.160167, 'contour_analysis_time_ms': 517.541042, 'classification_time_ms': 486.833125}",8,not classified,False,
success,29e5e568-f8ba-4101-b5bd-866ddfe08b4a,/opt/nuclio/shared_storage/test/9/mnist_9_test_00291.png,"{'skeletonization_time_ms': 30.009375, 'contour_analysis_time_ms': 300.088084, 'classification_time_ms': 221.349209}",9,7,False,
success,8a9ceb18-a9f0-424b-802b-e695555ab6b4,/opt/nuclio/shared_storage/test/8/mnist_8_test_00311.png,"{'skeletonization_time_ms': 102.624958, 'contour_analysis_time_ms': 245.693125, 'classification_time_ms': 568.267584}",8,6,False,
success,803c6abd-e742-4f3f-95aa-d6bd37558533,/opt/nuclio/shared_storage/test/8/mnist_8_test_00260.png,"{'skeletonization_time_ms': 42.188084, 'contour_analysis_time_ms': 415.759834, 'classification_time_ms': 278.636959}",8,6,False,
success,9af7e96b-2763-4e98-81c8-cffe82f93c48,/opt/nuclio/shared_storage/test/8/mnist_8_test_00563.png,"{'skeletonization_time_ms': 72.126125, 'contour_analysis_time_ms': 242.309459, 'classification_time_ms': 98.580084}",8,4,False,
success,80c3f771-3b4c-4fcd-9e48-cc3c01aa90c5,/opt/nuclio/shared_storage/test/8/mnist_8_test_00098.png,"{'skeletonization_time_ms': 98.097167, 'contour_analysis_time_ms': 297.518458, 'classification_time_ms': 367.38275}",8,not classified,False,
success,d44e0c20-ff0b-4ff1-9648-690926c26d9d,/opt/nuclio/shared_storage/test/9/mnist_9_test_00294.png,"{'skeletonization_time_ms': 32.589542, 'contour_analysis_time_ms': 500.129667, 'classification_time_ms': 110.967}",9,7,False,
success,b18e30d9-9b1a-42e7-ace8-b144d6fd3b9b,/opt/nuclio/shared_storage/test/8/mnist_8_test_00539.png,"{'skeletonization_time_ms': 50.109167, 'contour_analysis_time_ms': 499.440625, 'classification_time_ms': 323.734334}",8,6,False,
success,bdcd51b1-8906-4178-aa10-3a9c6bbbb93e,/opt/nuclio/shared_storage/test/8/mnist_8_00367.png,"{'skeletonization_time_ms': 65.032458, 'contour_analysis_time_ms': 436.56125, 'classification_time_ms': 319.797333}",8,not classified,False,
success,92b69c61-e433-4950-ad1e-1755452937d8,/opt/nuclio/shared_storage/test/8/mnist_8_test_00472.png,"{'skeletonization_time_ms': 71.702333, 'contour_analysis_time_ms': 576.117459, 'classification_time_ms': 452.520083}",8,6,False,
success,dfe4e6e1-0fbd-43db-899f-de1fa038eea7,/opt/nuclio/shared_storage/test/9/mnist_9_00792.png,"{'skeletonization_time_ms': 76.879417, 'contour_analysis_time_ms': 520.230834, 'classification_time_ms': 464.154334}",9,4,False,
success,840b94e7-ff8a-431f-9eb0-f4b1f266cb78,/opt/nuclio/shared_storage/test/8/mnist_8_test_00117.png,"{'skeletonization_time_ms': 32.177792, 'contour_analysis_time_ms': 520.885917, 'classification_time_ms': 656.720751}",8,6,False,
success,3d632289-77f9-40e0-b387-48b0338c62e7,/opt/nuclio/shared_storage/test/8/mnist_8_test_00698.png,"{'skeletonization_time_ms': 47.005667, 'contour_analysis_time_ms': 1651.173626, 'classification_time_ms': 676.021126}",8,4,False,
success,3b3af2b4-614b-4f61-963d-24e34e0ad854,/opt/nuclio/shared_storage/test/8/mnist_8_test_00300.png,"{'skeletonization_time_ms': 36.044583, 'contour_analysis_time_ms': 493.981417, 'classification_time_ms': 157.160666}",8,7,False,
success,ef282f6e-3fa5-4484-9580-41e017f1fd40,/opt/nuclio/shared_storage/test/8/mnist_8_test_00310.png,"{'skeletonization_time_ms': 32.790334, 'contour_analysis_time_ms': 352.78275, 'classification_time_ms': 307.543292}",8,6,False,
success,566df0b9-62b5-446a-9c93-2ec95068fcad,/opt/nuclio/shared_storage/test/9/mnist_9_test_00153.png,"{'skeletonization_time_ms': 43.796792, 'contour_analysis_time_ms': 456.754542, 'classification_time_ms': 130.64375}",9,4,False,
success,aee18124-938b-4f25-897b-b256412ccdcb,/opt/nuclio/shared_storage/test/8/mnist_8_test_00449.png,"{'skeletonization_time_ms': 57.782333, 'contour_analysis_time_ms': 343.774583, 'classification_time_ms': 446.137458}",8,6,False,
success,b60cac82-3b65-4d2e-9ec6-240fb9a936cb,/opt/nuclio/shared_storage/test/8/mnist_8_test_00112.png,"{'skeletonization_time_ms': 79.683125, 'contour_analysis_time_ms': 465.263292, 'classification_time_ms': 498.164792}",8,4,False,
success,f4573cb4-d910-468a-bdb4-7f17eedd158b,/opt/nuclio/shared_storage/test/8/mnist_8_test_00070.png,"{'skeletonization_time_ms': 52.851917, 'contour_analysis_time_ms': 611.47875, 'classification_time_ms': 787.595334}",8,not classified,False,
success,b41fc103-33e6-47b8-ba57-d6208756e0c6,/opt/nuclio/shared_storage/test/8/mnist_8_00217.png,"{'skeletonization_time_ms': 40.623083, 'contour_analysis_time_ms': 240.484042, 'classification_time_ms': 410.816042}",8,not classified,False,
success,cad4d451-b515-4bff-8090-910c33f1b7c0,/opt/nuclio/shared_storage/test/8/mnist_8_test_00660.png,"{'skeletonization_time_ms': 44.299375, 'contour_analysis_time_ms': 311.001625, 'classification_time_ms': 2265.126168}",8,6,False,
success,ec05238b-a082-4a8f-ba09-0137d4d68a4d,/opt/nuclio/shared_storage/test/8/mnist_8_test_00503.png,"{'skeletonization_time_ms': 37.416708, 'contour_analysis_time_ms': 554.891376, 'classification_time_ms': 332.281083}",8,6,False,
success,a7f8dcd9-1b7a-4bbf-8f6a-48f4a47bd56a,/opt/nuclio/shared_storage/test/8/mnist_8_test_00448.png,"{'skeletonization_time_ms': 70.867875, 'contour_analysis_time_ms': 920.686042, 'classification_time_ms': 671.67}",8,7,False,
success,fcd9ce00-39b0-4413-b30d-3f686cbf1ae9,/opt/nuclio/shared_storage/test/8/mnist_8_test_00706.png,"{'skeletonization_time_ms': 53.502334, 'contour_analysis_time_ms': 224.8255, 'classification_time_ms': 392.337584}",8,not classified,False,
success,be55539a-2ba6-4b0d-8164-162c67242d9f,/opt/nuclio/shared_storage/test/8/mnist_8_test_00198.png,"{'skeletonization_time_ms': 48.184959, 'contour_analysis_time_ms': 557.199959, 'classification_time_ms': 270.007334}",8,not classified,False,
success,70f35170-7e8d-4883-9db8-bead9bf8e2bc,/opt/nuclio/shared_storage/test/9/mnist_9_00759.png,"{'skeletonization_time_ms': 204.045625, 'contour_analysis_time_ms': 964.380917, 'classification_time_ms': 461.594736}",9,7,False,
success,2ee96c96-741a-429c-8812-aacbc377cf6f,/opt/nuclio/shared_storage/test/8/mnist_8_test_00066.png,"{'skeletonization_time_ms': 32.301375, 'contour_analysis_time_ms': 1904.069445, 'classification_time_ms': 955.119583}",8,6,False,
success,0284e0a7-5eaa-4663-8a6a-71fd05d24ee4,/opt/nuclio/shared_storage/test/8/mnist_8_test_00514.png,"{'skeletonization_time_ms': 82.292459, 'contour_analysis_time_ms': 2243.933751, 'classification_time_ms': 613.955126}",8,2,False,
success,c5a2f8e6-1e04-474b-9f40-95eee577cb0b,/opt/nuclio/shared_storage/test/8/mnist_8_00004.png,"{'skeletonization_time_ms': 38.681959, 'contour_analysis_time_ms': 872.867501, 'classification_time_ms': 1103.938626}",8,9,False,
success,fa07ffb0-3529-4340-9f9d-1566eca0ca89,/opt/nuclio/shared_storage/test/8/mnist_8_test_00328.png,"{'skeletonization_time_ms': 161.022333, 'contour_analysis_time_ms': 664.476376, 'classification_time_ms': 1124.374043}",8,6,False,
success,f5a1a9ba-7f0d-42e1-9f0a-3b71fe4e2cb6,/opt/nuclio/shared_storage/test/8/mnist_8_test_00275.png,"{'skeletonization_time_ms': 32.409167, 'contour_analysis_time_ms': 484.590125, 'classification_time_ms': 986.944292}",8,6,False,
success,058b0081-39b6-460e-9c90-7aba484672a6,/opt/nuclio/shared_storage/test/8/mnist_8_test_00248.png,"{'skeletonization_time_ms': 45.083583, 'contour_analysis_time_ms': 693.471292, 'classification_time_ms': 459.612333}",8,6,False,
success,b3dc0155-08f7-4667-baf2-397cd38847a2,/opt/nuclio/shared_storage/test/9/mnist_9_test_00347.png,"{'skeletonization_time_ms': 128.935333, 'contour_analysis_time_ms': 795.021459, 'classification_time_ms': 293.087376}",9,7,False,
success,15d2fbd1-e758-4f9d-ae54-ec4bfb5a7ce2,/opt/nuclio/shared_storage/test/8/mnist_8_test_00688.png,"{'skeletonization_time_ms': 68.59475, 'contour_analysis_time_ms': 1101.674958, 'classification_time_ms': 651.541125}",8,4,False,
success,ff10e3d0-2f29-45d7-bbbe-53680175454e,/opt/nuclio/shared_storage/test/8/mnist_8_test_00065.png,"{'skeletonization_time_ms': 50.388625, 'contour_analysis_time_ms': 531.031042, 'classification_time_ms': 413.490319}",8,4,False,
success,9c55c35d-dce5-4b41-bd94-e148c34db1fb,/opt/nuclio/shared_storage/test/8/mnist_8_test_00529.png,"{'skeletonization_time_ms': 61.762542, 'contour_analysis_time_ms': 482.117416, 'classification_time_ms': 424.138125}",8,not classified,False,
success,b2b64068-e190-4dce-8f74-91145b2a46f2,/opt/nuclio/shared_storage/test/9/mnist_9_00068.png,"{'skeletonization_time_ms': 49.2555, 'contour_analysis_time_ms': 802.737375, 'classification_time_ms': 252.223709}",9,4,False,
success,e3587e0a-5b3e-4328-9cf2-a64a982387db,/opt/nuclio/shared_storage/test/8/mnist_8_00161.png,"{'skeletonization_time_ms': 28.114333, 'contour_analysis_time_ms': 382.654417, 'classification_time_ms': 236.39475}",8,9,False,
success,94ff536c-7289-4805-b00e-09b6b32a27f9,/opt/nuclio/shared_storage/test/8/mnist_8_00398.png,"{'skeletonization_time_ms': 45.75975, 'contour_analysis_time_ms': 235.645792, 'classification_time_ms': 549.161292}",8,not classified,False,
success,59782be9-65e0-42df-9d47-d01204397659,/opt/nuclio/shared_storage/test/8/mnist_8_test_00501.png,"{'skeletonization_time_ms': 42.501541, 'contour_analysis_time_ms': 323.7625, 'classification_time_ms': 706.617167}",8,6,False,
success,a83729ec-cb1a-4c36-9b49-3da7be2dc1e8,/opt/nuclio/shared_storage/test/8/mnist_8_test_00477.png,"{'skeletonization_time_ms': 47.077875, 'contour_analysis_time_ms': 508.83975, 'classification_time_ms': 929.383125}",8,not classified,False,
success,d29cf1f2-5534-45a9-8a39-2758d88aaeee,/opt/nuclio/shared_storage/test/9/mnist_9_test_00331.png,"{'skeletonization_time_ms': 44.105875, 'contour_analysis_time_ms': 249.626292, 'classification_time_ms': 95.832667}",9,1,False,
success,2951656c-f78e-403b-9e54-e0e69e9fca8e,/opt/nuclio/shared_storage/test/8/mnist_8_test_00677.png,"{'skeletonization_time_ms': 61.279708, 'contour_analysis_time_ms': 220.450458, 'classification_time_ms': 312.971417}",8,6,False,
success,fa9ce180-fc52-4aa4-b30a-3cc977d63c12,/opt/nuclio/shared_storage/test/9/mnist_9_test_00283.png,"{'skeletonization_time_ms': 46.247541, 'contour_analysis_time_ms': 254.43025, 'classification_time_ms': 282.424417}",9,7,False,
success,1876dfb1-6623-4b44-b17f-3d61d2331cdd,/opt/nuclio/shared_storage/test/8/mnist_8_00410.png,"{'skeletonization_time_ms': 129.7075, 'contour_analysis_time_ms': 199.169375, 'classification_time_ms': 670.776959}",8,2,False,
success,58022329-6e93-4295-980b-01bab3217642,/opt/nuclio/shared_storage/test/9/mnist_9_test_00035.png,"{'skeletonization_time_ms': 57.030167, 'contour_analysis_time_ms': 253.849667, 'classification_time_ms': 228.460333}",9,7,False,
success,18b62d70-26f3-4383-b0b3-0321d426750b,/opt/nuclio/shared_storage/test/9/mnist_9_test_00187.png,"{'skeletonization_time_ms': 42.729083, 'contour_analysis_time_ms': 360.48075, 'classification_time_ms': 158.217333}",9,4,False,
success,aa25f51b-41fb-4ba7-8d2a-a92c24135ea6,/opt/nuclio/shared_storage/test/9/mnist_9_test_00408.png,"{'skeletonization_time_ms': 75.487667, 'contour_analysis_time_ms': 288.456208, 'classification_time_ms': 333.612292}",9,7,False,
success,02775396-9450-4da8-bdd9-948eb5cad6d8,/opt/nuclio/shared_storage/test/9/mnist_9_test_00234.png,"{'skeletonization_time_ms': 44.9165, 'contour_analysis_time_ms': 288.686416, 'classification_time_ms': 149.519125}",9,5,False,
success,dc259c9b-87e6-4413-8dad-6bb8182a0985,/opt/nuclio/shared_storage/test/9/mnist_9_00082.png,"{'skeletonization_time_ms': 35.8775, 'contour_analysis_time_ms': 578.544458, 'classification_time_ms': 454.651084}",9,6,False,
success,85c94eb4-b9a8-4429-a3ee-a0507d315d27,/opt/nuclio/shared_storage/test/9/mnist_9_test_00133.png,"{'skeletonization_time_ms': 56.288792, 'contour_analysis_time_ms': 622.929834, 'classification_time_ms': 112.189292}",9,7,False,
success,3dbc38af-b24b-47e3-8ed3-03aad9638193,/opt/nuclio/shared_storage/test/9/mnist_9_test_00169.png,"{'skeletonization_time_ms': 96.059625, 'contour_analysis_time_ms': 419.405292, 'classification_time_ms': 193.645333}",9,7,False,
success,e06bb2de-906f-49fb-881a-095d1188fc02,/opt/nuclio/shared_storage/test/9/mnist_9_test_00223.png,"{'skeletonization_time_ms': 73.375291, 'contour_analysis_time_ms': 251.16675, 'classification_time_ms': 390.006125}",9,7,False,
success,275c788d-4e9d-4bc6-8da7-87dc70aa46a7,/opt/nuclio/shared_storage/test/8/mnist_8_test_00258.png,"{'skeletonization_time_ms': 546.978875, 'contour_analysis_time_ms': 240.392167, 'classification_time_ms': 267.176084}",8,6,False,
success,ea52c20b-ee4e-4d43-9cd7-480376ba2b63,/opt/nuclio/shared_storage/test/8/mnist_8_test_00264.png,"{'skeletonization_time_ms': 120.532583, 'contour_analysis_time_ms': 296.739084, 'classification_time_ms': 316.44575}",8,2,False,
success,1d6f20a3-1b44-404d-a80a-5567e515ba4b,/opt/nuclio/shared_storage/test/9/mnist_9_test_00275.png,"{'skeletonization_time_ms': 47.881416, 'contour_analysis_time_ms': 258.957166, 'classification_time_ms': 267.612292}",9,5,False,
success,084cdfce-f597-4480-b82f-511e6c9b595a,/opt/nuclio/shared_storage/test/8/mnist_8_00400.png,"{'skeletonization_time_ms': 59.734, 'contour_analysis_time_ms': 240.444626, 'classification_time_ms': 429.283125}",8,6,False,
success,85859ab3-a4ce-46d2-a3a6-31bbace47b57,/opt/nuclio/shared_storage/test/9/mnist_9_test_00278.png,"{'skeletonization_time_ms': 308.293667, 'contour_analysis_time_ms': 201.122833, 'classification_time_ms': 307.592959}",9,5,False,
success,533f8eb8-41d6-4bcf-8965-a4bfbcd274f7,/opt/nuclio/shared_storage/test/9/mnist_9_test_00159.png,"{'skeletonization_time_ms': 35.2325, 'contour_analysis_time_ms': 358.490751, 'classification_time_ms': 131.878042}",9,5,False,
success,b200f404-d115-46f3-8fbd-389cbb98728e,/opt/nuclio/shared_storage/test/9/mnist_9_test_00309.png,"{'skeletonization_time_ms': 35.947125, 'contour_analysis_time_ms': 312.283792, 'classification_time_ms': 755.363709}",9,5,False,
success,f8f2727a-9857-4a39-be1f-df35f551106c,/opt/nuclio/shared_storage/test/9/mnist_9_test_00135.png,"{'skeletonization_time_ms': 52.586542, 'contour_analysis_time_ms': 246.958083, 'classification_time_ms': 135.541583}",9,4,False,
success,1fe78af9-cedf-4352-8945-3491b5920326,/opt/nuclio/shared_storage/test/9/mnist_9_test_00354.png,"{'skeletonization_time_ms': 39.463167, 'contour_analysis_time_ms': 190.125708, 'classification_time_ms': 231.379792}",9,5,False,
success,95023604-8fbc-4bf4-b629-9fb19e20bf3a,/opt/nuclio/shared_storage/test/9/mnist_9_test_00339.png,"{'skeletonization_time_ms': 42.749959, 'contour_analysis_time_ms': 192.722375, 'classification_time_ms': 145.523084}",9,5,False,
success,b2140a6e-c830-492c-bf85-9d0d2697b387,/opt/nuclio/shared_storage/test/9/mnist_9_test_00297.png,"{'skeletonization_time_ms': 158.146834, 'contour_analysis_time_ms': 287.380417, 'classification_time_ms': 173.673751}",9,7,False,
success,e99bcdab-77a6-45e8-9e4a-e78ba4f68c9a,/opt/nuclio/shared_storage/test/9/mnist_9_00442.png,"{'skeletonization_time_ms': 62.090083, 'contour_analysis_time_ms': 200.330792, 'classification_time_ms': 202.598458}",9,not classified,False,
success,423095bd-b41a-4d22-ba10-504ea20f7b4b,/opt/nuclio/shared_storage/test/9/mnist_9_test_00043.png,"{'skeletonization_time_ms': 83.786875, 'contour_analysis_time_ms': 212.787292, 'classification_time_ms': 184.68175}",9,5,False,
success,5b24b7b6-fa74-40ba-bddd-b55b4b33dae6,/opt/nuclio/shared_storage/test/9/mnist_9_00414.png,"{'skeletonization_time_ms': 30.770083, 'contour_analysis_time_ms': 713.321583, 'classification_time_ms': 143.444792}",9,7,False,
success,3cdea99f-6790-42bb-a6a7-49b70d018e2e,/opt/nuclio/shared_storage/test/9/mnist_9_test_00391.png,"{'skeletonization_time_ms': 30.83275, 'contour_analysis_time_ms': 330.352584, 'classification_time_ms': 117.071209}",9,1,False,
success,322e4186-8b89-4026-abc6-d739647b7e48,/opt/nuclio/shared_storage/test/9/mnist_9_test_00001.png,"{'skeletonization_time_ms': 34.754291, 'contour_analysis_time_ms': 287.817125, 'classification_time_ms': 226.081083}",9,4,False,
success,3064ea28-1107-4d5a-8d70-541344f171ac,/opt/nuclio/shared_storage/test/9/mnist_9_test_00377.png,"{'skeletonization_time_ms': 195.701417, 'contour_analysis_time_ms': 539.352334, 'classification_time_ms': 294.428917}",9,7,False,
success,1941f494-e29d-40dc-925d-b4308907b318,/opt/nuclio/shared_storage/test/9/mnist_9_00562.png,"{'skeletonization_time_ms': 37.231042, 'contour_analysis_time_ms': 448.939291, 'classification_time_ms': 269.880875}",9,4,False,
success,314f8b21-ec74-4530-a47c-0c04a6002de3,/opt/nuclio/shared_storage/test/9/mnist_9_test_00154.png,"{'skeletonization_time_ms': 33.688459, 'contour_analysis_time_ms': 199.191667, 'classification_time_ms': 150.006959}",9,1,False,
success,8293de0d-40ec-4de3-a59a-dd1cf2b29b06,/opt/nuclio/shared_storage/test/9/mnist_9_00420.png,"{'skeletonization_time_ms': 70.322208, 'contour_analysis_time_ms': 168.749709, 'classification_time_ms': 63.419125}",9,4,False,
success,0fa9cee5-3ad4-4c14-9b2e-9d467bb48b8b,/opt/nuclio/shared_storage/test/9/mnist_9_test_00381.png,"{'skeletonization_time_ms': 60.923875, 'contour_analysis_time_ms': 179.794958, 'classification_time_ms': 130.979}",9,7,False,
success,31141512-5397-4740-af63-510bd304dac2,/opt/nuclio/shared_storage/test/9/mnist_9_test_00111.png,"{'skeletonization_time_ms': 56.375167, 'contour_analysis_time_ms': 261.47725, 'classification_time_ms': 125.590666}",9,7,False,
success,970531d0-9647-44b0-87d3-321da13a69c8,/opt/nuclio/shared_storage/test/9/mnist_9_test_00172.png,"{'skeletonization_time_ms': 32.168042, 'contour_analysis_time_ms': 177.704334, 'classification_time_ms': 105.623791}",9,7,False,
success,bd282c04-3742-4e84-abaa-07cf5755cee4,/opt/nuclio/shared_storage/test/9/mnist_9_00887.png,"{'skeletonization_time_ms': 32.606125, 'contour_analysis_time_ms': 438.246917, 'classification_time_ms': 204.0185}",9,4,False,
success,468d7ea7-90a6-4370-8acf-75bb61f998c7,/opt/nuclio/shared_storage/test/9/mnist_9_test_00134.png,"{'skeletonization_time_ms': 33.768167, 'contour_analysis_time_ms': 373.500583, 'classification_time_ms': 281.024834}",9,4,False,
success,243db436-2e6b-434b-b4fd-565d1b70d5cc,/opt/nuclio/shared_storage/test/9/mnist_9_test_00018.png,"{'skeletonization_time_ms': 47.277458, 'contour_analysis_time_ms': 345.865083, 'classification_time_ms': 54.44075}",9,7,False,
success,60d8755e-c79d-4baa-a93d-a68ab0724d9f,/opt/nuclio/shared_storage/test/9/mnist_9_test_00006.png,"{'skeletonization_time_ms': 64.504, 'contour_analysis_time_ms': 602.832792, 'classification_time_ms': 382.148792}",9,4,False,
success,8b432e02-27fd-402a-8a65-759673b7319b,/opt/nuclio/shared_storage/test/9/mnist_9_00528.png,"{'skeletonization_time_ms': 110.009042, 'contour_analysis_time_ms': 219.773791, 'classification_time_ms': 355.901292}",9,7,False,
success,2f44bc75-aace-4c08-a93f-be69d8ae1593,/opt/nuclio/shared_storage/test/9/mnist_9_test_00239.png,"{'skeletonization_time_ms': 44.595542, 'contour_analysis_time_ms': 415.394876, 'classification_time_ms': 237.510416}",9,7,False,
success,893cc9f6-9927-463c-b386-525075dcf54c,/opt/nuclio/shared_storage/test/9/mnist_9_00814.png,"{'skeletonization_time_ms': 40.087208, 'contour_analysis_time_ms': 722.417834, 'classification_time_ms': 1089.774584}",9,1,False,
success,861952f9-086c-4d49-b76c-ce87255519fb,/opt/nuclio/shared_storage/test/9/mnist_9_test_00156.png,"{'skeletonization_time_ms': 132.371417, 'contour_analysis_time_ms': 1526.424959, 'classification_time_ms': 214.479458}",9,5,False,
success,f9020f3a-1d6c-48ad-ac95-909cae4e45d2,/opt/nuclio/shared_storage/test/9/mnist_9_test_00217.png,"{'skeletonization_time_ms': 34.001083, 'contour_analysis_time_ms': 278.095417, 'classification_time_ms': 506.359417}",9,7,False,
success,741f0265-c0db-4414-aed0-76fcd337b66a,/opt/nuclio/shared_storage/test/9/mnist_9_test_00099.png,"{'skeletonization_time_ms': 33.799167, 'contour_analysis_time_ms': 460.387667, 'classification_time_ms': 242.565459}",9,5,False,
success,66deee37-2bbb-473f-96ca-43c83ab40cbc,/opt/nuclio/shared_storage/test/9/mnist_9_test_00221.png,"{'skeletonization_time_ms': 57.674, 'contour_analysis_time_ms': 246.399042, 'classification_time_ms': 147.583459}",9,7,False,
success,1ee88302-7f02-4155-9427-0d56e34e69d2,/opt/nuclio/shared_storage/test/9/mnist_9_test_00259.png,"{'skeletonization_time_ms': 67.161584, 'contour_analysis_time_ms': 383.448208, 'classification_time_ms': 268.753792}",9,4,False,
success,eb5f6e9e-80eb-47e7-bf2e-10dd79747b6a,/opt/nuclio/shared_storage/test/9/mnist_9_test_00145.png,"{'skeletonization_time_ms': 83.310792, 'contour_analysis_time_ms': 299.51075, 'classification_time_ms': 156.733667}",9,5,False,
success,b24c06d2-f85a-442e-afd2-57b6a6850228,/opt/nuclio/shared_storage/test/9/mnist_9_test_00229.png,"{'skeletonization_time_ms': 26.375541, 'contour_analysis_time_ms': 221.146125, 'classification_time_ms': 71.584208}",9,7,False,
success,ebc57f95-efd0-48b8-83be-edf6e786acd9,/opt/nuclio/shared_storage/test/9/mnist_9_00832.png,"{'skeletonization_time_ms': 29.34075, 'contour_analysis_time_ms': 250.165833, 'classification_time_ms': 215.374625}",9,4,False,
success,33b329fd-154d-4056-ba53-0bdf4665d968,/opt/nuclio/shared_storage/test/9/mnist_9_00622.png,"{'skeletonization_time_ms': 29.716042, 'contour_analysis_time_ms': 248.041208, 'classification_time_ms': 39.093959}",9,7,False,
success,417a8b84-aa10-4950-b52e-8a2dbba23ee1,/opt/nuclio/shared_storage/test/9/mnist_9_test_00260.png,"{'skeletonization_time_ms': 22.658125, 'contour_analysis_time_ms': 167.292125, 'classification_time_ms': 8.137833}",9,1,False,
success,34ecce83-7f84-4fd6-a6c0-99d02644468a,/opt/nuclio/shared_storage/test/9/mnist_9_test_00231.png,"{'skeletonization_time_ms': 95.394417, 'contour_analysis_time_ms': 590.046084, 'classification_time_ms': 135.544083}",9,not classified,False,
success,20a7b585-8218-427c-b7da-0effdfde2b12,/opt/nuclio/shared_storage/test/9/mnist_9_00977.png,"{'skeletonization_time_ms': 230.729291, 'contour_analysis_time_ms': 209.439625, 'classification_time_ms': 332.786167}",9,4,False,
success,51999b92-1f14-4429-a289-3200074b540f,/opt/nuclio/shared_storage/test/9/mnist_9_test_00298.png,"{'skeletonization_time_ms': 35.231958, 'contour_analysis_time_ms': 416.94975, 'classification_time_ms': 294.921583}",9,2,False,
success,a9cf6759-4a2f-4149-970a-1f19d992908d,/opt/nuclio/shared_storage/test/9/mnist_9_test_00310.png,"{'skeletonization_time_ms': 47.799583, 'contour_analysis_time_ms': 1655.106792, 'classification_time_ms': 636.180709}",9,5,False,
success,509faa4d-2fc3-479a-9240-bbd371fc6ea6,/opt/nuclio/shared_storage/test/9/mnist_9_test_00128.png,"{'skeletonization_time_ms': 24.956167, 'contour_analysis_time_ms': 1136.024251, 'classification_time_ms': 27.711542}",9,1,False,
success,730f7d5b-b6da-4c21-b2c2-293ba0764a97,/opt/nuclio/shared_storage/test/9/mnist_9_test_00063.png,"{'skeletonization_time_ms': 45.86925, 'contour_analysis_time_ms': 290.216542, 'classification_time_ms': 148.11925}",9,7,False,
success,33a90ea2-3211-43a4-acd2-33249e80b9a5,/opt/nuclio/shared_storage/test/9/mnist_9_test_00023.png,"{'skeletonization_time_ms': 78.877584, 'contour_analysis_time_ms': 817.052709, 'classification_time_ms': 136.824291}",9,7,False,
success,1170fe8b-8cfe-40a3-9fae-5b33221efc9a,/opt/nuclio/shared_storage/test/9/mnist_9_test_00261.png,"{'skeletonization_time_ms': 30.9455, 'contour_analysis_time_ms': 263.888959, 'classification_time_ms': 69.117583}",9,4,False,
success,3f856abd-edd0-42e7-8f90-8b49421866c6,/opt/nuclio/shared_storage/test/9/mnist_9_test_00038.png,"{'skeletonization_time_ms': 34.644167, 'contour_analysis_time_ms': 185.119292, 'classification_time_ms': 97.482375}",9,4,False,
success,bc038656-6c77-4140-8f1c-77acb50bc8b4,/opt/nuclio/shared_storage/test/9/mnist_9_00670.png,"{'skeletonization_time_ms': 70.600667, 'contour_analysis_time_ms': 156.686917, 'classification_time_ms': 86.057625}",9,4,False,
success,369ce034-d2cc-4525-899e-e4fb04abf586,/opt/nuclio/shared_storage/test/9/mnist_9_test_00403.png,"{'skeletonization_time_ms': 203.905584, 'contour_analysis_time_ms': 151.6545, 'classification_time_ms': 165.744584}",9,4,False,
success,16b2998d-833b-4581-a6c2-a7e66e6b2bc8,/opt/nuclio/shared_storage/test/9/mnist_9_test_00189.png,"{'skeletonization_time_ms': 49.305459, 'contour_analysis_time_ms': 183.128167, 'classification_time_ms': 139.607042}",9,7,False,
success,0f0d0eaf-cc96-4620-a009-6e0fdaccade6,/opt/nuclio/shared_storage/test/9/mnist_9_test_00065.png,"{'skeletonization_time_ms': 52.683041, 'contour_analysis_time_ms': 244.200126, 'classification_time_ms': 159.67075}",9,5,False,
success,55317052-f932-444f-92ac-a777c7dc590e,/opt/nuclio/shared_storage/test/9/mnist_9_test_00011.png,"{'skeletonization_time_ms': 114.246084, 'contour_analysis_time_ms': 234.56325, 'classification_time_ms': 478.381042}",9,5,False,
success,8809545d-af99-47ab-97bf-bd3fcebf9a88,/opt/nuclio/shared_storage/test/9/mnist_9_00459.png,"{'skeletonization_time_ms': 90.34625, 'contour_analysis_time_ms': 530.192667, 'classification_time_ms': 121.279792}",9,7,False,
success,b978c884-5070-467b-84d3-0f8925a1ebcf,/opt/nuclio/shared_storage/test/9/mnist_9_test_00399.png,"{'skeletonization_time_ms': 78.084625, 'contour_analysis_time_ms': 150.632625, 'classification_time_ms': 77.394459}",9,7,False,
success,9bcf12cb-8c60-4d76-8a23-a6585d5f6829,/opt/nuclio/shared_storage/test/9/mnist_9_test_00107.png,"{'skeletonization_time_ms': 49.359834, 'contour_analysis_time_ms': 135.845125, 'classification_time_ms': 234.381708}",9,7,False,
success,2c1ac8b8-e87f-484e-8228-4384c9805c27,/opt/nuclio/shared_storage/test/9/mnist_9_00239.png,"{'skeletonization_time_ms': 36.420125, 'contour_analysis_time_ms': 340.16, 'classification_time_ms': 87.457917}",9,4,False,
success,2d3dab45-24d0-41e6-b460-3ab8a458c38c,/opt/nuclio/shared_storage/test/9/mnist_9_test_00302.png,"{'skeletonization_time_ms': 27.980542, 'contour_analysis_time_ms': 273.406, 'classification_time_ms': 97.804375}",9,7,False,
success,96e3066a-d903-4c61-8f7e-5d807b3a458b,/opt/nuclio/shared_storage/test/9/mnist_9_00076.png,"{'skeletonization_time_ms': 46.700875, 'contour_analysis_time_ms': 159.488041, 'classification_time_ms': 123.540917}",9,4,False,
success,0056b299-b9dd-4b2c-bbd3-d501bbe2e041,/opt/nuclio/shared_storage/test/9/mnist_9_test_00400.png,"{'skeletonization_time_ms': 32.297125, 'contour_analysis_time_ms': 326.935917, 'classification_time_ms': 182.193459}",9,7,False,
success,4b53a7c2-5d0a-4a42-9423-dc4d7d523e12,/opt/nuclio/shared_storage/test/9/mnist_9_test_00139.png,"{'skeletonization_time_ms': 34.485625, 'contour_analysis_time_ms': 172.877292, 'classification_time_ms': 214.805084}",9,5,False,
success,07e87df0-91d2-435a-a3d5-f1e8ed0dc206,/opt/nuclio/shared_storage/test/9/mnist_9_test_00249.png,"{'skeletonization_time_ms': 105.696833, 'contour_analysis_time_ms': 177.182584, 'classification_time_ms': 162.808584}",9,7,False,
success,c13b8fc7-9c20-4999-9b47-3b6c3211a8b5,/opt/nuclio/shared_storage/test/9/mnist_9_test_00088.png,"{'skeletonization_time_ms': 38.218416, 'contour_analysis_time_ms': 157.590625, 'classification_time_ms': 114.691959}",9,7,False,
success,ad6f45d3-e7ac-4190-b900-036988433746,/opt/nuclio/shared_storage/test/9/mnist_9_test_00317.png,"{'skeletonization_time_ms': 32.398292, 'contour_analysis_time_ms': 146.600875, 'classification_time_ms': 142.743583}",9,7,False,
success,e3121388-d0ca-4517-a67a-a55fc73af1ed,/opt/nuclio/shared_storage/test/9/mnist_9_test_00315.png,"{'skeletonization_time_ms': 33.613208, 'contour_analysis_time_ms': 183.306417, 'classification_time_ms': 151.550875}",9,4,False,
