status,image_id,image_path,profiling,expected,predicted,correct,error
success,a50ab64e-7617-4f05-8b56-729924cab582,/opt/nuclio/shared_storage/mnist_all/0/mnist_test_0_00870.png,"{'skeletonization_time_ms': 51.927292, 'contour_analysis_time_ms': 1325.4645, 'classification_time_ms': 171.703792}",0,not classified,False,
success,10620708-6196-459a-ae31-3f63c27a0a43,/opt/nuclio/shared_storage/mnist_all/0/mnist_test_0_00864.png,"{'skeletonization_time_ms': 191.112417, 'contour_analysis_time_ms': 1634.246459, 'classification_time_ms': 107.621625}",0,1,False,
success,9392bc4c-dfc7-47cc-96b5-57d1e44b63c3,/opt/nuclio/shared_storage/mnist_all/0/mnist_test_0_00045.png,"{'skeletonization_time_ms': 79.07075, 'contour_analysis_time_ms': 1016.796792, 'classification_time_ms': 676.197042}",0,9,False,
success,0aab55ec-f3b6-44da-a3af-d0b6389c84d6,/opt/nuclio/shared_storage/mnist_all/0/mnist_test_0_00535.png,"{'skeletonization_time_ms': 88.974292, 'contour_analysis_time_ms': 2330.462252, 'classification_time_ms': 721.714458}",0,6,False,
success,47ee8b1c-5491-4fad-88ca-f9fd04fe64fa,/opt/nuclio/shared_storage/mnist_all/0/mnist_test_0_00118.png,"{'skeletonization_time_ms': 196.386209, 'contour_analysis_time_ms': 691.627584, 'classification_time_ms': 1964.263168}",0,2,False,
success,effbd80c-74a0-4c60-b22e-2aa95b47ad11,/opt/nuclio/shared_storage/mnist_all/0/mnist_test_0_00442.png,"{'skeletonization_time_ms': 109.653125, 'contour_analysis_time_ms': 1489.584293, 'classification_time_ms': 664.763917}",0,6,False,
success,ff0cb1c5-a6f6-42e4-ae9d-164c25465a96,/opt/nuclio/shared_storage/mnist_all/0/mnist_test_0_00447.png,"{'skeletonization_time_ms': 119.877375, 'contour_analysis_time_ms': 706.995751, 'classification_time_ms': 622.474}",0,6,False,
success,e054b083-f971-4ed5-9fe5-563e4e671b3e,/opt/nuclio/shared_storage/mnist_all/0/mnist_test_0_00872.png,"{'skeletonization_time_ms': 76.885667, 'contour_analysis_time_ms': 742.616209, 'classification_time_ms': 773.188125}",0,6,False,
success,c4e2759b-a716-4292-8876-11664ff905cc,/opt/nuclio/shared_storage/mnist_all/0/mnist_test_0_00331.png,"{'skeletonization_time_ms': 68.767292, 'contour_analysis_time_ms': 1247.263293, 'classification_time_ms': 1602.698209}",0,not classified,False,
success,0bd7c668-473d-4466-bf16-7dfbca57a0e2,/opt/nuclio/shared_storage/mnist_all/0/mnist_test_0_00866.png,"{'skeletonization_time_ms': 79.96125, 'contour_analysis_time_ms': 998.582126, 'classification_time_ms': 49.13925}",0,1,False,
success,a691d46f-ef76-404d-b0a9-c84151d30431,/opt/nuclio/shared_storage/mnist_all/0/mnist_test_0_00123.png,"{'skeletonization_time_ms': 118.18275, 'contour_analysis_time_ms': 1162.264626, 'classification_time_ms': 893.439876}",0,6,False,
success,0f69a98c-2862-4b4d-a182-fcd4565dada3,/opt/nuclio/shared_storage/mnist_all/0/mnist_test_0_00522.png,"{'skeletonization_time_ms': 71.566458, 'contour_analysis_time_ms': 1284.410334, 'classification_time_ms': 122.924625}",0,1,False,
error,cea812bf-7935-435f-a330-1e48c79ee2e9,/opt/nuclio/shared_storage/mnist_all/1/mnist_test_1_00609.png,,1,,,DLQ
error,d06a7457-3bf7-4fcb-8279-ef24569ad201,/opt/nuclio/shared_storage/mnist_all/1/mnist_test_1_00657.png,,1,,,DLQ
error,927e90e8-5048-42f5-886a-7f9ac29c78aa,/opt/nuclio/shared_storage/mnist_all/1/mnist_test_1_00620.png,,1,,,DLQ
success,7df9664e-ab1b-4095-a62b-6c6493122428,/opt/nuclio/shared_storage/mnist_all/0/mnist_test_0_00536.png,"{'skeletonization_time_ms': 62.890958, 'contour_analysis_time_ms': 1020.474292, 'classification_time_ms': 702.029125}",0,6,False,
success,ebd42a05-ed69-4d86-9861-d0dd06163831,/opt/nuclio/shared_storage/mnist_all/0/mnist_test_0_00906.png,"{'skeletonization_time_ms': 104.056125, 'contour_analysis_time_ms': 741.78, 'classification_time_ms': 713.029167}",0,9,False,
error,f9302d13-5888-46da-a1c2-7ac499e3e3d0,/opt/nuclio/shared_storage/mnist_all/1/mnist_test_1_00745.png,,1,,,DLQ
success,64eda6ae-413c-4c73-9c8e-2d7a4d9668c2,/opt/nuclio/shared_storage/mnist_all/0/mnist_test_0_00334.png,"{'skeletonization_time_ms': 51.342667, 'contour_analysis_time_ms': 720.396792, 'classification_time_ms': 489.13975}",0,6,False,
error,bb3cd8af-861e-4d9e-b0f6-f57cdd6ab8c8,/opt/nuclio/shared_storage/mnist_all/1/mnist_test_1_00656.png,,1,,,DLQ
error,b05d1800-af57-45ca-bf8e-473e4c4ba741,/opt/nuclio/shared_storage/mnist_all/1/mnist_test_1_00905.png,,1,,,DLQ
success,d1677bb4-39a7-41e9-84de-37acdda46e71,/opt/nuclio/shared_storage/mnist_all/0/mnist_test_0_00691.png,"{'skeletonization_time_ms': 743.377376, 'contour_analysis_time_ms': 916.456876, 'classification_time_ms': 29.356458}",0,1,False,
success,27562eb0-565b-49a4-952c-7566019b64a9,/opt/nuclio/shared_storage/mnist_all/0/mnist_test_0_00083.png,"{'skeletonization_time_ms': 51.200584, 'contour_analysis_time_ms': 1076.934694, 'classification_time_ms': 663.308376}",0,not classified,False,
success,0dfb182f-42f0-4baf-b157-67695bb5671d,/opt/nuclio/shared_storage/mnist_all/0/mnist_test_0_00255.png,"{'skeletonization_time_ms': 117.581167, 'contour_analysis_time_ms': 1119.34925, 'classification_time_ms': 611.715167}",0,6,False,
error,b932b9ba-8a0c-4ded-87ab-6a811cda0956,/opt/nuclio/shared_storage/mnist_all/1/mnist_test_1_00648.png,,1,,,DLQ
error,b53726b7-f36e-4645-8707-692274aee9f3,/opt/nuclio/shared_storage/mnist_all/1/mnist_test_1_00883.png,,1,,,DLQ
success,385d71a8-3bce-4b9d-a41c-5d6799f70d36,/opt/nuclio/shared_storage/mnist_all/0/mnist_test_0_00682.png,"{'skeletonization_time_ms': 72.751667, 'contour_analysis_time_ms': 859.373334, 'classification_time_ms': 169.63375}",0,not classified,False,
success,13351769-1ca4-49ae-a8e9-35fe39a8cd9d,/opt/nuclio/shared_storage/mnist_all/0/mnist_test_0_00653.png,"{'skeletonization_time_ms': 308.945667, 'contour_analysis_time_ms': 799.832793, 'classification_time_ms': 433.908833}",0,3,False,
success,99f3d3c2-03ce-4e7a-94a6-7c73fc486418,/opt/nuclio/shared_storage/mnist_all/0/mnist_test_0_00726.png,"{'skeletonization_time_ms': 66.121583, 'contour_analysis_time_ms': 959.991667, 'classification_time_ms': 405.896042}",0,6,False,
success,7943ca4b-ec4d-464e-8a2f-c8b95d3d72ce,/opt/nuclio/shared_storage/mnist_all/0/mnist_test_0_00651.png,"{'skeletonization_time_ms': 39.397083, 'contour_analysis_time_ms': 1047.373584, 'classification_time_ms': 340.3405}",0,6,False,
success,31b8af35-a6dd-4d19-89e6-4d38c0ddffd3,/opt/nuclio/shared_storage/mnist_all/0/mnist_test_0_00929.png,"{'skeletonization_time_ms': 145.69525, 'contour_analysis_time_ms': 879.438, 'classification_time_ms': 34.259875}",0,1,False,
error,5231df50-f6b0-4b13-8a72-2bedd1ceabbf,/opt/nuclio/shared_storage/mnist_all/2/mnist_test_2_00601.png,,2,,,DLQ
success,26c7fdbf-4f8a-499e-90e8-22dd70386169,/opt/nuclio/shared_storage/mnist_all/0/mnist_test_0_00033.png,"{'skeletonization_time_ms': 42.384166, 'contour_analysis_time_ms': 1111.20775, 'classification_time_ms': 35.416375}",0,1,False,
success,5c0938d3-cc42-4bdf-8b54-00082ddd94bd,/opt/nuclio/shared_storage/mnist_all/0/mnist_test_0_00807.png,"{'skeletonization_time_ms': 63.19225, 'contour_analysis_time_ms': 1088.950501, 'classification_time_ms': 400.621125}",0,6,False,
success,8a3c3021-004b-4438-9b45-347d3eecc6a7,/opt/nuclio/shared_storage/mnist_all/0/mnist_test_0_00191.png,"{'skeletonization_time_ms': 80.688333, 'contour_analysis_time_ms': 661.467292, 'classification_time_ms': 567.82625}",0,not classified,False,
success,5662a5b9-a61c-403f-904f-de133d1b150d,/opt/nuclio/shared_storage/mnist_all/0/mnist_test_0_00452.png,"{'skeletonization_time_ms': 88.215542, 'contour_analysis_time_ms': 702.99025, 'classification_time_ms': 857.005209}",0,8,False,
success,41790d79-cb4c-470d-acb3-0ea09878e9cc,/opt/nuclio/shared_storage/mnist_all/0/mnist_test_0_00531.png,"{'skeletonization_time_ms': 101.131667, 'contour_analysis_time_ms': 914.453417, 'classification_time_ms': 666.075167}",0,6,False,
success,503e2e4b-619b-4f2d-92c2-0e92ac948abf,/opt/nuclio/shared_storage/mnist_all/0/mnist_test_0_00295.png,"{'skeletonization_time_ms': 188.333666, 'contour_analysis_time_ms': 807.929584, 'classification_time_ms': 632.117375}",0,not classified,False,
success,1f794993-ef09-4997-a662-daad7c7f6bcd,/opt/nuclio/shared_storage/mnist_all/0/mnist_test_0_00430.png,"{'skeletonization_time_ms': 335.94, 'contour_analysis_time_ms': 1012.323, 'classification_time_ms': 1369.888792}",0,6,False,
success,2e0990e3-2151-46c8-8cd8-5eb7b89c3743,/opt/nuclio/shared_storage/mnist_all/0/mnist_test_0_00964.png,"{'skeletonization_time_ms': 74.408708, 'contour_analysis_time_ms': 656.690125, 'classification_time_ms': 463.511333}",0,6,False,
success,c145890e-cbfc-4d57-94bc-dc8e86788ac4,/opt/nuclio/shared_storage/mnist_all/0/mnist_test_0_00635.png,"{'skeletonization_time_ms': 115.633125, 'contour_analysis_time_ms': 915.047, 'classification_time_ms': 408.719917}",0,not classified,False,
success,2166c192-3293-4f21-9855-4aade95a49fb,/opt/nuclio/shared_storage/mnist_all/0/mnist_test_0_00596.png,"{'skeletonization_time_ms': 46.390583, 'contour_analysis_time_ms': 591.600167, 'classification_time_ms': 57.862458}",0,1,False,
success,0c9453c6-a0bb-43f0-a012-3158c97df9fe,/opt/nuclio/shared_storage/mnist_all/0/mnist_test_0_00966.png,"{'skeletonization_time_ms': 74.001833, 'contour_analysis_time_ms': 652.199209, 'classification_time_ms': 75.510375}",0,not classified,False,
success,90a14edb-7add-4705-9bf0-9fb441bdb589,/opt/nuclio/shared_storage/mnist_all/0/mnist_test_0_00556.png,"{'skeletonization_time_ms': 84.067542, 'contour_analysis_time_ms': 685.981584, 'classification_time_ms': 487.018958}",0,6,False,
success,bb457725-6ca5-4ef4-bd3a-3c3fdaaca1c5,/opt/nuclio/shared_storage/mnist_all/0/mnist_test_0_00633.png,"{'skeletonization_time_ms': 70.248375, 'contour_analysis_time_ms': 775.390042, 'classification_time_ms': 776.340917}",0,2,False,
success,79379792-18c4-437e-a720-562e74702974,/opt/nuclio/shared_storage/mnist_all/0/mnist_test_0_00634.png,"{'skeletonization_time_ms': 85.704083, 'contour_analysis_time_ms': 396.433708, 'classification_time_ms': 595.577459}",0,9,False,
error,434b5cbd-9fe8-49c0-9399-3bac0a4b3bff,/opt/nuclio/shared_storage/mnist_all/3/mnist_test_3_00582.png,,3,,,DLQ
success,7caf7a90-0b07-4940-abc0-f4f01099b1e9,/opt/nuclio/shared_storage/mnist_all/0/mnist_test_0_00969.png,"{'skeletonization_time_ms': 193.774209, 'contour_analysis_time_ms': 1339.400209, 'classification_time_ms': 194.713833}",0,not classified,False,
error,54c8699c-a16c-4024-8990-11883eb3c4c6,/opt/nuclio/shared_storage/mnist_all/4/mnist_test_4_00833.png,,4,,,DLQ
success,2ac96dc3-c627-4223-b500-47aae8a79982,/opt/nuclio/shared_storage/mnist_all/0/mnist_test_0_00800.png,"{'skeletonization_time_ms': 107.182833, 'contour_analysis_time_ms': 897.7895, 'classification_time_ms': 119.309875}",0,not classified,False,
success,bc70a656-f4d7-4f68-966d-9b0f0d0cdee1,/opt/nuclio/shared_storage/mnist_all/0/mnist_test_0_00553.png,"{'skeletonization_time_ms': 107.463875, 'contour_analysis_time_ms': 786.743126, 'classification_time_ms': 402.943417}",0,6,False,
success,d4fcd419-cc3a-4ba0-b00c-d0ae38a49bb7,/opt/nuclio/shared_storage/mnist_all/0/mnist_test_0_00238.png,"{'skeletonization_time_ms': 241.414333, 'contour_analysis_time_ms': 915.425334, 'classification_time_ms': 839.111667}",0,not classified,False,
success,7663fd81-b8a7-43f9-984e-995c46ed5d88,/opt/nuclio/shared_storage/mnist_all/0/mnist_test_0_00236.png,"{'skeletonization_time_ms': 69.860084, 'contour_analysis_time_ms': 799.934417, 'classification_time_ms': 402.213125}",0,5,False,
success,dab47699-1d38-438e-9763-a9b50e153a69,/opt/nuclio/shared_storage/mnist_all/0/mnist_test_0_00424.png,"{'skeletonization_time_ms': 68.570125, 'contour_analysis_time_ms': 713.702667, 'classification_time_ms': 494.732209}",0,6,False,
error,1ef195e5-dee9-4a5a-b853-1cf246e84d4f,/opt/nuclio/shared_storage/mnist_all/4/mnist_test_4_00947.png,,4,,,DLQ
success,7d9235be-f6b8-4968-a885-7912b9cce4a5,/opt/nuclio/shared_storage/mnist_all/0/mnist_test_0_00348.png,"{'skeletonization_time_ms': 282.059583, 'contour_analysis_time_ms': 1069.476209, 'classification_time_ms': 814.578084}",0,not classified,False,
success,aa813101-a06f-4f54-adf1-8d545f18577b,/opt/nuclio/shared_storage/mnist_all/0/mnist_test_0_00805.png,"{'skeletonization_time_ms': 54.966042, 'contour_analysis_time_ms': 741.341334, 'classification_time_ms': 201.645917}",0,not classified,False,
success,bd58fb3f-d2d6-4f50-8700-d093257260b5,/opt/nuclio/shared_storage/mnist_all/0/mnist_test_0_00221.png,"{'skeletonization_time_ms': 88.132625, 'contour_analysis_time_ms': 854.274501, 'classification_time_ms': 35.404333}",0,1,False,
success,b6b8f204-ed3c-455d-a543-4ac51b775033,/opt/nuclio/shared_storage/mnist_all/0/mnist_test_0_00626.png,"{'skeletonization_time_ms': 103.703333, 'contour_analysis_time_ms': 612.255917, 'classification_time_ms': 531.154917}",0,6,False,
success,2d7a4538-07ad-4e68-9476-412e50b00c9b,/opt/nuclio/shared_storage/mnist_all/0/mnist_test_0_00372.png,"{'skeletonization_time_ms': 139.992541, 'contour_analysis_time_ms': 734.401375, 'classification_time_ms': 374.402917}",0,6,False,
success,903a7721-579d-4ae8-92c0-fd19d810fb32,/opt/nuclio/shared_storage/mnist_all/0/mnist_test_0_00545.png,"{'skeletonization_time_ms': 112.467167, 'contour_analysis_time_ms': 472.452, 'classification_time_ms': 132.181542}",0,not classified,False,
success,5a6bb940-2726-4842-a5b9-dc301ffd3ad9,/opt/nuclio/shared_storage/mnist_all/0/mnist_test_0_00815.png,"{'skeletonization_time_ms': 264.358041, 'contour_analysis_time_ms': 375.95975, 'classification_time_ms': 563.1665}",0,6,False,
success,6a69f448-5ff4-4e38-a637-b42fb99832c2,/opt/nuclio/shared_storage/mnist_all/0/mnist_test_0_00578.png,"{'skeletonization_time_ms': 155.928166, 'contour_analysis_time_ms': 525.428417, 'classification_time_ms': 751.208542}",0,6,False,
success,400cd591-338d-45c2-a375-d298960165ca,/opt/nuclio/shared_storage/mnist_all/0/mnist_test_0_00369.png,"{'skeletonization_time_ms': 42.51625, 'contour_analysis_time_ms': 697.748501, 'classification_time_ms': 303.383751}",0,9,False,
success,d5828a84-39d0-4bbd-ba71-38bae11c09a4,/opt/nuclio/shared_storage/mnist_all/0/mnist_test_0_00343.png,"{'skeletonization_time_ms': 172.707375, 'contour_analysis_time_ms': 1008.827667, 'classification_time_ms': 478.231209}",0,6,False,
success,a918179d-8360-4169-ada7-ba7f32475695,/opt/nuclio/shared_storage/mnist_all/0/mnist_test_0_00930.png,"{'skeletonization_time_ms': 115.2365, 'contour_analysis_time_ms': 796.556584, 'classification_time_ms': 330.972333}",0,9,False,
success,57377600-5d8e-4fb6-8b37-5d125aa32c90,/opt/nuclio/shared_storage/mnist_all/0/mnist_test_0_00552.png,"{'skeletonization_time_ms': 160.249, 'contour_analysis_time_ms': 776.262209, 'classification_time_ms': 1335.412459}",0,6,False,
success,8bd02f87-1fb7-4d32-b80b-4d0937df0b60,/opt/nuclio/shared_storage/mnist_all/0/mnist_test_0_00516.png,"{'skeletonization_time_ms': 153.045083, 'contour_analysis_time_ms': 469.513333, 'classification_time_ms': 589.741125}",0,6,False,
success,463ada5f-0fcc-41a6-a8d8-52ca608d7b50,/opt/nuclio/shared_storage/mnist_all/0/mnist_test_0_00808.png,"{'skeletonization_time_ms': 337.0875, 'contour_analysis_time_ms': 627.475125, 'classification_time_ms': 465.521376}",0,9,False,
success,1ce8214b-7916-4655-8a91-460328b0ed6a,/opt/nuclio/shared_storage/mnist_all/0/mnist_test_0_00415.png,"{'skeletonization_time_ms': 151.386708, 'contour_analysis_time_ms': 748.005792, 'classification_time_ms': 279.141584}",0,not classified,False,
success,9aa0b12e-4d82-46b3-a3a0-dc1a3e5fb198,/opt/nuclio/shared_storage/mnist_all/0/mnist_test_0_00976.png,"{'skeletonization_time_ms': 126.02675, 'contour_analysis_time_ms': 693.971375, 'classification_time_ms': 679.943375}",0,6,False,
success,f50c3018-7580-4b4c-a31f-2e59208077e8,/opt/nuclio/shared_storage/mnist_all/0/mnist_test_0_00103.png,"{'skeletonization_time_ms': 174.3545, 'contour_analysis_time_ms': 597.250542, 'classification_time_ms': 392.786834}",0,5,False,
success,983866fc-a330-4420-8021-118721078213,/opt/nuclio/shared_storage/mnist_all/0/mnist_test_0_00011.png,"{'skeletonization_time_ms': 77.103125, 'contour_analysis_time_ms': 725.761209, 'classification_time_ms': 16.6965}",0,1,False,
success,33fe0825-b99c-4276-b12b-01272d15bf2b,/opt/nuclio/shared_storage/mnist_all/0/mnist_test_0_00617.png,"{'skeletonization_time_ms': 83.502041, 'contour_analysis_time_ms': 681.326584, 'classification_time_ms': 1144.629459}",0,6,False,
success,9075aa9c-232c-45ef-907a-3cbe6bd089d8,/opt/nuclio/shared_storage/mnist_all/0/mnist_test_0_00209.png,"{'skeletonization_time_ms': 148.148042, 'contour_analysis_time_ms': 908.061376, 'classification_time_ms': 389.36225}",0,6,False,
success,6dcce807-6ce4-44dd-8b9b-40260ab3667e,/opt/nuclio/shared_storage/mnist_all/0/mnist_test_0_00340.png,"{'skeletonization_time_ms': 138.4725, 'contour_analysis_time_ms': 897.25, 'classification_time_ms': 323.74725}",0,6,False,
success,3c0badf0-e509-47b5-bb63-a216c7b825bc,/opt/nuclio/shared_storage/mnist_all/0/mnist_test_0_00572.png,"{'skeletonization_time_ms': 149.666167, 'contour_analysis_time_ms': 749.847917, 'classification_time_ms': 2412.572987}",0,9,False,
success,00e4ab59-18de-4ca2-b037-b6a10bf22cb7,/opt/nuclio/shared_storage/mnist_all/0/mnist_test_0_00477.png,"{'skeletonization_time_ms': 226.619541, 'contour_analysis_time_ms': 699.11425, 'classification_time_ms': 3523.187904}",0,6,False,
success,a153b2ad-9087-4480-93a3-c224f4e5075e,/opt/nuclio/shared_storage/mnist_all/0/mnist_test_0_00701.png,"{'skeletonization_time_ms': 213.017542, 'contour_analysis_time_ms': 1402.605111, 'classification_time_ms': 443.335958}",0,6,False,
success,9500e077-a1a2-4f28-bf8a-3ad8774a9f0a,/opt/nuclio/shared_storage/mnist_all/0/mnist_test_0_00375.png,"{'skeletonization_time_ms': 108.996542, 'contour_analysis_time_ms': 739.750375, 'classification_time_ms': 915.384292}",0,9,False,
success,928cc5b1-5dac-45b8-bce2-0c4b33030b91,/opt/nuclio/shared_storage/mnist_all/0/mnist_test_0_00417.png,"{'skeletonization_time_ms': 96.071083, 'contour_analysis_time_ms': 849.306292, 'classification_time_ms': 399.62475}",0,6,False,
success,4c1df640-25e5-4b6e-9ebb-669f76a80c0a,/opt/nuclio/shared_storage/mnist_all/0/mnist_test_0_00705.png,"{'skeletonization_time_ms': 53.089708, 'contour_analysis_time_ms': 574.119167, 'classification_time_ms': 491.503167}",0,6,False,
success,2bda9779-87a4-4e71-a515-f93cc5c5a331,/opt/nuclio/shared_storage/mnist_all/0/mnist_test_0_00210.png,"{'skeletonization_time_ms': 227.226416, 'contour_analysis_time_ms': 719.443126, 'classification_time_ms': 123.315}",0,not classified,False,
success,aade362c-d8ee-478c-a77b-63fe50c043af,/opt/nuclio/shared_storage/mnist_all/0/mnist_test_0_00229.png,"{'skeletonization_time_ms': 279.498416, 'contour_analysis_time_ms': 1112.628876, 'classification_time_ms': 777.65325}",0,not classified,False,
success,d4251db3-7142-4bea-b9c0-58133b74a65e,/opt/nuclio/shared_storage/mnist_all/0/mnist_test_0_00338.png,"{'skeletonization_time_ms': 112.712917, 'contour_analysis_time_ms': 648.604542, 'classification_time_ms': 858.148167}",0,not classified,False,
success,872bb17e-da7a-49bb-b9cb-bdaa9b13507d,/opt/nuclio/shared_storage/mnist_all/0/mnist_test_0_00466.png,"{'skeletonization_time_ms': 84.336167, 'contour_analysis_time_ms': 1522.421834, 'classification_time_ms': 490.713751}",0,6,False,
error,7ff20d9e-0ad7-48d5-a44a-fe2c169f4257,/opt/nuclio/shared_storage/mnist_all/6/mnist_test_6_00676.png,,6,,,DLQ
error,7750da38-f625-4adf-9d07-d955c3e0d27c,/opt/nuclio/shared_storage/mnist_all/7/mnist_test_7_00966.png,,7,,,DLQ
success,56abc58a-b834-48d4-8087-e04465386ba3,/opt/nuclio/shared_storage/mnist_all/0/mnist_test_0_00400.png,"{'skeletonization_time_ms': 179.195083, 'contour_analysis_time_ms': 836.144917, 'classification_time_ms': 1196.429418}",0,2,False,
error,7909b37d-9949-4a0a-bdb7-6d82ec92ea11,/opt/nuclio/shared_storage/mnist_all/8/mnist_test_8_00710.png,,8,,,DLQ
success,40a087f0-9c64-4633-8d5f-3512d1d10c3d,/opt/nuclio/shared_storage/mnist_all/0/mnist_test_0_00077.png,"{'skeletonization_time_ms': 88.370708, 'contour_analysis_time_ms': 898.460125, 'classification_time_ms': 564.819876}",0,9,False,
error,debe7e81-c5f5-41dc-8c71-bc3cfa29bbba,/opt/nuclio/shared_storage/mnist_all/7/mnist_test_7_00912.png,,7,,,DLQ
success,87276c94-c396-40bc-b926-20735cd68a95,/opt/nuclio/shared_storage/mnist_all/0/mnist_test_0_00937.png,"{'skeletonization_time_ms': 133.040542, 'contour_analysis_time_ms': 501.997042, 'classification_time_ms': 188.609292}",0,not classified,False,
success,2aeed16b-3a84-4a67-810a-745c8473ef99,/opt/nuclio/shared_storage/mnist_all/0/mnist_test_0_00979.png,"{'skeletonization_time_ms': 60.622792, 'contour_analysis_time_ms': 486.452917, 'classification_time_ms': 669.418126}",0,6,False,
error,2d4d63bd-e915-46c6-9dae-722b31ce5cfd,/opt/nuclio/shared_storage/mnist_all/7/mnist_test_7_00788.png,,7,,,DLQ
success,bf976b32-6261-44a6-8869-5e76577aa59e,/opt/nuclio/shared_storage/mnist_all/0/mnist_test_0_00528.png,"{'skeletonization_time_ms': 74.485083, 'contour_analysis_time_ms': 674.889125, 'classification_time_ms': 25.26175}",0,1,False,
error,3aa7df5f-c4c4-447f-aea0-58cfe4a8c6df,/opt/nuclio/shared_storage/mnist_all/8/mnist_test_8_00730.png,,8,,,DLQ
success,050dee81-0b9d-4d70-831a-0d57b48abbf4,/opt/nuclio/shared_storage/mnist_all/0/mnist_test_0_00846.png,"{'skeletonization_time_ms': 271.781709, 'contour_analysis_time_ms': 962.665958, 'classification_time_ms': 1248.161793}",0,9,False,
error,8bc67e3a-4fb8-4268-8cd1-5445d72b5ee7,/opt/nuclio/shared_storage/mnist_all/9/mnist_test_9_00649.png,,9,,,DLQ
success,0bb09036-97a8-4b3f-a925-f2bcfcc3361f,/opt/nuclio/shared_storage/mnist_all/0/mnist_test_0_00274.png,"{'skeletonization_time_ms': 57.641375, 'contour_analysis_time_ms': 473.541208, 'classification_time_ms': 578.9305}",0,6,False,
error,ff3d3c62-478f-4ddb-a4c6-c22c1a2106fe,/opt/nuclio/shared_storage/mnist_all/9/mnist_test_9_00725.png,,9,,,DLQ
success,f8465de6-e3a7-448d-b405-60248f981a98,/opt/nuclio/shared_storage/mnist_all/0/mnist_test_0_00329.png,"{'skeletonization_time_ms': 52.710459, 'contour_analysis_time_ms': 465.722041, 'classification_time_ms': 55.122917}",0,1,False,
success,501333b3-7603-4b6c-bd4d-3745b03a8bac,/opt/nuclio/shared_storage/mnist_all/1/mnist_test_1_00783.png,"{'skeletonization_time_ms': 476.879, 'contour_analysis_time_ms': 916.948792, 'classification_time_ms': 162.969125}",1,4,False,
success,d561921b-c605-4cc8-9e5c-fc7ef463d4be,/opt/nuclio/shared_storage/mnist_all/0/mnist_test_0_00658.png,"{'skeletonization_time_ms': 119.104292, 'contour_analysis_time_ms': 636.854459, 'classification_time_ms': 339.166334}",0,6,False,
error,63507d7c-23a6-49cd-8fef-206463776340,/opt/nuclio/shared_storage/mnist_all/9/mnist_test_9_00712.png,,9,,,DLQ
success,8401a9e6-6ece-42d7-bb75-8502fe038def,/opt/nuclio/shared_storage/mnist_all/1/mnist_test_1_00154.png,"{'skeletonization_time_ms': 44.531375, 'contour_analysis_time_ms': 638.988917, 'classification_time_ms': 89.643}",1,7,False,
success,113e0047-c830-4ec8-b610-c17de4d7028d,/opt/nuclio/shared_storage/mnist_all/0/mnist_test_0_00449.png,"{'skeletonization_time_ms': 257.486792, 'contour_analysis_time_ms': 506.385501, 'classification_time_ms': 716.498667}",0,6,False,
success,bf17fe97-e137-425e-bcbf-7b5b260e8790,/opt/nuclio/shared_storage/mnist_all/1/mnist_test_1_00441.png,"{'skeletonization_time_ms': 78.7385, 'contour_analysis_time_ms': 1103.482792, 'classification_time_ms': 188.061917}",1,7,False,
error,ab215a0f-12d2-4560-b4fb-2c2e3f1f5682,/opt/nuclio/shared_storage/mnist_all/9/mnist_test_9_00924.png,,9,,,DLQ
success,db476448-1166-49ae-b1ae-a0d8ba500baa,/opt/nuclio/shared_storage/mnist_all/0/mnist_test_0_00934.png,"{'skeletonization_time_ms': 218.87225, 'contour_analysis_time_ms': 450.513208, 'classification_time_ms': 415.691459}",0,6,False,
success,d624d245-e0b5-4ef0-95ed-94038beb1fc1,/opt/nuclio/shared_storage/mnist_all/0/mnist_test_0_00089.png,"{'skeletonization_time_ms': 124.582041, 'contour_analysis_time_ms': 487.949126, 'classification_time_ms': 599.57825}",0,6,False,
success,5d2f9b27-abe6-4c60-b32c-b6f419443720,/opt/nuclio/shared_storage/mnist_all/1/mnist_test_1_00556.png,"{'skeletonization_time_ms': 34.131625, 'contour_analysis_time_ms': 597.570083, 'classification_time_ms': 100.359041}",1,7,False,
success,f022b047-8283-4e64-8e0b-06617f65129e,/opt/nuclio/shared_storage/mnist_all/1/mnist_test_1_00192.png,"{'skeletonization_time_ms': 34.498459, 'contour_analysis_time_ms': 377.569251, 'classification_time_ms': 109.611375}",1,7,False,
success,9e20bd32-bef0-4208-9fc9-e21ef31ca319,/opt/nuclio/shared_storage/mnist_all/0/mnist_test_0_00896.png,"{'skeletonization_time_ms': 242.048167, 'contour_analysis_time_ms': 467.016917, 'classification_time_ms': 458.205875}",0,not classified,False,
success,8cdd2aa0-fba4-46a4-b23c-4ca0df375b12,/opt/nuclio/shared_storage/mnist_all/1/mnist_test_1_00232.png,"{'skeletonization_time_ms': 33.993875, 'contour_analysis_time_ms': 414.659083, 'classification_time_ms': 41.990334}",1,7,False,
success,95c5f9b6-ddd8-40dd-9470-56ef3c55f025,/opt/nuclio/shared_storage/mnist_all/0/mnist_test_0_00706.png,"{'skeletonization_time_ms': 260.766, 'contour_analysis_time_ms': 335.103666, 'classification_time_ms': 230.264792}",0,6,False,
success,5da5aa0a-7e2c-4ea7-912a-1a001c3eed57,/opt/nuclio/shared_storage/mnist_all/0/mnist_test_0_00648.png,"{'skeletonization_time_ms': 155.875042, 'contour_analysis_time_ms': 297.285667, 'classification_time_ms': 377.937125}",0,6,False,
success,7bb05e4f-7021-49c7-a38f-d34bf75af511,/opt/nuclio/shared_storage/mnist_all/0/mnist_test_0_00699.png,"{'skeletonization_time_ms': 78.492833, 'contour_analysis_time_ms': 451.642376, 'classification_time_ms': 45.128792}",0,1,False,
success,606a4d4c-cb5e-4e9b-b39d-820dfe654432,/opt/nuclio/shared_storage/mnist_all/0/mnist_test_0_00305.png,"{'skeletonization_time_ms': 96.259875, 'contour_analysis_time_ms': 442.744125, 'classification_time_ms': 1161.518209}",0,6,False,
success,ea1792ee-ee86-443f-969e-2755c2ab7f16,/opt/nuclio/shared_storage/mnist_all/1/mnist_test_1_00769.png,"{'skeletonization_time_ms': 43.66625, 'contour_analysis_time_ms': 770.245917, 'classification_time_ms': 76.862167}",1,7,False,
success,b06e1cc2-642a-4a39-a7b4-e1a1a6cbee20,/opt/nuclio/shared_storage/mnist_all/1/mnist_test_1_00958.png,"{'skeletonization_time_ms': 37.476, 'contour_analysis_time_ms': 875.256375, 'classification_time_ms': 31.077625}",1,7,False,
success,14b89130-6067-495e-b119-c6a33eeebdd0,/opt/nuclio/shared_storage/mnist_all/0/mnist_test_0_00262.png,"{'skeletonization_time_ms': 68.604167, 'contour_analysis_time_ms': 393.708, 'classification_time_ms': 103.127875}",0,not classified,False,
success,01538adf-de93-4cc7-8686-a168b7d6829a,/opt/nuclio/shared_storage/mnist_all/1/mnist_test_1_00487.png,"{'skeletonization_time_ms': 67.613416, 'contour_analysis_time_ms': 527.483292, 'classification_time_ms': 28.464125}",1,7,False,
success,c48ad32c-6865-43e9-a880-f43fb84fc38f,/opt/nuclio/shared_storage/mnist_all/1/mnist_test_1_00394.png,"{'skeletonization_time_ms': 36.580625, 'contour_analysis_time_ms': 301.286167, 'classification_time_ms': 54.74025}",1,7,False,
success,f37ed776-821d-4641-8862-a932b5ac0d85,/opt/nuclio/shared_storage/mnist_all/1/mnist_test_1_00251.png,"{'skeletonization_time_ms': 28.681875, 'contour_analysis_time_ms': 373.626916, 'classification_time_ms': 272.557125}",1,7,False,
success,08004a32-baaa-4894-a12f-62a710246b64,/opt/nuclio/shared_storage/mnist_all/0/mnist_test_0_00470.png,"{'skeletonization_time_ms': 171.71675, 'contour_analysis_time_ms': 606.067125, 'classification_time_ms': 418.891542}",0,not classified,False,
success,44b558a6-a5ac-4e2c-b732-a88a1372c154,/opt/nuclio/shared_storage/mnist_all/0/mnist_test_0_00504.png,"{'skeletonization_time_ms': 87.165958, 'contour_analysis_time_ms': 250.319709, 'classification_time_ms': 742.089917}",0,6,False,
success,885e4142-85ea-4e09-a840-fe986318c957,/opt/nuclio/shared_storage/mnist_all/1/mnist_test_1_00481.png,"{'skeletonization_time_ms': 50.091417, 'contour_analysis_time_ms': 307.969125, 'classification_time_ms': 16.119333}",1,7,False,
success,01756f70-ae27-4ca7-8b1e-770c2f541f78,/opt/nuclio/shared_storage/mnist_all/1/mnist_test_1_00939.png,"{'skeletonization_time_ms': 46.980708, 'contour_analysis_time_ms': 231.552625, 'classification_time_ms': 24.903791}",1,2,False,
success,88ff31e0-8195-437d-b449-d68e1a5eb2ef,/opt/nuclio/shared_storage/mnist_all/1/mnist_test_1_00870.png,"{'skeletonization_time_ms': 57.194291, 'contour_analysis_time_ms': 219.881542, 'classification_time_ms': 24.38525}",1,7,False,
success,57ee8a80-1305-4a3c-81e5-4b812248c9fd,/opt/nuclio/shared_storage/mnist_all/1/mnist_test_1_00931.png,"{'skeletonization_time_ms': 23.649083, 'contour_analysis_time_ms': 265.291584, 'classification_time_ms': 25.854875}",1,7,False,
success,d084d990-23fc-4587-b3d7-0b1af5e4ee04,/opt/nuclio/shared_storage/mnist_all/1/mnist_test_1_00313.png,"{'skeletonization_time_ms': 49.735333, 'contour_analysis_time_ms': 411.69825, 'classification_time_ms': 46.064709}",1,7,False,
success,8a4d7262-ef9b-4134-8110-9584f2b99bfc,/opt/nuclio/shared_storage/mnist_all/1/mnist_test_1_01107.png,"{'skeletonization_time_ms': 40.642708, 'contour_analysis_time_ms': 444.595876, 'classification_time_ms': 50.987917}",1,7,False,
success,7e07238c-64fa-4801-80a9-9b9634fb058b,/opt/nuclio/shared_storage/mnist_all/1/mnist_test_1_01038.png,"{'skeletonization_time_ms': 27.937292, 'contour_analysis_time_ms': 232.23875, 'classification_time_ms': 85.112416}",1,7,False,
success,4afc3c89-3b5b-4c89-86c7-0a1b72ce54e2,/opt/nuclio/shared_storage/mnist_all/1/mnist_test_1_00057.png,"{'skeletonization_time_ms': 46.294166, 'contour_analysis_time_ms': 243.245292, 'classification_time_ms': 69.764833}",1,7,False,
success,b5d969d0-22ba-4876-9006-97e3368d949a,/opt/nuclio/shared_storage/mnist_all/1/mnist_test_1_00541.png,"{'skeletonization_time_ms': 25.86425, 'contour_analysis_time_ms': 279.982625, 'classification_time_ms': 26.067583}",1,7,False,
success,661d4eb2-c041-41bf-bc81-04e3abb874e3,/opt/nuclio/shared_storage/mnist_all/1/mnist_test_1_00085.png,"{'skeletonization_time_ms': 35.133541, 'contour_analysis_time_ms': 449.693667, 'classification_time_ms': 31.281416}",1,7,False,
success,c158af26-5f1c-477f-9e50-a77c1c3db451,/opt/nuclio/shared_storage/mnist_all/1/mnist_test_1_00106.png,"{'skeletonization_time_ms': 42.679417, 'contour_analysis_time_ms': 511.386625, 'classification_time_ms': 57.73175}",1,7,False,
success,9038c53e-4b8d-4665-bbd3-1d3eba7a4e07,/opt/nuclio/shared_storage/mnist_all/1/mnist_test_1_00252.png,"{'skeletonization_time_ms': 80.364416, 'contour_analysis_time_ms': 262.233917, 'classification_time_ms': 93.807125}",1,7,False,
success,a7158015-e91d-4971-be04-58814adcb832,/opt/nuclio/shared_storage/mnist_all/1/mnist_test_1_00852.png,"{'skeletonization_time_ms': 53.945875, 'contour_analysis_time_ms': 457.2405, 'classification_time_ms': 41.359125}",1,7,False,
success,5cf29736-35d4-4fea-a0e9-1badc0e69f8b,/opt/nuclio/shared_storage/mnist_all/1/mnist_test_1_00531.png,"{'skeletonization_time_ms': 43.354125, 'contour_analysis_time_ms': 585.020917, 'classification_time_ms': 34.855709}",1,7,False,
success,551bb772-ccf7-4073-b15f-3f386a8cb73c,/opt/nuclio/shared_storage/mnist_all/1/mnist_test_1_00860.png,"{'skeletonization_time_ms': 161.315042, 'contour_analysis_time_ms': 313.989042, 'classification_time_ms': 23.980333}",1,7,False,
success,9f4a08e0-132b-4d8c-b8f6-871826afcfd4,/opt/nuclio/shared_storage/mnist_all/1/mnist_test_1_00645.png,"{'skeletonization_time_ms': 110.657125, 'contour_analysis_time_ms': 323.661334, 'classification_time_ms': 27.3075}",1,7,False,
success,9bb002e5-a60a-4033-a2e0-9e15fff3849c,/opt/nuclio/shared_storage/mnist_all/1/mnist_test_1_00117.png,"{'skeletonization_time_ms': 38.641542, 'contour_analysis_time_ms': 390.924542, 'classification_time_ms': 58.078667}",1,7,False,
success,6f78f18f-f0a5-44e6-8242-343972897fa0,/opt/nuclio/shared_storage/mnist_all/1/mnist_test_1_00665.png,"{'skeletonization_time_ms': 46.105209, 'contour_analysis_time_ms': 250.5705, 'classification_time_ms': 13.323125}",1,7,False,
success,a102a975-8ad5-44e1-871a-8c39d12ce501,/opt/nuclio/shared_storage/mnist_all/2/mnist_test_2_00564.png,"{'skeletonization_time_ms': 206.89325, 'contour_analysis_time_ms': 242.458334, 'classification_time_ms': 375.794458}",2,6,False,
success,e67599c5-333b-4258-802f-6580c6e83ba4,/opt/nuclio/shared_storage/mnist_all/1/mnist_test_1_00309.png,"{'skeletonization_time_ms': 100.592083, 'contour_analysis_time_ms': 422.069625, 'classification_time_ms': 14.84425}",1,7,False,
success,83d11e3a-4a53-4aea-bf3f-01cfa11afaac,/opt/nuclio/shared_storage/mnist_all/1/mnist_test_1_00846.png,"{'skeletonization_time_ms': 179.477542, 'contour_analysis_time_ms': 270.8895, 'classification_time_ms': 13.955833}",1,7,False,
success,82888f70-216a-4155-a5e7-f71557becd78,/opt/nuclio/shared_storage/mnist_all/1/mnist_test_1_00354.png,"{'skeletonization_time_ms': 37.033084, 'contour_analysis_time_ms': 216.386208, 'classification_time_ms': 162.274083}",1,2,False,
success,dc4b1c2d-3e97-45c7-b123-73d8a46c2c19,/opt/nuclio/shared_storage/mnist_all/1/mnist_test_1_00713.png,"{'skeletonization_time_ms': 62.845083, 'contour_analysis_time_ms': 257.980667, 'classification_time_ms': 11.490959}",1,7,False,
success,27255b2f-bcde-45ee-93cd-c361646a313f,/opt/nuclio/shared_storage/mnist_all/1/mnist_test_1_00332.png,"{'skeletonization_time_ms': 22.353709, 'contour_analysis_time_ms': 384.947042, 'classification_time_ms': 32.456333}",1,7,False,
success,e344c4b0-6e4f-48f7-984a-32f141c39cba,/opt/nuclio/shared_storage/mnist_all/2/mnist_test_2_00819.png,"{'skeletonization_time_ms': 87.411542, 'contour_analysis_time_ms': 391.763167, 'classification_time_ms': 216.415417}",2,7,False,
success,37ec9d58-6685-4c8a-84c3-6f6a6642da33,/opt/nuclio/shared_storage/mnist_all/1/mnist_test_1_00311.png,"{'skeletonization_time_ms': 32.826042, 'contour_analysis_time_ms': 309.232, 'classification_time_ms': 48.387}",1,7,False,
success,e3f78f09-1194-4c19-b87e-4ac8f8e7585c,/opt/nuclio/shared_storage/mnist_all/1/mnist_test_1_00936.png,"{'skeletonization_time_ms': 124.478666, 'contour_analysis_time_ms': 674.750458, 'classification_time_ms': 30.093583}",1,7,False,
success,2cb1d5ce-feb0-46ec-8cfd-1fe84be224a4,/opt/nuclio/shared_storage/mnist_all/2/mnist_test_2_00996.png,"{'skeletonization_time_ms': 35.46125, 'contour_analysis_time_ms': 284.271834, 'classification_time_ms': 207.398334}",2,7,False,
success,617f7edd-e537-4685-805c-9c5399c2b657,/opt/nuclio/shared_storage/mnist_all/1/mnist_test_1_00172.png,"{'skeletonization_time_ms': 53.799, 'contour_analysis_time_ms': 378.398292, 'classification_time_ms': 57.741417}",1,7,False,
success,b1c1bbd6-4a79-4049-a19f-f8cd78e93eef,/opt/nuclio/shared_storage/mnist_all/2/mnist_test_2_00993.png,"{'skeletonization_time_ms': 57.793625, 'contour_analysis_time_ms': 418.607125, 'classification_time_ms': 191.48975}",2,3,False,
success,2b2e5c40-d71c-4845-8516-19c6b5ff6bfe,/opt/nuclio/shared_storage/mnist_all/1/mnist_test_1_00414.png,"{'skeletonization_time_ms': 75.115, 'contour_analysis_time_ms': 314.276, 'classification_time_ms': 23.878458}",1,7,False,
success,dbe00916-ec0a-4a59-8a13-66bdffbfdbb1,/opt/nuclio/shared_storage/mnist_all/2/mnist_test_2_00429.png,"{'skeletonization_time_ms': 67.308292, 'contour_analysis_time_ms': 299.0395, 'classification_time_ms': 347.491875}",2,6,False,
success,78997df5-eeed-4ef0-8c39-b6faf4394d69,/opt/nuclio/shared_storage/mnist_all/1/mnist_test_1_00985.png,"{'skeletonization_time_ms': 167.4665, 'contour_analysis_time_ms': 403.304125, 'classification_time_ms': 23.263792}",1,7,False,
success,7b85b0ba-960c-4e51-aeb5-446a56056d22,/opt/nuclio/shared_storage/mnist_all/1/mnist_test_1_00329.png,"{'skeletonization_time_ms': 36.037167, 'contour_analysis_time_ms': 293.853916, 'classification_time_ms': 23.279417}",1,7,False,
success,363f6f4d-eebb-476b-814e-dde3e3e17556,/opt/nuclio/shared_storage/mnist_all/2/mnist_test_2_00174.png,"{'skeletonization_time_ms': 88.01175, 'contour_analysis_time_ms': 427.743458, 'classification_time_ms': 179.01725}",2,7,False,
success,3ab4e49d-26d2-4922-b80c-486d841c69ac,/opt/nuclio/shared_storage/mnist_all/1/mnist_test_1_00446.png,"{'skeletonization_time_ms': 38.152166, 'contour_analysis_time_ms': 287.746333, 'classification_time_ms': 14.396625}",1,7,False,
success,ee9bd977-8f1a-4ccd-9503-016f77a277d5,/opt/nuclio/shared_storage/mnist_all/1/mnist_test_1_00205.png,"{'skeletonization_time_ms': 71.572583, 'contour_analysis_time_ms': 313.880042, 'classification_time_ms': 63.191958}",1,7,False,
success,a19e911c-a318-470e-9127-2b8fdc45eabb,/opt/nuclio/shared_storage/mnist_all/1/mnist_test_1_01036.png,"{'skeletonization_time_ms': 243.073125, 'contour_analysis_time_ms': 455.114292, 'classification_time_ms': 22.932333}",1,7,False,
success,0fa9db80-e645-4126-b74b-3eb52730ec17,/opt/nuclio/shared_storage/mnist_all/2/mnist_test_2_01030.png,"{'skeletonization_time_ms': 88.639083, 'contour_analysis_time_ms': 282.624083, 'classification_time_ms': 202.596458}",2,7,False,
success,4e3f08f8-fe8f-4522-afb6-319cfd4890ec,/opt/nuclio/shared_storage/mnist_all/1/mnist_test_1_01024.png,"{'skeletonization_time_ms': 55.494625, 'contour_analysis_time_ms': 274.307375, 'classification_time_ms': 35.927084}",1,7,False,
success,b717de64-a7db-45a1-860f-4c4715d7240f,/opt/nuclio/shared_storage/mnist_all/2/mnist_test_2_00566.png,"{'skeletonization_time_ms': 260.420667, 'contour_analysis_time_ms': 542.143542, 'classification_time_ms': 457.3955}",2,6,False,
success,08eb009e-1d67-489b-85fa-f1837247e335,/opt/nuclio/shared_storage/mnist_all/1/mnist_test_1_00402.png,"{'skeletonization_time_ms': 39.118292, 'contour_analysis_time_ms': 260.641417, 'classification_time_ms': 14.824916}",1,7,False,
success,a1e5e369-2f6b-4cd2-9378-043d747f7f9b,/opt/nuclio/shared_storage/mnist_all/1/mnist_test_1_00261.png,"{'skeletonization_time_ms': 166.248875, 'contour_analysis_time_ms': 202.783916, 'classification_time_ms': 28.386709}",1,7,False,
success,280f3224-fccb-43fc-8a3a-92b18c6d98c3,/opt/nuclio/shared_storage/mnist_all/2/mnist_test_2_00602.png,"{'skeletonization_time_ms': 32.491416, 'contour_analysis_time_ms': 190.408917, 'classification_time_ms': 78.625875}",2,7,False,
success,f92ab783-2e03-4c01-a4de-9840bf7a4c53,/opt/nuclio/shared_storage/mnist_all/1/mnist_test_1_01082.png,"{'skeletonization_time_ms': 31.648625, 'contour_analysis_time_ms': 323.324708, 'classification_time_ms': 21.959125}",1,7,False,
success,96361d4a-bba3-4a7e-8e60-5fbcfe7194b8,/opt/nuclio/shared_storage/mnist_all/2/mnist_test_2_00202.png,"{'skeletonization_time_ms': 61.1015, 'contour_analysis_time_ms': 281.706834, 'classification_time_ms': 114.218875}",2,7,False,
success,20906209-b469-441e-8035-4a95692664e5,/opt/nuclio/shared_storage/mnist_all/1/mnist_test_1_00270.png,"{'skeletonization_time_ms': 53.789333, 'contour_analysis_time_ms': 305.009709, 'classification_time_ms': 22.298917}",1,7,False,
success,13719fae-422a-492b-8ef9-6258a8fd5e0b,/opt/nuclio/shared_storage/mnist_all/2/mnist_test_2_00067.png,"{'skeletonization_time_ms': 47.893583, 'contour_analysis_time_ms': 301.347667, 'classification_time_ms': 86.833084}",2,7,False,
success,0142ffae-7618-4bfc-bf7c-90c178ce8375,/opt/nuclio/shared_storage/mnist_all/2/mnist_test_2_00517.png,"{'skeletonization_time_ms': 68.514792, 'contour_analysis_time_ms': 627.919834, 'classification_time_ms': 191.177167}",2,5,False,
success,ba9e8b9e-c4fb-43d1-a641-a5da5acac52b,/opt/nuclio/shared_storage/mnist_all/2/mnist_test_2_00728.png,"{'skeletonization_time_ms': 158.738334, 'contour_analysis_time_ms': 492.575542, 'classification_time_ms': 224.025792}",2,7,False,
success,2c7700da-54e1-44c4-a0d0-cd15bd3bc162,/opt/nuclio/shared_storage/mnist_all/2/mnist_test_2_00954.png,"{'skeletonization_time_ms': 50.664333, 'contour_analysis_time_ms': 748.539125, 'classification_time_ms': 159.834708}",2,3,False,
success,89ab1fd1-17d8-4e44-b922-0fd03975200b,/opt/nuclio/shared_storage/mnist_all/2/mnist_test_2_00111.png,"{'skeletonization_time_ms': 119.348042, 'contour_analysis_time_ms': 281.698375, 'classification_time_ms': 722.5525}",2,6,False,
success,34b0d9a7-8cac-4a4e-bafc-c6c4e4fc96da,/opt/nuclio/shared_storage/mnist_all/1/mnist_test_1_00214.png,"{'skeletonization_time_ms': 25.728416, 'contour_analysis_time_ms': 431.61225, 'classification_time_ms': 214.168625}",1,4,False,
success,d841076a-2812-4beb-9098-f6e804ed174a,/opt/nuclio/shared_storage/mnist_all/2/mnist_test_2_00210.png,"{'skeletonization_time_ms': 143.355041, 'contour_analysis_time_ms': 327.9695, 'classification_time_ms': 126.983458}",2,7,False,
success,c30568ba-a9c4-4094-98b1-20010f32c2fc,/opt/nuclio/shared_storage/mnist_all/2/mnist_test_2_00188.png,"{'skeletonization_time_ms': 67.404208, 'contour_analysis_time_ms': 358.076167, 'classification_time_ms': 226.921709}",2,5,False,
success,36f86fcf-c46b-4bff-a831-885868f73c56,/opt/nuclio/shared_storage/mnist_all/2/mnist_test_2_00501.png,"{'skeletonization_time_ms': 97.883458, 'contour_analysis_time_ms': 336.440083, 'classification_time_ms': 134.678459}",2,7,False,
success,3f52b586-3d19-4205-8f87-d7e71052edce,/opt/nuclio/shared_storage/mnist_all/1/mnist_test_1_00100.png,"{'skeletonization_time_ms': 103.769666, 'contour_analysis_time_ms': 349.288209, 'classification_time_ms': 52.64875}",1,7,False,
success,1aed582e-bf52-4eff-be29-5883178086da,/opt/nuclio/shared_storage/mnist_all/2/mnist_test_2_00818.png,"{'skeletonization_time_ms': 270.66825, 'contour_analysis_time_ms': 300.370208, 'classification_time_ms': 109.712125}",2,7,False,
success,1901fbc9-16d5-4730-aa7b-6ee5e18a26a4,/opt/nuclio/shared_storage/mnist_all/2/mnist_test_2_00771.png,"{'skeletonization_time_ms': 116.933166, 'contour_analysis_time_ms': 335.686626, 'classification_time_ms': 480.785667}",2,not classified,False,
success,c06b2b7d-2d23-46cf-a522-9f641379effb,/opt/nuclio/shared_storage/mnist_all/2/mnist_test_2_00214.png,"{'skeletonization_time_ms': 90.787167, 'contour_analysis_time_ms': 481.957208, 'classification_time_ms': 271.184959}",2,7,False,
success,cfcbbb02-7e88-4146-84b6-43a9100f2d6b,/opt/nuclio/shared_storage/mnist_all/2/mnist_test_2_00163.png,"{'skeletonization_time_ms': 223.15175, 'contour_analysis_time_ms': 340.884459, 'classification_time_ms': 362.4905}",2,6,False,
success,ac45f4b8-37a9-4ff9-b33e-d969a0687b05,/opt/nuclio/shared_storage/mnist_all/2/mnist_test_2_00589.png,"{'skeletonization_time_ms': 78.312625, 'contour_analysis_time_ms': 404.497709, 'classification_time_ms': 447.102792}",2,3,False,
success,16d84283-2d26-4986-b70e-3aac35092323,/opt/nuclio/shared_storage/mnist_all/1/mnist_test_1_00776.png,"{'skeletonization_time_ms': 162.040958, 'contour_analysis_time_ms': 449.669083, 'classification_time_ms': 30.482042}",1,7,False,
success,446b19b3-62f9-4249-a8ae-fd935c04cc4e,/opt/nuclio/shared_storage/mnist_all/2/mnist_test_2_00205.png,"{'skeletonization_time_ms': 206.945125, 'contour_analysis_time_ms': 368.818459, 'classification_time_ms': 78.72175}",2,7,False,
success,4adf3c9f-208b-47e5-8900-a41f164e5032,/opt/nuclio/shared_storage/mnist_all/2/mnist_test_2_00831.png,"{'skeletonization_time_ms': 54.26625, 'contour_analysis_time_ms': 267.4505, 'classification_time_ms': 78.128292}",2,7,False,
success,bc14b2a6-93c7-45f0-870c-a22e9f41966c,/opt/nuclio/shared_storage/mnist_all/1/mnist_test_1_01020.png,"{'skeletonization_time_ms': 71.501458, 'contour_analysis_time_ms': 380.684042, 'classification_time_ms': 130.416375}",1,7,False,
success,39c1c5e8-2833-49c5-acfc-6741bd4df607,/opt/nuclio/shared_storage/mnist_all/1/mnist_test_1_01042.png,"{'skeletonization_time_ms': 58.392, 'contour_analysis_time_ms': 349.533292, 'classification_time_ms': 56.068458}",1,7,False,
success,06599a9f-0199-4b90-9780-96cc906ca5a5,/opt/nuclio/shared_storage/mnist_all/2/mnist_test_2_00599.png,"{'skeletonization_time_ms': 63.677459, 'contour_analysis_time_ms': 444.505251, 'classification_time_ms': 119.678}",2,7,False,
success,b6482594-42f0-42b4-a819-d19cb7a09d01,/opt/nuclio/shared_storage/mnist_all/2/mnist_test_2_00007.png,"{'skeletonization_time_ms': 75.229042, 'contour_analysis_time_ms': 481.112042, 'classification_time_ms': 141.627958}",2,7,False,
success,03aceac6-c195-4fd2-9cd6-7af1f08cb3ac,/opt/nuclio/shared_storage/mnist_all/1/mnist_test_1_00074.png,"{'skeletonization_time_ms': 27.539792, 'contour_analysis_time_ms': 335.8625, 'classification_time_ms': 14.310666}",1,7,False,
success,854715ad-866a-4efa-a7c9-5062bb91f624,/opt/nuclio/shared_storage/mnist_all/2/mnist_test_2_00415.png,"{'skeletonization_time_ms': 112.637542, 'contour_analysis_time_ms': 455.879166, 'classification_time_ms': 742.710292}",2,6,False,
success,bbfef44e-e22a-4cda-9ebd-1daab151cb7b,/opt/nuclio/shared_storage/mnist_all/2/mnist_test_2_00826.png,"{'skeletonization_time_ms': 82.554125, 'contour_analysis_time_ms': 310.720041, 'classification_time_ms': 259.453792}",2,7,False,
success,86b1446d-f107-4981-9a0e-9ed3ac0f69be,/opt/nuclio/shared_storage/mnist_all/2/mnist_test_2_00613.png,"{'skeletonization_time_ms': 44.094916, 'contour_analysis_time_ms': 323.257875, 'classification_time_ms': 339.81575}",2,5,False,
success,2e5280ab-ec2e-4330-8bb0-f76386802b1b,/opt/nuclio/shared_storage/mnist_all/2/mnist_test_2_00628.png,"{'skeletonization_time_ms': 88.783375, 'contour_analysis_time_ms': 381.851292, 'classification_time_ms': 224.691958}",2,7,False,
success,5bbdd178-5055-4532-b245-a73bbaf62ed7,/opt/nuclio/shared_storage/mnist_all/2/mnist_test_2_00825.png,"{'skeletonization_time_ms': 41.313208, 'contour_analysis_time_ms': 529.628792, 'classification_time_ms': 85.336584}",2,7,False,
success,0fc7b50b-73c1-40a8-ae4c-2cac5dfe69c7,/opt/nuclio/shared_storage/mnist_all/1/mnist_test_1_01084.png,"{'skeletonization_time_ms': 80.605584, 'contour_analysis_time_ms': 375.607417, 'classification_time_ms': 39.430208}",1,7,False,
success,c839f112-c1fe-4e13-b482-a4be29f65f0a,/opt/nuclio/shared_storage/mnist_all/2/mnist_test_2_00189.png,"{'skeletonization_time_ms': 169.680167, 'contour_analysis_time_ms': 387.895291, 'classification_time_ms': 658.059584}",2,not classified,False,
success,6fabf7cf-97b8-4f33-9a20-6db4d494b6ff,/opt/nuclio/shared_storage/mnist_all/2/mnist_test_2_00957.png,"{'skeletonization_time_ms': 107.746208, 'contour_analysis_time_ms': 547.73175, 'classification_time_ms': 281.134917}",2,7,False,
success,e9658f06-81e9-4233-8d85-1df49c3145e6,/opt/nuclio/shared_storage/mnist_all/2/mnist_test_2_00203.png,"{'skeletonization_time_ms': 128.854708, 'contour_analysis_time_ms': 559.971209, 'classification_time_ms': 84.862416}",2,7,False,
success,a1f6b752-8a9e-46d0-bbc7-f4037fadc480,/opt/nuclio/shared_storage/mnist_all/2/mnist_test_2_00766.png,"{'skeletonization_time_ms': 48.972542, 'contour_analysis_time_ms': 347.310541, 'classification_time_ms': 322.292001}",2,7,False,
success,d520d789-bb8f-46eb-ab89-485fb94c56a5,/opt/nuclio/shared_storage/mnist_all/2/mnist_test_2_00160.png,"{'skeletonization_time_ms': 45.999125, 'contour_analysis_time_ms': 316.983875, 'classification_time_ms': 145.152375}",2,7,False,
success,e05ccd65-804a-4fa8-bebd-e3020f2bac19,/opt/nuclio/shared_storage/mnist_all/1/mnist_test_1_00562.png,"{'skeletonization_time_ms': 46.990751, 'contour_analysis_time_ms': 232.256084, 'classification_time_ms': 47.757375}",1,7,False,
success,33fb1e90-6fbc-481f-a34d-ec0c0406e970,/opt/nuclio/shared_storage/mnist_all/2/mnist_test_2_00821.png,"{'skeletonization_time_ms': 124.565292, 'contour_analysis_time_ms': 307.713584, 'classification_time_ms': 226.706666}",2,1,False,
success,e7829750-9fcc-4a17-b667-b0950035a7b8,/opt/nuclio/shared_storage/mnist_all/1/mnist_test_1_00439.png,"{'skeletonization_time_ms': 72.528958, 'contour_analysis_time_ms': 258.140542, 'classification_time_ms': 27.119084}",1,7,False,
success,680dbc9b-4b78-48bf-bb8b-2d87b5ed9c67,/opt/nuclio/shared_storage/mnist_all/2/mnist_test_2_00313.png,"{'skeletonization_time_ms': 138.695375, 'contour_analysis_time_ms': 216.199917, 'classification_time_ms': 153.771}",2,9,False,
success,e98d901a-dfb5-4f3e-b7ec-a4b2ddb433d0,/opt/nuclio/shared_storage/mnist_all/2/mnist_test_2_00763.png,"{'skeletonization_time_ms': 136.179083, 'contour_analysis_time_ms': 208.412, 'classification_time_ms': 95.533542}",2,7,False,
success,fab3d143-4c1e-406c-8933-ee0ed5539116,/opt/nuclio/shared_storage/mnist_all/2/mnist_test_2_00738.png,"{'skeletonization_time_ms': 159.400917, 'contour_analysis_time_ms': 318.743084, 'classification_time_ms': 111.097416}",2,7,False,
success,631c43d4-401f-4593-af99-0705778fb785,/opt/nuclio/shared_storage/mnist_all/2/mnist_test_2_00339.png,"{'skeletonization_time_ms': 44.468583, 'contour_analysis_time_ms': 362.820375, 'classification_time_ms': 26.944042}",2,1,False,
success,1b3bde39-2cf1-4856-899f-0f46ea0e9c1c,/opt/nuclio/shared_storage/mnist_all/2/mnist_test_2_00177.png,"{'skeletonization_time_ms': 31.962541, 'contour_analysis_time_ms': 342.432583, 'classification_time_ms': 155.303125}",2,7,False,
success,f72169b9-0e88-4958-8372-afe62543133a,/opt/nuclio/shared_storage/mnist_all/1/mnist_test_1_01087.png,"{'skeletonization_time_ms': 56.58525, 'contour_analysis_time_ms': 389.992667, 'classification_time_ms': 250.550583}",1,7,False,
success,0d99427d-ee22-4cc2-9604-6a68464c8574,/opt/nuclio/shared_storage/mnist_all/1/mnist_test_1_00348.png,"{'skeletonization_time_ms': 234.477167, 'contour_analysis_time_ms': 633.049834, 'classification_time_ms': 175.402125}",1,2,False,
success,dc0a1846-ec26-44ba-8c05-82223e759406,/opt/nuclio/shared_storage/mnist_all/2/mnist_test_2_00809.png,"{'skeletonization_time_ms': 65.538459, 'contour_analysis_time_ms': 605.736292, 'classification_time_ms': 172.0005}",2,7,False,
success,c2dde1ff-f267-4734-ba45-4b43a8729c35,/opt/nuclio/shared_storage/mnist_all/2/mnist_test_2_00358.png,"{'skeletonization_time_ms': 158.296542, 'contour_analysis_time_ms': 555.729917, 'classification_time_ms': 244.390834}",2,7,False,
success,cdc1c6de-a28e-45fa-96d1-a9b4ab9fe588,/opt/nuclio/shared_storage/mnist_all/2/mnist_test_2_00315.png,"{'skeletonization_time_ms': 45.070167, 'contour_analysis_time_ms': 428.635084, 'classification_time_ms': 219.980916}",2,7,False,
success,ba00ded2-faa5-4fce-8a07-d6f8e5eab031,/opt/nuclio/shared_storage/mnist_all/2/mnist_test_2_00500.png,"{'skeletonization_time_ms': 31.421209, 'contour_analysis_time_ms': 742.392251, 'classification_time_ms': 84.0995}",2,7,False,
success,643ebade-22b6-47b8-b789-adb16020d9d5,/opt/nuclio/shared_storage/mnist_all/2/mnist_test_2_00469.png,"{'skeletonization_time_ms': 158.24625, 'contour_analysis_time_ms': 516.232791, 'classification_time_ms': 292.458083}",2,7,False,
success,a9a5e635-9c58-428a-9e28-154db46481aa,/opt/nuclio/shared_storage/mnist_all/2/mnist_test_2_00982.png,"{'skeletonization_time_ms': 50.7145, 'contour_analysis_time_ms': 845.857709, 'classification_time_ms': 186.33275}",2,7,False,
success,331cce01-08e9-4b96-9a6e-f4493c4610e7,/opt/nuclio/shared_storage/mnist_all/2/mnist_test_2_00703.png,"{'skeletonization_time_ms': 88.269459, 'contour_analysis_time_ms': 377.480667, 'classification_time_ms': 461.668667}",2,7,False,
success,f2332d3c-61bb-4287-8218-b4219e182bcb,/opt/nuclio/shared_storage/mnist_all/2/mnist_test_2_00371.png,"{'skeletonization_time_ms': 122.6045, 'contour_analysis_time_ms': 417.747875, 'classification_time_ms': 873.890459}",2,6,False,
success,b7e2edaf-273a-4b81-9fd3-343fe06544d5,/opt/nuclio/shared_storage/mnist_all/2/mnist_test_2_00588.png,"{'skeletonization_time_ms': 63.951125, 'contour_analysis_time_ms': 539.089041, 'classification_time_ms': 127.123208}",2,7,False,
success,60ec13a1-b8c1-4cee-8f8b-59809c5cfba7,/opt/nuclio/shared_storage/mnist_all/2/mnist_test_2_00894.png,"{'skeletonization_time_ms': 118.968916, 'contour_analysis_time_ms': 387.875042, 'classification_time_ms': 194.064292}",2,6,False,
success,33311d78-240d-4b76-a856-59b3ade14bad,/opt/nuclio/shared_storage/mnist_all/2/mnist_test_2_00273.png,"{'skeletonization_time_ms': 50.776, 'contour_analysis_time_ms': 356.169459, 'classification_time_ms': 205.735625}",2,7,False,
success,f57c4ef3-7009-4e07-8021-008114052bb0,/opt/nuclio/shared_storage/mnist_all/2/mnist_test_2_00767.png,"{'skeletonization_time_ms': 37.151542, 'contour_analysis_time_ms': 295.799416, 'classification_time_ms': 156.674875}",2,7,False,
success,0ec242ca-e7a7-4521-a0e3-a3b44addd2c0,/opt/nuclio/shared_storage/mnist_all/2/mnist_test_2_00567.png,"{'skeletonization_time_ms': 62.322041, 'contour_analysis_time_ms': 401.939542, 'classification_time_ms': 81.346167}",2,7,False,
success,7dc499d5-68b1-450a-8b81-19bba560850f,/opt/nuclio/shared_storage/mnist_all/2/mnist_test_2_00612.png,"{'skeletonization_time_ms': 59.617917, 'contour_analysis_time_ms': 290.659917, 'classification_time_ms': 100.20825}",2,7,False,
success,e1980a05-a43f-4d90-b2a8-4b2dc96d706c,/opt/nuclio/shared_storage/mnist_all/2/mnist_test_2_00764.png,"{'skeletonization_time_ms': 32.791875, 'contour_analysis_time_ms': 224.179625, 'classification_time_ms': 67.648625}",2,7,False,
success,8cbd08e9-cc38-4fc8-8383-b652f777538b,/opt/nuclio/shared_storage/mnist_all/2/mnist_test_2_00370.png,"{'skeletonization_time_ms': 30.144583, 'contour_analysis_time_ms': 289.717583, 'classification_time_ms': 173.442541}",2,7,False,
success,224790c8-d268-415e-957e-4ab50248e957,/opt/nuclio/shared_storage/mnist_all/2/mnist_test_2_00017.png,"{'skeletonization_time_ms': 76.404166, 'contour_analysis_time_ms': 310.512917, 'classification_time_ms': 841.176876}",2,6,False,
success,53cb2ea2-183d-4f70-afed-427227fb02b3,/opt/nuclio/shared_storage/mnist_all/2/mnist_test_2_00617.png,"{'skeletonization_time_ms': 162.804042, 'contour_analysis_time_ms': 363.191334, 'classification_time_ms': 48.184625}",2,7,False,
success,79f1439c-809e-4a67-9ed7-b953d28cf622,/opt/nuclio/shared_storage/mnist_all/2/mnist_test_2_00840.png,"{'skeletonization_time_ms': 71.188208, 'contour_analysis_time_ms': 283.387625, 'classification_time_ms': 230.423584}",2,7,False,
success,3b92b282-856b-45bb-9805-20e0e844ea0c,/opt/nuclio/shared_storage/mnist_all/2/mnist_test_2_00762.png,"{'skeletonization_time_ms': 87.691917, 'contour_analysis_time_ms': 305.154042, 'classification_time_ms': 273.343001}",2,7,False,
success,6d78f367-6a4a-43d9-bab5-923ca9c745ea,/opt/nuclio/shared_storage/mnist_all/2/mnist_test_2_00028.png,"{'skeletonization_time_ms': 60.824167, 'contour_analysis_time_ms': 364.111167, 'classification_time_ms': 355.642208}",2,6,False,
success,0d384c41-322e-4f93-8104-73d440ec905e,/opt/nuclio/shared_storage/mnist_all/2/mnist_test_2_00364.png,"{'skeletonization_time_ms': 126.966709, 'contour_analysis_time_ms': 364.719709, 'classification_time_ms': 110.660125}",2,7,False,
success,2e323e6d-1834-4adc-b99e-666db6dccde6,/opt/nuclio/shared_storage/mnist_all/2/mnist_test_2_00148.png,"{'skeletonization_time_ms': 87.863458, 'contour_analysis_time_ms': 369.986166, 'classification_time_ms': 176.904626}",2,7,False,
success,fcc68803-c0a6-4003-95ff-240168cb5d61,/opt/nuclio/shared_storage/mnist_all/2/mnist_test_2_00198.png,"{'skeletonization_time_ms': 78.6005, 'contour_analysis_time_ms': 249.803417, 'classification_time_ms': 216.541292}",2,7,False,
success,4df9e264-7e78-4d32-913c-ed4966ac94e8,/opt/nuclio/shared_storage/mnist_all/2/mnist_test_2_00884.png,"{'skeletonization_time_ms': 32.802334, 'contour_analysis_time_ms': 360.666916, 'classification_time_ms': 60.441917}",2,7,False,
success,303840a6-8a4c-4c08-bb77-98ee5a3c5264,/opt/nuclio/shared_storage/mnist_all/2/mnist_test_2_00667.png,"{'skeletonization_time_ms': 184.638458, 'contour_analysis_time_ms': 288.718501, 'classification_time_ms': 122.475375}",2,5,False,
success,72ad89fa-7bbf-4d30-9638-7c657b800372,/opt/nuclio/shared_storage/mnist_all/2/mnist_test_2_00844.png,"{'skeletonization_time_ms': 49.439584, 'contour_analysis_time_ms': 260.631833, 'classification_time_ms': 61.052958}",2,7,False,
success,aaec5607-9da2-4e8b-ae4b-c41824307aca,/opt/nuclio/shared_storage/mnist_all/2/mnist_test_2_00604.png,"{'skeletonization_time_ms': 129.525167, 'contour_analysis_time_ms': 279.071, 'classification_time_ms': 61.406792}",2,7,False,
success,f513966f-c9df-4b7c-820f-96bff39e9291,/opt/nuclio/shared_storage/mnist_all/2/mnist_test_2_00349.png,"{'skeletonization_time_ms': 50.944208, 'contour_analysis_time_ms': 325.693209, 'classification_time_ms': 120.677667}",2,7,False,
success,cfe2db2f-08d7-447e-a095-4bac22a9262c,/opt/nuclio/shared_storage/mnist_all/2/mnist_test_2_00476.png,"{'skeletonization_time_ms': 98.274458, 'contour_analysis_time_ms': 347.642625, 'classification_time_ms': 258.695083}",2,7,False,
success,5fd28fac-c7a3-49b0-a3c2-92c9dafc748c,/opt/nuclio/shared_storage/mnist_all/2/mnist_test_2_00098.png,"{'skeletonization_time_ms': 42.597583, 'contour_analysis_time_ms': 338.907709, 'classification_time_ms': 145.168792}",2,7,False,
success,a977b7ff-b195-4fd0-afe7-229cadf07376,/opt/nuclio/shared_storage/mnist_all/2/mnist_test_2_00991.png,"{'skeletonization_time_ms': 128.688375, 'contour_analysis_time_ms': 569.029819, 'classification_time_ms': 1664.008834}",2,7,False,
success,b0fa3ef8-3f47-494a-86cb-a4dcad535cf1,/opt/nuclio/shared_storage/mnist_all/2/mnist_test_2_00837.png,"{'skeletonization_time_ms': 52.548583, 'contour_analysis_time_ms': 501.19725, 'classification_time_ms': 306.374917}",2,6,False,
success,5bccafed-c999-4166-b3a4-59431decbb0a,/opt/nuclio/shared_storage/mnist_all/2/mnist_test_2_00707.png,"{'skeletonization_time_ms': 91.383126, 'contour_analysis_time_ms': 2141.611251, 'classification_time_ms': 106.867583}",2,7,False,
success,216e44c6-423b-4f6d-959f-016df6294b84,/opt/nuclio/shared_storage/mnist_all/2/mnist_test_2_00464.png,"{'skeletonization_time_ms': 83.05, 'contour_analysis_time_ms': 470.9465, 'classification_time_ms': 513.660625}",2,3,False,
success,995c4e4b-f8a6-4d63-af1c-ad7b5ac37f03,/opt/nuclio/shared_storage/mnist_all/2/mnist_test_2_00985.png,"{'skeletonization_time_ms': 68.316875, 'contour_analysis_time_ms': 1068.938334, 'classification_time_ms': 115.579292}",2,7,False,
success,f22d521a-1a4f-4026-9c86-e30e01db4eac,/opt/nuclio/shared_storage/mnist_all/1/mnist_test_1_00956.png,"{'skeletonization_time_ms': 35.482417, 'contour_analysis_time_ms': 589.895667, 'classification_time_ms': 75.987542}",1,7,False,
success,18f3fdb8-5f22-49f3-af08-2b17720c4118,/opt/nuclio/shared_storage/mnist_all/2/mnist_test_2_00459.png,"{'skeletonization_time_ms': 409.961833, 'contour_analysis_time_ms': 368.390666, 'classification_time_ms': 76.3605}",2,1,False,
success,00f6c56e-c59d-441c-abdf-97b73c138138,/opt/nuclio/shared_storage/mnist_all/2/mnist_test_2_00499.png,"{'skeletonization_time_ms': 120.872417, 'contour_analysis_time_ms': 368.656667, 'classification_time_ms': 128.241583}",2,7,False,
success,d4180736-cca8-4a0b-8fe0-dbfa20a0fad5,/opt/nuclio/shared_storage/mnist_all/2/mnist_test_2_00072.png,"{'skeletonization_time_ms': 57.427791, 'contour_analysis_time_ms': 378.714917, 'classification_time_ms': 185.50775}",2,7,False,
success,41dc855d-1020-4134-8027-bf6f4aa6f4a4,/opt/nuclio/shared_storage/mnist_all/2/mnist_test_2_00228.png,"{'skeletonization_time_ms': 61.035667, 'contour_analysis_time_ms': 215.520833, 'classification_time_ms': 187.459167}",2,7,False,
success,a3960c3d-3ea1-4029-b6ea-6f9f96ae47a2,/opt/nuclio/shared_storage/mnist_all/2/mnist_test_2_01020.png,"{'skeletonization_time_ms': 102.370542, 'contour_analysis_time_ms': 288.196376, 'classification_time_ms': 121.879}",2,7,False,
success,63d94f5f-9605-4d52-89ae-101e87d8c9a7,/opt/nuclio/shared_storage/mnist_all/2/mnist_test_2_00175.png,"{'skeletonization_time_ms': 45.414666, 'contour_analysis_time_ms': 584.502292, 'classification_time_ms': 218.43175}",2,6,False,
success,d0becc9c-94d7-4d67-af45-362f5e9ed3de,/opt/nuclio/shared_storage/mnist_all/2/mnist_test_2_00539.png,"{'skeletonization_time_ms': 61.949041, 'contour_analysis_time_ms': 582.668501, 'classification_time_ms': 150.3005}",2,5,False,
success,363a47c6-0bf0-417b-8906-c3e19af752a2,/opt/nuclio/shared_storage/mnist_all/2/mnist_test_2_00407.png,"{'skeletonization_time_ms': 51.932334, 'contour_analysis_time_ms': 289.75675, 'classification_time_ms': 52.407416}",2,7,False,
success,705b18e8-3d35-4b23-bda4-aaf59758eebc,/opt/nuclio/shared_storage/mnist_all/2/mnist_test_2_00061.png,"{'skeletonization_time_ms': 47.97425, 'contour_analysis_time_ms': 300.416125, 'classification_time_ms': 52.164959}",2,7,False,
success,cad4eb40-4faf-4166-a12f-c22e236221b8,/opt/nuclio/shared_storage/mnist_all/2/mnist_test_2_00605.png,"{'skeletonization_time_ms': 53.41, 'contour_analysis_time_ms': 420.273292, 'classification_time_ms': 47.68525}",2,7,False,
success,05e94231-a854-4063-b909-a8ce868a8aaa,/opt/nuclio/shared_storage/mnist_all/2/mnist_test_2_00979.png,"{'skeletonization_time_ms': 54.648042, 'contour_analysis_time_ms': 336.692959, 'classification_time_ms': 169.582042}",2,7,False,
success,e9aafaf9-c506-415f-8a93-529120db0221,/opt/nuclio/shared_storage/mnist_all/2/mnist_test_2_00264.png,"{'skeletonization_time_ms': 82.831875, 'contour_analysis_time_ms': 297.593791, 'classification_time_ms': 296.113458}",2,9,False,
success,5172e790-56f8-406a-8ce5-fb431be47c81,/opt/nuclio/shared_storage/mnist_all/2/mnist_test_2_00761.png,"{'skeletonization_time_ms': 31.587708, 'contour_analysis_time_ms': 473.253833, 'classification_time_ms': 214.67375}",2,7,False,
success,87556dd4-5e16-4377-8a78-a83d78af5ca6,/opt/nuclio/shared_storage/mnist_all/2/mnist_test_2_00855.png,"{'skeletonization_time_ms': 33.670458, 'contour_analysis_time_ms': 526.202667, 'classification_time_ms': 164.560167}",2,7,False,
success,5b150e73-d209-49b4-a584-59d74bd88d90,/opt/nuclio/shared_storage/mnist_all/2/mnist_test_2_00701.png,"{'skeletonization_time_ms': 132.430417, 'contour_analysis_time_ms': 409.098917, 'classification_time_ms': 76.300959}",2,7,False,
success,962941a6-2f4c-498c-bf6e-c0483e85c76d,/opt/nuclio/shared_storage/mnist_all/2/mnist_test_2_00505.png,"{'skeletonization_time_ms': 36.640083, 'contour_analysis_time_ms': 318.304417, 'classification_time_ms': 41.788292}",2,7,False,
success,dd079ee3-1e9f-472a-9721-51cca29199d9,/opt/nuclio/shared_storage/mnist_all/2/mnist_test_2_00428.png,"{'skeletonization_time_ms': 35.213333, 'contour_analysis_time_ms': 325.381167, 'classification_time_ms': 228.176125}",2,3,False,
success,b4cfbf77-9842-4b04-bd90-437907a9bf55,/opt/nuclio/shared_storage/mnist_all/2/mnist_test_2_00265.png,"{'skeletonization_time_ms': 49.09375, 'contour_analysis_time_ms': 651.289917, 'classification_time_ms': 122.326792}",2,7,False,
success,748dcf69-6057-466a-b5fa-3cbf94e62442,/opt/nuclio/shared_storage/mnist_all/2/mnist_test_2_00925.png,"{'skeletonization_time_ms': 44.862959, 'contour_analysis_time_ms': 279.581417, 'classification_time_ms': 66.891458}",2,7,False,
success,1a165984-9324-400c-9473-2094af10bbf8,/opt/nuclio/shared_storage/mnist_all/2/mnist_test_2_00824.png,"{'skeletonization_time_ms': 47.446375, 'contour_analysis_time_ms': 261.243333, 'classification_time_ms': 223.730126}",2,7,False,
success,2f901151-7ce7-4f73-8ec9-136bdb6c2189,/opt/nuclio/shared_storage/mnist_all/2/mnist_test_2_00401.png,"{'skeletonization_time_ms': 57.737, 'contour_analysis_time_ms': 291.875417, 'classification_time_ms': 241.973667}",2,7,False,
success,d461c833-859f-4dec-80ae-a7b18b80ebd1,/opt/nuclio/shared_storage/mnist_all/2/mnist_test_2_00859.png,"{'skeletonization_time_ms': 36.975417, 'contour_analysis_time_ms': 219.864291, 'classification_time_ms': 65.790375}",2,7,False,
success,3c26ea7c-c32c-4db8-94d8-c3605a50159a,/opt/nuclio/shared_storage/mnist_all/2/mnist_test_2_00575.png,"{'skeletonization_time_ms': 55.1635, 'contour_analysis_time_ms': 227.521375, 'classification_time_ms': 80.289375}",2,7,False,
success,d5cd9ea4-6a43-4bf9-b770-5b0ab40a1e10,/opt/nuclio/shared_storage/mnist_all/2/mnist_test_2_00600.png,"{'skeletonization_time_ms': 45.306375, 'contour_analysis_time_ms': 407.066376, 'classification_time_ms': 262.632208}",2,7,False,
success,b9c7c696-15d2-43f0-9b32-b1d53576d51f,/opt/nuclio/shared_storage/mnist_all/2/mnist_test_2_00574.png,"{'skeletonization_time_ms': 89.774917, 'contour_analysis_time_ms': 690.976459, 'classification_time_ms': 241.765292}",2,7,False,
success,14f2ec42-0514-494a-b79c-2898368472a2,/opt/nuclio/shared_storage/mnist_all/2/mnist_test_2_00606.png,"{'skeletonization_time_ms': 85.42975, 'contour_analysis_time_ms': 582.797417, 'classification_time_ms': 201.068375}",2,3,False,
success,3cd4b51e-d2b9-4a8c-b90d-3caac48daf36,/opt/nuclio/shared_storage/mnist_all/2/mnist_test_2_00444.png,"{'skeletonization_time_ms': 51.364125, 'contour_analysis_time_ms': 404.27375, 'classification_time_ms': 440.594667}",2,7,False,
success,09ab58b9-cc29-4147-8fa8-945d64146029,/opt/nuclio/shared_storage/mnist_all/2/mnist_test_2_00865.png,"{'skeletonization_time_ms': 50.789084, 'contour_analysis_time_ms': 493.647334, 'classification_time_ms': 128.807917}",2,7,False,
success,37a4e1a8-07b6-4fd1-af68-8185c46bc520,/opt/nuclio/shared_storage/mnist_all/2/mnist_test_2_00806.png,"{'skeletonization_time_ms': 34.545291, 'contour_analysis_time_ms': 336.693625, 'classification_time_ms': 198.903459}",2,3,False,
success,afc07088-c5a2-420a-87ce-b33a6319e0ce,/opt/nuclio/shared_storage/mnist_all/2/mnist_test_2_00333.png,"{'skeletonization_time_ms': 80.521, 'contour_analysis_time_ms': 475.872458, 'classification_time_ms': 235.491084}",2,7,False,
success,6ea42b56-4454-44b0-bbc4-706d9776c567,/opt/nuclio/shared_storage/mnist_all/2/mnist_test_2_00015.png,"{'skeletonization_time_ms': 38.540084, 'contour_analysis_time_ms': 451.198333, 'classification_time_ms': 103.171416}",2,7,False,
success,d6542bbf-2845-4006-90ca-98e63366c403,/opt/nuclio/shared_storage/mnist_all/2/mnist_test_2_00663.png,"{'skeletonization_time_ms': 42.788458, 'contour_analysis_time_ms': 255.155583, 'classification_time_ms': 462.514751}",2,6,False,
success,17c1ec14-9fea-40d3-83bf-798f97d6b59c,/opt/nuclio/shared_storage/mnist_all/2/mnist_test_2_00344.png,"{'skeletonization_time_ms': 78.216292, 'contour_analysis_time_ms': 344.6595, 'classification_time_ms': 176.860041}",2,7,False,
success,259923a2-f61a-40a3-bd09-548a6f1b3f1a,/opt/nuclio/shared_storage/mnist_all/2/mnist_test_2_01031.png,"{'skeletonization_time_ms': 64.897875, 'contour_analysis_time_ms': 1136.733084, 'classification_time_ms': 1335.039792}",2,7,False,
success,3eed90eb-bb4b-453f-878a-82aa6e6c3e06,/opt/nuclio/shared_storage/mnist_all/2/mnist_test_2_00788.png,"{'skeletonization_time_ms': 56.088875, 'contour_analysis_time_ms': 1892.235542, 'classification_time_ms': 523.746334}",2,7,False,
success,da8e899e-0d34-4576-ad27-914355bd2eb6,/opt/nuclio/shared_storage/mnist_all/2/mnist_test_2_00441.png,"{'skeletonization_time_ms': 42.671458, 'contour_analysis_time_ms': 1470.84925, 'classification_time_ms': 641.319292}",2,6,False,
success,6ac516df-b921-4201-8011-2fda9291ef5d,/opt/nuclio/shared_storage/mnist_all/2/mnist_test_2_00164.png,"{'skeletonization_time_ms': 137.913083, 'contour_analysis_time_ms': 1216.303042, 'classification_time_ms': 1160.616042}",2,7,False,
success,ae317512-8e14-4f7e-8f23-18e96bced4d5,/opt/nuclio/shared_storage/mnist_all/2/mnist_test_2_00316.png,"{'skeletonization_time_ms': 53.198791, 'contour_analysis_time_ms': 1515.205459, 'classification_time_ms': 2635.761834}",2,6,False,
success,213dd59f-1f69-4cbf-abcd-b53ac49b0c29,/opt/nuclio/shared_storage/mnist_all/2/mnist_test_2_00812.png,"{'skeletonization_time_ms': 117.440916, 'contour_analysis_time_ms': 2297.759917, 'classification_time_ms': 469.373417}",2,7,False,
success,dccbaaff-91bd-4f87-9f00-4ad173ce349c,/opt/nuclio/shared_storage/mnist_all/2/mnist_test_2_00835.png,"{'skeletonization_time_ms': 72.003083, 'contour_analysis_time_ms': 2106.018876, 'classification_time_ms': 1348.575917}",2,6,False,
success,6228d8f4-19d9-49a8-b301-0a7203480287,/opt/nuclio/shared_storage/mnist_all/2/mnist_test_2_00709.png,"{'skeletonization_time_ms': 87.110125, 'contour_analysis_time_ms': 1876.40921, 'classification_time_ms': 351.286834}",2,7,False,
success,eb09b293-5049-48e8-98ee-82ec1d483248,/opt/nuclio/shared_storage/mnist_all/2/mnist_test_2_00003.png,"{'skeletonization_time_ms': 55.089916, 'contour_analysis_time_ms': 1791.872667, 'classification_time_ms': 122.590958}",2,1,False,
success,b6fc074a-bf2c-4b00-bb6d-2f8ac5ae88da,/opt/nuclio/shared_storage/mnist_all/2/mnist_test_2_00705.png,"{'skeletonization_time_ms': 32.509292, 'contour_analysis_time_ms': 1546.000167, 'classification_time_ms': 531.305375}",2,7,False,
success,62b78ebf-7514-459f-9b3a-894be47ac802,/opt/nuclio/shared_storage/mnist_all/2/mnist_test_2_00808.png,"{'skeletonization_time_ms': 31.878542, 'contour_analysis_time_ms': 1273.189876, 'classification_time_ms': 186.685625}",2,7,False,
success,868dfa98-7679-4f8b-8f22-773d841cb9e2,/opt/nuclio/shared_storage/mnist_all/2/mnist_test_2_00483.png,"{'skeletonization_time_ms': 42.928625, 'contour_analysis_time_ms': 1232.154417, 'classification_time_ms': 195.839333}",2,7,False,
success,a182e15f-47b1-4dc9-a2bf-b6755b5c4dbc,/opt/nuclio/shared_storage/mnist_all/2/mnist_test_2_00515.png,"{'skeletonization_time_ms': 47.009666, 'contour_analysis_time_ms': 339.866333, 'classification_time_ms': 131.075708}",2,7,False,
success,cc384a5a-522a-4091-a51e-988cd69361cf,/opt/nuclio/shared_storage/mnist_all/2/mnist_test_2_00693.png,"{'skeletonization_time_ms': 137.585833, 'contour_analysis_time_ms': 414.206542, 'classification_time_ms': 607.510042}",2,7,False,
success,cb580853-2fa2-4172-a3a1-2248f5084d80,/opt/nuclio/shared_storage/mnist_all/2/mnist_test_2_00101.png,"{'skeletonization_time_ms': 88.708041, 'contour_analysis_time_ms': 521.943042, 'classification_time_ms': 268.046792}",2,7,False,
success,bcac3c79-c4b3-4bae-bca9-159618c20fb4,/opt/nuclio/shared_storage/mnist_all/2/mnist_test_2_00710.png,"{'skeletonization_time_ms': 71.452667, 'contour_analysis_time_ms': 573.942167, 'classification_time_ms': 203.641959}",2,7,False,
success,98f6a615-680a-420f-99f8-a071a4d8d3d0,/opt/nuclio/shared_storage/mnist_all/2/mnist_test_2_00453.png,"{'skeletonization_time_ms': 56.069667, 'contour_analysis_time_ms': 655.10775, 'classification_time_ms': 622.854375}",2,6,False,
success,b3d1ead6-a5bd-47be-ad4b-f0c8ee19aa93,/opt/nuclio/shared_storage/mnist_all/2/mnist_test_2_00488.png,"{'skeletonization_time_ms': 61.710625, 'contour_analysis_time_ms': 423.189833, 'classification_time_ms': 70.491083}",2,7,False,
success,7195f6a8-d21d-4cdb-8965-7184e945b64b,/opt/nuclio/shared_storage/mnist_all/2/mnist_test_2_00834.png,"{'skeletonization_time_ms': 65.06675, 'contour_analysis_time_ms': 600.407792, 'classification_time_ms': 200.837917}",2,9,False,
success,a33c59a6-9187-414b-a474-c857c2cc8e67,/opt/nuclio/shared_storage/mnist_all/2/mnist_test_2_00309.png,"{'skeletonization_time_ms': 71.621125, 'contour_analysis_time_ms': 503.733084, 'classification_time_ms': 342.786167}",2,6,False,
success,109b10d3-534a-46d7-baf0-a0c7935f027c,/opt/nuclio/shared_storage/mnist_all/2/mnist_test_2_00688.png,"{'skeletonization_time_ms': 49.23725, 'contour_analysis_time_ms': 480.793834, 'classification_time_ms': 249.597709}",2,7,False,
success,7559bb38-f2ac-429b-ad27-e9f223eeef48,/opt/nuclio/shared_storage/mnist_all/2/mnist_test_2_00261.png,"{'skeletonization_time_ms': 40.268542, 'contour_analysis_time_ms': 318.777, 'classification_time_ms': 229.041791}",2,3,False,
success,00e86068-63d8-4a71-ab7d-f78f0feccaf3,/opt/nuclio/shared_storage/mnist_all/2/mnist_test_2_00759.png,"{'skeletonization_time_ms': 66.003, 'contour_analysis_time_ms': 326.889541, 'classification_time_ms': 102.303834}",2,7,False,
success,39f864b1-4d03-4bf0-8480-88babc8a0418,/opt/nuclio/shared_storage/mnist_all/2/mnist_test_2_00260.png,"{'skeletonization_time_ms': 85.638542, 'contour_analysis_time_ms': 307.045167, 'classification_time_ms': 168.891708}",2,7,False,
success,98e0ff62-5c31-4822-86b5-7610695cffb8,/opt/nuclio/shared_storage/mnist_all/2/mnist_test_2_00773.png,"{'skeletonization_time_ms': 89.42825, 'contour_analysis_time_ms': 300.297959, 'classification_time_ms': 244.605459}",2,6,False,
success,dd111732-35e9-4e68-bdf0-b06c130e219b,/opt/nuclio/shared_storage/mnist_all/2/mnist_test_2_00066.png,"{'skeletonization_time_ms': 122.423958, 'contour_analysis_time_ms': 484.804167, 'classification_time_ms': 122.101834}",2,7,False,
success,69a185fa-7b7a-49ae-b693-6d87266aaf00,/opt/nuclio/shared_storage/mnist_all/2/mnist_test_2_00103.png,"{'skeletonization_time_ms': 41.234708, 'contour_analysis_time_ms': 341.613916, 'classification_time_ms': 469.939542}",2,6,False,
success,270147af-f69b-4a8a-95b8-be2946d89fa8,/opt/nuclio/shared_storage/mnist_all/2/mnist_test_2_00907.png,"{'skeletonization_time_ms': 114.807167, 'contour_analysis_time_ms': 347.335542, 'classification_time_ms': 138.756625}",2,7,False,
success,cb804fb5-12bb-410b-b157-bb1c6f36e8c9,/opt/nuclio/shared_storage/mnist_all/2/mnist_test_2_00558.png,"{'skeletonization_time_ms': 90.278709, 'contour_analysis_time_ms': 382.324334, 'classification_time_ms': 424.544334}",2,6,False,
success,63c9ce70-c609-4246-904d-4e3d276ee8dc,/opt/nuclio/shared_storage/mnist_all/2/mnist_test_2_00968.png,"{'skeletonization_time_ms': 44.865625, 'contour_analysis_time_ms': 327.463792, 'classification_time_ms': 283.505584}",2,6,False,
success,ad85067b-2b1f-4c81-a6a1-51550a17e931,/opt/nuclio/shared_storage/mnist_all/2/mnist_test_2_00442.png,"{'skeletonization_time_ms': 44.002667, 'contour_analysis_time_ms': 302.038625, 'classification_time_ms': 300.524334}",2,7,False,
success,2e406992-a904-4b63-9d81-73894e28308a,/opt/nuclio/shared_storage/mnist_all/2/mnist_test_2_00404.png,"{'skeletonization_time_ms': 33.848125, 'contour_analysis_time_ms': 378.433417, 'classification_time_ms': 361.137375}",2,7,False,
success,6a8316af-79fa-4241-85e4-f662364e4344,/opt/nuclio/shared_storage/mnist_all/2/mnist_test_2_00689.png,"{'skeletonization_time_ms': 74.481917, 'contour_analysis_time_ms': 398.284583, 'classification_time_ms': 435.848208}",2,6,False,
success,5e9274a9-1edb-4820-8eb9-a416cde585a1,/opt/nuclio/shared_storage/mnist_all/2/mnist_test_2_00481.png,"{'skeletonization_time_ms': 94.353917, 'contour_analysis_time_ms': 484.345, 'classification_time_ms': 450.937375}",2,6,False,
success,ef726e58-d98f-4a47-a9b1-4fcf3d3bd656,/opt/nuclio/shared_storage/mnist_all/2/mnist_test_2_00363.png,"{'skeletonization_time_ms': 49.821125, 'contour_analysis_time_ms': 375.6165, 'classification_time_ms': 133.264709}",2,7,False,
success,a52d01c2-f9a0-4d55-8407-1879087731c4,/opt/nuclio/shared_storage/mnist_all/2/mnist_test_2_00412.png,"{'skeletonization_time_ms': 75.580834, 'contour_analysis_time_ms': 444.547916, 'classification_time_ms': 239.740917}",2,3,False,
success,09bda7fc-cf93-4fa5-98c1-ad50af643139,/opt/nuclio/shared_storage/mnist_all/2/mnist_test_2_00857.png,"{'skeletonization_time_ms': 69.389333, 'contour_analysis_time_ms': 373.2685, 'classification_time_ms': 133.836417}",2,7,False,
success,cb55f930-5e38-46d9-a5f6-7e665f7e99d9,/opt/nuclio/shared_storage/mnist_all/2/mnist_test_2_00607.png,"{'skeletonization_time_ms': 64.92225, 'contour_analysis_time_ms': 562.263486, 'classification_time_ms': 178.879834}",2,7,False,
success,f88fca84-0a60-426d-ab2f-7dd66da4cb34,/opt/nuclio/shared_storage/mnist_all/2/mnist_test_2_00110.png,"{'skeletonization_time_ms': 78.339084, 'contour_analysis_time_ms': 406.528875, 'classification_time_ms': 712.474944}",2,6,False,
success,8e993d86-2d5c-4833-a283-6495f3bcbd6c,/opt/nuclio/shared_storage/mnist_all/2/mnist_test_2_00049.png,"{'skeletonization_time_ms': 163.137458, 'contour_analysis_time_ms': 578.568319, 'classification_time_ms': 164.050958}",2,7,False,
success,460a892c-6075-41d0-a9a8-4ba783717682,/opt/nuclio/shared_storage/mnist_all/2/mnist_test_2_00609.png,"{'skeletonization_time_ms': 37.863542, 'contour_analysis_time_ms': 599.534986, 'classification_time_ms': 84.577666}",2,7,False,
success,05a4ef5a-a5b1-4f5e-a9a5-05eebbd0fa65,/opt/nuclio/shared_storage/mnist_all/2/mnist_test_2_00406.png,"{'skeletonization_time_ms': 55.919292, 'contour_analysis_time_ms': 411.667417, 'classification_time_ms': 395.489417}",2,7,False,
success,5b2730c7-373b-4854-a75b-1d4fdf4113b2,/opt/nuclio/shared_storage/mnist_all/2/mnist_test_2_00811.png,"{'skeletonization_time_ms': 118.432958, 'contour_analysis_time_ms': 537.679958, 'classification_time_ms': 81.42275}",2,7,False,
success,679858f1-c53e-4a4e-95d4-42c26eae5483,/opt/nuclio/shared_storage/mnist_all/2/mnist_test_2_00611.png,"{'skeletonization_time_ms': 88.647292, 'contour_analysis_time_ms': 485.233626, 'classification_time_ms': 301.303917}",2,7,False,
success,dceadf13-72fa-4bf1-ace0-9d4c0bb744a1,/opt/nuclio/shared_storage/mnist_all/2/mnist_test_2_00328.png,"{'skeletonization_time_ms': 79.978291, 'contour_analysis_time_ms': 774.891625, 'classification_time_ms': 115.554167}",2,7,False,
success,6f0ed8bc-784b-4588-8ff3-278574bc8fac,/opt/nuclio/shared_storage/mnist_all/2/mnist_test_2_00658.png,"{'skeletonization_time_ms': 72.041667, 'contour_analysis_time_ms': 691.494792, 'classification_time_ms': 260.535875}",2,6,False,
success,3c31ed66-10ff-4600-801f-1b9a3a2191c9,/opt/nuclio/shared_storage/mnist_all/2/mnist_test_2_00980.png,"{'skeletonization_time_ms': 75.194666, 'contour_analysis_time_ms': 297.451875, 'classification_time_ms': 76.687125}",2,7,False,
success,a5f31eca-2196-4e69-8dd0-edf3a97cf625,/opt/nuclio/shared_storage/mnist_all/2/mnist_test_2_00676.png,"{'skeletonization_time_ms': 78.043709, 'contour_analysis_time_ms': 369.86475, 'classification_time_ms': 207.223042}",2,7,False,
success,001b63c0-5c59-475a-9f45-c27971e5eafa,/opt/nuclio/shared_storage/mnist_all/2/mnist_test_2_00685.png,"{'skeletonization_time_ms': 97.095958, 'contour_analysis_time_ms': 515.553292, 'classification_time_ms': 191.44325}",2,7,False,
success,bfb5284c-5622-4458-a9cf-adfeea36072d,/opt/nuclio/shared_storage/mnist_all/2/mnist_test_2_00485.png,"{'skeletonization_time_ms': 97.585875, 'contour_analysis_time_ms': 598.826125, 'classification_time_ms': 248.558667}",2,7,False,
success,f0b328e0-c597-4d60-bf15-a44ee76d778a,/opt/nuclio/shared_storage/mnist_all/2/mnist_test_2_00489.png,"{'skeletonization_time_ms': 99.363583, 'contour_analysis_time_ms': 401.770833, 'classification_time_ms': 230.534625}",2,3,False,
success,d4df03cb-723d-4640-af2c-53bc2a6a6014,/opt/nuclio/shared_storage/mnist_all/2/mnist_test_2_00529.png,"{'skeletonization_time_ms': 47.847959, 'contour_analysis_time_ms': 411.058375, 'classification_time_ms': 152.3545}",2,3,False,
success,408e7428-55a2-49e7-89a9-9f6decfeff8a,/opt/nuclio/shared_storage/mnist_all/2/mnist_test_2_00306.png,"{'skeletonization_time_ms': 68.347709, 'contour_analysis_time_ms': 451.969542, 'classification_time_ms': 80.093083}",2,7,False,
success,0acdf0e3-4a5b-4543-af23-8e806a4e3ff9,/opt/nuclio/shared_storage/mnist_all/2/mnist_test_2_00699.png,"{'skeletonization_time_ms': 151.378208, 'contour_analysis_time_ms': 225.441166, 'classification_time_ms': 62.200042}",2,7,False,
success,657b17da-c830-45ce-a1c3-72a5e8287c17,/opt/nuclio/shared_storage/mnist_all/2/mnist_test_2_00132.png,"{'skeletonization_time_ms': 76.274125, 'contour_analysis_time_ms': 224.762001, 'classification_time_ms': 60.843291}",2,7,False,
success,001a4201-2a2d-4ba9-b149-8950c3473311,/opt/nuclio/shared_storage/mnist_all/2/mnist_test_2_00843.png,"{'skeletonization_time_ms': 58.59075, 'contour_analysis_time_ms': 276.253, 'classification_time_ms': 311.29625}",2,9,False,
success,b7cec32a-71cd-4857-9f01-28d535dcf1d8,/opt/nuclio/shared_storage/mnist_all/2/mnist_test_2_00320.png,"{'skeletonization_time_ms': 48.086167, 'contour_analysis_time_ms': 213.622417, 'classification_time_ms': 188.057792}",2,5,False,
success,fe7d4b74-b47f-4411-939c-6b91494e25f9,/opt/nuclio/shared_storage/mnist_all/2/mnist_test_2_00118.png,"{'skeletonization_time_ms': 59.970834, 'contour_analysis_time_ms': 347.131376, 'classification_time_ms': 153.227333}",2,7,False,
success,b0bd0a8d-73f0-4340-acfd-e84ec9ddf4a7,/opt/nuclio/shared_storage/mnist_all/2/mnist_test_2_00543.png,"{'skeletonization_time_ms': 54.760125, 'contour_analysis_time_ms': 430.879917, 'classification_time_ms': 91.998042}",2,7,False,
success,59505668-6e54-40dc-8e22-f103789bcd9e,/opt/nuclio/shared_storage/mnist_all/2/mnist_test_2_01021.png,"{'skeletonization_time_ms': 60.272583, 'contour_analysis_time_ms': 268.535792, 'classification_time_ms': 88.865292}",2,7,False,
success,d56eaa44-c924-4bbe-81f0-fd6e7b717890,/opt/nuclio/shared_storage/mnist_all/2/mnist_test_2_00021.png,"{'skeletonization_time_ms': 86.852584, 'contour_analysis_time_ms': 227.689791, 'classification_time_ms': 265.521166}",2,6,False,
success,9a51b4cf-ebb2-4922-8501-16434e054dad,/opt/nuclio/shared_storage/mnist_all/2/mnist_test_2_00304.png,"{'skeletonization_time_ms': 60.174167, 'contour_analysis_time_ms': 274.628042, 'classification_time_ms': 68.806792}",2,7,False,
success,edf6b54f-07ed-4a02-b7c5-351f161c5aff,/opt/nuclio/shared_storage/mnist_all/2/mnist_test_2_00421.png,"{'skeletonization_time_ms': 74.287375, 'contour_analysis_time_ms': 241.974709, 'classification_time_ms': 70.427542}",2,7,False,
success,19136126-81f3-4266-84b5-e3749f3fd134,/opt/nuclio/shared_storage/mnist_all/2/mnist_test_2_00452.png,"{'skeletonization_time_ms': 60.261458, 'contour_analysis_time_ms': 380.876167, 'classification_time_ms': 84.740292}",2,7,False,
success,f20de807-fd89-4574-918b-56e59307f9ea,/opt/nuclio/shared_storage/mnist_all/2/mnist_test_2_00804.png,"{'skeletonization_time_ms': 77.801292, 'contour_analysis_time_ms': 411.034125, 'classification_time_ms': 381.9655}",2,6,False,
success,a4c389b4-623d-4526-8ed4-e3e5d66657a5,/opt/nuclio/shared_storage/mnist_all/2/mnist_test_2_00080.png,"{'skeletonization_time_ms': 104.618583, 'contour_analysis_time_ms': 287.025708, 'classification_time_ms': 184.4265}",2,5,False,
success,2b174f76-3ad5-4e1e-b193-01bc24330316,/opt/nuclio/shared_storage/mnist_all/2/mnist_test_2_00668.png,"{'skeletonization_time_ms': 114.13825, 'contour_analysis_time_ms': 307.219625, 'classification_time_ms': 346.877917}",2,6,False,
success,00e57c25-d6d1-49da-91d4-3ece4e4a0f25,/opt/nuclio/shared_storage/mnist_all/2/mnist_test_2_00911.png,"{'skeletonization_time_ms': 63.975875, 'contour_analysis_time_ms': 288.50575, 'classification_time_ms': 71.817542}",2,7,False,
success,d5624c8e-f248-4577-9d06-af1734e6672f,/opt/nuclio/shared_storage/mnist_all/2/mnist_test_2_00965.png,"{'skeletonization_time_ms': 44.5895, 'contour_analysis_time_ms': 436.135625, 'classification_time_ms': 202.081}",2,6,False,
success,83fdab5c-20eb-40e3-997d-ff9e98b1ec88,/opt/nuclio/shared_storage/mnist_all/2/mnist_test_2_00686.png,"{'skeletonization_time_ms': 149.725167, 'contour_analysis_time_ms': 340.439959, 'classification_time_ms': 80.015917}",2,7,False,
success,ac8a0b39-90a4-4102-ba77-f0faf3adae26,/opt/nuclio/shared_storage/mnist_all/2/mnist_test_2_00471.png,"{'skeletonization_time_ms': 130.28075, 'contour_analysis_time_ms': 448.242167, 'classification_time_ms': 394.299958}",2,7,False,
success,fc877c03-9f80-43d7-9b67-9813efb7e332,/opt/nuclio/shared_storage/mnist_all/2/mnist_test_2_00451.png,"{'skeletonization_time_ms': 58.886417, 'contour_analysis_time_ms': 499.268667, 'classification_time_ms': 601.437792}",2,6,False,
success,ade291fa-bb74-41af-9382-8071473e9f9c,/opt/nuclio/shared_storage/mnist_all/2/mnist_test_2_00847.png,"{'skeletonization_time_ms': 32.967583, 'contour_analysis_time_ms': 534.2685, 'classification_time_ms': 141.349833}",2,7,False,
success,1dc1bab8-a210-45c7-9475-a23cd2d0aa62,/opt/nuclio/shared_storage/mnist_all/2/mnist_test_2_00726.png,"{'skeletonization_time_ms': 90.029167, 'contour_analysis_time_ms': 592.033167, 'classification_time_ms': 158.00525}",2,7,False,
success,70362a0a-7651-45d2-b520-db806f696ee7,/opt/nuclio/shared_storage/mnist_all/2/mnist_test_2_00285.png,"{'skeletonization_time_ms': 100.066125, 'contour_analysis_time_ms': 271.865667, 'classification_time_ms': 82.801792}",2,7,False,
success,13c88d5f-d086-4868-94a7-e55779aa31f1,/opt/nuclio/shared_storage/mnist_all/2/mnist_test_2_00902.png,"{'skeletonization_time_ms': 48.268958, 'contour_analysis_time_ms': 337.14175, 'classification_time_ms': 190.827208}",2,7,False,
success,1cdc3582-0a34-433d-bd6b-d859309f9039,/opt/nuclio/shared_storage/mnist_all/2/mnist_test_2_00720.png,"{'skeletonization_time_ms': 59.771291, 'contour_analysis_time_ms': 317.242792, 'classification_time_ms': 65.099333}",2,7,False,
success,11e0eaaa-b69a-4f8d-b7ec-465bab1f57fc,/opt/nuclio/shared_storage/mnist_all/2/mnist_test_2_00681.png,"{'skeletonization_time_ms': 50.106375, 'contour_analysis_time_ms': 280.907125, 'classification_time_ms': 287.7465}",2,7,False,
success,4eeb2277-6a9e-4bc1-9093-ac1403fbdc80,/opt/nuclio/shared_storage/mnist_all/2/mnist_test_2_01004.png,"{'skeletonization_time_ms': 34.156875, 'contour_analysis_time_ms': 572.160876, 'classification_time_ms': 68.71725}",2,7,False,
success,9da05607-cc29-46ca-8edf-233bc74785bd,/opt/nuclio/shared_storage/mnist_all/2/mnist_test_2_00116.png,"{'skeletonization_time_ms': 76.711792, 'contour_analysis_time_ms': 312.913709, 'classification_time_ms': 165.826875}",2,7,False,
success,0d1f70f5-6037-410f-bc69-7d18abcedc27,/opt/nuclio/shared_storage/mnist_all/2/mnist_test_2_00272.png,"{'skeletonization_time_ms': 91.168916, 'contour_analysis_time_ms': 597.496833, 'classification_time_ms': 148.691708}",2,7,False,
success,916c36cd-c315-4c1c-aab9-4017aa0c5053,/opt/nuclio/shared_storage/mnist_all/2/mnist_test_2_00248.png,"{'skeletonization_time_ms': 62.395916, 'contour_analysis_time_ms': 409.358666, 'classification_time_ms': 110.836708}",2,7,False,
success,77eacad8-024e-4e0b-8a7d-92dd99d5618b,/opt/nuclio/shared_storage/mnist_all/2/mnist_test_2_00054.png,"{'skeletonization_time_ms': 148.038125, 'contour_analysis_time_ms': 336.304333, 'classification_time_ms': 46.865917}",2,7,False,
success,da141bf4-ecaa-48a6-8dcc-ce3088d1a168,/opt/nuclio/shared_storage/mnist_all/2/mnist_test_2_01028.png,"{'skeletonization_time_ms': 66.648125, 'contour_analysis_time_ms': 325.621042, 'classification_time_ms': 100.66975}",2,7,False,
success,84c612f2-49d1-45ed-b34b-5b5618a468d6,/opt/nuclio/shared_storage/mnist_all/2/mnist_test_2_00534.png,"{'skeletonization_time_ms': 85.802083, 'contour_analysis_time_ms': 606.372958, 'classification_time_ms': 851.107792}",2,6,False,
success,ec8e1cff-0824-4f07-96fa-0f9345bfea8e,/opt/nuclio/shared_storage/mnist_all/2/mnist_test_2_00823.png,"{'skeletonization_time_ms': 92.670083, 'contour_analysis_time_ms': 1068.583709, 'classification_time_ms': 769.247543}",2,7,False,
success,1b5f87dd-ce40-4236-9fc0-a8ea77f840c5,/opt/nuclio/shared_storage/mnist_all/2/mnist_test_2_00497.png,"{'skeletonization_time_ms': 66.270334, 'contour_analysis_time_ms': 564.808959, 'classification_time_ms': 382.995209}",2,7,False,
success,651a2bf1-20e0-4666-a051-9adcce546248,/opt/nuclio/shared_storage/mnist_all/2/mnist_test_2_00765.png,"{'skeletonization_time_ms': 71.432833, 'contour_analysis_time_ms': 664.03925, 'classification_time_ms': 59.891708}",2,7,False,
success,f2f11796-792a-4d21-8fab-0e23f8191aa7,/opt/nuclio/shared_storage/mnist_all/2/mnist_test_2_00746.png,"{'skeletonization_time_ms': 57.552958, 'contour_analysis_time_ms': 727.069084, 'classification_time_ms': 59.059208}",2,7,False,
success,14475d44-9f16-45a9-a725-cec46cd84057,/opt/nuclio/shared_storage/mnist_all/2/mnist_test_2_00243.png,"{'skeletonization_time_ms': 52.423542, 'contour_analysis_time_ms': 846.104583, 'classification_time_ms': 400.154625}",2,7,False,
success,15f09221-e368-4719-afc8-efef8d4ebfab,/opt/nuclio/shared_storage/mnist_all/2/mnist_test_2_00297.png,"{'skeletonization_time_ms': 47.943, 'contour_analysis_time_ms': 887.811251, 'classification_time_ms': 301.381291}",2,7,False,
success,2e6f527e-73ad-4e14-bcbe-ed4db11fad69,/opt/nuclio/shared_storage/mnist_all/2/mnist_test_2_01019.png,"{'skeletonization_time_ms': 138.515125, 'contour_analysis_time_ms': 726.074001, 'classification_time_ms': 321.761334}",2,3,False,
success,28711ba3-992a-4e3a-801d-2c1872f4fe86,/opt/nuclio/shared_storage/mnist_all/2/mnist_test_2_00509.png,"{'skeletonization_time_ms': 55.140959, 'contour_analysis_time_ms': 476.475542, 'classification_time_ms': 48.703709}",2,7,False,
success,f1b3c702-0bb0-4d66-bbdf-75adf95d5318,/opt/nuclio/shared_storage/mnist_all/2/mnist_test_2_00901.png,"{'skeletonization_time_ms': 63.189917, 'contour_analysis_time_ms': 532.993334, 'classification_time_ms': 449.805042}",2,7,False,
success,6232975b-aef0-4aee-981b-b1b019b51460,/opt/nuclio/shared_storage/mnist_all/2/mnist_test_2_00447.png,"{'skeletonization_time_ms': 66.940666, 'contour_analysis_time_ms': 969.329668, 'classification_time_ms': 394.536084}",2,7,False,
success,b70aaf2d-7878-4eaa-8f24-9358588ec377,/opt/nuclio/shared_storage/mnist_all/2/mnist_test_2_00885.png,"{'skeletonization_time_ms': 189.894084, 'contour_analysis_time_ms': 484.720167, 'classification_time_ms': 204.011375}",2,7,False,
success,602711e1-344f-4413-8363-62d538a46d24,/opt/nuclio/shared_storage/mnist_all/2/mnist_test_2_00468.png,"{'skeletonization_time_ms': 110.997084, 'contour_analysis_time_ms': 589.179126, 'classification_time_ms': 713.361751}",2,7,False,
success,2cddec1f-f32b-4ec2-88b0-0d76232d00af,/opt/nuclio/shared_storage/mnist_all/2/mnist_test_2_00196.png,"{'skeletonization_time_ms': 100.221792, 'contour_analysis_time_ms': 1070.874334, 'classification_time_ms': 181.66375}",2,7,False,
success,d96333fd-ee08-48da-b068-4984f8b882a1,/opt/nuclio/shared_storage/mnist_all/2/mnist_test_2_00912.png,"{'skeletonization_time_ms': 62.235833, 'contour_analysis_time_ms': 1356.744793, 'classification_time_ms': 137.29075}",2,7,False,
success,315c71b8-7f5c-4a78-8e8b-71f1fe7e8a65,/opt/nuclio/shared_storage/mnist_all/2/mnist_test_2_00899.png,"{'skeletonization_time_ms': 92.460625, 'contour_analysis_time_ms': 1586.801668, 'classification_time_ms': 493.744542}",2,3,False,
success,5b93b338-6b79-4b11-9c76-04e24afbcf41,/opt/nuclio/shared_storage/mnist_all/2/mnist_test_2_00928.png,"{'skeletonization_time_ms': 334.293209, 'contour_analysis_time_ms': 901.109667, 'classification_time_ms': 145.563167}",2,7,False,
success,0dddb564-82d1-433d-8f6b-fae277bd7171,/opt/nuclio/shared_storage/mnist_all/2/mnist_test_2_01003.png,"{'skeletonization_time_ms': 126.535584, 'contour_analysis_time_ms': 1109.108126, 'classification_time_ms': 254.719292}",2,7,False,
success,3c8b1cd8-4b96-4d72-ad02-bb7ecfec0eb3,/opt/nuclio/shared_storage/mnist_all/2/mnist_test_2_00869.png,"{'skeletonization_time_ms': 58.865125, 'contour_analysis_time_ms': 956.14425, 'classification_time_ms': 843.073167}",2,6,False,
success,e759de7d-a86f-4e47-b422-f19bd0fe2bf2,/opt/nuclio/shared_storage/mnist_all/2/mnist_test_2_00870.png,"{'skeletonization_time_ms': 101.307792, 'contour_analysis_time_ms': 495.435958, 'classification_time_ms': 696.325417}",2,6,False,
success,c449e482-0234-4f89-bb27-f3514d2b4d35,/opt/nuclio/shared_storage/mnist_all/2/mnist_test_2_00861.png,"{'skeletonization_time_ms': 485.470834, 'contour_analysis_time_ms': 951.783959, 'classification_time_ms': 150.40125}",2,7,False,
success,33e90f65-3629-4b17-9743-9583fb4e6dee,/opt/nuclio/shared_storage/mnist_all/2/mnist_test_2_00769.png,"{'skeletonization_time_ms': 36.799917, 'contour_analysis_time_ms': 887.296042, 'classification_time_ms': 249.207291}",2,7,False,
success,eb1f3f6e-0aaa-4841-ae43-385fed0e233a,/opt/nuclio/shared_storage/mnist_all/2/mnist_test_2_00045.png,"{'skeletonization_time_ms': 58.5705, 'contour_analysis_time_ms': 1481.198667, 'classification_time_ms': 230.259}",2,7,False,
success,2d7a4556-22c1-42a1-934a-c47a6e536e0c,/opt/nuclio/shared_storage/mnist_all/2/mnist_test_2_00113.png,"{'skeletonization_time_ms': 63.372209, 'contour_analysis_time_ms': 677.583375, 'classification_time_ms': 378.171333}",2,6,False,
success,5f8934df-5a31-4f61-a385-b921ea085ecf,/opt/nuclio/shared_storage/mnist_all/2/mnist_test_2_00492.png,"{'skeletonization_time_ms': 43.539666, 'contour_analysis_time_ms': 707.581167, 'classification_time_ms': 278.233667}",2,6,False,
success,219dba93-c84f-4dba-84fb-b883f9854789,/opt/nuclio/shared_storage/mnist_all/2/mnist_test_2_00487.png,"{'skeletonization_time_ms': 48.870625, 'contour_analysis_time_ms': 656.128792, 'classification_time_ms': 92.039083}",2,7,False,
success,12c41d64-4d5b-4d86-a015-c259c6bb15b1,/opt/nuclio/shared_storage/mnist_all/2/mnist_test_2_00075.png,"{'skeletonization_time_ms': 48.36875, 'contour_analysis_time_ms': 1079.327125, 'classification_time_ms': 102.594708}",2,7,False,
success,88fc96e9-036c-425e-8d3d-6ab833229dc7,/opt/nuclio/shared_storage/mnist_all/2/mnist_test_2_00852.png,"{'skeletonization_time_ms': 26.95375, 'contour_analysis_time_ms': 539.591625, 'classification_time_ms': 237.555834}",2,7,False,
success,68de9c7f-0f05-45ed-884f-4a888272f347,/opt/nuclio/shared_storage/mnist_all/2/mnist_test_2_00293.png,"{'skeletonization_time_ms': 132.095042, 'contour_analysis_time_ms': 557.647709, 'classification_time_ms': 142.00025}",2,7,False,
success,ecdd2a70-f13a-4987-a97c-d076be2b29b8,/opt/nuclio/shared_storage/mnist_all/2/mnist_test_2_00513.png,"{'skeletonization_time_ms': 180.70625, 'contour_analysis_time_ms': 424.834334, 'classification_time_ms': 370.703917}",2,7,False,
success,e1ffa128-a44a-4051-b8a2-7d9111506199,/opt/nuclio/shared_storage/mnist_all/2/mnist_test_2_00754.png,"{'skeletonization_time_ms': 176.924167, 'contour_analysis_time_ms': 681.144542, 'classification_time_ms': 130.121751}",2,7,False,
success,2c694345-519c-49a5-86f2-4c0271da41f4,/opt/nuclio/shared_storage/mnist_all/2/mnist_test_2_00838.png,"{'skeletonization_time_ms': 110.990875, 'contour_analysis_time_ms': 443.902167, 'classification_time_ms': 287.965583}",2,6,False,
success,3a6d2fff-d50c-4917-8383-3f7e045ba386,/opt/nuclio/shared_storage/mnist_all/2/mnist_test_2_00932.png,"{'skeletonization_time_ms': 53.056458, 'contour_analysis_time_ms': 674.464917, 'classification_time_ms': 205.131709}",2,7,False,
success,b6849f75-7c87-441f-93be-bc8284c15460,/opt/nuclio/shared_storage/mnist_all/2/mnist_test_2_00287.png,"{'skeletonization_time_ms': 44.593792, 'contour_analysis_time_ms': 970.816361, 'classification_time_ms': 244.116}",2,not classified,False,
success,cf2f326c-5f29-4b1b-ac49-9f9cf6a5258e,/opt/nuclio/shared_storage/mnist_all/2/mnist_test_2_00151.png,"{'skeletonization_time_ms': 62.336625, 'contour_analysis_time_ms': 651.538751, 'classification_time_ms': 157.4345}",2,7,False,
success,67caa756-befd-4903-998a-070dcd64fa00,/opt/nuclio/shared_storage/mnist_all/2/mnist_test_2_00291.png,"{'skeletonization_time_ms': 52.982666, 'contour_analysis_time_ms': 1005.422111, 'classification_time_ms': 443.431625}",2,6,False,
success,b31f30c5-22af-4a13-8dd1-3f0905c8de42,/opt/nuclio/shared_storage/mnist_all/2/mnist_test_2_00494.png,"{'skeletonization_time_ms': 56.131458, 'contour_analysis_time_ms': 422.154375, 'classification_time_ms': 70.491917}",2,7,False,
success,a31b7559-6aea-45ea-9f75-158b4a37d733,/opt/nuclio/shared_storage/mnist_all/2/mnist_test_2_00856.png,"{'skeletonization_time_ms': 38.360084, 'contour_analysis_time_ms': 401.925834, 'classification_time_ms': 97.843042}",2,7,False,
success,cbcac6f6-624c-4312-8703-875617a558bb,/opt/nuclio/shared_storage/mnist_all/2/mnist_test_2_00088.png,"{'skeletonization_time_ms': 45.677708, 'contour_analysis_time_ms': 404.031916, 'classification_time_ms': 376.927292}",2,3,False,
success,f0234e04-cfbb-4cc9-8418-eef66ca6a3de,/opt/nuclio/shared_storage/mnist_all/2/mnist_test_2_00244.png,"{'skeletonization_time_ms': 53.921042, 'contour_analysis_time_ms': 402.022917, 'classification_time_ms': 314.035292}",2,3,False,
success,a56e706b-cc80-485a-96a1-4bb60fa7e80c,/opt/nuclio/shared_storage/mnist_all/2/mnist_test_2_00867.png,"{'skeletonization_time_ms': 67.447917, 'contour_analysis_time_ms': 485.726417, 'classification_time_ms': 157.344833}",2,7,False,
success,bbc28fed-a3a1-4ecc-a165-b1592dc42c8d,/opt/nuclio/shared_storage/mnist_all/2/mnist_test_2_00456.png,"{'skeletonization_time_ms': 74.9235, 'contour_analysis_time_ms': 438.115125, 'classification_time_ms': 45.493458}",2,7,False,
success,369bff70-627c-48c8-961f-195c781e2d3b,/opt/nuclio/shared_storage/mnist_all/2/mnist_test_2_01013.png,"{'skeletonization_time_ms': 45.681208, 'contour_analysis_time_ms': 461.013417, 'classification_time_ms': 111.149}",2,7,False,
success,7c199c8b-fe8b-4eaf-ac95-656f3d38740e,/opt/nuclio/shared_storage/mnist_all/2/mnist_test_2_00660.png,"{'skeletonization_time_ms': 145.004333, 'contour_analysis_time_ms': 349.697709, 'classification_time_ms': 121.202791}",2,7,False,
success,1738afe7-e636-40d9-ac1a-15e34b430380,/opt/nuclio/shared_storage/mnist_all/2/mnist_test_2_00027.png,"{'skeletonization_time_ms': 94.899291, 'contour_analysis_time_ms': 221.400542, 'classification_time_ms': 93.531125}",2,7,False,
success,bc188fba-ec2c-46e5-9eda-da4db9ad710f,/opt/nuclio/shared_storage/mnist_all/2/mnist_test_2_00537.png,"{'skeletonization_time_ms': 68.05375, 'contour_analysis_time_ms': 409.311458, 'classification_time_ms': 227.301375}",2,7,False,
success,624aa16a-221a-46e4-ba21-7875b5bec6a0,/opt/nuclio/shared_storage/mnist_all/2/mnist_test_2_00301.png,"{'skeletonization_time_ms': 73.405125, 'contour_analysis_time_ms': 395.539667, 'classification_time_ms': 207.834584}",2,7,False,
success,82c9cf01-99b3-4c22-9b1d-071e4b7f9138,/opt/nuclio/shared_storage/mnist_all/2/mnist_test_2_00998.png,"{'skeletonization_time_ms': 83.830708, 'contour_analysis_time_ms': 404.632083, 'classification_time_ms': 193.41825}",2,7,False,
success,cb5f0b0b-1dc3-4a18-bb87-52e8b5514730,/opt/nuclio/shared_storage/mnist_all/2/mnist_test_2_00141.png,"{'skeletonization_time_ms': 47.04825, 'contour_analysis_time_ms': 354.178917, 'classification_time_ms': 308.738}",2,7,False,
success,a1a8a8ee-326d-4041-9380-ce67832f2789,/opt/nuclio/shared_storage/mnist_all/2/mnist_test_2_00647.png,"{'skeletonization_time_ms': 78.719792, 'contour_analysis_time_ms': 391.060709, 'classification_time_ms': 171.659917}",2,not classified,False,
success,1b0a552c-bac1-46a4-b001-d3a128a8813e,/opt/nuclio/shared_storage/mnist_all/2/mnist_test_2_00356.png,"{'skeletonization_time_ms': 69.435209, 'contour_analysis_time_ms': 574.020959, 'classification_time_ms': 192.49925}",2,9,False,
success,4562061a-95b3-4e91-b46f-e3c6278e5ce5,/opt/nuclio/shared_storage/mnist_all/2/mnist_test_2_00540.png,"{'skeletonization_time_ms': 52.391083, 'contour_analysis_time_ms': 358.078542, 'classification_time_ms': 167.127542}",2,7,False,
success,641743ce-880c-4064-999b-2ea04997b903,/opt/nuclio/shared_storage/mnist_all/2/mnist_test_2_00220.png,"{'skeletonization_time_ms': 49.931375, 'contour_analysis_time_ms': 209.7045, 'classification_time_ms': 128.662791}",2,7,False,
success,872762b3-ebae-41b4-b3a3-04a15d1070f3,/opt/nuclio/shared_storage/mnist_all/2/mnist_test_2_00934.png,"{'skeletonization_time_ms': 155.116125, 'contour_analysis_time_ms': 314.241292, 'classification_time_ms': 124.118583}",2,7,False,
success,495ebdb0-6ef7-492f-a2c6-6cd241f3a4bf,/opt/nuclio/shared_storage/mnist_all/2/mnist_test_2_00009.png,"{'skeletonization_time_ms': 70.781, 'contour_analysis_time_ms': 278.510959, 'classification_time_ms': 293.927}",2,7,False,
success,5c601624-01f9-4135-8d58-3b9b3bb37a16,/opt/nuclio/shared_storage/mnist_all/2/mnist_test_2_00230.png,"{'skeletonization_time_ms': 89.403792, 'contour_analysis_time_ms': 241.532917, 'classification_time_ms': 207.590416}",2,7,False,
success,f71c6073-8379-4ef3-aab1-5ac637111cf8,/opt/nuclio/shared_storage/mnist_all/3/mnist_test_3_00507.png,"{'skeletonization_time_ms': 61.776, 'contour_analysis_time_ms': 331.382625, 'classification_time_ms': 341.790459}",3,2,False,
success,ea44179b-1762-4abb-8ed0-f1349cfbaee5,/opt/nuclio/shared_storage/mnist_all/2/mnist_test_2_00251.png,"{'skeletonization_time_ms': 51.33325, 'contour_analysis_time_ms': 358.832751, 'classification_time_ms': 62.718791}",2,7,False,
success,808fcde2-22f6-41a5-a59b-ae603e5fa85a,/opt/nuclio/shared_storage/mnist_all/2/mnist_test_2_00280.png,"{'skeletonization_time_ms': 45.459167, 'contour_analysis_time_ms': 340.047875, 'classification_time_ms': 123.087917}",2,7,False,
success,18cd7854-68fd-4ceb-a789-0472ca45a914,/opt/nuclio/shared_storage/mnist_all/2/mnist_test_2_00181.png,"{'skeletonization_time_ms': 74.584417, 'contour_analysis_time_ms': 446.417333, 'classification_time_ms': 599.425375}",2,6,False,
success,7a8412bc-3c39-492b-a07c-c062bee186a8,/opt/nuclio/shared_storage/mnist_all/2/mnist_test_2_00538.png,"{'skeletonization_time_ms': 54.922875, 'contour_analysis_time_ms': 937.903334, 'classification_time_ms': 307.156292}",2,5,False,
success,1af125e9-8141-453f-9d88-d7f5679b9d24,/opt/nuclio/shared_storage/mnist_all/2/mnist_test_2_00255.png,"{'skeletonization_time_ms': 40.863167, 'contour_analysis_time_ms': 471.564167, 'classification_time_ms': 444.481001}",2,7,False,
success,56ee3308-a088-4358-a182-424e0d84370f,/opt/nuclio/shared_storage/mnist_all/2/mnist_test_2_00653.png,"{'skeletonization_time_ms': 123.214042, 'contour_analysis_time_ms': 462.615875, 'classification_time_ms': 132.1385}",2,7,False,
success,bdb18de2-cec5-46ef-8340-1119128f535b,/opt/nuclio/shared_storage/mnist_all/2/mnist_test_2_00470.png,"{'skeletonization_time_ms': 92.875125, 'contour_analysis_time_ms': 712.248459, 'classification_time_ms': 142.978458}",2,7,False,
success,19cd2527-1a3f-41bf-81d2-f1adb499e4f9,/opt/nuclio/shared_storage/mnist_all/3/mnist_test_3_00857.png,"{'skeletonization_time_ms': 46.549167, 'contour_analysis_time_ms': 1618.46075, 'classification_time_ms': 69.272958}",3,7,False,
success,b577da43-8edf-493b-af4d-55f670e5ee5b,/opt/nuclio/shared_storage/mnist_all/2/mnist_test_2_00790.png,"{'skeletonization_time_ms': 33.392333, 'contour_analysis_time_ms': 934.797542, 'classification_time_ms': 228.681001}",2,7,False,
success,f276f9d2-e7df-427c-adba-a01fe2aee7e7,/opt/nuclio/shared_storage/mnist_all/2/mnist_test_2_00608.png,"{'skeletonization_time_ms': 90.195917, 'contour_analysis_time_ms': 1023.961667, 'classification_time_ms': 118.866834}",2,7,False,
success,0abdbf70-86a5-48de-bd7b-afeaa8a55e94,/opt/nuclio/shared_storage/mnist_all/2/mnist_test_2_00445.png,"{'skeletonization_time_ms': 132.521333, 'contour_analysis_time_ms': 409.713959, 'classification_time_ms': 57.596667}",2,7,False,
success,b4a3fff2-98b7-4a2b-a411-9685e4789565,/opt/nuclio/shared_storage/mnist_all/2/mnist_test_2_00735.png,"{'skeletonization_time_ms': 39.090084, 'contour_analysis_time_ms': 427.098834, 'classification_time_ms': 377.911542}",2,7,False,
success,dbe6c7f4-0eab-4f84-bc42-9e151b14bc59,/opt/nuclio/shared_storage/mnist_all/2/mnist_test_2_00807.png,"{'skeletonization_time_ms': 148.217833, 'contour_analysis_time_ms': 294.780166, 'classification_time_ms': 402.502042}",2,7,False,
success,c31e7dc7-57e9-42a7-a379-f89b19c6ccf3,/opt/nuclio/shared_storage/mnist_all/2/mnist_test_2_00209.png,"{'skeletonization_time_ms': 65.23925, 'contour_analysis_time_ms': 725.418542, 'classification_time_ms': 180.31475}",2,7,False,
success,2dbde02c-fd27-40bb-8c2b-77f4b456e381,/opt/nuclio/shared_storage/mnist_all/2/mnist_test_2_00384.png,"{'skeletonization_time_ms': 137.574916, 'contour_analysis_time_ms': 461.807125, 'classification_time_ms': 140.233375}",2,7,False,
success,2af16c06-b4c3-489a-bc72-5ab3dc4db699,/opt/nuclio/shared_storage/mnist_all/2/mnist_test_2_00393.png,"{'skeletonization_time_ms': 64.928959, 'contour_analysis_time_ms': 288.768792, 'classification_time_ms': 454.8135}",2,7,False,
success,940430f2-6f7f-493e-b560-17e883c0b5c1,/opt/nuclio/shared_storage/mnist_all/3/mnist_test_3_00448.png,"{'skeletonization_time_ms': 62.795, 'contour_analysis_time_ms': 467.86225, 'classification_time_ms': 163.066709}",3,5,False,
success,d214def8-dae5-4093-a3ed-6e13088104a9,/opt/nuclio/shared_storage/mnist_all/2/mnist_test_2_00595.png,"{'skeletonization_time_ms': 41.966834, 'contour_analysis_time_ms': 539.264125, 'classification_time_ms': 125.672792}",2,3,False,
success,3c6b1b01-feec-4323-a231-1b437b2be6c4,/opt/nuclio/shared_storage/mnist_all/2/mnist_test_2_00233.png,"{'skeletonization_time_ms': 103.62025, 'contour_analysis_time_ms': 450.200376, 'classification_time_ms': 97.387625}",2,7,False,
success,64fe680d-4de9-4acf-87eb-1058f05e1723,/opt/nuclio/shared_storage/mnist_all/2/mnist_test_2_01011.png,"{'skeletonization_time_ms': 42.977875, 'contour_analysis_time_ms': 328.294792, 'classification_time_ms': 101.783167}",2,7,False,
success,398d254a-b053-480a-83fb-a708d766593b,/opt/nuclio/shared_storage/mnist_all/2/mnist_test_2_00860.png,"{'skeletonization_time_ms': 77.566417, 'contour_analysis_time_ms': 311.821292, 'classification_time_ms': 119.02525}",2,7,False,
success,b3891db4-0f52-444c-957a-0db343889932,/opt/nuclio/shared_storage/mnist_all/3/mnist_test_3_00689.png,"{'skeletonization_time_ms': 29.755708, 'contour_analysis_time_ms': 310.433416, 'classification_time_ms': 273.0155}",3,7,False,
success,b39f0266-5e86-432c-9362-2eb734564a3a,/opt/nuclio/shared_storage/mnist_all/2/mnist_test_2_00153.png,"{'skeletonization_time_ms': 136.207834, 'contour_analysis_time_ms': 520.599333, 'classification_time_ms': 245.549708}",2,6,False,
success,fbf396e3-fddd-45f3-b60d-16ae6cfda9bd,/opt/nuclio/shared_storage/mnist_all/2/mnist_test_2_00425.png,"{'skeletonization_time_ms': 190.719875, 'contour_analysis_time_ms': 381.320042, 'classification_time_ms': 203.145251}",2,7,False,
success,0c70688a-8af0-450b-9700-d0a3e5f1a514,/opt/nuclio/shared_storage/mnist_all/2/mnist_test_2_00330.png,"{'skeletonization_time_ms': 29.577208, 'contour_analysis_time_ms': 353.997917, 'classification_time_ms': 199.264209}",2,7,False,
success,3a4cf65c-6687-4192-8636-42da34a28a28,/opt/nuclio/shared_storage/mnist_all/2/mnist_test_2_00076.png,"{'skeletonization_time_ms': 57.748, 'contour_analysis_time_ms': 282.311542, 'classification_time_ms': 171.645625}",2,3,False,
success,b274f4b7-c4c5-45da-8825-1dc97b2e39f2,/opt/nuclio/shared_storage/mnist_all/2/mnist_test_2_00751.png,"{'skeletonization_time_ms': 98.205541, 'contour_analysis_time_ms': 398.078042, 'classification_time_ms': 170.690917}",2,7,False,
success,1495095c-4623-4eee-8435-9c43a2c3595b,/opt/nuclio/shared_storage/mnist_all/2/mnist_test_2_00683.png,"{'skeletonization_time_ms': 75.417334, 'contour_analysis_time_ms': 249.731375, 'classification_time_ms': 106.790917}",2,7,False,
success,86572c91-d65f-4570-b45c-06617e7d9584,/opt/nuclio/shared_storage/mnist_all/3/mnist_test_3_00702.png,"{'skeletonization_time_ms': 66.676167, 'contour_analysis_time_ms': 201.392292, 'classification_time_ms': 118.056666}",3,7,False,
success,2eeeba57-2ca4-489a-b4f8-c15c115500f5,/opt/nuclio/shared_storage/mnist_all/2/mnist_test_2_00623.png,"{'skeletonization_time_ms': 34.360458, 'contour_analysis_time_ms': 336.139166, 'classification_time_ms': 265.994458}",2,7,False,
success,1f8aaaea-bdc3-45ee-9b65-f2d34b10f749,/opt/nuclio/shared_storage/mnist_all/2/mnist_test_2_00323.png,"{'skeletonization_time_ms': 112.038833, 'contour_analysis_time_ms': 361.800667, 'classification_time_ms': 331.238875}",2,6,False,
success,b94ac309-28c2-4a32-a0f3-abb537db9640,/opt/nuclio/shared_storage/mnist_all/2/mnist_test_2_00786.png,"{'skeletonization_time_ms': 200.705459, 'contour_analysis_time_ms': 399.232542, 'classification_time_ms': 185.913208}",2,5,False,
success,824c8028-d733-4ad5-bbc2-556be62d401c,/opt/nuclio/shared_storage/mnist_all/2/mnist_test_2_00143.png,"{'skeletonization_time_ms': 92.013417, 'contour_analysis_time_ms': 322.200209, 'classification_time_ms': 193.3635}",2,6,False,
success,80736662-1371-45f5-83c7-0146b89ba9d5,/opt/nuclio/shared_storage/mnist_all/2/mnist_test_2_00768.png,"{'skeletonization_time_ms': 48.54275, 'contour_analysis_time_ms': 355.346292, 'classification_time_ms': 149.8465}",2,9,False,
success,b4f15edd-ef71-41fa-9155-19e05305a105,/opt/nuclio/shared_storage/mnist_all/2/mnist_test_2_00430.png,"{'skeletonization_time_ms': 34.222667, 'contour_analysis_time_ms': 258.897958, 'classification_time_ms': 204.491375}",2,3,False,
success,1db491b1-de62-43a7-aa28-3ec21464c818,/opt/nuclio/shared_storage/mnist_all/2/mnist_test_2_00235.png,"{'skeletonization_time_ms': 62.158084, 'contour_analysis_time_ms': 227.654667, 'classification_time_ms': 85.793}",2,7,False,
success,3cbebfcb-18a7-47e7-a77c-2752b0f1fb07,/opt/nuclio/shared_storage/mnist_all/2/mnist_test_2_01012.png,"{'skeletonization_time_ms': 117.39975, 'contour_analysis_time_ms': 312.5295, 'classification_time_ms': 50.10675}",2,7,False,
success,28b4eabb-d601-4069-bbd6-12de43e4c602,/opt/nuclio/shared_storage/mnist_all/2/mnist_test_2_00395.png,"{'skeletonization_time_ms': 45.147291, 'contour_analysis_time_ms': 287.288959, 'classification_time_ms': 46.211833}",2,7,False,
success,47b1ea7c-a944-41ca-94cf-9999337716d6,/opt/nuclio/shared_storage/mnist_all/2/mnist_test_2_00268.png,"{'skeletonization_time_ms': 65.883584, 'contour_analysis_time_ms': 267.783292, 'classification_time_ms': 130.995541}",2,7,False,
success,192f4fe3-7abe-40ee-9e78-4143fd380524,/opt/nuclio/shared_storage/mnist_all/2/mnist_test_2_00150.png,"{'skeletonization_time_ms': 90.132083, 'contour_analysis_time_ms': 272.172041, 'classification_time_ms': 216.341083}",2,3,False,
success,2754a692-25fe-4edf-b939-496b12634d8f,/opt/nuclio/shared_storage/mnist_all/3/mnist_test_3_00258.png,"{'skeletonization_time_ms': 61.625041, 'contour_analysis_time_ms': 283.838792, 'classification_time_ms': 73.7415}",3,7,False,
success,3c1d6939-a70d-41e4-a76b-0659523f1791,/opt/nuclio/shared_storage/mnist_all/2/mnist_test_2_00734.png,"{'skeletonization_time_ms': 59.055083, 'contour_analysis_time_ms': 319.745333, 'classification_time_ms': 288.822084}",2,6,False,
success,fb170f87-7522-4b7e-a209-a30d2815ca19,/opt/nuclio/shared_storage/mnist_all/2/mnist_test_2_00797.png,"{'skeletonization_time_ms': 135.335, 'contour_analysis_time_ms': 369.859125, 'classification_time_ms': 449.637708}",2,6,False,
success,bef2485c-891e-4b98-b47e-3bd7cfbbd1d3,/opt/nuclio/shared_storage/mnist_all/2/mnist_test_2_00631.png,"{'skeletonization_time_ms': 73.817458, 'contour_analysis_time_ms': 286.793709, 'classification_time_ms': 296.238125}",2,6,False,
success,fc3342fa-57ed-430d-9bdc-aa8c7c7a8961,/opt/nuclio/shared_storage/mnist_all/2/mnist_test_2_00069.png,"{'skeletonization_time_ms': 46.093, 'contour_analysis_time_ms': 393.336667, 'classification_time_ms': 226.559125}",2,6,False,
success,b3156f54-4393-406a-99e3-377a5fbdab86,/opt/nuclio/shared_storage/mnist_all/2/mnist_test_2_00594.png,"{'skeletonization_time_ms': 65.694416, 'contour_analysis_time_ms': 310.7345, 'classification_time_ms': 310.199333}",2,3,False,
success,a0871435-6392-4b13-93ab-8945567ca724,/opt/nuclio/shared_storage/mnist_all/2/mnist_test_2_01005.png,"{'skeletonization_time_ms': 95.70125, 'contour_analysis_time_ms': 269.456375, 'classification_time_ms': 115.531958}",2,7,False,
success,d49bcf54-2507-4643-9ac0-43d1bf93de5f,/opt/nuclio/shared_storage/mnist_all/2/mnist_test_2_00036.png,"{'skeletonization_time_ms': 120.856958, 'contour_analysis_time_ms': 313.425292, 'classification_time_ms': 40.040417}",2,1,False,
success,62585eb6-7fda-4daf-9d11-3bb8f13955ca,/opt/nuclio/shared_storage/mnist_all/2/mnist_test_2_00386.png,"{'skeletonization_time_ms': 46.340958, 'contour_analysis_time_ms': 436.266376, 'classification_time_ms': 167.259292}",2,7,False,
success,728089ab-fc6d-40b6-bf72-6253e74db7df,/opt/nuclio/shared_storage/mnist_all/2/mnist_test_2_00179.png,"{'skeletonization_time_ms': 60.48825, 'contour_analysis_time_ms': 397.823917, 'classification_time_ms': 217.503}",2,7,False,
success,f71be23d-3fb9-4c44-a6f8-1449e49907e7,/opt/nuclio/shared_storage/mnist_all/2/mnist_test_2_00814.png,"{'skeletonization_time_ms': 52.382083, 'contour_analysis_time_ms': 566.173917, 'classification_time_ms': 143.084125}",2,7,False,
success,414cf836-7434-44ae-b930-714420657833,/opt/nuclio/shared_storage/mnist_all/2/mnist_test_2_00691.png,"{'skeletonization_time_ms': 73.928709, 'contour_analysis_time_ms': 228.461125, 'classification_time_ms': 51.702709}",2,7,False,
success,843a1da2-5be9-461e-84a7-fc02098bdaf9,/opt/nuclio/shared_storage/mnist_all/2/mnist_test_2_00962.png,"{'skeletonization_time_ms': 57.96425, 'contour_analysis_time_ms': 343.5475, 'classification_time_ms': 152.188208}",2,6,False,
success,f218b363-f694-4395-9f5d-2d356fefd1c9,/opt/nuclio/shared_storage/mnist_all/2/mnist_test_2_00627.png,"{'skeletonization_time_ms': 57.616251, 'contour_analysis_time_ms': 330.803417, 'classification_time_ms': 330.443208}",2,6,False,
success,88b67dcb-3022-4f61-ac4c-62b588093683,/opt/nuclio/shared_storage/mnist_all/2/mnist_test_2_00397.png,"{'skeletonization_time_ms': 44.615084, 'contour_analysis_time_ms': 276.308667, 'classification_time_ms': 360.898}",2,6,False,
success,42e417af-8632-4b59-9933-ca66e48f9b3f,/opt/nuclio/shared_storage/mnist_all/2/mnist_test_2_01017.png,"{'skeletonization_time_ms': 336.274875, 'contour_analysis_time_ms': 297.022209, 'classification_time_ms': 168.606542}",2,7,False,
success,47696980-1453-45fe-ac6a-cc555236a2a6,/opt/nuclio/shared_storage/mnist_all/2/mnist_test_2_00226.png,"{'skeletonization_time_ms': 83.253834, 'contour_analysis_time_ms': 563.157625, 'classification_time_ms': 171.041208}",2,7,False,
success,a8dafe3d-1e13-4847-ad90-e6ed68aeefd6,/opt/nuclio/shared_storage/mnist_all/2/mnist_test_2_00670.png,"{'skeletonization_time_ms': 275.297833, 'contour_analysis_time_ms': 264.248625, 'classification_time_ms': 106.369917}",2,7,False,
success,525e4ae6-6354-4b52-8385-df36464c451e,/opt/nuclio/shared_storage/mnist_all/2/mnist_test_2_00082.png,"{'skeletonization_time_ms': 57.182667, 'contour_analysis_time_ms': 451.648667, 'classification_time_ms': 572.956708}",2,not classified,False,
success,8b07e862-b941-4645-a560-cd95b4e68fb2,/opt/nuclio/shared_storage/mnist_all/2/mnist_test_2_00906.png,"{'skeletonization_time_ms': 61.773, 'contour_analysis_time_ms': 356.904792, 'classification_time_ms': 210.537584}",2,7,False,
success,1fabf9ac-a009-4bcb-ac28-814cefaae542,/opt/nuclio/shared_storage/mnist_all/2/mnist_test_2_00136.png,"{'skeletonization_time_ms': 61.396042, 'contour_analysis_time_ms': 349.952792, 'classification_time_ms': 76.509375}",2,7,False,
success,5d0e20aa-85ae-417c-b491-3fb0446e2f2a,/opt/nuclio/shared_storage/mnist_all/2/mnist_test_2_00319.png,"{'skeletonization_time_ms': 63.361583, 'contour_analysis_time_ms': 347.511291, 'classification_time_ms': 333.608126}",2,6,False,
success,de3b3c61-1a94-4c7b-ac25-c3fca7864116,/opt/nuclio/shared_storage/mnist_all/2/mnist_test_2_00780.png,"{'skeletonization_time_ms': 70.611875, 'contour_analysis_time_ms': 328.272375, 'classification_time_ms': 134.22225}",2,7,False,
success,f7306e98-6672-4001-adcc-48b86c0dab57,/opt/nuclio/shared_storage/mnist_all/2/mnist_test_2_00450.png,"{'skeletonization_time_ms': 68.371542, 'contour_analysis_time_ms': 531.892, 'classification_time_ms': 378.66175}",2,7,False,
success,2615ac7b-fbb4-4027-8405-a8231e7a7536,/opt/nuclio/shared_storage/mnist_all/2/mnist_test_2_00047.png,"{'skeletonization_time_ms': 394.607167, 'contour_analysis_time_ms': 262.152667, 'classification_time_ms': 341.983417}",2,7,False,
success,25e9c606-5625-4134-af31-bb559c199b1e,/opt/nuclio/shared_storage/mnist_all/2/mnist_test_2_00193.png,"{'skeletonization_time_ms': 54.565833, 'contour_analysis_time_ms': 393.507375, 'classification_time_ms': 77.70225}",2,7,False,
success,8e1b7e99-243e-44bc-ad1e-7f447475ff38,/opt/nuclio/shared_storage/mnist_all/2/mnist_test_2_00434.png,"{'skeletonization_time_ms': 57.103542, 'contour_analysis_time_ms': 339.087209, 'classification_time_ms': 188.1595}",2,6,False,
success,5c2d54c5-4d69-4e99-a471-992b79da8240,/opt/nuclio/shared_storage/mnist_all/2/mnist_test_2_00597.png,"{'skeletonization_time_ms': 108.70875, 'contour_analysis_time_ms': 283.774542, 'classification_time_ms': 148.187041}",2,3,False,
success,f01f22c8-6505-4c28-9e79-33d8d8732b8f,/opt/nuclio/shared_storage/mnist_all/2/mnist_test_2_00590.png,"{'skeletonization_time_ms': 54.081833, 'contour_analysis_time_ms': 359.91275, 'classification_time_ms': 135.459209}",2,3,False,
success,0820ef38-d2f9-4160-baf9-ead31abbaf39,/opt/nuclio/shared_storage/mnist_all/2/mnist_test_2_00593.png,"{'skeletonization_time_ms': 45.455583, 'contour_analysis_time_ms': 267.098708, 'classification_time_ms': 164.506209}",2,3,False,
success,d601d101-c9bb-4fe9-9b44-3a9074884406,/opt/nuclio/shared_storage/mnist_all/2/mnist_test_2_00424.png,"{'skeletonization_time_ms': 30.061833, 'contour_analysis_time_ms': 302.253292, 'classification_time_ms': 380.056376}",2,7,False,
success,7f1fb7cd-7fcf-45ca-99bd-81415dca5972,/opt/nuclio/shared_storage/mnist_all/2/mnist_test_2_00828.png,"{'skeletonization_time_ms': 126.317, 'contour_analysis_time_ms': 226.827709, 'classification_time_ms': 555.814208}",2,6,False,
success,0debeb34-6b97-4141-b60f-a3bf4bfcd955,/opt/nuclio/shared_storage/mnist_all/2/mnist_test_2_00282.png,"{'skeletonization_time_ms': 92.288375, 'contour_analysis_time_ms': 405.698126, 'classification_time_ms': 139.052959}",2,5,False,
success,255aee02-b07b-48ec-a5c7-bd968bbbb817,/opt/nuclio/shared_storage/mnist_all/2/mnist_test_2_00964.png,"{'skeletonization_time_ms': 80.030292, 'contour_analysis_time_ms': 442.916333, 'classification_time_ms': 352.064125}",2,6,False,
success,c78f1acf-bf6a-4135-831e-4e0607e9eba5,/opt/nuclio/shared_storage/mnist_all/2/mnist_test_2_00379.png,"{'skeletonization_time_ms': 51.128584, 'contour_analysis_time_ms': 259.968666, 'classification_time_ms': 90.538416}",2,7,False,
success,0a4d7d63-0337-462d-81f7-64fd949bd9dc,/opt/nuclio/shared_storage/mnist_all/2/mnist_test_2_00684.png,"{'skeletonization_time_ms': 44.746376, 'contour_analysis_time_ms': 309.526917, 'classification_time_ms': 326.306917}",2,7,False,
success,b7ee9282-a291-4226-a890-3b438df57cf3,/opt/nuclio/shared_storage/mnist_all/2/mnist_test_2_00963.png,"{'skeletonization_time_ms': 100.631041, 'contour_analysis_time_ms': 427.347459, 'classification_time_ms': 564.87075}",2,6,False,
success,656e2bfe-e248-4bfd-aea1-b274ae39394d,/opt/nuclio/shared_storage/mnist_all/3/mnist_test_3_00919.png,"{'skeletonization_time_ms': 102.0975, 'contour_analysis_time_ms': 276.420709, 'classification_time_ms': 219.801125}",3,5,False,
success,ec58ff9a-357b-4076-af7d-e827b60e2b0b,/opt/nuclio/shared_storage/mnist_all/3/mnist_test_3_00070.png,"{'skeletonization_time_ms': 35.424583, 'contour_analysis_time_ms': 592.89625, 'classification_time_ms': 61.645125}",3,7,False,
success,063d5559-e1e6-484c-83f1-a05bf1243e5c,/opt/nuclio/shared_storage/mnist_all/2/mnist_test_2_00966.png,"{'skeletonization_time_ms': 101.40325, 'contour_analysis_time_ms': 464.704959, 'classification_time_ms': 492.499501}",2,6,False,
success,2f0b1c54-61a0-472d-a98f-1a9f39c4f0a5,/opt/nuclio/shared_storage/mnist_all/3/mnist_test_3_00011.png,"{'skeletonization_time_ms': 68.154583, 'contour_analysis_time_ms': 605.365959, 'classification_time_ms': 115.200652}",3,7,False,
success,6e8210e1-6bfc-45de-b173-287592c12577,/opt/nuclio/shared_storage/mnist_all/2/mnist_test_2_00536.png,"{'skeletonization_time_ms': 99.679208, 'contour_analysis_time_ms': 327.493292, 'classification_time_ms': 262.426542}",2,7,False,
success,2cdd4471-b495-4758-b1a9-197a71d7deb0,/opt/nuclio/shared_storage/mnist_all/2/mnist_test_2_00975.png,"{'skeletonization_time_ms': 154.9615, 'contour_analysis_time_ms': 393.880069, 'classification_time_ms': 421.325875}",2,6,False,
success,f91cbcbd-36e9-45b9-8e69-df02e793a66a,/opt/nuclio/shared_storage/mnist_all/3/mnist_test_3_00402.png,"{'skeletonization_time_ms': 71.47075, 'contour_analysis_time_ms': 441.174667, 'classification_time_ms': 57.710125}",3,7,False,
success,df76bfb1-f3be-4103-8202-460f187c194d,/opt/nuclio/shared_storage/mnist_all/2/mnist_test_2_00586.png,"{'skeletonization_time_ms': 60.294667, 'contour_analysis_time_ms': 473.246542, 'classification_time_ms': 361.161083}",2,5,False,
success,8f7e89ed-59c9-4698-9031-e167e94229cc,/opt/nuclio/shared_storage/mnist_all/2/mnist_test_2_00805.png,"{'skeletonization_time_ms': 71.081291, 'contour_analysis_time_ms': 460.036667, 'classification_time_ms': 538.886166}",2,6,False,
success,a422366a-3643-4e74-8ed6-a23546572eeb,/opt/nuclio/shared_storage/mnist_all/2/mnist_test_2_00120.png,"{'skeletonization_time_ms': 60.662917, 'contour_analysis_time_ms': 450.397834, 'classification_time_ms': 229.596376}",2,6,False,
success,316d3c9e-cbc5-4570-9027-e5b5ec8921bc,/opt/nuclio/shared_storage/mnist_all/2/mnist_test_2_00550.png,"{'skeletonization_time_ms': 50.612542, 'contour_analysis_time_ms': 499.031708, 'classification_time_ms': 113.706292}",2,7,False,
success,15e0b0a9-7e45-48da-9808-e4f215c94986,/opt/nuclio/shared_storage/mnist_all/2/mnist_test_2_00186.png,"{'skeletonization_time_ms': 80.963834, 'contour_analysis_time_ms': 412.128833, 'classification_time_ms': 212.426792}",2,7,False,
success,7b5b6e3a-6022-4edc-8e79-949b8ee92754,/opt/nuclio/shared_storage/mnist_all/2/mnist_test_2_00057.png,"{'skeletonization_time_ms': 106.662958, 'contour_analysis_time_ms': 287.492125, 'classification_time_ms': 630.556833}",2,6,False,
success,e73c057f-72ae-4172-8390-8cc72ad716e2,/opt/nuclio/shared_storage/mnist_all/2/mnist_test_2_00035.png,"{'skeletonization_time_ms': 33.185917, 'contour_analysis_time_ms': 526.944542, 'classification_time_ms': 99.400208}",2,7,False,
success,a56a7ece-8cd6-4e27-8b0e-64b5f54722ea,/opt/nuclio/shared_storage/mnist_all/2/mnist_test_2_00591.png,"{'skeletonization_time_ms': 58.050833, 'contour_analysis_time_ms': 456.637542, 'classification_time_ms': 165.609709}",2,3,False,
success,a2083fbd-0906-4457-aa59-76143ed64ab9,/opt/nuclio/shared_storage/mnist_all/2/mnist_test_2_00783.png,"{'skeletonization_time_ms': 102.163875, 'contour_analysis_time_ms': 336.508542, 'classification_time_ms': 55.910291}",2,7,False,
success,54d0dac6-f2ab-4190-ad2b-891cb1eefa3a,/opt/nuclio/shared_storage/mnist_all/2/mnist_test_2_00368.png,"{'skeletonization_time_ms': 33.485667, 'contour_analysis_time_ms': 402.006292, 'classification_time_ms': 232.471416}",2,7,False,
success,62074f91-da03-4a4e-9333-c709c59fc41a,/opt/nuclio/shared_storage/mnist_all/2/mnist_test_2_00437.png,"{'skeletonization_time_ms': 41.306375, 'contour_analysis_time_ms': 472.639001, 'classification_time_ms': 512.791417}",2,6,False,
success,70d82d1a-5733-4f0a-bddd-32eebe891f6f,/opt/nuclio/shared_storage/mnist_all/3/mnist_test_3_00675.png,"{'skeletonization_time_ms': 110.22825, 'contour_analysis_time_ms': 588.131084, 'classification_time_ms': 188.898}",3,7,False,
success,79e5c7e8-e4ef-474b-a921-dc5b4916724e,/opt/nuclio/shared_storage/mnist_all/2/mnist_test_2_00025.png,"{'skeletonization_time_ms': 45.205916, 'contour_analysis_time_ms': 438.349084, 'classification_time_ms': 187.489}",2,7,False,
success,2c4e71e5-5568-4358-987b-ea2a0bfc1cad,/opt/nuclio/shared_storage/mnist_all/3/mnist_test_3_00784.png,"{'skeletonization_time_ms': 46.2895, 'contour_analysis_time_ms': 315.915875, 'classification_time_ms': 164.699292}",3,7,False,
success,aa31c336-f361-41b7-a611-5ba9feb589b9,/opt/nuclio/shared_storage/mnist_all/2/mnist_test_2_00794.png,"{'skeletonization_time_ms': 47.471291, 'contour_analysis_time_ms': 392.457208, 'classification_time_ms': 297.160708}",2,6,False,
success,a3dbab9a-8aae-4f33-8881-eefe05979c35,/opt/nuclio/shared_storage/mnist_all/3/mnist_test_3_00629.png,"{'skeletonization_time_ms': 58.614361, 'contour_analysis_time_ms': 324.463458, 'classification_time_ms': 79.069542}",3,7,False,
success,602f370b-ec7b-4432-9461-fae9088b732a,/opt/nuclio/shared_storage/mnist_all/3/mnist_test_3_00265.png,"{'skeletonization_time_ms': 44.673209, 'contour_analysis_time_ms': 274.094208, 'classification_time_ms': 122.590167}",3,7,False,
success,c20753ef-4451-4a94-afb6-ee521f5b0138,/opt/nuclio/shared_storage/mnist_all/2/mnist_test_2_00279.png,"{'skeletonization_time_ms': 62.656084, 'contour_analysis_time_ms': 265.381125, 'classification_time_ms': 181.956459}",2,7,False,
success,2e6e70f2-0092-4575-9963-33290427ba8c,/opt/nuclio/shared_storage/mnist_all/3/mnist_test_3_00302.png,"{'skeletonization_time_ms': 59.595416, 'contour_analysis_time_ms': 338.892167, 'classification_time_ms': 117.37375}",3,7,False,
success,5487fa4e-a8a0-4fdd-9e8c-fa76e5a0d562,/opt/nuclio/shared_storage/mnist_all/2/mnist_test_2_00988.png,"{'skeletonization_time_ms': 64.509375, 'contour_analysis_time_ms': 321.075834, 'classification_time_ms': 220.7455}",2,6,False,
success,0535ef0e-790a-4a8f-b444-4f9b8fca001c,/opt/nuclio/shared_storage/mnist_all/2/mnist_test_2_00625.png,"{'skeletonization_time_ms': 53.372542, 'contour_analysis_time_ms': 555.260084, 'classification_time_ms': 167.001917}",2,3,False,
success,dae70627-1578-45f5-bb81-9537decf4423,/opt/nuclio/shared_storage/mnist_all/2/mnist_test_2_00813.png,"{'skeletonization_time_ms': 75.862542, 'contour_analysis_time_ms': 321.856834, 'classification_time_ms': 336.551375}",2,7,False,
success,1d147cb9-db0e-425b-9249-e4371d817fcb,/opt/nuclio/shared_storage/mnist_all/3/mnist_test_3_00475.png,"{'skeletonization_time_ms': 31.307375, 'contour_analysis_time_ms': 401.653083, 'classification_time_ms': 51.275333}",3,7,False,
success,ca21314b-ccc7-416a-8963-fe944cd4e8dc,/opt/nuclio/shared_storage/mnist_all/2/mnist_test_2_00989.png,"{'skeletonization_time_ms': 35.699417, 'contour_analysis_time_ms': 431.563542, 'classification_time_ms': 51.990083}",2,7,False,
success,915bfddb-b500-4cca-bd71-34233fbdf2ef,/opt/nuclio/shared_storage/mnist_all/2/mnist_test_2_00394.png,"{'skeletonization_time_ms': 245.602791, 'contour_analysis_time_ms': 226.740583, 'classification_time_ms': 87.526541}",2,7,False,
success,14a26f75-191e-4b01-9679-194416d80a84,/opt/nuclio/shared_storage/mnist_all/2/mnist_test_2_00791.png,"{'skeletonization_time_ms': 56.095208, 'contour_analysis_time_ms': 299.357959, 'classification_time_ms': 182.70975}",2,7,False,
success,531c5408-6426-46a9-beea-8fd45c8c114b,/opt/nuclio/shared_storage/mnist_all/2/mnist_test_2_00958.png,"{'skeletonization_time_ms': 85.044833, 'contour_analysis_time_ms': 268.189708, 'classification_time_ms': 211.623708}",2,7,False,
success,f8f0a0b0-8b1f-41de-9375-c035b4114ef1,/opt/nuclio/shared_storage/mnist_all/3/mnist_test_3_00100.png,"{'skeletonization_time_ms': 77.896375, 'contour_analysis_time_ms': 703.967042, 'classification_time_ms': 471.343626}",3,9,False,
success,987aad41-6e7c-4a80-8640-fc70d68970a2,/opt/nuclio/shared_storage/mnist_all/3/mnist_test_3_00840.png,"{'skeletonization_time_ms': 86.030334, 'contour_analysis_time_ms': 404.114709, 'classification_time_ms': 298.739792}",3,9,False,
success,efd46bb0-9452-4a77-a98e-cee2e11fb2bf,/opt/nuclio/shared_storage/mnist_all/2/mnist_test_2_00959.png,"{'skeletonization_time_ms': 74.809125, 'contour_analysis_time_ms': 585.958042, 'classification_time_ms': 187.642625}",2,7,False,
success,f8b5e1a8-10fa-4081-83a1-23b8026875d7,/opt/nuclio/shared_storage/mnist_all/3/mnist_test_3_00264.png,"{'skeletonization_time_ms': 80.35425, 'contour_analysis_time_ms': 587.69075, 'classification_time_ms': 88.307667}",3,7,False,
success,eb313a46-d105-4a3b-be0b-061bf1d0acf3,/opt/nuclio/shared_storage/mnist_all/2/mnist_test_2_00381.png,"{'skeletonization_time_ms': 87.383542, 'contour_analysis_time_ms': 301.076375, 'classification_time_ms': 306.667792}",2,6,False,
success,b757379a-59f8-491a-8043-d44cc4e1e43f,/opt/nuclio/shared_storage/mnist_all/2/mnist_test_2_00281.png,"{'skeletonization_time_ms': 65.50075, 'contour_analysis_time_ms': 227.70875, 'classification_time_ms': 195.738125}",2,7,False,
success,fbf7fd19-bb15-4107-b393-cd6b66307f18,/opt/nuclio/shared_storage/mnist_all/2/mnist_test_2_00234.png,"{'skeletonization_time_ms': 51.342834, 'contour_analysis_time_ms': 281.434083, 'classification_time_ms': 153.074875}",2,7,False,
success,cd539bb3-b5db-4dcf-ac0f-06f9ad9d4365,/opt/nuclio/shared_storage/mnist_all/2/mnist_test_2_00542.png,"{'skeletonization_time_ms': 185.177542, 'contour_analysis_time_ms': 467.77325, 'classification_time_ms': 71.313792}",2,1,False,
success,ec9fc526-84f9-42ec-aed3-3239ac578c1b,/opt/nuclio/shared_storage/mnist_all/3/mnist_test_3_00677.png,"{'skeletonization_time_ms': 54.954459, 'contour_analysis_time_ms': 620.194833, 'classification_time_ms': 179.055542}",3,7,False,
success,fcc1aec8-d7ec-4ca3-8a39-8d837f58b1c6,/opt/nuclio/shared_storage/mnist_all/2/mnist_test_2_00752.png,"{'skeletonization_time_ms': 46.164375, 'contour_analysis_time_ms': 321.488375, 'classification_time_ms': 74.490958}",2,7,False,
success,517c9e69-bb09-47fb-8886-331a48e7d7e0,/opt/nuclio/shared_storage/mnist_all/3/mnist_test_3_00511.png,"{'skeletonization_time_ms': 73.625375, 'contour_analysis_time_ms': 464.432625, 'classification_time_ms': 193.757042}",3,7,False,
success,b73ee92c-eead-4a20-9449-45123229d7ba,/opt/nuclio/shared_storage/mnist_all/2/mnist_test_2_00224.png,"{'skeletonization_time_ms': 99.724375, 'contour_analysis_time_ms': 370.729709, 'classification_time_ms': 105.115792}",2,7,False,
success,47fff533-13f1-4628-a9c9-1b2aeacf0fa3,/opt/nuclio/shared_storage/mnist_all/2/mnist_test_2_00032.png,"{'skeletonization_time_ms': 44.970625, 'contour_analysis_time_ms': 539.373084, 'classification_time_ms': 358.235584}",2,6,False,
success,510275c2-f412-4148-a2cd-3ba70062921c,/opt/nuclio/shared_storage/mnist_all/2/mnist_test_2_00618.png,"{'skeletonization_time_ms': 94.433041, 'contour_analysis_time_ms': 430.583084, 'classification_time_ms': 162.003167}",2,7,False,
success,592d76ff-147a-4c48-9fee-6d9f2a0caa4b,/opt/nuclio/shared_storage/mnist_all/3/mnist_test_3_00459.png,"{'skeletonization_time_ms': 68.35525, 'contour_analysis_time_ms': 322.144375, 'classification_time_ms': 141.118125}",3,7,False,
success,b80afde4-4b4a-48b5-a65e-c5a4a44ed296,/opt/nuclio/shared_storage/mnist_all/2/mnist_test_2_00977.png,"{'skeletonization_time_ms': 215.6675, 'contour_analysis_time_ms': 488.933917, 'classification_time_ms': 241.492792}",2,7,False,
success,573a5e55-0347-40f1-822a-cb0925ffb466,/opt/nuclio/shared_storage/mnist_all/2/mnist_test_2_00236.png,"{'skeletonization_time_ms': 36.490584, 'contour_analysis_time_ms': 352.107375, 'classification_time_ms': 347.372417}",2,6,False,
success,66ce34b7-edb5-45b1-a9ab-b1f1bdaae3e5,/opt/nuclio/shared_storage/mnist_all/2/mnist_test_2_00345.png,"{'skeletonization_time_ms': 80.737083, 'contour_analysis_time_ms': 596.647917, 'classification_time_ms': 223.423708}",2,6,False,
success,168a8b0f-332e-4bb9-a37f-132cde154735,/opt/nuclio/shared_storage/mnist_all/3/mnist_test_3_00307.png,"{'skeletonization_time_ms': 64.628875, 'contour_analysis_time_ms': 258.691208, 'classification_time_ms': 76.341709}",3,7,False,
success,e53a0419-6494-48ad-9187-58507019cf06,/opt/nuclio/shared_storage/mnist_all/3/mnist_test_3_00628.png,"{'skeletonization_time_ms': 56.802708, 'contour_analysis_time_ms': 243.286333, 'classification_time_ms': 103.751001}",3,7,False,
success,d1c9af54-1494-4114-ba18-a765642826e4,/opt/nuclio/shared_storage/mnist_all/3/mnist_test_3_00128.png,"{'skeletonization_time_ms': 44.952959, 'contour_analysis_time_ms': 537.741667, 'classification_time_ms': 129.964958}",3,7,False,
success,b102990c-205c-4f80-9e8a-713b1b0568e7,/opt/nuclio/shared_storage/mnist_all/3/mnist_test_3_00605.png,"{'skeletonization_time_ms': 49.031208, 'contour_analysis_time_ms': 257.492708, 'classification_time_ms': 112.089708}",3,7,False,
success,9ddd1110-243b-40c7-8f09-a3b9350b3bde,/opt/nuclio/shared_storage/mnist_all/2/mnist_test_2_00747.png,"{'skeletonization_time_ms': 44.043667, 'contour_analysis_time_ms': 261.753084, 'classification_time_ms': 117.047417}",2,7,False,
success,46711809-dd37-4a44-9c32-6e03c86adb73,/opt/nuclio/shared_storage/mnist_all/3/mnist_test_3_00374.png,"{'skeletonization_time_ms': 38.625209, 'contour_analysis_time_ms': 242.985167, 'classification_time_ms': 139.177625}",3,7,False,
success,8efebc52-7080-4bab-ac0d-a4f96b63ae08,/opt/nuclio/shared_storage/mnist_all/2/mnist_test_2_00250.png,"{'skeletonization_time_ms': 50.019875, 'contour_analysis_time_ms': 230.99625, 'classification_time_ms': 273.911084}",2,6,False,
success,02f43f70-1b05-4156-8864-1be76a4df645,/opt/nuclio/shared_storage/mnist_all/3/mnist_test_3_00510.png,"{'skeletonization_time_ms': 65.525542, 'contour_analysis_time_ms': 298.285125, 'classification_time_ms': 264.107042}",3,2,False,
success,959b1dad-c598-473a-ac48-c7b817090720,/opt/nuclio/shared_storage/mnist_all/2/mnist_test_2_00976.png,"{'skeletonization_time_ms': 44.271791, 'contour_analysis_time_ms': 441.516, 'classification_time_ms': 80.280917}",2,7,False,
success,f55b7743-f0e9-4d8d-9372-981175bfeb7d,/opt/nuclio/shared_storage/mnist_all/2/mnist_test_2_00195.png,"{'skeletonization_time_ms': 47.147334, 'contour_analysis_time_ms': 406.280375, 'classification_time_ms': 110.072792}",2,7,False,
success,e91b340a-f0a0-4e9f-98b6-059a7018f39f,/opt/nuclio/shared_storage/mnist_all/2/mnist_test_2_00961.png,"{'skeletonization_time_ms': 70.060292, 'contour_analysis_time_ms': 320.579625, 'classification_time_ms': 275.405042}",2,6,False,
success,f250f09d-53f0-4772-95b3-084b6de6d915,/opt/nuclio/shared_storage/mnist_all/2/mnist_test_2_00553.png,"{'skeletonization_time_ms': 59.807792, 'contour_analysis_time_ms': 315.055167, 'classification_time_ms': 60.991958}",2,7,False,
success,4325fe99-2f3e-439d-a711-5206ec7bb539,/opt/nuclio/shared_storage/mnist_all/3/mnist_test_3_00101.png,"{'skeletonization_time_ms': 38.165917, 'contour_analysis_time_ms': 295.351, 'classification_time_ms': 68.859292}",3,7,False,
success,a674f3fb-8f41-4e05-981e-39c07b9f786a,/opt/nuclio/shared_storage/mnist_all/3/mnist_test_3_00313.png,"{'skeletonization_time_ms': 32.889041, 'contour_analysis_time_ms': 317.887875, 'classification_time_ms': 429.03325}",3,5,False,
success,87ef8f9f-8a20-4ed5-91bb-c27e257f2362,/opt/nuclio/shared_storage/mnist_all/3/mnist_test_3_00512.png,"{'skeletonization_time_ms': 295.630417, 'contour_analysis_time_ms': 393.717167, 'classification_time_ms': 247.448125}",3,7,False,
success,ebdc7792-0607-4f1f-a101-f7d927952567,/opt/nuclio/shared_storage/mnist_all/2/mnist_test_2_00569.png,"{'skeletonization_time_ms': 35.652125, 'contour_analysis_time_ms': 484.070625, 'classification_time_ms': 248.923}",2,3,False,
success,40396971-02a8-448d-9122-bd6f8a27cd9e,/opt/nuclio/shared_storage/mnist_all/2/mnist_test_2_00817.png,"{'skeletonization_time_ms': 110.036, 'contour_analysis_time_ms': 289.702542, 'classification_time_ms': 97.689458}",2,7,False,
success,b67b9e61-e831-48cc-b6ec-4725d8e882ee,/opt/nuclio/shared_storage/mnist_all/2/mnist_test_2_00810.png,"{'skeletonization_time_ms': 66.323875, 'contour_analysis_time_ms': 268.1835, 'classification_time_ms': 368.745959}",2,7,False,
success,17843881-b634-461c-8efc-688a3f015f60,/opt/nuclio/shared_storage/mnist_all/3/mnist_test_3_00777.png,"{'skeletonization_time_ms': 43.733625, 'contour_analysis_time_ms': 322.023125, 'classification_time_ms': 116.219084}",3,7,False,
success,d7bb9723-a816-48a1-957e-31bc4f4ddc97,/opt/nuclio/shared_storage/mnist_all/3/mnist_test_3_00413.png,"{'skeletonization_time_ms': 41.751583, 'contour_analysis_time_ms': 360.692042, 'classification_time_ms': 100.153}",3,7,False,
success,8c79e6ab-e3d9-419b-982b-c795d3a8d230,/opt/nuclio/shared_storage/mnist_all/2/mnist_test_2_00792.png,"{'skeletonization_time_ms': 39.743083, 'contour_analysis_time_ms': 283.789625, 'classification_time_ms': 239.224}",2,7,False,
success,fd5ba315-cc33-4eee-8ba2-6b17e44df3fc,/opt/nuclio/shared_storage/mnist_all/3/mnist_test_3_00604.png,"{'skeletonization_time_ms': 82.373625, 'contour_analysis_time_ms': 485.437208, 'classification_time_ms': 680.063042}",3,6,False,
success,8a44c7a8-31c2-4d88-b08d-8d1080f3e519,/opt/nuclio/shared_storage/mnist_all/2/mnist_test_2_00227.png,"{'skeletonization_time_ms': 52.331833, 'contour_analysis_time_ms': 549.702125, 'classification_time_ms': 187.305208}",2,5,False,
success,9e670ec0-5fbd-49ce-98df-13b62e243342,/opt/nuclio/shared_storage/mnist_all/2/mnist_test_2_00632.png,"{'skeletonization_time_ms': 59.5795, 'contour_analysis_time_ms': 689.111042, 'classification_time_ms': 656.097334}",2,6,False,
success,664f50ba-5432-4a90-ac46-2938f66d631d,/opt/nuclio/shared_storage/mnist_all/2/mnist_test_2_00849.png,"{'skeletonization_time_ms': 94.963667, 'contour_analysis_time_ms': 696.721833, 'classification_time_ms': 117.075459}",2,7,False,
success,3236d511-3233-46bc-8e8e-010f46242e6b,/opt/nuclio/shared_storage/mnist_all/3/mnist_test_3_00204.png,"{'skeletonization_time_ms': 34.962042, 'contour_analysis_time_ms': 379.725084, 'classification_time_ms': 94.254292}",3,7,False,
success,8f77053e-4408-4946-829f-cdfbdcc2a52a,/opt/nuclio/shared_storage/mnist_all/3/mnist_test_3_00067.png,"{'skeletonization_time_ms': 71.673834, 'contour_analysis_time_ms': 366.776126, 'classification_time_ms': 842.84975}",3,7,False,
success,ce97e748-8f1a-4008-8fcf-a579cd470e93,/opt/nuclio/shared_storage/mnist_all/3/mnist_test_3_00344.png,"{'skeletonization_time_ms': 33.293208, 'contour_analysis_time_ms': 493.765625, 'classification_time_ms': 127.492042}",3,7,False,
success,a28d8187-c3d3-4856-ba75-28c81e925164,/opt/nuclio/shared_storage/mnist_all/3/mnist_test_3_00880.png,"{'skeletonization_time_ms': 50.567375, 'contour_analysis_time_ms': 510.446083, 'classification_time_ms': 262.575792}",3,7,False,
success,d068f87b-0181-4cb1-8379-3f9344d1d710,/opt/nuclio/shared_storage/mnist_all/2/mnist_test_2_00757.png,"{'skeletonization_time_ms': 55.073708, 'contour_analysis_time_ms': 527.584501, 'classification_time_ms': 389.542001}",2,3,False,
success,f3e5347a-f4a3-4583-ac2c-1f834180b77f,/opt/nuclio/shared_storage/mnist_all/3/mnist_test_3_00328.png,"{'skeletonization_time_ms': 165.834584, 'contour_analysis_time_ms': 623.975334, 'classification_time_ms': 260.224083}",3,7,False,
success,e8991597-3f1e-470a-bda5-d7218cec1f54,/opt/nuclio/shared_storage/mnist_all/3/mnist_test_3_00924.png,"{'skeletonization_time_ms': 41.917667, 'contour_analysis_time_ms': 614.123251, 'classification_time_ms': 394.661902}",3,7,False,
success,bc8c5dfb-b01e-4ff7-93af-c356924f80ca,/opt/nuclio/shared_storage/mnist_all/3/mnist_test_3_00105.png,"{'skeletonization_time_ms': 1000.932459, 'contour_analysis_time_ms': 749.139152, 'classification_time_ms': 117.802958}",3,7,False,
success,2e70029d-2937-4447-ae91-be7063061375,/opt/nuclio/shared_storage/mnist_all/2/mnist_test_2_00390.png,"{'skeletonization_time_ms': 52.071084, 'contour_analysis_time_ms': 346.692042, 'classification_time_ms': 304.046292}",2,6,False,
success,b5d42bfc-245a-4031-a707-ff3f5b770398,/opt/nuclio/shared_storage/mnist_all/3/mnist_test_3_00503.png,"{'skeletonization_time_ms': 34.587458, 'contour_analysis_time_ms': 408.793875, 'classification_time_ms': 139.054}",3,7,False,
success,6d2c16e4-dfc3-49b8-9cb6-5f5eba6d02e9,/opt/nuclio/shared_storage/mnist_all/3/mnist_test_3_00170.png,"{'skeletonization_time_ms': 130.150375, 'contour_analysis_time_ms': 239.252375, 'classification_time_ms': 451.42325}",3,6,False,
success,fed19213-fdc1-4be3-9a50-9565586436e3,/opt/nuclio/shared_storage/mnist_all/3/mnist_test_3_00062.png,"{'skeletonization_time_ms': 169.04225, 'contour_analysis_time_ms': 358.476292, 'classification_time_ms': 114.80625}",3,7,False,
success,d1b213ed-ae0a-4f4d-ae93-04fd75865026,/opt/nuclio/shared_storage/mnist_all/3/mnist_test_3_00043.png,"{'skeletonization_time_ms': 52.05475, 'contour_analysis_time_ms': 422.36525, 'classification_time_ms': 227.618667}",3,7,False,
success,25199d1c-36fe-4d8a-b976-bab703d21a9e,/opt/nuclio/shared_storage/mnist_all/3/mnist_test_3_00853.png,"{'skeletonization_time_ms': 62.47575, 'contour_analysis_time_ms': 273.946375, 'classification_time_ms': 120.041834}",3,7,False,
success,1128a57e-e080-4303-b6c0-e1a1e5d915ac,/opt/nuclio/shared_storage/mnist_all/3/mnist_test_3_00076.png,"{'skeletonization_time_ms': 57.292583, 'contour_analysis_time_ms': 225.834208, 'classification_time_ms': 135.354458}",3,7,False,
success,aad500f1-2f42-47b3-89a3-e9a0b7a83d73,/opt/nuclio/shared_storage/mnist_all/2/mnist_test_2_00023.png,"{'skeletonization_time_ms': 47.844417, 'contour_analysis_time_ms': 250.188792, 'classification_time_ms': 100.167833}",2,7,False,
success,77270550-0f5c-41bc-bd11-6099de7feb77,/opt/nuclio/shared_storage/mnist_all/3/mnist_test_3_00810.png,"{'skeletonization_time_ms': 163.306959, 'contour_analysis_time_ms': 243.031959, 'classification_time_ms': 205.515917}",3,7,False,
success,66ed502e-fd51-4d29-818f-ba3fe2784fae,/opt/nuclio/shared_storage/mnist_all/2/mnist_test_2_00022.png,"{'skeletonization_time_ms': 35.563917, 'contour_analysis_time_ms': 323.35225, 'classification_time_ms': 224.890542}",2,6,False,
success,f845ef9d-b272-46ac-bb1c-70a84c8d7fb6,/opt/nuclio/shared_storage/mnist_all/3/mnist_test_3_00740.png,"{'skeletonization_time_ms': 68.365583, 'contour_analysis_time_ms': 292.093084, 'classification_time_ms': 164.875042}",3,7,False,
success,ecfad5e5-30fc-458e-b21c-9fdecc1ed815,/opt/nuclio/shared_storage/mnist_all/3/mnist_test_3_00146.png,"{'skeletonization_time_ms': 56.865875, 'contour_analysis_time_ms': 298.383042, 'classification_time_ms': 152.489958}",3,7,False,
success,c8d376f9-9bb1-43b7-857c-78efc00a9dc6,/opt/nuclio/shared_storage/mnist_all/3/mnist_test_3_00504.png,"{'skeletonization_time_ms': 60.0275, 'contour_analysis_time_ms': 305.563, 'classification_time_ms': 366.347501}",3,2,False,
success,314dc78b-b0c9-4d21-b4b9-8bc101a4f6bb,/opt/nuclio/shared_storage/mnist_all/3/mnist_test_3_01009.png,"{'skeletonization_time_ms': 86.096875, 'contour_analysis_time_ms': 305.600084, 'classification_time_ms': 62.754208}",3,7,False,
success,da9fde34-6950-4fd6-a722-46627b0ac286,/opt/nuclio/shared_storage/mnist_all/3/mnist_test_3_00672.png,"{'skeletonization_time_ms': 137.985292, 'contour_analysis_time_ms': 343.800251, 'classification_time_ms': 294.07875}",3,5,False,
success,63bcf546-566d-4097-bcc2-dbd9da0b76a5,/opt/nuclio/shared_storage/mnist_all/2/mnist_test_2_00541.png,"{'skeletonization_time_ms': 65.058042, 'contour_analysis_time_ms': 319.038251, 'classification_time_ms': 187.992042}",2,1,False,
success,88a65046-5c60-4258-af5d-2e98ae8aa5c1,/opt/nuclio/shared_storage/mnist_all/3/mnist_test_3_00800.png,"{'skeletonization_time_ms': 72.286625, 'contour_analysis_time_ms': 303.556875, 'classification_time_ms': 149.755542}",3,7,False,
success,f68f4f3e-d6c7-4801-b421-2ac44799dfca,/opt/nuclio/shared_storage/mnist_all/2/mnist_test_2_00753.png,"{'skeletonization_time_ms': 47.611333, 'contour_analysis_time_ms': 371.673417, 'classification_time_ms': 339.070209}",2,9,False,
success,dafe00d6-47f3-44af-b10b-021417adaed7,/opt/nuclio/shared_storage/mnist_all/3/mnist_test_3_00306.png,"{'skeletonization_time_ms': 41.040167, 'contour_analysis_time_ms': 429.179251, 'classification_time_ms': 184.851833}",3,7,False,
success,d9453ede-3569-44c0-aadb-0222c76ed832,/opt/nuclio/shared_storage/mnist_all/3/mnist_test_3_00518.png,"{'skeletonization_time_ms': 52.926625, 'contour_analysis_time_ms': 483.390584, 'classification_time_ms': 294.066625}",3,5,False,
success,76f32609-00ca-4b8f-82f7-d092d48d3d0b,/opt/nuclio/shared_storage/mnist_all/3/mnist_test_3_00505.png,"{'skeletonization_time_ms': 92.956292, 'contour_analysis_time_ms': 431.344625, 'classification_time_ms': 425.038125}",3,2,False,
success,4df9db0c-2ced-4fda-b167-720a1dfde31e,/opt/nuclio/shared_storage/mnist_all/3/mnist_test_3_00832.png,"{'skeletonization_time_ms': 53.006, 'contour_analysis_time_ms': 446.968708, 'classification_time_ms': 268.483833}",3,4,False,
success,1bbd4e21-ae27-48bb-ae93-ef998896f600,/opt/nuclio/shared_storage/mnist_all/3/mnist_test_3_00789.png,"{'skeletonization_time_ms': 57.117333, 'contour_analysis_time_ms': 576.177709, 'classification_time_ms': 139.855625}",3,7,False,
success,1b5b1b8c-4438-4321-afbc-949eed52ab44,/opt/nuclio/shared_storage/mnist_all/3/mnist_test_3_00161.png,"{'skeletonization_time_ms': 82.38525, 'contour_analysis_time_ms': 434.668542, 'classification_time_ms': 113.041876}",3,7,False,
success,41048b2e-2e79-491d-a73e-59224e9f871f,/opt/nuclio/shared_storage/mnist_all/3/mnist_test_3_00159.png,"{'skeletonization_time_ms': 31.395917, 'contour_analysis_time_ms': 326.576542, 'classification_time_ms': 162.177584}",3,7,False,
success,686eb249-e804-4074-81e9-aa157bdcb382,/opt/nuclio/shared_storage/mnist_all/3/mnist_test_3_00735.png,"{'skeletonization_time_ms': 252.18875, 'contour_analysis_time_ms': 441.797541, 'classification_time_ms': 124.789333}",3,7,False,
success,46ff2f35-0869-4fb6-972a-f38483cf9ab9,/opt/nuclio/shared_storage/mnist_all/3/mnist_test_3_00908.png,"{'skeletonization_time_ms': 81.427334, 'contour_analysis_time_ms': 346.358541, 'classification_time_ms': 268.15225}",3,5,False,
success,2b9c6932-99b6-444b-87e7-a1b8f616f1a9,/opt/nuclio/shared_storage/mnist_all/3/mnist_test_3_00579.png,"{'skeletonization_time_ms': 48.753834, 'contour_analysis_time_ms': 363.446334, 'classification_time_ms': 242.189958}",3,5,False,
success,ca24d17a-fb77-4eb8-b22e-1f08ca8e4d77,/opt/nuclio/shared_storage/mnist_all/2/mnist_test_2_00587.png,"{'skeletonization_time_ms': 58.577542, 'contour_analysis_time_ms': 262.7155, 'classification_time_ms': 123.826208}",2,5,False,
success,dcc70b3e-8884-4464-b7e3-fc8be1bc75bd,/opt/nuclio/shared_storage/mnist_all/3/mnist_test_3_00957.png,"{'skeletonization_time_ms': 36.795916, 'contour_analysis_time_ms': 352.409667, 'classification_time_ms': 168.496708}",3,7,False,
success,35f6081b-bebd-44c7-8521-c70ad68be693,/opt/nuclio/shared_storage/mnist_all/3/mnist_test_3_00473.png,"{'skeletonization_time_ms': 49.717834, 'contour_analysis_time_ms': 411.556917, 'classification_time_ms': 69.854667}",3,7,False,
success,0b6d8817-e17a-418c-85f6-79fa9513fbcd,/opt/nuclio/shared_storage/mnist_all/4/mnist_test_4_00835.png,"{'skeletonization_time_ms': 85.290792, 'contour_analysis_time_ms': 339.893417, 'classification_time_ms': 138.118666}",4,2,False,
success,7a7473cb-555f-46ea-a4b2-2a71927c697a,/opt/nuclio/shared_storage/mnist_all/3/mnist_test_3_00136.png,"{'skeletonization_time_ms': 136.666375, 'contour_analysis_time_ms': 309.690916, 'classification_time_ms': 163.279}",3,2,False,
success,1eb08ee2-906b-4630-a71f-2c1d6944290c,/opt/nuclio/shared_storage/mnist_all/2/mnist_test_2_00816.png,"{'skeletonization_time_ms': 43.511667, 'contour_analysis_time_ms': 427.263209, 'classification_time_ms': 56.859958}",2,7,False,
success,d229b133-5e6a-470e-8294-7fa20e3bb491,/opt/nuclio/shared_storage/mnist_all/3/mnist_test_3_00961.png,"{'skeletonization_time_ms': 65.988958, 'contour_analysis_time_ms': 373.875334, 'classification_time_ms': 100.02375}",3,7,False,
success,846ccd16-eca6-48a0-8baf-60db6cf8f9fb,/opt/nuclio/shared_storage/mnist_all/4/mnist_test_4_00572.png,"{'skeletonization_time_ms': 44.337583, 'contour_analysis_time_ms': 293.793458, 'classification_time_ms': 119.381375}",4,1,False,
success,9f39285b-8ac6-4a59-9af0-6ee5741d5ec4,/opt/nuclio/shared_storage/mnist_all/3/mnist_test_3_00975.png,"{'skeletonization_time_ms': 80.836375, 'contour_analysis_time_ms': 224.092459, 'classification_time_ms': 51.350666}",3,7,False,
success,4a0f3463-3573-42c8-a3a6-dc50f089f08e,/opt/nuclio/shared_storage/mnist_all/3/mnist_test_3_00831.png,"{'skeletonization_time_ms': 77.49025, 'contour_analysis_time_ms': 351.876875, 'classification_time_ms': 383.549959}",3,1,False,
success,4fe38f3b-c072-46a5-a5c4-87b3d03a1b5c,/opt/nuclio/shared_storage/mnist_all/2/mnist_test_2_00221.png,"{'skeletonization_time_ms': 237.794459, 'contour_analysis_time_ms': 273.085792, 'classification_time_ms': 124.034167}",2,7,False,
success,f29dacbb-4428-41f7-bfb3-1280ee9fd552,/opt/nuclio/shared_storage/mnist_all/3/mnist_test_3_00173.png,"{'skeletonization_time_ms': 224.252584, 'contour_analysis_time_ms': 430.395792, 'classification_time_ms': 285.263584}",3,7,False,
success,8c5564b5-67c4-4a36-9a3a-b3b17eb65af3,/opt/nuclio/shared_storage/mnist_all/3/mnist_test_3_00362.png,"{'skeletonization_time_ms': 111.7895, 'contour_analysis_time_ms': 1379.805668, 'classification_time_ms': 204.814875}",3,5,False,
success,8447f2af-0b6a-440c-9f6d-13ac717ca7d9,/opt/nuclio/shared_storage/mnist_all/3/mnist_test_3_00013.png,"{'skeletonization_time_ms': 60.637917, 'contour_analysis_time_ms': 872.913001, 'classification_time_ms': 60.661208}",3,7,False,
success,0ba47ebe-d622-4707-8891-95e358686582,/opt/nuclio/shared_storage/mnist_all/3/mnist_test_3_00194.png,"{'skeletonization_time_ms': 67.575166, 'contour_analysis_time_ms': 387.995, 'classification_time_ms': 254.063876}",3,5,False,
success,ac10d2f0-acf0-490e-b4f8-ed2f63a657a6,/opt/nuclio/shared_storage/mnist_all/3/mnist_test_3_00385.png,"{'skeletonization_time_ms': 61.148583, 'contour_analysis_time_ms': 492.694167, 'classification_time_ms': 344.814042}",3,7,False,
success,58f46ebf-a073-4751-855b-4edf9c2f1c9d,/opt/nuclio/shared_storage/mnist_all/3/mnist_test_3_00749.png,"{'skeletonization_time_ms': 104.157791, 'contour_analysis_time_ms': 480.158667, 'classification_time_ms': 203.5065}",3,7,False,
success,7c77b338-85ff-4d7a-a549-600f39be281c,/opt/nuclio/shared_storage/mnist_all/3/mnist_test_3_00015.png,"{'skeletonization_time_ms': 53.965917, 'contour_analysis_time_ms': 597.741501, 'classification_time_ms': 102.541709}",3,7,False,
success,f3210161-775e-4bd4-8c3a-0fa129b5a5ef,/opt/nuclio/shared_storage/mnist_all/3/mnist_test_3_00981.png,"{'skeletonization_time_ms': 127.416041, 'contour_analysis_time_ms': 296.143458, 'classification_time_ms': 758.454292}",3,1,False,
success,b03d9f81-82a7-4f81-94ef-000857d29fc1,/opt/nuclio/shared_storage/mnist_all/3/mnist_test_3_00394.png,"{'skeletonization_time_ms': 47.840708, 'contour_analysis_time_ms': 265.404917, 'classification_time_ms': 322.089166}",3,7,False,
success,0550e478-d3f4-400a-b6e0-2a4ec8697aad,/opt/nuclio/shared_storage/mnist_all/3/mnist_test_3_00126.png,"{'skeletonization_time_ms': 59.006542, 'contour_analysis_time_ms': 353.985542, 'classification_time_ms': 119.2935}",3,7,False,
success,ca5b55d4-ae93-405f-b39b-b31fa7b61f24,/opt/nuclio/shared_storage/mnist_all/3/mnist_test_3_00186.png,"{'skeletonization_time_ms': 51.353334, 'contour_analysis_time_ms': 234.693209, 'classification_time_ms': 51.240833}",3,5,False,
success,9685cd96-30fc-4d39-9a5a-6718e817eb16,/opt/nuclio/shared_storage/mnist_all/3/mnist_test_3_00951.png,"{'skeletonization_time_ms': 40.049917, 'contour_analysis_time_ms': 246.905333, 'classification_time_ms': 58.418626}",3,7,False,
success,d63a88c9-06f6-4e80-9b44-a09cf0f22ff9,/opt/nuclio/shared_storage/mnist_all/3/mnist_test_3_00388.png,"{'skeletonization_time_ms': 67.219875, 'contour_analysis_time_ms': 314.618083, 'classification_time_ms': 159.5745}",3,7,False,
success,c0cc4fcf-1f67-4c5b-9ed8-30e9d10240c6,/opt/nuclio/shared_storage/mnist_all/3/mnist_test_3_00350.png,"{'skeletonization_time_ms': 68.822792, 'contour_analysis_time_ms': 532.446833, 'classification_time_ms': 101.574416}",3,7,False,
success,5dd7c12f-e7f4-47c6-afbd-53273124131d,/opt/nuclio/shared_storage/mnist_all/3/mnist_test_3_00410.png,"{'skeletonization_time_ms': 350.406833, 'contour_analysis_time_ms': 271.847125, 'classification_time_ms': 115.657916}",3,7,False,
success,c785364b-a4db-4ba8-8c40-b2a2fef2ff10,/opt/nuclio/shared_storage/mnist_all/3/mnist_test_3_00983.png,"{'skeletonization_time_ms': 85.352209, 'contour_analysis_time_ms': 493.645917, 'classification_time_ms': 433.290709}",3,2,False,
success,6b1d555c-b63d-4e6d-b894-53afb26c56d8,/opt/nuclio/shared_storage/mnist_all/3/mnist_test_3_00094.png,"{'skeletonization_time_ms': 249.543542, 'contour_analysis_time_ms': 248.458209, 'classification_time_ms': 291.767876}",3,6,False,
success,623124f4-b303-43d7-ab9d-0d996fce0dbc,/opt/nuclio/shared_storage/mnist_all/3/mnist_test_3_00791.png,"{'skeletonization_time_ms': 129.431292, 'contour_analysis_time_ms': 300.804083, 'classification_time_ms': 402.756834}",3,9,False,
success,76a6bca2-30ce-41ab-9e54-75aa6b421206,/opt/nuclio/shared_storage/mnist_all/3/mnist_test_3_00003.png,"{'skeletonization_time_ms': 48.117708, 'contour_analysis_time_ms': 251.990167, 'classification_time_ms': 56.864375}",3,7,False,
success,ec0a453c-3ae0-4ea3-b456-6c1d6243248a,/opt/nuclio/shared_storage/mnist_all/3/mnist_test_3_00651.png,"{'skeletonization_time_ms': 59.417292, 'contour_analysis_time_ms': 371.013, 'classification_time_ms': 311.545292}",3,9,False,
success,063fdf7e-8097-4797-b997-40f7f52cf6cd,/opt/nuclio/shared_storage/mnist_all/4/mnist_test_4_00538.png,"{'skeletonization_time_ms': 67.568792, 'contour_analysis_time_ms': 318.47, 'classification_time_ms': 75.941417}",4,1,False,
success,bfa1e579-2a33-4212-8341-e5b04c22e0a4,/opt/nuclio/shared_storage/mnist_all/3/mnist_test_3_00786.png,"{'skeletonization_time_ms': 74.972208, 'contour_analysis_time_ms': 460.535, 'classification_time_ms': 175.128625}",3,7,False,
success,66063665-1c4b-4180-885b-e8412fbedc38,/opt/nuclio/shared_storage/mnist_all/3/mnist_test_3_00336.png,"{'skeletonization_time_ms': 120.790792, 'contour_analysis_time_ms': 431.808084, 'classification_time_ms': 69.922584}",3,7,False,
success,2a25fa53-8a64-4d09-a2a2-5a2ec96776b9,/opt/nuclio/shared_storage/mnist_all/3/mnist_test_3_00434.png,"{'skeletonization_time_ms': 59.666, 'contour_analysis_time_ms': 268.150625, 'classification_time_ms': 154.459584}",3,7,False,
success,c833e0cf-a3bd-4a8a-bdb4-8a59bb6122f6,/opt/nuclio/shared_storage/mnist_all/3/mnist_test_3_00331.png,"{'skeletonization_time_ms': 126.576375, 'contour_analysis_time_ms': 298.721667, 'classification_time_ms': 185.918375}",3,6,False,
success,d3c7f5b4-6f62-4b4a-af0d-fb4b2257d3f1,/opt/nuclio/shared_storage/mnist_all/4/mnist_test_4_00565.png,"{'skeletonization_time_ms': 78.282041, 'contour_analysis_time_ms': 335.513334, 'classification_time_ms': 207.26475}",4,7,False,
success,b554e09c-c781-4a2c-b76c-f93a32875015,/opt/nuclio/shared_storage/mnist_all/4/mnist_test_4_00363.png,"{'skeletonization_time_ms': 115.053959, 'contour_analysis_time_ms': 270.37575, 'classification_time_ms': 62.997042}",4,7,False,
success,5da80a75-bf94-4d6a-b167-5320476020f7,/opt/nuclio/shared_storage/mnist_all/3/mnist_test_3_00172.png,"{'skeletonization_time_ms': 42.765458, 'contour_analysis_time_ms': 456.522458, 'classification_time_ms': 129.596958}",3,7,False,
success,78e4b059-b223-42e7-aeaa-80e78d17cf02,/opt/nuclio/shared_storage/mnist_all/3/mnist_test_3_00490.png,"{'skeletonization_time_ms': 63.6955, 'contour_analysis_time_ms': 269.539292, 'classification_time_ms': 99.104041}",3,7,False,
success,ae8f32d8-9d1a-4257-9ecb-97e550c815ea,/opt/nuclio/shared_storage/mnist_all/4/mnist_test_4_00464.png,"{'skeletonization_time_ms': 32.821541, 'contour_analysis_time_ms': 300.538791, 'classification_time_ms': 78.76525}",4,1,False,
success,046356dd-1a6f-4ddc-b13e-b2a20aa16bb0,/opt/nuclio/shared_storage/mnist_all/3/mnist_test_3_00278.png,"{'skeletonization_time_ms': 45.330708, 'contour_analysis_time_ms': 390.916708, 'classification_time_ms': 123.679833}",3,7,False,
success,6072d852-3f94-4de8-b9f3-b4fc33c3b2cb,/opt/nuclio/shared_storage/mnist_all/3/mnist_test_3_00958.png,"{'skeletonization_time_ms': 81.098875, 'contour_analysis_time_ms': 376.744583, 'classification_time_ms': 143.962875}",3,7,False,
success,c548cf1f-e717-4f1c-a5fe-650d3efa90e6,/opt/nuclio/shared_storage/mnist_all/3/mnist_test_3_00290.png,"{'skeletonization_time_ms': 93.836334, 'contour_analysis_time_ms': 441.470667, 'classification_time_ms': 252.454626}",3,2,False,
success,6d9f8e56-34ad-4978-8812-f2b748f9de91,/opt/nuclio/shared_storage/mnist_all/3/mnist_test_3_00137.png,"{'skeletonization_time_ms': 54.920125, 'contour_analysis_time_ms': 182.645792, 'classification_time_ms': 52.075084}",3,7,False,
success,55759955-81d8-4dab-a84c-eb95c21b02eb,/opt/nuclio/shared_storage/mnist_all/3/mnist_test_3_00140.png,"{'skeletonization_time_ms': 281.815417, 'contour_analysis_time_ms': 312.763125, 'classification_time_ms': 68.742834}",3,7,False,
success,a93d5dc1-bfa5-407f-9f14-7dbf71855cdc,/opt/nuclio/shared_storage/mnist_all/3/mnist_test_3_00018.png,"{'skeletonization_time_ms': 48.152584, 'contour_analysis_time_ms': 316.573208, 'classification_time_ms': 66.366542}",3,7,False,
success,63aaa500-8a4a-41d2-bc4c-867d50511067,/opt/nuclio/shared_storage/mnist_all/3/mnist_test_3_00993.png,"{'skeletonization_time_ms': 77.208708, 'contour_analysis_time_ms': 435.687459, 'classification_time_ms': 391.362}",3,4,False,
success,9d81398a-7594-417e-ab12-660a4f1de909,/opt/nuclio/shared_storage/mnist_all/3/mnist_test_3_00246.png,"{'skeletonization_time_ms': 74.635833, 'contour_analysis_time_ms': 356.985292, 'classification_time_ms': 22.733709}",3,7,False,
success,50130d1c-8300-4c2b-8a0d-3e032d85f832,/opt/nuclio/shared_storage/mnist_all/3/mnist_test_3_00858.png,"{'skeletonization_time_ms': 49.40125, 'contour_analysis_time_ms': 373.8755, 'classification_time_ms': 85.074916}",3,7,False,
success,8dcd8355-78b6-4910-afdf-a8fe0d7f67d8,/opt/nuclio/shared_storage/mnist_all/3/mnist_test_3_00223.png,"{'skeletonization_time_ms': 90.78075, 'contour_analysis_time_ms': 304.941167, 'classification_time_ms': 128.385583}",3,7,False,
success,7ef60be8-c069-4720-a293-822b564a3325,/opt/nuclio/shared_storage/mnist_all/4/mnist_test_4_00686.png,"{'skeletonization_time_ms': 49.659708, 'contour_analysis_time_ms': 438.102083, 'classification_time_ms': 144.275917}",4,7,False,
success,3d1a995d-282f-4740-85c0-9b910451d7a5,/opt/nuclio/shared_storage/mnist_all/3/mnist_test_3_00342.png,"{'skeletonization_time_ms': 50.259542, 'contour_analysis_time_ms': 455.04175, 'classification_time_ms': 118.923209}",3,7,False,
success,f3cc376f-8dc8-401d-a234-3a71ee151bb6,/opt/nuclio/shared_storage/mnist_all/3/mnist_test_3_00591.png,"{'skeletonization_time_ms': 40.037833, 'contour_analysis_time_ms': 294.378292, 'classification_time_ms': 67.688917}",3,7,False,
success,98b9a40b-5ba8-4ff6-a223-4e7f4eef9831,/opt/nuclio/shared_storage/mnist_all/3/mnist_test_3_00008.png,"{'skeletonization_time_ms': 136.593, 'contour_analysis_time_ms': 391.719292, 'classification_time_ms': 119.053458}",3,7,False,
success,60b8ec9e-7ad8-4001-b878-58696da8a167,/opt/nuclio/shared_storage/mnist_all/3/mnist_test_3_00153.png,"{'skeletonization_time_ms': 185.707, 'contour_analysis_time_ms': 524.859625, 'classification_time_ms': 53.96}",3,7,False,
success,f1716fc1-bff2-46b8-bb41-e210b7300bee,/opt/nuclio/shared_storage/mnist_all/4/mnist_test_4_00600.png,"{'skeletonization_time_ms': 84.823417, 'contour_analysis_time_ms': 395.098292, 'classification_time_ms': 212.268375}",4,1,False,
success,c26e7454-7edc-41fe-8ae2-520da10617d5,/opt/nuclio/shared_storage/mnist_all/3/mnist_test_3_00816.png,"{'skeletonization_time_ms': 85.976875, 'contour_analysis_time_ms': 445.960501, 'classification_time_ms': 156.676625}",3,7,False,
success,bb9ce85a-c38b-43e0-b482-a4ff023f6718,/opt/nuclio/shared_storage/mnist_all/4/mnist_test_4_00453.png,"{'skeletonization_time_ms': 77.700708, 'contour_analysis_time_ms': 486.737125, 'classification_time_ms': 116.202584}",4,7,False,
success,49752fae-7342-4412-9b60-1559f33e825e,/opt/nuclio/shared_storage/mnist_all/3/mnist_test_3_00236.png,"{'skeletonization_time_ms': 231.111792, 'contour_analysis_time_ms': 394.853875, 'classification_time_ms': 152.835916}",3,7,False,
success,3ea815e9-baef-4b04-88c7-343c04f99415,/opt/nuclio/shared_storage/mnist_all/4/mnist_test_4_00789.png,"{'skeletonization_time_ms': 60.792667, 'contour_analysis_time_ms': 297.446458, 'classification_time_ms': 170.870833}",4,1,False,
success,55bd2d03-574d-4f3b-ab1f-2cec0f3e21f1,/opt/nuclio/shared_storage/mnist_all/3/mnist_test_3_00180.png,"{'skeletonization_time_ms': 136.119125, 'contour_analysis_time_ms': 303.987084, 'classification_time_ms': 281.477041}",3,5,False,
success,52390931-a1e1-48c6-afcf-9a81fff21f65,/opt/nuclio/shared_storage/mnist_all/4/mnist_test_4_00646.png,"{'skeletonization_time_ms': 50.016375, 'contour_analysis_time_ms': 192.922417, 'classification_time_ms': 152.178458}",4,1,False,
success,aba6a9c2-a5ca-4e69-812f-337b6fa05456,/opt/nuclio/shared_storage/mnist_all/3/mnist_test_3_00046.png,"{'skeletonization_time_ms': 108.888375, 'contour_analysis_time_ms': 360.934625, 'classification_time_ms': 127.986042}",3,7,False,
success,2b689023-2976-4cb8-b7e8-b40054b6aa17,/opt/nuclio/shared_storage/mnist_all/3/mnist_test_3_00033.png,"{'skeletonization_time_ms': 56.068667, 'contour_analysis_time_ms': 230.398833, 'classification_time_ms': 188.674444}",3,5,False,
success,0c9205fe-1b60-48d9-94d5-5a2c4f1f7290,/opt/nuclio/shared_storage/mnist_all/3/mnist_test_3_00976.png,"{'skeletonization_time_ms': 520.400376, 'contour_analysis_time_ms': 331.505695, 'classification_time_ms': 318.844333}",3,2,False,
success,124b0f72-8fee-4ca1-822e-dcea846ce117,/opt/nuclio/shared_storage/mnist_all/3/mnist_test_3_00468.png,"{'skeletonization_time_ms': 47.244834, 'contour_analysis_time_ms': 434.408667, 'classification_time_ms': 94.14925}",3,7,False,
success,187f1884-2f63-4066-8dc8-e4e8713cf5ea,/opt/nuclio/shared_storage/mnist_all/4/mnist_test_4_00242.png,"{'skeletonization_time_ms': 24.950333, 'contour_analysis_time_ms': 439.893917, 'classification_time_ms': 65.543959}",4,1,False,
success,3aa00388-1b95-46ad-b4f7-b0467214e6e6,/opt/nuclio/shared_storage/mnist_all/3/mnist_test_3_00965.png,"{'skeletonization_time_ms': 61.5085, 'contour_analysis_time_ms': 392.329834, 'classification_time_ms': 141.718709}",3,7,False,
success,49c4fa01-f63e-46c3-b410-15d0a5005b72,/opt/nuclio/shared_storage/mnist_all/4/mnist_test_4_00010.png,"{'skeletonization_time_ms': 43.305625, 'contour_analysis_time_ms': 408.376583, 'classification_time_ms': 106.396125}",4,1,False,
success,8e30239c-0c7a-4e39-ba41-646d7eddef8d,/opt/nuclio/shared_storage/mnist_all/3/mnist_test_3_00793.png,"{'skeletonization_time_ms': 98.079458, 'contour_analysis_time_ms': 518.562208, 'classification_time_ms': 476.803125}",3,9,False,
success,f73af613-0456-48be-8130-10b70e522951,/opt/nuclio/shared_storage/mnist_all/4/mnist_test_4_00564.png,"{'skeletonization_time_ms': 68.964416, 'contour_analysis_time_ms': 743.084417, 'classification_time_ms': 87.6075}",4,1,False,
success,0e4b0b71-7294-4b44-a13a-c460cb679491,/opt/nuclio/shared_storage/mnist_all/3/mnist_test_3_00902.png,"{'skeletonization_time_ms': 102.305417, 'contour_analysis_time_ms': 444.997375, 'classification_time_ms': 97.47775}",3,7,False,
success,6d9cedf9-292a-4aa6-ac3b-ea8b02053377,/opt/nuclio/shared_storage/mnist_all/3/mnist_test_3_00509.png,"{'skeletonization_time_ms': 54.347167, 'contour_analysis_time_ms': 298.354209, 'classification_time_ms': 406.439958}",3,2,False,
success,11ed5f0c-c58d-4db0-876d-818803816bdb,/opt/nuclio/shared_storage/mnist_all/3/mnist_test_3_00443.png,"{'skeletonization_time_ms': 36.003667, 'contour_analysis_time_ms': 300.831416, 'classification_time_ms': 123.066042}",3,7,False,
success,80f01d57-2680-4e32-b1a6-87b72b139bc6,/opt/nuclio/shared_storage/mnist_all/4/mnist_test_4_00701.png,"{'skeletonization_time_ms': 117.859417, 'contour_analysis_time_ms': 365.913292, 'classification_time_ms': 58.101708}",4,1,False,
success,2d0a5349-3cb5-4661-8795-53b97a694ce7,/opt/nuclio/shared_storage/mnist_all/3/mnist_test_3_00906.png,"{'skeletonization_time_ms': 62.007791, 'contour_analysis_time_ms': 214.211458, 'classification_time_ms': 276.334083}",3,7,False,
success,c8177ce4-8786-4e32-8e17-1aaa90922d48,/opt/nuclio/shared_storage/mnist_all/3/mnist_test_3_00585.png,"{'skeletonization_time_ms': 60.64725, 'contour_analysis_time_ms': 264.723959, 'classification_time_ms': 267.750166}",3,5,False,
success,b65e64d0-f963-4233-9d12-1bea57439bce,/opt/nuclio/shared_storage/mnist_all/3/mnist_test_3_00091.png,"{'skeletonization_time_ms': 320.531833, 'contour_analysis_time_ms': 435.987417, 'classification_time_ms': 206.256666}",3,5,False,
success,c0a22171-4a1d-405b-a142-66e7a594f3cc,/opt/nuclio/shared_storage/mnist_all/4/mnist_test_4_00413.png,"{'skeletonization_time_ms': 71.402208, 'contour_analysis_time_ms': 157.619959, 'classification_time_ms': 128.764708}",4,7,False,
success,79528762-2955-4500-9ef7-e8ca61c41394,/opt/nuclio/shared_storage/mnist_all/3/mnist_test_3_00457.png,"{'skeletonization_time_ms': 43.024292, 'contour_analysis_time_ms': 346.818209, 'classification_time_ms': 346.803042}",3,9,False,
success,d963fd3b-2456-43a4-b372-a1b4af18d977,/opt/nuclio/shared_storage/mnist_all/3/mnist_test_3_00695.png,"{'skeletonization_time_ms': 27.71075, 'contour_analysis_time_ms': 300.474042, 'classification_time_ms': 101.541375}",3,5,False,
success,94eba314-cc81-4119-8554-d979addd96c3,/opt/nuclio/shared_storage/mnist_all/4/mnist_test_4_00439.png,"{'skeletonization_time_ms': 67.3005, 'contour_analysis_time_ms': 359.639959, 'classification_time_ms': 183.271541}",4,7,False,
success,c74bd740-7701-478d-a820-6a3206dd97b3,/opt/nuclio/shared_storage/mnist_all/3/mnist_test_3_00911.png,"{'skeletonization_time_ms': 60.628916, 'contour_analysis_time_ms': 303.837167, 'classification_time_ms': 73.222209}",3,7,False,
success,cee1141c-0a10-41b6-b09d-2078daaae495,/opt/nuclio/shared_storage/mnist_all/3/mnist_test_3_00047.png,"{'skeletonization_time_ms': 85.500542, 'contour_analysis_time_ms': 339.155917, 'classification_time_ms': 240.846208}",3,7,False,
success,73aef286-1ae4-47e5-b4bf-a5e065a0da69,/opt/nuclio/shared_storage/mnist_all/4/mnist_test_4_00313.png,"{'skeletonization_time_ms': 61.856876, 'contour_analysis_time_ms': 372.169917, 'classification_time_ms': 58.2585}",4,1,False,
success,82551fe9-e01c-41fd-9b89-d5cc90f7701d,/opt/nuclio/shared_storage/mnist_all/3/mnist_test_3_01002.png,"{'skeletonization_time_ms': 38.822792, 'contour_analysis_time_ms': 249.049167, 'classification_time_ms': 201.619}",3,7,False,
success,11245d5b-45f7-47ff-88f7-4e62b2550489,/opt/nuclio/shared_storage/mnist_all/4/mnist_test_4_00563.png,"{'skeletonization_time_ms': 68.282959, 'contour_analysis_time_ms': 548.323625, 'classification_time_ms': 111.840292}",4,1,False,
success,5f7c97e3-7295-4144-80e6-659f1d010cb7,/opt/nuclio/shared_storage/mnist_all/4/mnist_test_4_00677.png,"{'skeletonization_time_ms': 44.422875, 'contour_analysis_time_ms': 420.833709, 'classification_time_ms': 107.99475}",4,5,False,
success,70865eba-4994-4bb0-8103-991dace02104,/opt/nuclio/shared_storage/mnist_all/3/mnist_test_3_00446.png,"{'skeletonization_time_ms': 33.711833, 'contour_analysis_time_ms': 415.281209, 'classification_time_ms': 68.262917}",3,7,False,
success,ceeda213-083c-4c1c-8573-f14ebbaa33a2,/opt/nuclio/shared_storage/mnist_all/3/mnist_test_3_00487.png,"{'skeletonization_time_ms': 59.675959, 'contour_analysis_time_ms': 402.937417, 'classification_time_ms': 206.232708}",3,5,False,
success,f2da3d04-bc80-4286-abe2-c6be7628232f,/opt/nuclio/shared_storage/mnist_all/4/mnist_test_4_00376.png,"{'skeletonization_time_ms': 72.230042, 'contour_analysis_time_ms': 331.173876, 'classification_time_ms': 214.885833}",4,7,False,
success,91c4efd5-21f1-488e-8331-143716ca87a8,/opt/nuclio/shared_storage/mnist_all/4/mnist_test_4_00105.png,"{'skeletonization_time_ms': 52.667125, 'contour_analysis_time_ms': 309.472708, 'classification_time_ms': 203.495792}",4,1,False,
success,e7b88d2d-a2e1-487f-91aa-44ea03394490,/opt/nuclio/shared_storage/mnist_all/3/mnist_test_3_01007.png,"{'skeletonization_time_ms': 46.533542, 'contour_analysis_time_ms': 359.916042, 'classification_time_ms': 224.803209}",3,5,False,
success,cdd19101-b73f-4e11-b4a3-28ed802c3136,/opt/nuclio/shared_storage/mnist_all/4/mnist_test_4_00204.png,"{'skeletonization_time_ms': 47.943417, 'contour_analysis_time_ms': 326.474083, 'classification_time_ms': 180.571084}",4,1,False,
success,8e6edcb7-71a4-48d1-a0de-0f983e113914,/opt/nuclio/shared_storage/mnist_all/4/mnist_test_4_00570.png,"{'skeletonization_time_ms': 155.330416, 'contour_analysis_time_ms': 231.2975, 'classification_time_ms': 79.375375}",4,1,False,
success,c468f027-c795-4ae6-ac22-d828729d4e56,/opt/nuclio/shared_storage/mnist_all/4/mnist_test_4_00662.png,"{'skeletonization_time_ms': 51.6555, 'contour_analysis_time_ms': 348.537459, 'classification_time_ms': 195.78275}",4,1,False,
success,58ae2fe4-bd0a-4412-bd79-6ad5f3983e34,/opt/nuclio/shared_storage/mnist_all/4/mnist_test_4_00666.png,"{'skeletonization_time_ms': 557.24125, 'contour_analysis_time_ms': 240.796375, 'classification_time_ms': 260.105042}",4,7,False,
success,2a076aeb-9565-4c2b-b3b4-470ab8ac17a0,/opt/nuclio/shared_storage/mnist_all/3/mnist_test_3_00641.png,"{'skeletonization_time_ms': 85.572375, 'contour_analysis_time_ms': 1072.715001, 'classification_time_ms': 175.110375}",3,7,False,
success,cfe17dd0-69e8-479a-a14c-14fef209fafd,/opt/nuclio/shared_storage/mnist_all/3/mnist_test_3_00692.png,"{'skeletonization_time_ms': 204.607333, 'contour_analysis_time_ms': 277.692, 'classification_time_ms': 108.832875}",3,7,False,
success,68a72713-9866-4705-a3c2-73294b3e13e8,/opt/nuclio/shared_storage/mnist_all/4/mnist_test_4_00207.png,"{'skeletonization_time_ms': 67.437792, 'contour_analysis_time_ms': 301.744667, 'classification_time_ms': 218.596625}",4,3,False,
success,615e25f5-2260-4d51-8fbe-887b8c675311,/opt/nuclio/shared_storage/mnist_all/4/mnist_test_4_00063.png,"{'skeletonization_time_ms': 58.976417, 'contour_analysis_time_ms': 432.604, 'classification_time_ms': 148.959416}",4,7,False,
success,7a646112-ce5e-4fde-ae2f-299400d54c4b,/opt/nuclio/shared_storage/mnist_all/3/mnist_test_3_00913.png,"{'skeletonization_time_ms': 122.528, 'contour_analysis_time_ms': 390.352125, 'classification_time_ms': 433.030667}",3,7,False,
success,413e458b-ab43-4f62-a0c5-517ec0919786,/opt/nuclio/shared_storage/mnist_all/4/mnist_test_4_00065.png,"{'skeletonization_time_ms': 141.324458, 'contour_analysis_time_ms': 485.543375, 'classification_time_ms': 118.398958}",4,9,False,
success,21239851-4ec9-4e4a-a4da-62b6c323fb5a,/opt/nuclio/shared_storage/mnist_all/4/mnist_test_4_00798.png,"{'skeletonization_time_ms': 57.599333, 'contour_analysis_time_ms': 370.617459, 'classification_time_ms': 122.951625}",4,1,False,
success,41516ae2-bb99-4600-9e4e-1a82695f9cca,/opt/nuclio/shared_storage/mnist_all/4/mnist_test_4_00067.png,"{'skeletonization_time_ms': 53.493375, 'contour_analysis_time_ms': 393.281625, 'classification_time_ms': 124.717709}",4,7,False,
success,0cd657c4-bdc4-4024-b2e1-3fdc055e9f82,/opt/nuclio/shared_storage/mnist_all/4/mnist_test_4_00881.png,"{'skeletonization_time_ms': 45.124375, 'contour_analysis_time_ms': 615.854959, 'classification_time_ms': 195.3985}",4,7,False,
success,0277ad84-e97d-42ec-a1c6-49cf1cfe7eae,/opt/nuclio/shared_storage/mnist_all/4/mnist_test_4_00128.png,"{'skeletonization_time_ms': 57.853542, 'contour_analysis_time_ms': 814.189001, 'classification_time_ms': 69.723792}",4,1,False,
success,9a60242d-1501-4697-9fdc-1fa3e74f711e,/opt/nuclio/shared_storage/mnist_all/4/mnist_test_4_00312.png,"{'skeletonization_time_ms': 45.686916, 'contour_analysis_time_ms': 925.755917, 'classification_time_ms': 189.863709}",4,9,False,
success,4b0b5fae-6d22-4bc1-819c-8b6324b4fdeb,/opt/nuclio/shared_storage/mnist_all/3/mnist_test_3_01000.png,"{'skeletonization_time_ms': 29.296542, 'contour_analysis_time_ms': 345.774834, 'classification_time_ms': 275.521792}",3,7,False,
success,3274b994-481e-4010-9866-0b80b7937c6f,/opt/nuclio/shared_storage/mnist_all/4/mnist_test_4_00258.png,"{'skeletonization_time_ms': 32.547375, 'contour_analysis_time_ms': 594.398459, 'classification_time_ms': 201.284667}",4,1,False,
success,e6938aeb-1c8b-4d77-9ca4-ea2a197cfd8d,/opt/nuclio/shared_storage/mnist_all/3/mnist_test_3_00080.png,"{'skeletonization_time_ms': 97.179083, 'contour_analysis_time_ms': 537.865417, 'classification_time_ms': 79.242417}",3,5,False,
success,46e0d7bc-567a-4634-ad7c-54cf00711e09,/opt/nuclio/shared_storage/mnist_all/4/mnist_test_4_00852.png,"{'skeletonization_time_ms': 51.580917, 'contour_analysis_time_ms': 303.784083, 'classification_time_ms': 119.322042}",4,7,False,
success,6a5545d4-2a72-430d-8048-ae504723fde4,/opt/nuclio/shared_storage/mnist_all/4/mnist_test_4_00276.png,"{'skeletonization_time_ms': 62.380958, 'contour_analysis_time_ms': 303.163375, 'classification_time_ms': 21.816417}",4,7,False,
success,a2bc64a1-4af5-4df6-a31e-5a054c9145d4,/opt/nuclio/shared_storage/mnist_all/4/mnist_test_4_00335.png,"{'skeletonization_time_ms': 93.123209, 'contour_analysis_time_ms': 396.473334, 'classification_time_ms': 176.274542}",4,7,False,
success,d5ccc4df-f6e9-4108-acdc-91166c79f6ac,/opt/nuclio/shared_storage/mnist_all/3/mnist_test_3_00309.png,"{'skeletonization_time_ms': 49.301708, 'contour_analysis_time_ms': 487.72857, 'classification_time_ms': 180.86525}",3,5,False,
success,f0c3340a-4c96-4bfd-84e2-e896ee3bf04e,/opt/nuclio/shared_storage/mnist_all/4/mnist_test_4_00167.png,"{'skeletonization_time_ms': 140.42525, 'contour_analysis_time_ms': 654.392084, 'classification_time_ms': 146.302084}",4,7,False,
success,6f030bc6-2a5f-4768-9b66-b2816c956eff,/opt/nuclio/shared_storage/mnist_all/4/mnist_test_4_00613.png,"{'skeletonization_time_ms': 126.639791, 'contour_analysis_time_ms': 419.147251, 'classification_time_ms': 290.028583}",4,9,False,
success,7d67469e-8382-4a23-af76-8f7f26af49cd,/opt/nuclio/shared_storage/mnist_all/4/mnist_test_4_00534.png,"{'skeletonization_time_ms': 92.310583, 'contour_analysis_time_ms': 283.738375, 'classification_time_ms': 204.32125}",4,7,False,
success,39df3a35-7321-415d-b6b4-6e732f440af3,/opt/nuclio/shared_storage/mnist_all/4/mnist_test_4_00429.png,"{'skeletonization_time_ms': 38.032416, 'contour_analysis_time_ms': 252.724042, 'classification_time_ms': 128.208583}",4,9,False,
success,66769558-9181-4389-98ee-0760c2051d5a,/opt/nuclio/shared_storage/mnist_all/4/mnist_test_4_00114.png,"{'skeletonization_time_ms': 33.747458, 'contour_analysis_time_ms': 302.11225, 'classification_time_ms': 62.392333}",4,7,False,
success,8a4c7411-7a6a-439c-836c-c05d8ca3c093,/opt/nuclio/shared_storage/mnist_all/4/mnist_test_4_00663.png,"{'skeletonization_time_ms': 48.235292, 'contour_analysis_time_ms': 216.50825, 'classification_time_ms': 52.823875}",4,1,False,
success,12b99d0f-223c-4dba-849d-37cd496913d4,/opt/nuclio/shared_storage/mnist_all/3/mnist_test_3_00860.png,"{'skeletonization_time_ms': 53.4345, 'contour_analysis_time_ms': 314.330292, 'classification_time_ms': 73.024042}",3,7,False,
success,22130f5b-ad46-4d7b-b328-e319312d76e8,/opt/nuclio/shared_storage/mnist_all/4/mnist_test_4_00797.png,"{'skeletonization_time_ms': 68.258667, 'contour_analysis_time_ms': 200.340542, 'classification_time_ms': 54.875083}",4,1,False,
success,d367d263-d668-4fbc-9c0d-7982c152f378,/opt/nuclio/shared_storage/mnist_all/4/mnist_test_4_00403.png,"{'skeletonization_time_ms': 55.149292, 'contour_analysis_time_ms': 303.689584, 'classification_time_ms': 78.994792}",4,7,False,
success,e5dced69-4b32-478b-b647-c869be3d4258,/opt/nuclio/shared_storage/mnist_all/4/mnist_test_4_00822.png,"{'skeletonization_time_ms': 61.309708, 'contour_analysis_time_ms': 232.536958, 'classification_time_ms': 92.667167}",4,7,False,
success,f6e4eaea-f984-4418-a957-9e46f070ebaf,/opt/nuclio/shared_storage/mnist_all/4/mnist_test_4_00294.png,"{'skeletonization_time_ms': 35.9565, 'contour_analysis_time_ms': 443.759083, 'classification_time_ms': 69.596666}",4,1,False,
success,2f095120-fee1-4304-b8c4-b5bfb9ac4684,/opt/nuclio/shared_storage/mnist_all/3/mnist_test_3_00121.png,"{'skeletonization_time_ms': 57.653583, 'contour_analysis_time_ms': 503.4465, 'classification_time_ms': 144.931875}",3,7,False,
success,e900e9eb-4610-43ec-a485-483b7f402e99,/opt/nuclio/shared_storage/mnist_all/4/mnist_test_4_00280.png,"{'skeletonization_time_ms': 200.355292, 'contour_analysis_time_ms': 272.918, 'classification_time_ms': 205.049542}",4,5,False,
success,8484f58c-c404-4435-9022-b10c7673aee9,/opt/nuclio/shared_storage/mnist_all/4/mnist_test_4_00499.png,"{'skeletonization_time_ms': 51.950416, 'contour_analysis_time_ms': 230.874167, 'classification_time_ms': 121.326959}",4,1,False,
success,107e5a01-901c-40d2-bccc-0ff9f0eca18a,/opt/nuclio/shared_storage/mnist_all/4/mnist_test_4_00327.png,"{'skeletonization_time_ms': 51.752166, 'contour_analysis_time_ms': 234.635042, 'classification_time_ms': 88.663667}",4,1,False,
success,3cddf50b-8336-421d-87aa-0a93b97089ed,/opt/nuclio/shared_storage/mnist_all/4/mnist_test_4_00173.png,"{'skeletonization_time_ms': 43.223833, 'contour_analysis_time_ms': 280.348834, 'classification_time_ms': 72.699291}",4,7,False,
success,c12ba76b-dc01-45ac-ac9b-63e6dd042ca9,/opt/nuclio/shared_storage/mnist_all/4/mnist_test_4_00912.png,"{'skeletonization_time_ms': 59.94875, 'contour_analysis_time_ms': 296.968875, 'classification_time_ms': 182.265708}",4,7,False,
success,cf28a1bc-a35e-41fb-9446-9a2ce1baf83c,/opt/nuclio/shared_storage/mnist_all/4/mnist_test_4_00588.png,"{'skeletonization_time_ms': 48.839625, 'contour_analysis_time_ms': 221.189458, 'classification_time_ms': 177.714459}",4,1,False,
success,0d37ac76-1f29-43a5-89cc-0c3328209152,/opt/nuclio/shared_storage/mnist_all/4/mnist_test_4_00093.png,"{'skeletonization_time_ms': 64.757125, 'contour_analysis_time_ms': 295.196625, 'classification_time_ms': 173.237542}",4,1,False,
success,e8634aa1-2a4c-4fcd-b3f2-5e0f07d37bfc,/opt/nuclio/shared_storage/mnist_all/4/mnist_test_4_00358.png,"{'skeletonization_time_ms': 57.562667, 'contour_analysis_time_ms': 355.693376, 'classification_time_ms': 88.851875}",4,7,False,
success,149d4a7e-37b0-4209-a3f1-85dac6ab6b3e,/opt/nuclio/shared_storage/mnist_all/4/mnist_test_4_00120.png,"{'skeletonization_time_ms': 143.801, 'contour_analysis_time_ms': 314.669583, 'classification_time_ms': 204.570833}",4,1,False,
success,5050e515-0653-4d44-80dc-d98bcf39912e,/opt/nuclio/shared_storage/mnist_all/4/mnist_test_4_00470.png,"{'skeletonization_time_ms': 76.022083, 'contour_analysis_time_ms': 273.647333, 'classification_time_ms': 213.906833}",4,1,False,
success,a8877121-b5d1-46af-bf65-d69df90d3e99,/opt/nuclio/shared_storage/mnist_all/4/mnist_test_4_00562.png,"{'skeletonization_time_ms': 52.400292, 'contour_analysis_time_ms': 387.25375, 'classification_time_ms': 182.48325}",4,1,False,
success,04689f5b-6b22-47d8-8d93-bfbcd4bdddd2,/opt/nuclio/shared_storage/mnist_all/4/mnist_test_4_00979.png,"{'skeletonization_time_ms': 82.852361, 'contour_analysis_time_ms': 625.545834, 'classification_time_ms': 77.67125}",4,2,False,
success,bcc0a184-5168-4f7c-8ffb-125d4aca3464,/opt/nuclio/shared_storage/mnist_all/4/mnist_test_4_00573.png,"{'skeletonization_time_ms': 34.723, 'contour_analysis_time_ms': 228.968125, 'classification_time_ms': 54.68775}",4,1,False,
success,9b51efbb-f04e-485d-9b0f-b7070b0dd7a9,/opt/nuclio/shared_storage/mnist_all/4/mnist_test_4_00487.png,"{'skeletonization_time_ms': 29.010708, 'contour_analysis_time_ms': 223.528333, 'classification_time_ms': 97.433625}",4,7,False,
success,e6b2becf-c2ad-48f5-b6b8-fd2d8a4f641f,/opt/nuclio/shared_storage/mnist_all/4/mnist_test_4_00853.png,"{'skeletonization_time_ms': 43.772375, 'contour_analysis_time_ms': 202.731583, 'classification_time_ms': 96.197083}",4,1,False,
success,47dcec06-8536-4002-806f-734d6d732e6f,/opt/nuclio/shared_storage/mnist_all/4/mnist_test_4_00749.png,"{'skeletonization_time_ms': 58.46175, 'contour_analysis_time_ms': 417.6805, 'classification_time_ms': 119.712667}",4,1,False,
success,fab7a277-b638-432f-be73-219819449ddd,/opt/nuclio/shared_storage/mnist_all/4/mnist_test_4_00553.png,"{'skeletonization_time_ms': 36.086541, 'contour_analysis_time_ms': 281.363708, 'classification_time_ms': 99.382125}",4,7,False,
success,b2b496da-d0ba-4213-8e81-eb086d4ce358,/opt/nuclio/shared_storage/mnist_all/4/mnist_test_4_00465.png,"{'skeletonization_time_ms': 144.081791, 'contour_analysis_time_ms': 280.672667, 'classification_time_ms': 83.736333}",4,9,False,
success,24da087f-a5c9-485c-829b-139ed848943e,/opt/nuclio/shared_storage/mnist_all/4/mnist_test_4_00592.png,"{'skeletonization_time_ms': 37.83975, 'contour_analysis_time_ms': 224.419209, 'classification_time_ms': 146.921875}",4,9,False,
success,fffb66f0-3067-4968-b590-924dd54af223,/opt/nuclio/shared_storage/mnist_all/4/mnist_test_4_00301.png,"{'skeletonization_time_ms': 28.320375, 'contour_analysis_time_ms': 346.360375, 'classification_time_ms': 230.377834}",4,7,False,
success,2e7d72af-84bb-4569-8494-a420374bc00a,/opt/nuclio/shared_storage/mnist_all/4/mnist_test_4_00978.png,"{'skeletonization_time_ms': 162.124709, 'contour_analysis_time_ms': 358.267084, 'classification_time_ms': 57.7885}",4,1,False,
success,01e38037-130e-4bc9-bd7a-6f57712ebd15,/opt/nuclio/shared_storage/mnist_all/4/mnist_test_4_00472.png,"{'skeletonization_time_ms': 38.4475, 'contour_analysis_time_ms': 357.516167, 'classification_time_ms': 120.036959}",4,1,False,
success,45f48c28-d2a4-4b60-bba0-94273e7eb33a,/opt/nuclio/shared_storage/mnist_all/4/mnist_test_4_00905.png,"{'skeletonization_time_ms': 48.496125, 'contour_analysis_time_ms': 494.48175, 'classification_time_ms': 108.143583}",4,1,False,
success,6a5c205a-8f92-4bf6-9d56-5f8f0e78bafe,/opt/nuclio/shared_storage/mnist_all/4/mnist_test_4_00529.png,"{'skeletonization_time_ms': 30.953083, 'contour_analysis_time_ms': 270.594125, 'classification_time_ms': 126.428708}",4,7,False,
success,bbd8c1fb-f662-4186-a0f0-ab50cfe4513f,/opt/nuclio/shared_storage/mnist_all/5/mnist_test_5_00705.png,"{'skeletonization_time_ms': 46.290833, 'contour_analysis_time_ms': 295.587458, 'classification_time_ms': 115.238708}",5,2,False,
success,da340258-a295-444a-8076-eda3e9735c52,/opt/nuclio/shared_storage/mnist_all/4/mnist_test_4_00101.png,"{'skeletonization_time_ms': 35.431291, 'contour_analysis_time_ms': 289.630333, 'classification_time_ms': 71.035083}",4,1,False,
success,1badc60f-7727-4411-b172-4c81c8fe5c2f,/opt/nuclio/shared_storage/mnist_all/4/mnist_test_4_00262.png,"{'skeletonization_time_ms': 33.872292, 'contour_analysis_time_ms': 304.445625, 'classification_time_ms': 102.952291}",4,7,False,
success,e28c899b-0a5d-4c46-b240-b05e75ec96e1,/opt/nuclio/shared_storage/mnist_all/4/mnist_test_4_00939.png,"{'skeletonization_time_ms': 38.404541, 'contour_analysis_time_ms': 246.013834, 'classification_time_ms': 269.790458}",4,9,False,
success,ca1570dc-785d-4e51-bc06-7ab64f7e4434,/opt/nuclio/shared_storage/mnist_all/4/mnist_test_4_00886.png,"{'skeletonization_time_ms': 51.850875, 'contour_analysis_time_ms': 301.477375, 'classification_time_ms': 114.326083}",4,7,False,
success,92309d68-8d91-4aa4-b9d4-4327d4429eb1,/opt/nuclio/shared_storage/mnist_all/4/mnist_test_4_00415.png,"{'skeletonization_time_ms': 92.509208, 'contour_analysis_time_ms': 235.835708, 'classification_time_ms': 200.542584}",4,7,False,
success,152369e9-9698-4daa-a0dd-25eb24eabfe4,/opt/nuclio/shared_storage/mnist_all/4/mnist_test_4_00265.png,"{'skeletonization_time_ms': 24.956083, 'contour_analysis_time_ms': 285.528125, 'classification_time_ms': 80.052125}",4,1,False,
success,686f6535-2de5-4ad1-ba8e-8d1161480768,/opt/nuclio/shared_storage/mnist_all/4/mnist_test_4_00418.png,"{'skeletonization_time_ms': 53.862666, 'contour_analysis_time_ms': 300.380625, 'classification_time_ms': 145.799167}",4,1,False,
success,550e7641-899b-4124-b431-c23b98b929b2,/opt/nuclio/shared_storage/mnist_all/4/mnist_test_4_00257.png,"{'skeletonization_time_ms': 81.693833, 'contour_analysis_time_ms': 251.468917, 'classification_time_ms': 175.493084}",4,7,False,
success,a830101c-23f2-43db-9786-8eeea7d8ccc4,/opt/nuclio/shared_storage/mnist_all/4/mnist_test_4_00318.png,"{'skeletonization_time_ms': 37.023917, 'contour_analysis_time_ms': 357.894209, 'classification_time_ms': 58.01175}",4,1,False,
success,d145fb4f-1482-435e-9596-f31f97213eae,/opt/nuclio/shared_storage/mnist_all/4/mnist_test_4_00856.png,"{'skeletonization_time_ms': 43.557417, 'contour_analysis_time_ms': 367.725958, 'classification_time_ms': 78.308416}",4,1,False,
success,089c100c-5d57-48c5-b9ff-adaedccd4a78,/opt/nuclio/shared_storage/mnist_all/4/mnist_test_4_00679.png,"{'skeletonization_time_ms': 47.1075, 'contour_analysis_time_ms': 342.4565, 'classification_time_ms': 151.770625}",4,1,False,
success,0e9da302-cb4b-47fc-b96f-ddb5b9831f1d,/opt/nuclio/shared_storage/mnist_all/4/mnist_test_4_00255.png,"{'skeletonization_time_ms': 42.884667, 'contour_analysis_time_ms': 232.239458, 'classification_time_ms': 95.703083}",4,7,False,
success,ebe0908b-bc8e-463e-8dcf-fab1662c062f,/opt/nuclio/shared_storage/mnist_all/4/mnist_test_4_00512.png,"{'skeletonization_time_ms': 66.173292, 'contour_analysis_time_ms': 272.574917, 'classification_time_ms': 139.847417}",4,5,False,
success,c3c979da-c2a7-4e32-9523-06dd3508acc1,/opt/nuclio/shared_storage/mnist_all/4/mnist_test_4_00142.png,"{'skeletonization_time_ms': 58.016792, 'contour_analysis_time_ms': 242.156333, 'classification_time_ms': 165.86}",4,7,False,
success,e87372d9-faa7-4433-b260-89061d5faf24,/opt/nuclio/shared_storage/mnist_all/4/mnist_test_4_00170.png,"{'skeletonization_time_ms': 46.249625, 'contour_analysis_time_ms': 309.372917, 'classification_time_ms': 93.393875}",4,7,False,
success,2bbf093b-0f6c-4265-9792-a89983b5c0f5,/opt/nuclio/shared_storage/mnist_all/4/mnist_test_4_00953.png,"{'skeletonization_time_ms': 198.974708, 'contour_analysis_time_ms': 237.2015, 'classification_time_ms': 119.703667}",4,1,False,
success,e56d29b4-8f7b-4b11-8d6f-3de51d9f88cb,/opt/nuclio/shared_storage/mnist_all/4/mnist_test_4_00814.png,"{'skeletonization_time_ms': 113.411916, 'contour_analysis_time_ms': 231.758792, 'classification_time_ms': 117.465083}",4,7,False,
success,df5b7165-8efa-4978-a606-efea3ab7154f,/opt/nuclio/shared_storage/mnist_all/4/mnist_test_4_00891.png,"{'skeletonization_time_ms': 41.425583, 'contour_analysis_time_ms': 236.37207, 'classification_time_ms': 61.46175}",4,7,False,
success,b6fca53d-0582-4ad5-8a58-971824427536,/opt/nuclio/shared_storage/mnist_all/4/mnist_test_4_00047.png,"{'skeletonization_time_ms': 82.708167, 'contour_analysis_time_ms': 240.535125, 'classification_time_ms': 84.96925}",4,7,False,
success,372a074e-1b1d-4b87-b18d-a8ef96fa11c4,/opt/nuclio/shared_storage/mnist_all/5/mnist_test_5_00316.png,"{'skeletonization_time_ms': 104.3995, 'contour_analysis_time_ms': 305.366167, 'classification_time_ms': 181.791083}",5,2,False,
success,0ec009e1-9e45-4ded-987a-685a576f9974,/opt/nuclio/shared_storage/mnist_all/4/mnist_test_4_00474.png,"{'skeletonization_time_ms': 201.316459, 'contour_analysis_time_ms': 445.010792, 'classification_time_ms': 69.07525}",4,7,False,
success,4217fbe2-2032-4f61-8621-9b57cf32ca60,/opt/nuclio/shared_storage/mnist_all/5/mnist_test_5_00869.png,"{'skeletonization_time_ms': 43.996042, 'contour_analysis_time_ms': 371.574291, 'classification_time_ms': 261.440958}",5,2,False,
success,f8ed0cc7-5e78-4461-8bb6-f3933392a723,/opt/nuclio/shared_storage/mnist_all/4/mnist_test_4_00145.png,"{'skeletonization_time_ms': 68.335791, 'contour_analysis_time_ms': 416.07475, 'classification_time_ms': 173.418875}",4,7,False,
success,12da231d-0f27-428a-9fa8-e3cf6e377331,/opt/nuclio/shared_storage/mnist_all/4/mnist_test_4_00232.png,"{'skeletonization_time_ms': 38.013667, 'contour_analysis_time_ms': 612.479583, 'classification_time_ms': 98.125334}",4,7,False,
success,914299bb-b3b3-493a-a53c-cb9df12dbc2c,/opt/nuclio/shared_storage/mnist_all/4/mnist_test_4_00266.png,"{'skeletonization_time_ms': 59.405042, 'contour_analysis_time_ms': 536.594167, 'classification_time_ms': 212.788626}",4,9,False,
success,9b119335-6b45-44a6-9b12-e524fd191e33,/opt/nuclio/shared_storage/mnist_all/4/mnist_test_4_00281.png,"{'skeletonization_time_ms': 36.563583, 'contour_analysis_time_ms': 306.263708, 'classification_time_ms': 309.531001}",4,7,False,
success,5745e4ee-f95b-4f31-8aaa-cadedf8d90c2,/opt/nuclio/shared_storage/mnist_all/4/mnist_test_4_00251.png,"{'skeletonization_time_ms': 39.653, 'contour_analysis_time_ms': 264.016125, 'classification_time_ms': 109.696625}",4,1,False,
success,20917f5d-19eb-49d5-a111-1d252304b84a,/opt/nuclio/shared_storage/mnist_all/4/mnist_test_4_00658.png,"{'skeletonization_time_ms': 56.639653, 'contour_analysis_time_ms': 373.911958, 'classification_time_ms': 59.611292}",4,1,False,
success,27b03726-a1fc-4da6-98d8-0bf76a63919d,/opt/nuclio/shared_storage/mnist_all/5/mnist_test_5_00717.png,"{'skeletonization_time_ms': 46.881583, 'contour_analysis_time_ms': 344.839917, 'classification_time_ms': 220.839375}",5,3,False,
success,bf4ad1d2-f720-4203-bac2-70cbbd7f53ab,/opt/nuclio/shared_storage/mnist_all/4/mnist_test_4_00923.png,"{'skeletonization_time_ms': 47.252792, 'contour_analysis_time_ms': 314.094417, 'classification_time_ms': 56.026209}",4,7,False,
success,5ebc9fc8-5a74-4930-9aae-f9734c0f6842,/opt/nuclio/shared_storage/mnist_all/4/mnist_test_4_00292.png,"{'skeletonization_time_ms': 63.129833, 'contour_analysis_time_ms': 357.459459, 'classification_time_ms': 92.9065}",4,1,False,
success,5c696c1a-c956-4c77-b2ce-1da8887c57da,/opt/nuclio/shared_storage/mnist_all/4/mnist_test_4_00540.png,"{'skeletonization_time_ms': 138.440833, 'contour_analysis_time_ms': 398.248, 'classification_time_ms': 149.576458}",4,1,False,
success,f4f2d839-d853-4ef5-b948-c540c4f939a6,/opt/nuclio/shared_storage/mnist_all/4/mnist_test_4_00269.png,"{'skeletonization_time_ms': 61.820458, 'contour_analysis_time_ms': 354.588667, 'classification_time_ms': 232.555958}",4,9,False,
success,b53f2d1b-1d2e-4621-bac8-43bf0a60d558,/opt/nuclio/shared_storage/mnist_all/5/mnist_test_5_00710.png,"{'skeletonization_time_ms': 42.21075, 'contour_analysis_time_ms': 471.424709, 'classification_time_ms': 72.535125}",5,7,False,
success,c07d4945-e2b3-4bba-a025-3bf57546df22,/opt/nuclio/shared_storage/mnist_all/4/mnist_test_4_00690.png,"{'skeletonization_time_ms': 215.220583, 'contour_analysis_time_ms': 425.98075, 'classification_time_ms': 82.605083}",4,1,False,
success,bb8432b7-db9e-4b28-b53e-32d4aac00c52,/opt/nuclio/shared_storage/mnist_all/4/mnist_test_4_00725.png,"{'skeletonization_time_ms': 32.426, 'contour_analysis_time_ms': 431.993083, 'classification_time_ms': 114.577083}",4,1,False,
success,35b41c45-fdca-4b7e-a496-c9652ebad049,/opt/nuclio/shared_storage/mnist_all/5/mnist_test_5_00884.png,"{'skeletonization_time_ms': 28.819541, 'contour_analysis_time_ms': 393.394167, 'classification_time_ms': 54.537583}",5,7,False,
success,a1b6d904-c9b9-41b6-894d-51b658de834b,/opt/nuclio/shared_storage/mnist_all/4/mnist_test_4_00243.png,"{'skeletonization_time_ms': 29.534917, 'contour_analysis_time_ms': 398.130625, 'classification_time_ms': 82.666709}",4,1,False,
success,b59bd9e5-46fa-4bfa-b8cc-f2a883fad1c0,/opt/nuclio/shared_storage/mnist_all/4/mnist_test_4_00163.png,"{'skeletonization_time_ms': 34.765125, 'contour_analysis_time_ms': 272.624458, 'classification_time_ms': 86.719584}",4,9,False,
success,5fec449a-adf1-4894-94ee-57428ecc22e3,/opt/nuclio/shared_storage/mnist_all/4/mnist_test_4_00247.png,"{'skeletonization_time_ms': 91.323542, 'contour_analysis_time_ms': 305.809584, 'classification_time_ms': 236.019792}",4,7,False,
success,8e7e2a29-cde7-491c-bd2a-bbfd5917a0d0,/opt/nuclio/shared_storage/mnist_all/4/mnist_test_4_00440.png,"{'skeletonization_time_ms': 58.860876, 'contour_analysis_time_ms': 466.685459, 'classification_time_ms': 328.262167}",4,7,False,
success,1341762d-758e-4f3e-a37b-cf8163bbbc7c,/opt/nuclio/shared_storage/mnist_all/4/mnist_test_4_00270.png,"{'skeletonization_time_ms': 62.704833, 'contour_analysis_time_ms': 448.049792, 'classification_time_ms': 208.063625}",4,1,False,
success,40d6e228-e400-4739-b458-5c643d57062b,/opt/nuclio/shared_storage/mnist_all/4/mnist_test_4_00293.png,"{'skeletonization_time_ms': 97.14825, 'contour_analysis_time_ms': 467.499292, 'classification_time_ms': 260.338042}",4,1,False,
success,7d83547a-e33c-4ea3-80e0-6653383fde1c,/opt/nuclio/shared_storage/mnist_all/4/mnist_test_4_00080.png,"{'skeletonization_time_ms': 37.992458, 'contour_analysis_time_ms': 489.048209, 'classification_time_ms': 183.559083}",4,7,False,
success,c05b1491-e626-4684-9a17-06b3d959df61,/opt/nuclio/shared_storage/mnist_all/4/mnist_test_4_00452.png,"{'skeletonization_time_ms': 49.859084, 'contour_analysis_time_ms': 307.808583, 'classification_time_ms': 100.527584}",4,7,False,
success,7848c5ba-0d74-45c4-9509-c348bfd9acfc,/opt/nuclio/shared_storage/mnist_all/4/mnist_test_4_00675.png,"{'skeletonization_time_ms': 34.286916, 'contour_analysis_time_ms': 433.437417, 'classification_time_ms': 132.341666}",4,7,False,
success,be534694-0fb8-499e-ab48-3a8d9c7d48b1,/opt/nuclio/shared_storage/mnist_all/5/mnist_test_5_00555.png,"{'skeletonization_time_ms': 45.374167, 'contour_analysis_time_ms': 470.581875, 'classification_time_ms': 171.0555}",5,2,False,
success,2d795319-33d5-4dea-92f9-3bf41c703480,/opt/nuclio/shared_storage/mnist_all/4/mnist_test_4_00911.png,"{'skeletonization_time_ms': 35.069166, 'contour_analysis_time_ms': 368.175667, 'classification_time_ms': 212.731333}",4,7,False,
success,c94da6ce-b0d8-470c-82e0-f63c9a7556e4,/opt/nuclio/shared_storage/mnist_all/5/mnist_test_5_00361.png,"{'skeletonization_time_ms': 41.971458, 'contour_analysis_time_ms': 446.27275, 'classification_time_ms': 128.755583}",5,2,False,
success,38f9dbbe-ce36-4e45-babb-b4efe817d2f9,/opt/nuclio/shared_storage/mnist_all/4/mnist_test_4_00087.png,"{'skeletonization_time_ms': 39.919791, 'contour_analysis_time_ms': 281.998417, 'classification_time_ms': 70.680584}",4,7,False,
success,4dad93c5-ceb3-45a4-8e14-9d46db7559ae,/opt/nuclio/shared_storage/mnist_all/4/mnist_test_4_00451.png,"{'skeletonization_time_ms': 28.669958, 'contour_analysis_time_ms': 199.138375, 'classification_time_ms': 117.364667}",4,1,False,
success,8ca7d0f3-2dfd-40c3-afbb-aebf538d078a,/opt/nuclio/shared_storage/mnist_all/4/mnist_test_4_00100.png,"{'skeletonization_time_ms': 33.598667, 'contour_analysis_time_ms': 331.814375, 'classification_time_ms': 203.033}",4,7,False,
success,2dd4a7bf-1d6c-4f84-bf1a-45d2d2640809,/opt/nuclio/shared_storage/mnist_all/4/mnist_test_4_00447.png,"{'skeletonization_time_ms': 47.945, 'contour_analysis_time_ms': 401.905042, 'classification_time_ms': 270.762125}",4,9,False,
success,4c266728-8add-4e23-96fe-859bfcec38a5,/opt/nuclio/shared_storage/mnist_all/5/mnist_test_5_00214.png,"{'skeletonization_time_ms': 78.020125, 'contour_analysis_time_ms': 303.867167, 'classification_time_ms': 118.461208}",5,3,False,
success,dac5c4fc-e50c-4592-93bb-b215d5616fc3,/opt/nuclio/shared_storage/mnist_all/4/mnist_test_4_00052.png,"{'skeletonization_time_ms': 69.098542, 'contour_analysis_time_ms': 343.700542, 'classification_time_ms': 55.712125}",4,1,False,
success,bd851135-10ce-4980-8387-016516dbf213,/opt/nuclio/shared_storage/mnist_all/4/mnist_test_4_00536.png,"{'skeletonization_time_ms': 39.34025, 'contour_analysis_time_ms': 280.784417, 'classification_time_ms': 45.215875}",4,1,False,
success,18694482-5162-4859-beac-08a24e811b33,/opt/nuclio/shared_storage/mnist_all/4/mnist_test_4_00041.png,"{'skeletonization_time_ms': 40.60575, 'contour_analysis_time_ms': 336.333375, 'classification_time_ms': 90.072125}",4,7,False,
success,69ccc164-f3d9-4a20-b3b9-abaa2eb221a3,/opt/nuclio/shared_storage/mnist_all/4/mnist_test_4_00736.png,"{'skeletonization_time_ms': 74.557167, 'contour_analysis_time_ms': 188.216417, 'classification_time_ms': 102.355583}",4,1,False,
success,d724ad2c-72a0-4386-ab72-2a772fdd6ac2,/opt/nuclio/shared_storage/mnist_all/4/mnist_test_4_00325.png,"{'skeletonization_time_ms': 28.37675, 'contour_analysis_time_ms': 312.021, 'classification_time_ms': 139.862292}",4,7,False,
success,053679d1-1f09-4c75-8f76-7d25ba33f896,/opt/nuclio/shared_storage/mnist_all/4/mnist_test_4_00099.png,"{'skeletonization_time_ms': 41.091875, 'contour_analysis_time_ms': 470.041458, 'classification_time_ms': 72.325417}",4,7,False,
success,84b16724-6559-4c7a-8594-b1a6a64fc1fb,/opt/nuclio/shared_storage/mnist_all/4/mnist_test_4_00961.png,"{'skeletonization_time_ms': 62.905959, 'contour_analysis_time_ms': 481.788334, 'classification_time_ms': 456.341833}",4,9,False,
success,29577d18-0f6d-43fa-9aad-d3e74a6873cb,/opt/nuclio/shared_storage/mnist_all/4/mnist_test_4_00603.png,"{'skeletonization_time_ms': 45.315333, 'contour_analysis_time_ms': 233.210292, 'classification_time_ms': 183.519875}",4,7,False,
success,c9d2a32c-9253-47f8-8ddc-cde183eb8ff8,/opt/nuclio/shared_storage/mnist_all/4/mnist_test_4_00071.png,"{'skeletonization_time_ms': 49.317208, 'contour_analysis_time_ms': 433.882167, 'classification_time_ms': 181.156834}",4,7,False,
success,319bd8fd-94c6-42ea-b1bb-acb047625ce8,/opt/nuclio/shared_storage/mnist_all/5/mnist_test_5_00748.png,"{'skeletonization_time_ms': 77.501292, 'contour_analysis_time_ms': 417.507333, 'classification_time_ms': 501.404375}",5,2,False,
success,64daf4b4-817f-4d44-a4cf-8285622171bc,/opt/nuclio/shared_storage/mnist_all/4/mnist_test_4_00152.png,"{'skeletonization_time_ms': 51.126291, 'contour_analysis_time_ms': 863.356875, 'classification_time_ms': 77.364292}",4,7,False,
success,7f4f31a2-4887-4745-9e8e-ff2fb8c19474,/opt/nuclio/shared_storage/mnist_all/5/mnist_test_5_00528.png,"{'skeletonization_time_ms': 167.355083, 'contour_analysis_time_ms': 351.007417, 'classification_time_ms': 765.893042}",5,9,False,
success,0ca87fe2-f6a7-4e8a-a158-b5a7f5e49cfd,/opt/nuclio/shared_storage/mnist_all/4/mnist_test_4_00753.png,"{'skeletonization_time_ms': 35.733125, 'contour_analysis_time_ms': 586.557625, 'classification_time_ms': 118.713292}",4,1,False,
success,cadb2e91-dec3-4174-9678-2ff5a7623e6b,/opt/nuclio/shared_storage/mnist_all/4/mnist_test_4_00324.png,"{'skeletonization_time_ms': 56.354916, 'contour_analysis_time_ms': 489.639334, 'classification_time_ms': 55.817625}",4,7,False,
success,011b4486-9f76-448a-abd0-04afa82302a9,/opt/nuclio/shared_storage/mnist_all/4/mnist_test_4_00441.png,"{'skeletonization_time_ms': 32.459791, 'contour_analysis_time_ms': 311.977208, 'classification_time_ms': 88.116084}",4,1,False,
success,73d48b18-6548-493a-b48f-7aa0e895e0c0,/opt/nuclio/shared_storage/mnist_all/5/mnist_test_5_00880.png,"{'skeletonization_time_ms': 36.514042, 'contour_analysis_time_ms': 249.583667, 'classification_time_ms': 68.032458}",5,7,False,
success,51c55414-a5c6-46e9-b1d2-9b714bd86039,/opt/nuclio/shared_storage/mnist_all/4/mnist_test_4_00907.png,"{'skeletonization_time_ms': 50.59925, 'contour_analysis_time_ms': 386.540875, 'classification_time_ms': 175.235}",4,7,False,
success,e021d227-1660-4b91-85e5-dbff56634b68,/opt/nuclio/shared_storage/mnist_all/5/mnist_test_5_00448.png,"{'skeletonization_time_ms': 113.409625, 'contour_analysis_time_ms': 329.127333, 'classification_time_ms': 302.863084}",5,3,False,
success,178f78bf-e172-45f1-946e-d2bfcf370b76,/opt/nuclio/shared_storage/mnist_all/4/mnist_test_4_00445.png,"{'skeletonization_time_ms': 88.41425, 'contour_analysis_time_ms': 359.888083, 'classification_time_ms': 199.284542}",4,7,False,
success,cd503159-2cf1-4520-b1bb-af865579ad25,/opt/nuclio/shared_storage/mnist_all/4/mnist_test_4_00641.png,"{'skeletonization_time_ms': 72.019584, 'contour_analysis_time_ms': 477.492194, 'classification_time_ms': 228.227125}",4,7,False,
success,1260ff4d-71ff-486a-a5ae-dd3c11aebdcb,/opt/nuclio/shared_storage/mnist_all/5/mnist_test_5_00427.png,"{'skeletonization_time_ms': 115.8365, 'contour_analysis_time_ms': 576.578709, 'classification_time_ms': 28.712666}",5,7,False,
success,c947ea47-7d41-4a52-98b4-40293098c505,/opt/nuclio/shared_storage/mnist_all/4/mnist_test_4_00643.png,"{'skeletonization_time_ms': 34.120542, 'contour_analysis_time_ms': 570.4295, 'classification_time_ms': 82.3035}",4,1,False,
success,fc79a640-3966-4781-8c8f-77e512c17f9a,/opt/nuclio/shared_storage/mnist_all/4/mnist_test_4_00640.png,"{'skeletonization_time_ms': 35.883333, 'contour_analysis_time_ms': 346.001459, 'classification_time_ms': 162.924167}",4,1,False,
success,04442fbd-f0a4-4302-9545-16135dace17e,/opt/nuclio/shared_storage/mnist_all/4/mnist_test_4_00051.png,"{'skeletonization_time_ms': 27.785833, 'contour_analysis_time_ms': 416.661458, 'classification_time_ms': 147.333708}",4,7,False,
success,08b8d9b7-dc81-4162-ae4e-52b4fbe279ab,/opt/nuclio/shared_storage/mnist_all/5/mnist_test_5_00035.png,"{'skeletonization_time_ms': 59.130333, 'contour_analysis_time_ms': 486.057751, 'classification_time_ms': 166.076459}",5,3,False,
success,216c0b45-6816-437c-a212-2855afe9971b,/opt/nuclio/shared_storage/mnist_all/5/mnist_test_5_00711.png,"{'skeletonization_time_ms': 71.9015, 'contour_analysis_time_ms': 383.705, 'classification_time_ms': 38.768}",5,7,False,
success,816375ad-9cb8-40a3-853e-8ffbef635728,/opt/nuclio/shared_storage/mnist_all/4/mnist_test_4_00778.png,"{'skeletonization_time_ms': 75.756416, 'contour_analysis_time_ms': 219.821625, 'classification_time_ms': 120.932458}",4,1,False,
success,3466d5ba-a977-4c85-9920-a02bb93d7664,/opt/nuclio/shared_storage/mnist_all/4/mnist_test_4_00884.png,"{'skeletonization_time_ms': 216.567042, 'contour_analysis_time_ms': 230.3385, 'classification_time_ms': 76.1015}",4,7,False,
success,c43f310b-b9fa-4fa1-907f-1c9051632df3,/opt/nuclio/shared_storage/mnist_all/4/mnist_test_4_00910.png,"{'skeletonization_time_ms': 31.796583, 'contour_analysis_time_ms': 300.890458, 'classification_time_ms': 85.062084}",4,1,False,
success,eef34dfe-3817-492b-b66b-450c77575072,/opt/nuclio/shared_storage/mnist_all/4/mnist_test_4_00752.png,"{'skeletonization_time_ms': 283.180167, 'contour_analysis_time_ms': 242.615167, 'classification_time_ms': 162.468792}",4,1,False,
success,a517bf98-acd1-4c2f-98d0-00a38589b778,/opt/nuclio/shared_storage/mnist_all/4/mnist_test_4_00975.png,"{'skeletonization_time_ms': 46.386375, 'contour_analysis_time_ms': 224.225042, 'classification_time_ms': 149.548}",4,1,False,
success,32a0c800-c9ca-404e-9814-f25f6e64e057,/opt/nuclio/shared_storage/mnist_all/4/mnist_test_4_00537.png,"{'skeletonization_time_ms': 57.867417, 'contour_analysis_time_ms': 359.838834, 'classification_time_ms': 136.198792}",4,1,False,
success,e040fa88-baf2-4a76-aa6b-5c7d9a40d7cd,/opt/nuclio/shared_storage/mnist_all/5/mnist_test_5_00606.png,"{'skeletonization_time_ms': 238.488292, 'contour_analysis_time_ms': 348.531875, 'classification_time_ms': 122.621583}",5,3,False,
success,63cb2fdc-f198-47ee-ab50-fdb2ac740b3c,/opt/nuclio/shared_storage/mnist_all/4/mnist_test_4_00183.png,"{'skeletonization_time_ms': 46.199542, 'contour_analysis_time_ms': 256.582917, 'classification_time_ms': 88.596667}",4,7,False,
success,cc4ecf03-1180-4716-bc18-8e655f831fd7,/opt/nuclio/shared_storage/mnist_all/4/mnist_test_4_00971.png,"{'skeletonization_time_ms': 106.563333, 'contour_analysis_time_ms': 239.471292, 'classification_time_ms': 168.804917}",4,1,False,
success,e0a462d1-77ce-4b9b-ade7-3c10e9c11ff8,/opt/nuclio/shared_storage/mnist_all/4/mnist_test_4_00754.png,"{'skeletonization_time_ms': 82.440958, 'contour_analysis_time_ms': 377.179042, 'classification_time_ms': 176.712291}",4,1,False,
success,60932cc9-ca2b-416f-bc3b-624d785c2e37,/opt/nuclio/shared_storage/mnist_all/4/mnist_test_4_00847.png,"{'skeletonization_time_ms': 48.210417, 'contour_analysis_time_ms': 316.548333, 'classification_time_ms': 70.939125}",4,1,False,
success,8c9e6ced-72a2-4619-81b7-d75202a13136,/opt/nuclio/shared_storage/mnist_all/5/mnist_test_5_00783.png,"{'skeletonization_time_ms': 41.580209, 'contour_analysis_time_ms': 373.514291, 'classification_time_ms': 29.206167}",5,2,False,
success,1a8d081b-2fec-4c25-9c2a-6ec0dd46fcce,/opt/nuclio/shared_storage/mnist_all/4/mnist_test_4_00535.png,"{'skeletonization_time_ms': 29.786417, 'contour_analysis_time_ms': 285.010958, 'classification_time_ms': 70.259833}",4,1,False,
success,38c06031-32b6-4cfd-9e84-78529e85c83a,/opt/nuclio/shared_storage/mnist_all/5/mnist_test_5_00198.png,"{'skeletonization_time_ms': 48.151125, 'contour_analysis_time_ms': 377.370625, 'classification_time_ms': 506.952375}",5,9,False,
success,96fc4842-c51f-403e-80d4-851fba5a7fd5,/opt/nuclio/shared_storage/mnist_all/5/mnist_test_5_00225.png,"{'skeletonization_time_ms': 120.899792, 'contour_analysis_time_ms': 275.079875, 'classification_time_ms': 146.257375}",5,3,False,
success,595cde3c-06f1-46c6-9ddb-e25eb80cded8,/opt/nuclio/shared_storage/mnist_all/5/mnist_test_5_00557.png,"{'skeletonization_time_ms': 77.255042, 'contour_analysis_time_ms': 300.875625, 'classification_time_ms': 116.255208}",5,2,False,
success,dbd0cd0d-dae6-4ffe-817c-580b7975d8d4,/opt/nuclio/shared_storage/mnist_all/4/mnist_test_4_00392.png,"{'skeletonization_time_ms': 78.79225, 'contour_analysis_time_ms': 487.490875, 'classification_time_ms': 48.057875}",4,1,False,
success,c6ca032e-a1aa-4d8d-ad10-2159e5773338,/opt/nuclio/shared_storage/mnist_all/4/mnist_test_4_00805.png,"{'skeletonization_time_ms': 52.613459, 'contour_analysis_time_ms': 552.766334, 'classification_time_ms': 90.781084}",4,1,False,
success,090c2870-c738-4ba4-8ddc-d2fa6283ee67,/opt/nuclio/shared_storage/mnist_all/4/mnist_test_4_00569.png,"{'skeletonization_time_ms': 38.99225, 'contour_analysis_time_ms': 368.916167, 'classification_time_ms': 73.266042}",4,1,False,
success,f90d0b6f-9d2d-4bc3-a07f-c1b5969b420c,/opt/nuclio/shared_storage/mnist_all/4/mnist_test_4_00035.png,"{'skeletonization_time_ms': 28.177542, 'contour_analysis_time_ms': 231.154708, 'classification_time_ms': 211.417167}",4,7,False,
success,c1fe67ad-3eae-481e-9d91-2397064653d6,/opt/nuclio/shared_storage/mnist_all/4/mnist_test_4_00948.png,"{'skeletonization_time_ms': 165.764833, 'contour_analysis_time_ms': 355.502667, 'classification_time_ms': 412.149458}",4,1,False,
success,7a2166f4-64b9-48b5-b224-1e09932abdbc,/opt/nuclio/shared_storage/mnist_all/5/mnist_test_5_00582.png,"{'skeletonization_time_ms': 199.665834, 'contour_analysis_time_ms': 271.865875, 'classification_time_ms': 155.9835}",5,3,False,
success,42d1e95c-f881-4df6-997f-856de02b3eec,/opt/nuclio/shared_storage/mnist_all/4/mnist_test_4_00721.png,"{'skeletonization_time_ms': 55.942084, 'contour_analysis_time_ms': 274.753125, 'classification_time_ms': 181.480542}",4,7,False,
success,02862622-4a11-479b-820c-2b4cd1604f74,/opt/nuclio/shared_storage/mnist_all/5/mnist_test_5_00857.png,"{'skeletonization_time_ms': 53.176833, 'contour_analysis_time_ms': 348.879459, 'classification_time_ms': 273.691458}",5,2,False,
success,89b3630a-bc77-4eeb-900d-b9ab25abe277,/opt/nuclio/shared_storage/mnist_all/5/mnist_test_5_00233.png,"{'skeletonization_time_ms': 67.623917, 'contour_analysis_time_ms': 284.342458, 'classification_time_ms': 43.237125}",5,7,False,
success,9ee95a29-dc0b-4054-bc4a-8357d949af02,/opt/nuclio/shared_storage/mnist_all/4/mnist_test_4_00872.png,"{'skeletonization_time_ms': 33.069541, 'contour_analysis_time_ms': 281.594834, 'classification_time_ms': 261.446167}",4,7,False,
success,06d63011-ef05-490f-9115-e604f26d7bd7,/opt/nuclio/shared_storage/mnist_all/5/mnist_test_5_00396.png,"{'skeletonization_time_ms': 48.756917, 'contour_analysis_time_ms': 278.643834, 'classification_time_ms': 443.649584}",5,9,False,
success,f346a8e9-47c8-430d-9b12-0e25a92d10c4,/opt/nuclio/shared_storage/mnist_all/5/mnist_test_5_00633.png,"{'skeletonization_time_ms': 124.507541, 'contour_analysis_time_ms': 186.224667, 'classification_time_ms': 137.370958}",5,3,False,
success,2f308c88-0966-41a0-aafb-f2d3a2ff40e4,/opt/nuclio/shared_storage/mnist_all/5/mnist_test_5_00329.png,"{'skeletonization_time_ms': 46.436375, 'contour_analysis_time_ms': 347.398333, 'classification_time_ms': 280.876125}",5,2,False,
success,7983603f-a6d1-4431-918d-9cb21c244ef7,/opt/nuclio/shared_storage/mnist_all/4/mnist_test_4_00350.png,"{'skeletonization_time_ms': 33.571917, 'contour_analysis_time_ms': 219.46125, 'classification_time_ms': 123.472083}",4,1,False,
success,76bd3f42-b588-424a-adbb-12fa22e73761,/opt/nuclio/shared_storage/mnist_all/5/mnist_test_5_00875.png,"{'skeletonization_time_ms': 184.277459, 'contour_analysis_time_ms': 231.542625, 'classification_time_ms': 335.416626}",5,6,False,
success,de293fa9-1ab7-446b-83ca-41c734208c2e,/opt/nuclio/shared_storage/mnist_all/5/mnist_test_5_00289.png,"{'skeletonization_time_ms': 53.375791, 'contour_analysis_time_ms': 300.421042, 'classification_time_ms': 151.750334}",5,3,False,
success,8950b5fc-ceb0-4119-9082-c534443ad39d,/opt/nuclio/shared_storage/mnist_all/5/mnist_test_5_00706.png,"{'skeletonization_time_ms': 45.065542, 'contour_analysis_time_ms': 345.404125, 'classification_time_ms': 27.079125}",5,2,False,
success,9df6ca01-78a6-492a-9cc6-047a01748a11,/opt/nuclio/shared_storage/mnist_all/4/mnist_test_4_00657.png,"{'skeletonization_time_ms': 25.37175, 'contour_analysis_time_ms': 342.660583, 'classification_time_ms': 175.219042}",4,1,False,
success,9b6440e9-890e-4f71-8f74-e81fabd68e69,/opt/nuclio/shared_storage/mnist_all/4/mnist_test_4_00433.png,"{'skeletonization_time_ms': 34.37275, 'contour_analysis_time_ms': 269.348333, 'classification_time_ms': 218.72625}",4,2,False,
success,fc2045b3-5b68-4372-b1cc-c6da14abc647,/opt/nuclio/shared_storage/mnist_all/5/mnist_test_5_00203.png,"{'skeletonization_time_ms': 43.626792, 'contour_analysis_time_ms': 300.913167, 'classification_time_ms': 181.980208}",5,3,False,
success,3804f46a-d1d0-434e-87a0-34e29e7fcc13,/opt/nuclio/shared_storage/mnist_all/4/mnist_test_4_00967.png,"{'skeletonization_time_ms': 57.858209, 'contour_analysis_time_ms': 235.247708, 'classification_time_ms': 66.976375}",4,1,False,
success,4fcf5e25-452c-4a40-bddd-a22080562c5b,/opt/nuclio/shared_storage/mnist_all/5/mnist_test_5_00136.png,"{'skeletonization_time_ms': 55.458459, 'contour_analysis_time_ms': 228.001417, 'classification_time_ms': 221.005125}",5,4,False,
success,640206c9-a12c-47f2-8d02-9b6c89a325c6,/opt/nuclio/shared_storage/mnist_all/4/mnist_test_4_00144.png,"{'skeletonization_time_ms': 89.531625, 'contour_analysis_time_ms': 227.0065, 'classification_time_ms': 87.858209}",4,1,False,
success,546ce76c-3566-42b3-b6ed-e6da54c89119,/opt/nuclio/shared_storage/mnist_all/5/mnist_test_5_00885.png,"{'skeletonization_time_ms': 32.231292, 'contour_analysis_time_ms': 281.585333, 'classification_time_ms': 33.48875}",5,7,False,
success,c958c2be-4620-43f5-815e-63fb419992db,/opt/nuclio/shared_storage/mnist_all/5/mnist_test_5_00205.png,"{'skeletonization_time_ms': 117.770333, 'contour_analysis_time_ms': 274.798917, 'classification_time_ms': 87.600208}",5,2,False,
success,67d7c636-51fc-4cd1-88e7-9060394aee3a,/opt/nuclio/shared_storage/mnist_all/5/mnist_test_5_00455.png,"{'skeletonization_time_ms': 53.06625, 'contour_analysis_time_ms': 270.220666, 'classification_time_ms': 129.8395}",5,3,False,
success,7d525340-ffbc-432b-b3e0-2ad8e01e69ef,/opt/nuclio/shared_storage/mnist_all/5/mnist_test_5_00303.png,"{'skeletonization_time_ms': 154.795334, 'contour_analysis_time_ms': 402.337875, 'classification_time_ms': 254.102084}",5,3,False,
success,bf8c947a-b0b4-46a2-9732-6ebe41f3233d,/opt/nuclio/shared_storage/mnist_all/5/mnist_test_5_00637.png,"{'skeletonization_time_ms': 44.45475, 'contour_analysis_time_ms': 313.787875, 'classification_time_ms': 173.050959}",5,2,False,
success,1ed22876-aa8f-4893-8056-d4e1da874704,/opt/nuclio/shared_storage/mnist_all/5/mnist_test_5_00744.png,"{'skeletonization_time_ms': 67.384292, 'contour_analysis_time_ms': 377.315626, 'classification_time_ms': 107.086083}",5,2,False,
success,9fb96de4-7bbe-47be-aa4b-70e1a61ef419,/opt/nuclio/shared_storage/mnist_all/5/mnist_test_5_00529.png,"{'skeletonization_time_ms': 54.753167, 'contour_analysis_time_ms': 312.783959, 'classification_time_ms': 1298.266376}",5,9,False,
success,10825144-1319-4f98-88dc-94f1ebf45582,/opt/nuclio/shared_storage/mnist_all/4/mnist_test_4_00596.png,"{'skeletonization_time_ms': 38.050583, 'contour_analysis_time_ms': 345.619084, 'classification_time_ms': 84.711875}",4,7,False,
success,db680df4-5c73-47a6-b0d1-e335edf6775b,/opt/nuclio/shared_storage/mnist_all/5/mnist_test_5_00104.png,"{'skeletonization_time_ms': 95.867083, 'contour_analysis_time_ms': 407.536208, 'classification_time_ms': 277.583958}",5,2,False,
success,c23b6915-d5eb-4810-9542-8f1a95b61185,/opt/nuclio/shared_storage/mnist_all/4/mnist_test_4_00796.png,"{'skeletonization_time_ms': 90.870167, 'contour_analysis_time_ms': 362.595083, 'classification_time_ms': 224.801167}",4,6,False,
success,d7b1ffae-74b0-43fb-9fd7-f71375ef0ce4,/opt/nuclio/shared_storage/mnist_all/4/mnist_test_4_00780.png,"{'skeletonization_time_ms': 39.284333, 'contour_analysis_time_ms': 612.657903, 'classification_time_ms': 99.973}",4,7,False,
success,fee703e8-6dee-4b7d-8fc3-67d6f2d33b9d,/opt/nuclio/shared_storage/mnist_all/5/mnist_test_5_00804.png,"{'skeletonization_time_ms': 80.147334, 'contour_analysis_time_ms': 287.672527, 'classification_time_ms': 144.98125}",5,2,False,
success,f8d13321-050f-4312-bcd2-a9802c037cb1,/opt/nuclio/shared_storage/mnist_all/5/mnist_test_5_00689.png,"{'skeletonization_time_ms': 39.260875, 'contour_analysis_time_ms': 189.105792, 'classification_time_ms': 129.219459}",5,3,False,
success,70adf16c-3c77-41b7-b825-d5e38afc1cad,/opt/nuclio/shared_storage/mnist_all/5/mnist_test_5_00558.png,"{'skeletonization_time_ms': 47.912625, 'contour_analysis_time_ms': 177.264625, 'classification_time_ms': 176.498417}",5,3,False,
success,3e8e7277-04dd-4b07-83fd-42ba7cb1e63b,/opt/nuclio/shared_storage/mnist_all/5/mnist_test_5_00841.png,"{'skeletonization_time_ms': 110.224375, 'contour_analysis_time_ms': 241.774125, 'classification_time_ms': 171.175958}",5,3,False,
success,9d5c24db-61c1-48d3-98e1-0d8a7a24715f,/opt/nuclio/shared_storage/mnist_all/4/mnist_test_4_00972.png,"{'skeletonization_time_ms': 37.847708, 'contour_analysis_time_ms': 268.135125, 'classification_time_ms': 476.366083}",4,9,False,
success,be164c27-d11c-47b5-813c-667751ffe6be,/opt/nuclio/shared_storage/mnist_all/5/mnist_test_5_00460.png,"{'skeletonization_time_ms': 87.456626, 'contour_analysis_time_ms': 286.482875, 'classification_time_ms': 476.278417}",5,6,False,
success,8b63264a-d9fc-4d6e-a188-19e2219bd506,/opt/nuclio/shared_storage/mnist_all/4/mnist_test_4_00192.png,"{'skeletonization_time_ms': 47.511375, 'contour_analysis_time_ms': 281.168834, 'classification_time_ms': 145.097376}",4,7,False,
success,7a393293-bb3d-45da-a2df-32748b136037,/opt/nuclio/shared_storage/mnist_all/5/mnist_test_5_00808.png,"{'skeletonization_time_ms': 45.9635, 'contour_analysis_time_ms': 472.666126, 'classification_time_ms': 79.852083}",5,7,False,
success,4c6cbbbb-6225-491f-bcc0-9068a62f86f5,/opt/nuclio/shared_storage/mnist_all/5/mnist_test_5_00532.png,"{'skeletonization_time_ms': 217.210708, 'contour_analysis_time_ms': 520.214959, 'classification_time_ms': 222.391375}",5,3,False,
success,afc57f77-331e-4b6f-b2d8-ebe0d26afc98,/opt/nuclio/shared_storage/mnist_all/5/mnist_test_5_00272.png,"{'skeletonization_time_ms': 69.925416, 'contour_analysis_time_ms': 320.57775, 'classification_time_ms': 226.908542}",5,2,False,
success,bd568d2a-c691-4818-acd7-254157cd3280,/opt/nuclio/shared_storage/mnist_all/5/mnist_test_5_00823.png,"{'skeletonization_time_ms': 100.990042, 'contour_analysis_time_ms': 730.702334, 'classification_time_ms': 196.251208}",5,2,False,
success,b713510e-3a7e-4746-b66a-ad2cfe859b4e,/opt/nuclio/shared_storage/mnist_all/5/mnist_test_5_00704.png,"{'skeletonization_time_ms': 101.86825, 'contour_analysis_time_ms': 325.0385, 'classification_time_ms': 32.819417}",5,2,False,
success,b2acd195-4390-4714-bd46-c3eba6762103,/opt/nuclio/shared_storage/mnist_all/5/mnist_test_5_00088.png,"{'skeletonization_time_ms': 47.408458, 'contour_analysis_time_ms': 291.183083, 'classification_time_ms': 181.98775}",5,3,False,
success,11a98e61-982e-4021-b51b-3e8e070e8bb9,/opt/nuclio/shared_storage/mnist_all/5/mnist_test_5_00238.png,"{'skeletonization_time_ms': 127.599584, 'contour_analysis_time_ms': 319.846125, 'classification_time_ms': 147.668417}",5,3,False,
success,3d0ecd07-e9ae-4d35-be8e-0a0091c38926,/opt/nuclio/shared_storage/mnist_all/5/mnist_test_5_00296.png,"{'skeletonization_time_ms': 95.3675, 'contour_analysis_time_ms': 333.266875, 'classification_time_ms': 266.081709}",5,3,False,
success,77bdd52f-db22-450d-a415-5ce8d5a02167,/opt/nuclio/shared_storage/mnist_all/5/mnist_test_5_00714.png,"{'skeletonization_time_ms': 133.778542, 'contour_analysis_time_ms': 387.278875, 'classification_time_ms': 39.262417}",5,7,False,
success,ec9aa10c-be12-43df-a40c-1424f2d3296b,/opt/nuclio/shared_storage/mnist_all/5/mnist_test_5_00639.png,"{'skeletonization_time_ms': 67.667083, 'contour_analysis_time_ms': 501.304792, 'classification_time_ms': 276.593583}",5,2,False,
success,ad442f35-fb73-4973-a9e6-9a99a07c12e8,/opt/nuclio/shared_storage/mnist_all/5/mnist_test_5_00466.png,"{'skeletonization_time_ms': 73.276875, 'contour_analysis_time_ms': 536.216125, 'classification_time_ms': 126.23925}",5,3,False,
success,4901b082-69f1-49d4-b990-641ed225870a,/opt/nuclio/shared_storage/mnist_all/5/mnist_test_5_00162.png,"{'skeletonization_time_ms': 50.149125, 'contour_analysis_time_ms': 399.269375, 'classification_time_ms': 426.966333}",5,6,False,
success,3fb782e3-e3eb-43da-a7e8-63ed7abc7cd2,/opt/nuclio/shared_storage/mnist_all/5/mnist_test_5_00666.png,"{'skeletonization_time_ms': 54.757792, 'contour_analysis_time_ms': 354.677542, 'classification_time_ms': 126.745625}",5,2,False,
success,5620dff7-1124-40dd-a3f9-40b6bbb3ec5b,/opt/nuclio/shared_storage/mnist_all/5/mnist_test_5_00029.png,"{'skeletonization_time_ms': 104.44075, 'contour_analysis_time_ms': 377.363917, 'classification_time_ms': 415.721167}",5,1,False,
success,46a936ad-00db-4b19-9168-bab68d040a02,/opt/nuclio/shared_storage/mnist_all/5/mnist_test_5_00890.png,"{'skeletonization_time_ms': 97.868542, 'contour_analysis_time_ms': 656.442792, 'classification_time_ms': 283.472875}",5,2,False,
success,87174116-0be8-4fe4-ad4c-e85ec688dcad,/opt/nuclio/shared_storage/mnist_all/5/mnist_test_5_00891.png,"{'skeletonization_time_ms': 98.855584, 'contour_analysis_time_ms': 261.660333, 'classification_time_ms': 154.223376}",5,7,False,
success,a0296337-f2a1-46a6-93f5-adaa653ce338,/opt/nuclio/shared_storage/mnist_all/5/mnist_test_5_00581.png,"{'skeletonization_time_ms': 152.613666, 'contour_analysis_time_ms': 370.5065, 'classification_time_ms': 416.201251}",5,3,False,
success,f4135b10-b288-480f-b273-66a28845dbe6,/opt/nuclio/shared_storage/mnist_all/5/mnist_test_5_00801.png,"{'skeletonization_time_ms': 75.113542, 'contour_analysis_time_ms': 400.73025, 'classification_time_ms': 333.5565}",5,2,False,
success,cbf43724-cfaf-4ff6-83da-6cc7fb85aff2,/opt/nuclio/shared_storage/mnist_all/5/mnist_test_5_00197.png,"{'skeletonization_time_ms': 103.818709, 'contour_analysis_time_ms': 340.079292, 'classification_time_ms': 101.087833}",5,2,False,
success,de6133d8-5209-495c-8cfb-853625fa4e94,/opt/nuclio/shared_storage/mnist_all/5/mnist_test_5_00863.png,"{'skeletonization_time_ms': 24.304417, 'contour_analysis_time_ms': 513.266459, 'classification_time_ms': 238.867333}",5,7,False,
success,f901a974-87c5-4f79-ae81-d203d56a3dc0,/opt/nuclio/shared_storage/mnist_all/5/mnist_test_5_00139.png,"{'skeletonization_time_ms': 222.846667, 'contour_analysis_time_ms': 494.256501, 'classification_time_ms': 637.991667}",5,3,False,
success,aa2308fb-467e-47cc-aabb-7783a58c31ce,/opt/nuclio/shared_storage/mnist_all/6/mnist_test_6_00799.png,"{'skeletonization_time_ms': 31.044459, 'contour_analysis_time_ms': 398.70275, 'classification_time_ms': 29.498833}",6,2,False,
success,7bade3ec-c104-4633-ad2f-feb68777101c,/opt/nuclio/shared_storage/mnist_all/5/mnist_test_5_00832.png,"{'skeletonization_time_ms': 81.313792, 'contour_analysis_time_ms': 355.340834, 'classification_time_ms': 310.320667}",5,2,False,
success,d0a7985f-61d6-4c0c-ad84-8c537e032855,/opt/nuclio/shared_storage/mnist_all/5/mnist_test_5_00795.png,"{'skeletonization_time_ms': 56.132208, 'contour_analysis_time_ms': 468.773459, 'classification_time_ms': 185.604584}",5,3,False,
success,637223c8-c458-49ad-be8d-09d62bab1e6a,/opt/nuclio/shared_storage/mnist_all/5/mnist_test_5_00631.png,"{'skeletonization_time_ms': 79.819125, 'contour_analysis_time_ms': 741.338292, 'classification_time_ms': 477.084417}",5,6,False,
success,15b699e5-4528-437b-87f3-3cc715ad2efb,/opt/nuclio/shared_storage/mnist_all/5/mnist_test_5_00547.png,"{'skeletonization_time_ms': 264.052042, 'contour_analysis_time_ms': 399.749375, 'classification_time_ms': 2266.301417}",5,9,False,
success,033c58f0-c432-4fa4-875e-9b8d51b67d0f,/opt/nuclio/shared_storage/mnist_all/5/mnist_test_5_00344.png,"{'skeletonization_time_ms': 59.816542, 'contour_analysis_time_ms': 586.055375, 'classification_time_ms': 355.031833}",5,9,False,
success,6f7f8e6e-80c7-441c-ba13-96e013b1b6f5,/opt/nuclio/shared_storage/mnist_all/5/mnist_test_5_00684.png,"{'skeletonization_time_ms': 44.338084, 'contour_analysis_time_ms': 687.736542, 'classification_time_ms': 148.442083}",5,7,False,
success,038f9f22-39b7-4652-a94e-eb521ffe6983,/opt/nuclio/shared_storage/mnist_all/5/mnist_test_5_00423.png,"{'skeletonization_time_ms': 66.949708, 'contour_analysis_time_ms': 794.800584, 'classification_time_ms': 337.771584}",5,2,False,
success,381b4026-855a-4627-a27d-be88425afb6f,/opt/nuclio/shared_storage/mnist_all/5/mnist_test_5_00093.png,"{'skeletonization_time_ms': 97.844208, 'contour_analysis_time_ms': 391.137417, 'classification_time_ms': 288.021458}",5,9,False,
success,eef7213f-b961-4585-9542-dfc29ff10c33,/opt/nuclio/shared_storage/mnist_all/5/mnist_test_5_00185.png,"{'skeletonization_time_ms': 38.278083, 'contour_analysis_time_ms': 327.661042, 'classification_time_ms': 285.521125}",5,3,False,
success,bde055d8-713a-4870-b161-f38dd07d852f,/opt/nuclio/shared_storage/mnist_all/5/mnist_test_5_00228.png,"{'skeletonization_time_ms': 53.039541, 'contour_analysis_time_ms': 277.776667, 'classification_time_ms': 143.331791}",5,2,False,
success,3bca12d2-02aa-46dd-b750-a8124627f2c8,/opt/nuclio/shared_storage/mnist_all/5/mnist_test_5_00234.png,"{'skeletonization_time_ms': 83.130875, 'contour_analysis_time_ms': 512.639084, 'classification_time_ms': 335.741292}",5,3,False,
success,a133fbdd-dfa3-4b89-b3d0-7b8bcd130f19,/opt/nuclio/shared_storage/mnist_all/5/mnist_test_5_00752.png,"{'skeletonization_time_ms': 32.60525, 'contour_analysis_time_ms': 518.42775, 'classification_time_ms': 370.003209}",5,9,False,
success,fe35aaa2-da96-4fc9-ac6b-d4065ac4924a,/opt/nuclio/shared_storage/mnist_all/5/mnist_test_5_00061.png,"{'skeletonization_time_ms': 55.912875, 'contour_analysis_time_ms': 566.233667, 'classification_time_ms': 193.683458}",5,3,False,
success,93b120b5-4195-48ad-99fc-bfadc81bc118,/opt/nuclio/shared_storage/mnist_all/5/mnist_test_5_00551.png,"{'skeletonization_time_ms': 176.781375, 'contour_analysis_time_ms': 249.214041, 'classification_time_ms': 1304.866001}",5,9,False,
success,62590805-dbd7-4891-af76-fbbd1d0c75df,/opt/nuclio/shared_storage/mnist_all/5/mnist_test_5_00348.png,"{'skeletonization_time_ms': 169.223709, 'contour_analysis_time_ms': 444.717611, 'classification_time_ms': 145.273417}",5,2,False,
success,87f1a4b7-e832-4f14-ab2a-e5765878662a,/opt/nuclio/shared_storage/mnist_all/5/mnist_test_5_00544.png,"{'skeletonization_time_ms': 126.81825, 'contour_analysis_time_ms': 348.357458, 'classification_time_ms': 735.081611}",5,9,False,
success,f7279fdd-3c1a-4db3-89de-f7b169d1db88,/opt/nuclio/shared_storage/mnist_all/5/mnist_test_5_00560.png,"{'skeletonization_time_ms': 128.140792, 'contour_analysis_time_ms': 437.627834, 'classification_time_ms': 113.336958}",5,2,False,
success,310d4b3c-30bc-4ce8-8af5-d7df220f0c5b,/opt/nuclio/shared_storage/mnist_all/5/mnist_test_5_00626.png,"{'skeletonization_time_ms': 117.283666, 'contour_analysis_time_ms': 235.795125, 'classification_time_ms': 208.974958}",5,7,False,
success,6ebc6da1-76e4-4ed4-b720-19fbdd19b30c,/opt/nuclio/shared_storage/mnist_all/6/mnist_test_6_00800.png,"{'skeletonization_time_ms': 61.613, 'contour_analysis_time_ms': 294.258792, 'classification_time_ms': 272.345291}",6,not classified,False,
success,eb7255ff-02d0-44d7-8184-054804c0cc00,/opt/nuclio/shared_storage/mnist_all/5/mnist_test_5_00357.png,"{'skeletonization_time_ms': 50.455333, 'contour_analysis_time_ms': 471.703375, 'classification_time_ms': 119.887416}",5,2,False,
success,6bb062a2-2a9c-447e-9e14-b029a0bb6162,/opt/nuclio/shared_storage/mnist_all/5/mnist_test_5_00360.png,"{'skeletonization_time_ms': 87.264833, 'contour_analysis_time_ms': 270.786542, 'classification_time_ms': 120.957667}",5,3,False,
success,4ffccb83-e670-4975-bede-365ce40ef707,/opt/nuclio/shared_storage/mnist_all/5/mnist_test_5_00792.png,"{'skeletonization_time_ms': 91.179209, 'contour_analysis_time_ms': 291.475791, 'classification_time_ms': 246.274125}",5,2,False,
success,27452cb1-8968-4494-ac81-a1176cc287be,/opt/nuclio/shared_storage/mnist_all/5/mnist_test_5_00444.png,"{'skeletonization_time_ms': 35.518583, 'contour_analysis_time_ms': 466.651417, 'classification_time_ms': 216.764167}",5,3,False,
success,f8254bb3-7b63-404a-9286-af1bdde3f9bc,/opt/nuclio/shared_storage/mnist_all/6/mnist_test_6_00013.png,"{'skeletonization_time_ms': 46.826417, 'contour_analysis_time_ms': 373.924125, 'classification_time_ms': 414.746583}",6,not classified,False,
success,17a47815-42f9-47a9-b3d2-e72d9e6c8b74,/opt/nuclio/shared_storage/mnist_all/5/mnist_test_5_00876.png,"{'skeletonization_time_ms': 149.8825, 'contour_analysis_time_ms': 265.441375, 'classification_time_ms': 214.61375}",5,7,False,
success,87f182f8-00a5-4807-8a55-9b299f41128a,/opt/nuclio/shared_storage/mnist_all/6/mnist_test_6_00903.png,"{'skeletonization_time_ms': 51.77825, 'contour_analysis_time_ms': 336.937792, 'classification_time_ms': 52.575541}",6,7,False,
success,86c6013c-7714-41a9-883f-93e1e9a26709,/opt/nuclio/shared_storage/mnist_all/6/mnist_test_6_00643.png,"{'skeletonization_time_ms': 53.797791, 'contour_analysis_time_ms': 375.319875, 'classification_time_ms': 123.595292}",6,4,False,
success,61becdcf-fa55-47f7-a240-38e2b9f16d16,/opt/nuclio/shared_storage/mnist_all/5/mnist_test_5_00797.png,"{'skeletonization_time_ms': 44.332417, 'contour_analysis_time_ms': 418.701083, 'classification_time_ms': 154.187042}",5,2,False,
success,f3afd7e2-333d-4e1d-ab4a-10f6da8766eb,/opt/nuclio/shared_storage/mnist_all/5/mnist_test_5_00731.png,"{'skeletonization_time_ms': 92.774875, 'contour_analysis_time_ms': 244.702542, 'classification_time_ms': 153.487167}",5,2,False,
success,87e87c08-af80-4af5-aed8-171562be71a9,/opt/nuclio/shared_storage/mnist_all/5/mnist_test_5_00204.png,"{'skeletonization_time_ms': 61.142625, 'contour_analysis_time_ms': 236.661666, 'classification_time_ms': 487.762875}",5,6,False,
success,0b7e038f-acc2-4c74-9513-804aeef6402e,/opt/nuclio/shared_storage/mnist_all/5/mnist_test_5_00587.png,"{'skeletonization_time_ms': 338.23175, 'contour_analysis_time_ms': 403.384083, 'classification_time_ms': 202.938292}",5,3,False,
success,46dba466-213d-4b30-8b7e-ba84733fc459,/opt/nuclio/shared_storage/mnist_all/6/mnist_test_6_00134.png,"{'skeletonization_time_ms': 43.455875, 'contour_analysis_time_ms': 377.06125, 'classification_time_ms': 191.212959}",6,7,False,
success,792987eb-bd96-47ea-bd63-e69ae2a5171b,/opt/nuclio/shared_storage/mnist_all/5/mnist_test_5_00411.png,"{'skeletonization_time_ms': 57.045875, 'contour_analysis_time_ms': 431.962875, 'classification_time_ms': 277.988042}",5,2,False,
success,8e2ef03b-d8f8-4db7-8875-2f141b9f7c51,/opt/nuclio/shared_storage/mnist_all/5/mnist_test_5_00044.png,"{'skeletonization_time_ms': 282.828292, 'contour_analysis_time_ms': 454.217291, 'classification_time_ms': 209.416292}",5,2,False,
success,10be97d1-9ac2-467a-9f57-a7f4e58def87,/opt/nuclio/shared_storage/mnist_all/5/mnist_test_5_00365.png,"{'skeletonization_time_ms': 59.2265, 'contour_analysis_time_ms': 449.374625, 'classification_time_ms': 556.394333}",5,3,False,
success,08434dee-3bab-472d-92e0-1828bb7fa79f,/opt/nuclio/shared_storage/mnist_all/5/mnist_test_5_00244.png,"{'skeletonization_time_ms': 100.350667, 'contour_analysis_time_ms': 703.958709, 'classification_time_ms': 193.682917}",5,3,False,
success,62599672-4dd3-4d67-8b53-61c598a5ce8a,/opt/nuclio/shared_storage/mnist_all/5/mnist_test_5_00586.png,"{'skeletonization_time_ms': 186.02275, 'contour_analysis_time_ms': 402.015208, 'classification_time_ms': 249.755}",5,3,False,
success,86a3dd98-c759-49c1-946f-a20a1777f944,/opt/nuclio/shared_storage/mnist_all/5/mnist_test_5_00320.png,"{'skeletonization_time_ms': 76.265875, 'contour_analysis_time_ms': 344.469916, 'classification_time_ms': 32.275459}",5,7,False,
success,3c255add-93fd-491f-b659-4495ad8ffb18,/opt/nuclio/shared_storage/mnist_all/5/mnist_test_5_00186.png,"{'skeletonization_time_ms': 115.312708, 'contour_analysis_time_ms': 271.819625, 'classification_time_ms': 207.124333}",5,6,False,
success,bd41bf58-e4e3-4d3c-aea7-0f689fd93d29,/opt/nuclio/shared_storage/mnist_all/5/mnist_test_5_00746.png,"{'skeletonization_time_ms': 62.89575, 'contour_analysis_time_ms': 379.578875, 'classification_time_ms': 114.29725}",5,7,False,
success,72f0b28c-0ab0-4de3-bc43-f016bdb57414,/opt/nuclio/shared_storage/mnist_all/5/mnist_test_5_00709.png,"{'skeletonization_time_ms': 60.316, 'contour_analysis_time_ms': 214.817042, 'classification_time_ms': 75.602416}",5,7,False,
success,fd9a028e-9a53-47ba-b842-2c9508b75ba1,/opt/nuclio/shared_storage/mnist_all/5/mnist_test_5_00219.png,"{'skeletonization_time_ms': 109.532958, 'contour_analysis_time_ms': 436.392625, 'classification_time_ms': 144.755292}",5,3,False,
success,24297e55-1ef2-420a-92fa-6b0c79324067,/opt/nuclio/shared_storage/mnist_all/5/mnist_test_5_00280.png,"{'skeletonization_time_ms': 77.334667, 'contour_analysis_time_ms': 610.773251, 'classification_time_ms': 371.803709}",5,3,False,
success,a072bf39-3572-4b1e-a71b-5e7ec2d14886,/opt/nuclio/shared_storage/mnist_all/5/mnist_test_5_00708.png,"{'skeletonization_time_ms': 76.358875, 'contour_analysis_time_ms': 637.515542, 'classification_time_ms': 36.6855}",5,2,False,
success,fc92ec48-0384-46c9-b80a-ab2d0250ea86,/opt/nuclio/shared_storage/mnist_all/5/mnist_test_5_00346.png,"{'skeletonization_time_ms': 91.888334, 'contour_analysis_time_ms': 666.433167, 'classification_time_ms': 161.931334}",5,3,False,
success,3ba879f7-fdb5-4368-be24-7736c502245e,/opt/nuclio/shared_storage/mnist_all/5/mnist_test_5_00491.png,"{'skeletonization_time_ms': 50.560625, 'contour_analysis_time_ms': 541.29025, 'classification_time_ms': 129.130833}",5,2,False,
success,30443d44-93e1-49f0-9402-0501730ea010,/opt/nuclio/shared_storage/mnist_all/6/mnist_test_6_00584.png,"{'skeletonization_time_ms': 71.596667, 'contour_analysis_time_ms': 293.985208, 'classification_time_ms': 27.813542}",6,2,False,
success,e3aae242-3941-40c2-aa01-86bad3b70252,/opt/nuclio/shared_storage/mnist_all/6/mnist_test_6_00370.png,"{'skeletonization_time_ms': 117.986375, 'contour_analysis_time_ms': 347.83375, 'classification_time_ms': 285.957626}",6,2,False,
success,daed6f4e-7a56-46d4-8569-4c9afab2c08a,/opt/nuclio/shared_storage/mnist_all/6/mnist_test_6_00709.png,"{'skeletonization_time_ms': 64.459833, 'contour_analysis_time_ms': 365.597542, 'classification_time_ms': 55.854583}",6,7,False,
success,66d59fd3-44f5-48f5-a6f3-a9c6eb662218,/opt/nuclio/shared_storage/mnist_all/5/mnist_test_5_00322.png,"{'skeletonization_time_ms': 60.276167, 'contour_analysis_time_ms': 479.372751, 'classification_time_ms': 184.924583}",5,3,False,
success,8c8b6478-cf26-41dc-b1e5-3deb00293e46,/opt/nuclio/shared_storage/mnist_all/6/mnist_test_6_00633.png,"{'skeletonization_time_ms': 66.821542, 'contour_analysis_time_ms': 409.537125, 'classification_time_ms': 125.88475}",6,2,False,
success,d58bf188-09fb-498a-b5bc-ba972d1076ca,/opt/nuclio/shared_storage/mnist_all/5/mnist_test_5_00082.png,"{'skeletonization_time_ms': 80.105833, 'contour_analysis_time_ms': 682.428126, 'classification_time_ms': 31.841125}",5,2,False,
success,520540c2-646e-4b19-bde0-f31fb30e8046,/opt/nuclio/shared_storage/mnist_all/6/mnist_test_6_00531.png,"{'skeletonization_time_ms': 259.38325, 'contour_analysis_time_ms': 278.861084, 'classification_time_ms': 57.97075}",6,2,False,
success,68d42fc0-9667-4216-b6ce-567f3db70d0b,/opt/nuclio/shared_storage/mnist_all/5/mnist_test_5_00635.png,"{'skeletonization_time_ms': 41.625375, 'contour_analysis_time_ms': 453.730334, 'classification_time_ms': 279.098959}",5,3,False,
success,c482bb9c-c4b4-4b51-a3a6-1fd55886b137,/opt/nuclio/shared_storage/mnist_all/5/mnist_test_5_00030.png,"{'skeletonization_time_ms': 68.257708, 'contour_analysis_time_ms': 327.429917, 'classification_time_ms': 179.742}",5,3,False,
success,a664a8f2-903e-47eb-8bc5-5899aa639020,/opt/nuclio/shared_storage/mnist_all/5/mnist_test_5_00594.png,"{'skeletonization_time_ms': 38.591125, 'contour_analysis_time_ms': 470.384333, 'classification_time_ms': 124.340167}",5,7,False,
success,705099c3-f3d4-4a26-88a1-e82e5ebc1721,/opt/nuclio/shared_storage/mnist_all/5/mnist_test_5_00800.png,"{'skeletonization_time_ms': 142.854166, 'contour_analysis_time_ms': 576.448917, 'classification_time_ms': 181.394333}",5,2,False,
success,98cb0a39-8412-4210-8426-b3038f591a93,/opt/nuclio/shared_storage/mnist_all/5/mnist_test_5_00655.png,"{'skeletonization_time_ms': 140.106042, 'contour_analysis_time_ms': 701.970459, 'classification_time_ms': 239.3185}",5,3,False,
success,d962f544-1492-4f3f-a67f-28691bf8eb5f,/opt/nuclio/shared_storage/mnist_all/5/mnist_test_5_00543.png,"{'skeletonization_time_ms': 51.4695, 'contour_analysis_time_ms': 403.490667, 'classification_time_ms': 355.713917}",5,9,False,
success,26263ea8-39eb-4b1d-9abd-6511ba47f60d,/opt/nuclio/shared_storage/mnist_all/5/mnist_test_5_00794.png,"{'skeletonization_time_ms': 55.66075, 'contour_analysis_time_ms': 404.360875, 'classification_time_ms': 164.030166}",5,3,False,
success,572373d7-cbb9-4769-b294-bba9f41b7a89,/opt/nuclio/shared_storage/mnist_all/6/mnist_test_6_00341.png,"{'skeletonization_time_ms': 37.097834, 'contour_analysis_time_ms': 418.530042, 'classification_time_ms': 57.856125}",6,4,False,
success,2e918f4c-8533-4b22-a89f-a1a899859ba4,/opt/nuclio/shared_storage/mnist_all/5/mnist_test_5_00867.png,"{'skeletonization_time_ms': 102.22675, 'contour_analysis_time_ms': 734.124125, 'classification_time_ms': 268.814625}",5,3,False,
success,9e118c8f-7601-48c5-b369-e38cb9e63814,/opt/nuclio/shared_storage/mnist_all/6/mnist_test_6_00690.png,"{'skeletonization_time_ms': 69.052167, 'contour_analysis_time_ms': 487.470209, 'classification_time_ms': 366.327958}",6,not classified,False,
success,be39527b-76f8-4ff0-a4e4-a1c42d250074,/opt/nuclio/shared_storage/mnist_all/5/mnist_test_5_00591.png,"{'skeletonization_time_ms': 131.575792, 'contour_analysis_time_ms': 782.54525, 'classification_time_ms': 534.471833}",5,3,False,
success,ce3647f2-7fca-4166-9f4c-83ea49d0e82f,/opt/nuclio/shared_storage/mnist_all/6/mnist_test_6_00780.png,"{'skeletonization_time_ms': 38.864584, 'contour_analysis_time_ms': 388.149375, 'classification_time_ms': 436.877167}",6,not classified,False,
success,d8bd0ac8-47f2-447c-b542-bc3910003433,/opt/nuclio/shared_storage/mnist_all/6/mnist_test_6_00848.png,"{'skeletonization_time_ms': 55.257042, 'contour_analysis_time_ms': 554.184875, 'classification_time_ms': 226.882083}",6,not classified,False,
success,f9757d63-5653-474c-8aa1-cbfb598e39df,/opt/nuclio/shared_storage/mnist_all/6/mnist_test_6_00715.png,"{'skeletonization_time_ms': 69.168625, 'contour_analysis_time_ms': 433.43825, 'classification_time_ms': 177.337667}",6,not classified,False,
success,92f29f5c-c2b1-439b-9b7d-b746d3671748,/opt/nuclio/shared_storage/mnist_all/5/mnist_test_5_00042.png,"{'skeletonization_time_ms': 96.740583, 'contour_analysis_time_ms': 625.99125, 'classification_time_ms': 227.610459}",5,6,False,
success,b1cdf727-b17c-4905-880e-f8a31a851906,/opt/nuclio/shared_storage/mnist_all/5/mnist_test_5_00293.png,"{'skeletonization_time_ms': 48.936625, 'contour_analysis_time_ms': 217.20625, 'classification_time_ms': 128.80025}",5,7,False,
success,162a152a-80c0-47e9-a975-3342f6292cc9,/opt/nuclio/shared_storage/mnist_all/5/mnist_test_5_00873.png,"{'skeletonization_time_ms': 152.124, 'contour_analysis_time_ms': 599.609917, 'classification_time_ms': 1276.297543}",5,6,False,
success,5544f30b-cdef-4dc7-8283-a441fc5b2f77,/opt/nuclio/shared_storage/mnist_all/5/mnist_test_5_00323.png,"{'skeletonization_time_ms': 125.957625, 'contour_analysis_time_ms': 233.647208, 'classification_time_ms': 434.007459}",5,6,False,
success,394a47fb-fd2d-4eef-99f2-2e7e2fb30600,/opt/nuclio/shared_storage/mnist_all/6/mnist_test_6_00694.png,"{'skeletonization_time_ms': 33.855125, 'contour_analysis_time_ms': 354.999209, 'classification_time_ms': 41.319125}",6,2,False,
success,6664bb21-8749-4cdf-80fc-8181f13a2bde,/opt/nuclio/shared_storage/mnist_all/5/mnist_test_5_00292.png,"{'skeletonization_time_ms': 40.99575, 'contour_analysis_time_ms': 1225.788875, 'classification_time_ms': 205.391541}",5,7,False,
success,8bded91b-125d-42d1-87e9-f7ba7d87c1c2,/opt/nuclio/shared_storage/mnist_all/6/mnist_test_6_00832.png,"{'skeletonization_time_ms': 72.866833, 'contour_analysis_time_ms': 381.563458, 'classification_time_ms': 297.109042}",6,not classified,False,
success,cdcc983c-9334-410b-8406-205849237e77,/opt/nuclio/shared_storage/mnist_all/5/mnist_test_5_00721.png,"{'skeletonization_time_ms': 47.22575, 'contour_analysis_time_ms': 364.63525, 'classification_time_ms': 102.977042}",5,2,False,
success,0ab5315c-9cd8-4961-a901-229c1c510d00,/opt/nuclio/shared_storage/mnist_all/5/mnist_test_5_00297.png,"{'skeletonization_time_ms': 117.952, 'contour_analysis_time_ms': 319.826, 'classification_time_ms': 224.551375}",5,3,False,
success,ed646db8-9227-4a7f-8aea-7e92e596ab7c,/opt/nuclio/shared_storage/mnist_all/5/mnist_test_5_00247.png,"{'skeletonization_time_ms': 77.7935, 'contour_analysis_time_ms': 269.689875, 'classification_time_ms': 337.998375}",5,9,False,
success,23bc3286-f5e5-4b9b-9ce7-39264aa205b0,/opt/nuclio/shared_storage/mnist_all/5/mnist_test_5_00849.png,"{'skeletonization_time_ms': 40.657125, 'contour_analysis_time_ms': 446.067458, 'classification_time_ms': 141.420542}",5,2,False,
success,8047f230-e802-495b-81eb-14fa8ae4ae26,/opt/nuclio/shared_storage/mnist_all/5/mnist_test_5_00866.png,"{'skeletonization_time_ms': 28.077125, 'contour_analysis_time_ms': 280.6725, 'classification_time_ms': 191.088167}",5,2,False,
success,8ef89efe-c339-4be3-8de7-51ae445d87e9,/opt/nuclio/shared_storage/mnist_all/5/mnist_test_5_00442.png,"{'skeletonization_time_ms': 38.077334, 'contour_analysis_time_ms': 708.948834, 'classification_time_ms': 251.719208}",5,3,False,
success,baf26457-6ff8-4425-b7ad-10ea074fd90a,/opt/nuclio/shared_storage/mnist_all/6/mnist_test_6_00437.png,"{'skeletonization_time_ms': 37.646416, 'contour_analysis_time_ms': 435.638084, 'classification_time_ms': 48.800542}",6,2,False,
success,32ddfa97-4119-40ca-8512-31891f7a33ba,/opt/nuclio/shared_storage/mnist_all/6/mnist_test_6_00212.png,"{'skeletonization_time_ms': 27.791084, 'contour_analysis_time_ms': 502.917125, 'classification_time_ms': 255.683126}",6,5,False,
success,485e3887-662b-4f1f-9aaf-0b4a11f990d9,/opt/nuclio/shared_storage/mnist_all/6/mnist_test_6_00422.png,"{'skeletonization_time_ms': 112.082459, 'contour_analysis_time_ms': 409.766083, 'classification_time_ms': 721.661126}",6,not classified,False,
success,40fc8c78-f10b-4a7f-a1a4-d17699d680bd,/opt/nuclio/shared_storage/mnist_all/6/mnist_test_6_00201.png,"{'skeletonization_time_ms': 52.820917, 'contour_analysis_time_ms': 232.762875, 'classification_time_ms': 151.236792}",6,9,False,
success,3f3be51d-6011-461b-bdd0-021854bed8da,/opt/nuclio/shared_storage/mnist_all/7/mnist_test_7_00195.png,"{'skeletonization_time_ms': 70.955166, 'contour_analysis_time_ms': 274.709458, 'classification_time_ms': 152.7125}",7,2,False,
success,9856d4d1-c164-41b3-85b9-1787d2059c4d,/opt/nuclio/shared_storage/mnist_all/6/mnist_test_6_00656.png,"{'skeletonization_time_ms': 71.482833, 'contour_analysis_time_ms': 219.25025, 'classification_time_ms': 493.79775}",6,not classified,False,
success,4f8e9df3-2b6b-4854-acf7-115948587b84,/opt/nuclio/shared_storage/mnist_all/6/mnist_test_6_00569.png,"{'skeletonization_time_ms': 45.672833, 'contour_analysis_time_ms': 244.194958, 'classification_time_ms': 104.655334}",6,2,False,
success,aa33234a-3d4c-4f7a-9d91-4dbbb3c2bf76,/opt/nuclio/shared_storage/mnist_all/6/mnist_test_6_00255.png,"{'skeletonization_time_ms': 39.781458, 'contour_analysis_time_ms': 400.807583, 'classification_time_ms': 179.726208}",6,not classified,False,
success,eed43622-f5a5-4f0a-927c-5dde79f17c2e,/opt/nuclio/shared_storage/mnist_all/6/mnist_test_6_00406.png,"{'skeletonization_time_ms': 52.887708, 'contour_analysis_time_ms': 498.702626, 'classification_time_ms': 190.282875}",6,5,False,
success,a2e37f3c-2ffd-439f-a08c-e580518f774c,/opt/nuclio/shared_storage/mnist_all/6/mnist_test_6_00233.png,"{'skeletonization_time_ms': 37.429625, 'contour_analysis_time_ms': 234.909708, 'classification_time_ms': 117.431291}",6,5,False,
success,e3b4c5f2-231a-4ba2-9257-0c89546ab3c3,/opt/nuclio/shared_storage/mnist_all/6/mnist_test_6_00905.png,"{'skeletonization_time_ms': 65.209875, 'contour_analysis_time_ms': 642.300834, 'classification_time_ms': 107.254917}",6,7,False,
success,5adcb00c-9c1f-45fd-8a2f-e6e8e109542c,/opt/nuclio/shared_storage/mnist_all/6/mnist_test_6_00882.png,"{'skeletonization_time_ms': 55.071417, 'contour_analysis_time_ms': 500.750125, 'classification_time_ms': 303.250041}",6,not classified,False,
success,1808f433-f004-40d2-9513-2397232bd143,/opt/nuclio/shared_storage/mnist_all/6/mnist_test_6_00278.png,"{'skeletonization_time_ms': 145.153125, 'contour_analysis_time_ms': 440.495819, 'classification_time_ms': 386.120209}",6,not classified,False,
success,86121a77-6d0d-4bfa-a6b4-e72c92ca784b,/opt/nuclio/shared_storage/mnist_all/6/mnist_test_6_00463.png,"{'skeletonization_time_ms': 41.123209, 'contour_analysis_time_ms': 389.786167, 'classification_time_ms': 26.938917}",6,7,False,
success,59710cad-b529-4f01-ad0d-6f5ae620e1ef,/opt/nuclio/shared_storage/mnist_all/5/mnist_test_5_00537.png,"{'skeletonization_time_ms': 57.584584, 'contour_analysis_time_ms': 313.794834, 'classification_time_ms': 758.311709}",5,9,False,
success,801e9dac-3225-4f5d-887a-c9f7abe34324,/opt/nuclio/shared_storage/mnist_all/6/mnist_test_6_00183.png,"{'skeletonization_time_ms': 44.080083, 'contour_analysis_time_ms': 380.673875, 'classification_time_ms': 194.083709}",6,5,False,
success,16ab86d5-e8ea-496f-83a7-82912ee2b4c6,/opt/nuclio/shared_storage/mnist_all/6/mnist_test_6_00160.png,"{'skeletonization_time_ms': 49.761416, 'contour_analysis_time_ms': 303.712584, 'classification_time_ms': 318.016917}",6,9,False,
success,67f10b46-7eeb-431f-a469-b4501a96db6d,/opt/nuclio/shared_storage/mnist_all/6/mnist_test_6_00311.png,"{'skeletonization_time_ms': 54.637917, 'contour_analysis_time_ms': 345.976917, 'classification_time_ms': 303.339084}",6,9,False,
success,606eeee2-3885-4a56-b65b-6f76e2e31790,/opt/nuclio/shared_storage/mnist_all/6/mnist_test_6_00745.png,"{'skeletonization_time_ms': 39.878834, 'contour_analysis_time_ms': 335.038584, 'classification_time_ms': 12.5285}",6,7,False,
success,599ffaa3-3afd-46f6-bc8c-6fbc0c423451,/opt/nuclio/shared_storage/mnist_all/6/mnist_test_6_00295.png,"{'skeletonization_time_ms': 168.372666, 'contour_analysis_time_ms': 497.626458, 'classification_time_ms': 287.400667}",6,not classified,False,
success,f6efd065-7976-4b87-a409-ecda1fe60f7a,/opt/nuclio/shared_storage/mnist_all/7/mnist_test_7_00988.png,"{'skeletonization_time_ms': 43.064667, 'contour_analysis_time_ms': 692.143709, 'classification_time_ms': 110.005542}",7,2,False,
success,903d2805-58c4-4dfb-bdab-fac416774dd3,/opt/nuclio/shared_storage/mnist_all/6/mnist_test_6_00249.png,"{'skeletonization_time_ms': 49.583833, 'contour_analysis_time_ms': 503.841625, 'classification_time_ms': 128.626541}",6,9,False,
success,43c5caea-b1be-4525-b949-7d39f1156cf6,/opt/nuclio/shared_storage/mnist_all/6/mnist_test_6_00847.png,"{'skeletonization_time_ms': 69.199375, 'contour_analysis_time_ms': 387.285167, 'classification_time_ms': 60.925667}",6,2,False,
success,526b24bb-e35a-42d1-9d6a-af2c34bd8657,/opt/nuclio/shared_storage/mnist_all/7/mnist_test_7_00507.png,"{'skeletonization_time_ms': 39.231166, 'contour_analysis_time_ms': 416.777501, 'classification_time_ms': 495.916625}",7,1,False,
success,b19df6ef-a324-42a2-be1b-cdc14c8a3564,/opt/nuclio/shared_storage/mnist_all/6/mnist_test_6_00112.png,"{'skeletonization_time_ms': 62.516708, 'contour_analysis_time_ms': 566.951917, 'classification_time_ms': 176.739333}",6,7,False,
success,34c70fa0-d314-4d8f-9291-8f6c1eee72b9,/opt/nuclio/shared_storage/mnist_all/7/mnist_test_7_00687.png,"{'skeletonization_time_ms': 63.731084, 'contour_analysis_time_ms': 435.842667, 'classification_time_ms': 139.185167}",7,1,False,
success,a65d21f3-f6f0-47fd-99d9-76670ecaa1ba,/opt/nuclio/shared_storage/mnist_all/6/mnist_test_6_00175.png,"{'skeletonization_time_ms': 144.308708, 'contour_analysis_time_ms': 290.812584, 'classification_time_ms': 366.071416}",6,not classified,False,
success,2c06d29b-60e1-45db-8057-e437050bfff5,/opt/nuclio/shared_storage/mnist_all/6/mnist_test_6_00762.png,"{'skeletonization_time_ms': 35.761584, 'contour_analysis_time_ms': 236.660376, 'classification_time_ms': 32.386958}",6,1,False,
success,3b163b09-7964-4550-9496-92f94d834b86,/opt/nuclio/shared_storage/mnist_all/6/mnist_test_6_00670.png,"{'skeletonization_time_ms': 113.486459, 'contour_analysis_time_ms': 415.055875, 'classification_time_ms': 122.682125}",6,7,False,
success,f2d723c2-2495-4216-a66b-3fa735dff50b,/opt/nuclio/shared_storage/mnist_all/6/mnist_test_6_00417.png,"{'skeletonization_time_ms': 58.004667, 'contour_analysis_time_ms': 327.365292, 'classification_time_ms': 392.520751}",6,not classified,False,
success,caac5554-63b0-4462-9cbe-042ed61df000,/opt/nuclio/shared_storage/mnist_all/7/mnist_test_7_00097.png,"{'skeletonization_time_ms': 97.429583, 'contour_analysis_time_ms': 361.375792, 'classification_time_ms': 119.431417}",7,1,False,
success,25c0c756-a593-467e-b752-635368704941,/opt/nuclio/shared_storage/mnist_all/6/mnist_test_6_00106.png,"{'skeletonization_time_ms': 54.453917, 'contour_analysis_time_ms': 468.03075, 'classification_time_ms': 721.249459}",6,2,False,
success,30fa707d-dda9-43a2-83d2-fcee41bd71f9,/opt/nuclio/shared_storage/mnist_all/7/mnist_test_7_00052.png,"{'skeletonization_time_ms': 55.655666, 'contour_analysis_time_ms': 674.995875, 'classification_time_ms': 142.129459}",7,3,False,
success,4032ebfa-e316-452d-9046-7d9201e3247a,/opt/nuclio/shared_storage/mnist_all/6/mnist_test_6_00353.png,"{'skeletonization_time_ms': 52.541416, 'contour_analysis_time_ms': 392.427, 'classification_time_ms': 331.885251}",6,not classified,False,
success,65807938-acf1-441a-8112-87bff7d2f25b,/opt/nuclio/shared_storage/mnist_all/6/mnist_test_6_00714.png,"{'skeletonization_time_ms': 105.590834, 'contour_analysis_time_ms': 289.345125, 'classification_time_ms': 60.216583}",6,7,False,
success,9587fa2d-465a-40ba-98fa-49d579059699,/opt/nuclio/shared_storage/mnist_all/7/mnist_test_7_00685.png,"{'skeletonization_time_ms': 47.9615, 'contour_analysis_time_ms': 520.273959, 'classification_time_ms': 174.187}",7,2,False,
success,a426de37-833d-40d4-b81a-47a9fc1a2c52,/opt/nuclio/shared_storage/mnist_all/7/mnist_test_7_00690.png,"{'skeletonization_time_ms': 107.874083, 'contour_analysis_time_ms': 478.313459, 'classification_time_ms': 24.317084}",7,2,False,
success,976fd878-250a-46da-9916-f91afdd10a67,/opt/nuclio/shared_storage/mnist_all/6/mnist_test_6_00952.png,"{'skeletonization_time_ms': 34.051042, 'contour_analysis_time_ms': 254.211667, 'classification_time_ms': 193.804834}",6,2,False,
success,0c6ff393-c1d4-41eb-ab1b-7601d25988ff,/opt/nuclio/shared_storage/mnist_all/6/mnist_test_6_00048.png,"{'skeletonization_time_ms': 121.4325, 'contour_analysis_time_ms': 250.097667, 'classification_time_ms': 225.271375}",6,9,False,
success,f4c7687d-ec6d-46b0-aa70-cb2889488b55,/opt/nuclio/shared_storage/mnist_all/6/mnist_test_6_00403.png,"{'skeletonization_time_ms': 63.905958, 'contour_analysis_time_ms': 217.415167, 'classification_time_ms': 254.348291}",6,2,False,
success,114e74ed-940e-4dfe-9a3f-7aecb3fdc5ce,/opt/nuclio/shared_storage/mnist_all/6/mnist_test_6_00885.png,"{'skeletonization_time_ms': 45.345792, 'contour_analysis_time_ms': 381.726542, 'classification_time_ms': 333.3705}",6,not classified,False,
success,94f0fbe7-5f7c-4efd-beb1-0497053a57b1,/opt/nuclio/shared_storage/mnist_all/7/mnist_test_7_00459.png,"{'skeletonization_time_ms': 41.048791, 'contour_analysis_time_ms': 365.334833, 'classification_time_ms': 161.303958}",7,5,False,
success,e78dccf5-d566-4840-ad9f-a8a85706143e,/opt/nuclio/shared_storage/mnist_all/7/mnist_test_7_00909.png,"{'skeletonization_time_ms': 36.732959, 'contour_analysis_time_ms': 303.053917, 'classification_time_ms': 81.937375}",7,1,False,
success,33026afc-4dbc-4614-ae5f-8ceabe4efe2d,/opt/nuclio/shared_storage/mnist_all/6/mnist_test_6_00706.png,"{'skeletonization_time_ms': 301.695833, 'contour_analysis_time_ms': 461.231209, 'classification_time_ms': 419.183959}",6,2,False,
success,a22b7c92-44eb-44b7-8491-5d91a0472f21,/opt/nuclio/shared_storage/mnist_all/7/mnist_test_7_00209.png,"{'skeletonization_time_ms': 107.018583, 'contour_analysis_time_ms': 617.037834, 'classification_time_ms': 85.406292}",7,2,False,
success,46d40bd4-548a-47b8-bde4-34d92ba0bd74,/opt/nuclio/shared_storage/mnist_all/7/mnist_test_7_00764.png,"{'skeletonization_time_ms': 47.088333, 'contour_analysis_time_ms': 437.154125, 'classification_time_ms': 125.254709}",7,9,False,
success,b279167a-4a55-4bf5-a8f1-476b09159b23,/opt/nuclio/shared_storage/mnist_all/6/mnist_test_6_00953.png,"{'skeletonization_time_ms': 75.441792, 'contour_analysis_time_ms': 335.164125, 'classification_time_ms': 918.502042}",6,2,False,
success,fb90ee9e-7817-4c82-9eb8-0a23c5a4fa3f,/opt/nuclio/shared_storage/mnist_all/7/mnist_test_7_00282.png,"{'skeletonization_time_ms': 31.054375, 'contour_analysis_time_ms': 255.823292, 'classification_time_ms': 129.755125}",7,1,False,
success,9fd8a783-2bff-49cc-b91f-07f806fda516,/opt/nuclio/shared_storage/mnist_all/8/mnist_test_8_00061.png,"{'skeletonization_time_ms': 90.879125, 'contour_analysis_time_ms': 235.785459, 'classification_time_ms': 384.433625}",8,not classified,False,
success,49281664-4db7-4d07-8f47-a35d014f7d3f,/opt/nuclio/shared_storage/mnist_all/7/mnist_test_7_00688.png,"{'skeletonization_time_ms': 36.37175, 'contour_analysis_time_ms': 194.405125, 'classification_time_ms': 96.633583}",7,2,False,
success,ca868d97-4ccc-4357-a2d3-fa4ff0f3ff9d,/opt/nuclio/shared_storage/mnist_all/8/mnist_test_8_00883.png,"{'skeletonization_time_ms': 93.194167, 'contour_analysis_time_ms': 354.101333, 'classification_time_ms': 324.817167}",8,9,False,
success,4f26e9fa-5db3-4036-8906-fcaef1c89ab6,/opt/nuclio/shared_storage/mnist_all/8/mnist_test_8_00500.png,"{'skeletonization_time_ms': 72.640041, 'contour_analysis_time_ms': 281.90375, 'classification_time_ms': 151.196834}",8,not classified,False,
success,c2491f97-64e0-4b1d-a095-c0ada833fe90,/opt/nuclio/shared_storage/mnist_all/8/mnist_test_8_00611.png,"{'skeletonization_time_ms': 97.156791, 'contour_analysis_time_ms': 289.539084, 'classification_time_ms': 65.843542}",8,not classified,False,
success,9159f686-f987-405c-8e10-13cad0cacfb7,/opt/nuclio/shared_storage/mnist_all/8/mnist_test_8_00363.png,"{'skeletonization_time_ms': 52.580875, 'contour_analysis_time_ms': 324.340792, 'classification_time_ms': 107.668667}",8,not classified,False,
success,4925f8ea-73b8-4bc7-86bd-ae43a3a44874,/opt/nuclio/shared_storage/mnist_all/8/mnist_test_8_00887.png,"{'skeletonization_time_ms': 55.92375, 'contour_analysis_time_ms': 302.399583, 'classification_time_ms': 734.712292}",8,not classified,False,
success,bce46bb3-780f-45e8-8955-037d26fa8675,/opt/nuclio/shared_storage/mnist_all/8/mnist_test_8_00926.png,"{'skeletonization_time_ms': 51.231792, 'contour_analysis_time_ms': 241.830916, 'classification_time_ms': 909.379333}",8,not classified,False,
success,23d4b424-901c-42e4-a02d-8ed67fd28e68,/opt/nuclio/shared_storage/mnist_all/8/mnist_test_8_00776.png,"{'skeletonization_time_ms': 82.7065, 'contour_analysis_time_ms': 691.096, 'classification_time_ms': 211.500333}",8,not classified,False,
success,44c38d8a-a840-4c98-8672-ee495788dc56,/opt/nuclio/shared_storage/mnist_all/7/mnist_test_7_00046.png,"{'skeletonization_time_ms': 112.906083, 'contour_analysis_time_ms': 295.498417, 'classification_time_ms': 160.272042}",7,6,False,
success,62cd05be-bf4b-4654-9644-cbab560e2736,/opt/nuclio/shared_storage/mnist_all/7/mnist_test_7_00658.png,"{'skeletonization_time_ms': 29.660875, 'contour_analysis_time_ms': 275.908125, 'classification_time_ms': 239.040708}",7,1,False,
success,94bfd477-a2ca-4605-9fef-ab85aa4bf46e,/opt/nuclio/shared_storage/mnist_all/8/mnist_test_8_00301.png,"{'skeletonization_time_ms': 50.547333, 'contour_analysis_time_ms': 336.898667, 'classification_time_ms': 309.889125}",8,not classified,False,
success,d530b81f-cfa9-471d-83e9-e1a48dbec713,/opt/nuclio/shared_storage/mnist_all/8/mnist_test_8_00274.png,"{'skeletonization_time_ms': 74.698583, 'contour_analysis_time_ms': 234.316083, 'classification_time_ms': 63.80825}",8,not classified,False,
success,04745e26-9210-4cf1-95a0-7a3c54cabc54,/opt/nuclio/shared_storage/mnist_all/8/mnist_test_8_00089.png,"{'skeletonization_time_ms': 82.295, 'contour_analysis_time_ms': 373.620959, 'classification_time_ms': 84.155541}",8,not classified,False,
success,fd8bd583-a308-4527-986d-dabcc0582b38,/opt/nuclio/shared_storage/mnist_all/8/mnist_test_8_00405.png,"{'skeletonization_time_ms': 46.795042, 'contour_analysis_time_ms': 516.113416, 'classification_time_ms': 502.849709}",8,not classified,False,
success,baf6d8a5-cdc8-4303-b9ec-530ad0b0f3eb,/opt/nuclio/shared_storage/mnist_all/7/mnist_test_7_00936.png,"{'skeletonization_time_ms': 34.077417, 'contour_analysis_time_ms': 317.462625, 'classification_time_ms': 118.484709}",7,1,False,
success,1eb7c1ba-89f6-44ee-9224-4302522a0be1,/opt/nuclio/shared_storage/mnist_all/7/mnist_test_7_00926.png,"{'skeletonization_time_ms': 89.720625, 'contour_analysis_time_ms': 475.841333, 'classification_time_ms': 78.023042}",7,1,False,
success,1efe3197-08a9-48d4-b434-d634cabf3d8f,/opt/nuclio/shared_storage/mnist_all/7/mnist_test_7_00422.png,"{'skeletonization_time_ms': 37.033084, 'contour_analysis_time_ms': 464.011792, 'classification_time_ms': 226.529375}",7,2,False,
success,a270c0c6-359a-444d-af4e-a6c7009e49cd,/opt/nuclio/shared_storage/mnist_all/8/mnist_test_8_00704.png,"{'skeletonization_time_ms': 127.511542, 'contour_analysis_time_ms': 377.149458, 'classification_time_ms': 333.97025}",8,not classified,False,
success,3d31092f-2e7a-4ef2-822a-0a7786145078,/opt/nuclio/shared_storage/mnist_all/7/mnist_test_7_00937.png,"{'skeletonization_time_ms': 46.851375, 'contour_analysis_time_ms': 372.597084, 'classification_time_ms': 235.953583}",7,2,False,
success,64513e31-ec42-4e59-b911-1303b5500cc5,/opt/nuclio/shared_storage/mnist_all/8/mnist_test_8_00228.png,"{'skeletonization_time_ms': 43.229333, 'contour_analysis_time_ms': 360.023917, 'classification_time_ms': 337.523959}",8,not classified,False,
success,54700af1-52a5-42eb-b78c-f0a107d37adc,/opt/nuclio/shared_storage/mnist_all/8/mnist_test_8_00472.png,"{'skeletonization_time_ms': 105.367375, 'contour_analysis_time_ms': 380.488459, 'classification_time_ms': 504.252292}",8,not classified,False,
success,45cd4dbc-d781-4acb-9557-53eebc114d07,/opt/nuclio/shared_storage/mnist_all/8/mnist_test_8_00701.png,"{'skeletonization_time_ms': 34.345541, 'contour_analysis_time_ms': 234.905667, 'classification_time_ms': 270.457583}",8,not classified,False,
success,f1cf1356-8a57-4719-ba99-51a715d9f4da,/opt/nuclio/shared_storage/mnist_all/8/mnist_test_8_00459.png,"{'skeletonization_time_ms': 62.49925, 'contour_analysis_time_ms': 244.110751, 'classification_time_ms': 271.9835}",8,not classified,False,
success,69bdcba5-6686-4051-87a0-626bc06d8d79,/opt/nuclio/shared_storage/mnist_all/8/mnist_test_8_00471.png,"{'skeletonization_time_ms': 125.218584, 'contour_analysis_time_ms': 263.372584, 'classification_time_ms': 96.884209}",8,not classified,False,
success,65f2ae33-806b-4573-9971-f272385a7d00,/opt/nuclio/shared_storage/mnist_all/8/mnist_test_8_00058.png,"{'skeletonization_time_ms': 104.076917, 'contour_analysis_time_ms': 207.743875, 'classification_time_ms': 513.893875}",8,not classified,False,
success,60037b2f-c629-4910-a9d9-ce832ecffb98,/opt/nuclio/shared_storage/mnist_all/8/mnist_test_8_00821.png,"{'skeletonization_time_ms': 79.740458, 'contour_analysis_time_ms': 337.060875, 'classification_time_ms': 467.192458}",8,not classified,False,
success,7b45bbd9-d787-489a-9c39-26509f740f8e,/opt/nuclio/shared_storage/mnist_all/8/mnist_test_8_00578.png,"{'skeletonization_time_ms': 355.802917, 'contour_analysis_time_ms': 230.644833, 'classification_time_ms': 573.263333}",8,not classified,False,
success,17ea0dba-fc37-44fe-a54d-a6c53f2d2aa5,/opt/nuclio/shared_storage/mnist_all/8/mnist_test_8_00532.png,"{'skeletonization_time_ms': 47.966083, 'contour_analysis_time_ms': 538.218834, 'classification_time_ms': 177.670583}",8,not classified,False,
success,ae95a147-572c-444c-9549-962f85ee11fd,/opt/nuclio/shared_storage/mnist_all/7/mnist_test_7_00994.png,"{'skeletonization_time_ms': 82.6585, 'contour_analysis_time_ms': 255.231875, 'classification_time_ms': 46.866417}",7,1,False,
success,83eea0d8-93bc-428f-ba24-6aa00f462a1e,/opt/nuclio/shared_storage/mnist_all/8/mnist_test_8_00133.png,"{'skeletonization_time_ms': 65.930417, 'contour_analysis_time_ms': 446.611917, 'classification_time_ms': 445.795792}",8,6,False,
success,efa3f745-ac4c-4015-b72c-097761574738,/opt/nuclio/shared_storage/mnist_all/8/mnist_test_8_00549.png,"{'skeletonization_time_ms': 328.422334, 'contour_analysis_time_ms': 311.557041, 'classification_time_ms': 304.334292}",8,not classified,False,
success,76bc6cd9-5539-476f-a1a1-9e775749d999,/opt/nuclio/shared_storage/mnist_all/8/mnist_test_8_00000.png,"{'skeletonization_time_ms': 71.582542, 'contour_analysis_time_ms': 282.629833, 'classification_time_ms': 888.591584}",8,not classified,False,
success,ba4afe62-1d44-4521-9922-4295fb091e22,/opt/nuclio/shared_storage/mnist_all/8/mnist_test_8_00534.png,"{'skeletonization_time_ms': 134.343833, 'contour_analysis_time_ms': 350.907166, 'classification_time_ms': 394.405042}",8,not classified,False,
success,4dc35eb7-b449-4148-9377-21b11cb6ffdd,/opt/nuclio/shared_storage/mnist_all/8/mnist_test_8_00466.png,"{'skeletonization_time_ms': 269.379125, 'contour_analysis_time_ms': 511.287417, 'classification_time_ms': 137.845792}",8,not classified,False,
success,3aa98f8b-2973-4f7a-bb2a-eb1238beed48,/opt/nuclio/shared_storage/mnist_all/8/mnist_test_8_00768.png,"{'skeletonization_time_ms': 55.683417, 'contour_analysis_time_ms': 354.365334, 'classification_time_ms': 172.455834}",8,not classified,False,
success,99f9e0bc-8b41-445e-9a28-2a50dd83be5b,/opt/nuclio/shared_storage/mnist_all/8/mnist_test_8_00207.png,"{'skeletonization_time_ms': 48.406625, 'contour_analysis_time_ms': 408.25625, 'classification_time_ms': 387.398292}",8,not classified,False,
success,ee8ff582-0c3b-40c1-af9b-172c1eeb663a,/opt/nuclio/shared_storage/mnist_all/8/mnist_test_8_00910.png,"{'skeletonization_time_ms': 134.552208, 'contour_analysis_time_ms': 374.880916, 'classification_time_ms': 280.241959}",8,not classified,False,
success,f3807fb7-a144-4b96-a4b8-c6db870f6b0a,/opt/nuclio/shared_storage/mnist_all/8/mnist_test_8_00737.png,"{'skeletonization_time_ms': 69.035792, 'contour_analysis_time_ms': 406.087875, 'classification_time_ms': 326.951542}",8,not classified,False,
success,36fdba0e-832c-4d0b-9e08-bdb654b747d5,/opt/nuclio/shared_storage/mnist_all/8/mnist_test_8_00285.png,"{'skeletonization_time_ms': 61.525917, 'contour_analysis_time_ms': 327.26175, 'classification_time_ms': 323.662126}",8,not classified,False,
success,6255cbd8-7633-4d9d-8dd0-7de05fd5a886,/opt/nuclio/shared_storage/mnist_all/8/mnist_test_8_00344.png,"{'skeletonization_time_ms': 71.237916, 'contour_analysis_time_ms': 464.368125, 'classification_time_ms': 316.597583}",8,not classified,False,
success,9c642d89-a708-4019-bf1a-a4b1cd2aec23,/opt/nuclio/shared_storage/mnist_all/7/mnist_test_7_00848.png,"{'skeletonization_time_ms': 130.137375, 'contour_analysis_time_ms': 339.50225, 'classification_time_ms': 144.183542}",7,1,False,
success,650ea277-38a9-4071-ba3e-25e4254d2136,/opt/nuclio/shared_storage/mnist_all/8/mnist_test_8_00103.png,"{'skeletonization_time_ms': 138.618, 'contour_analysis_time_ms': 451.71875, 'classification_time_ms': 236.364584}",8,9,False,
success,fe7fd86e-c9bd-4d34-9b71-f77b37b762cd,/opt/nuclio/shared_storage/mnist_all/8/mnist_test_8_00791.png,"{'skeletonization_time_ms': 36.783625, 'contour_analysis_time_ms': 231.43575, 'classification_time_ms': 215.283708}",8,9,False,
success,97157ec3-5b8d-40a9-84f7-1e5e3f9e162a,/opt/nuclio/shared_storage/mnist_all/8/mnist_test_8_00945.png,"{'skeletonization_time_ms': 31.060667, 'contour_analysis_time_ms': 266.98525, 'classification_time_ms': 258.739167}",8,6,False,
success,8742d3e4-bb8d-4a1a-a7cc-ec68324c7657,/opt/nuclio/shared_storage/mnist_all/8/mnist_test_8_00404.png,"{'skeletonization_time_ms': 108.496458, 'contour_analysis_time_ms': 346.219791, 'classification_time_ms': 503.794667}",8,not classified,False,
success,4e7d1609-fbcf-46e2-baaa-1d5915d70f8b,/opt/nuclio/shared_storage/mnist_all/8/mnist_test_8_00884.png,"{'skeletonization_time_ms': 91.857291, 'contour_analysis_time_ms': 269.0685, 'classification_time_ms': 393.93675}",8,not classified,False,
success,d457515f-b047-4230-99df-9cfce4cef840,/opt/nuclio/shared_storage/mnist_all/7/mnist_test_7_00324.png,"{'skeletonization_time_ms': 93.319209, 'contour_analysis_time_ms': 281.564541, 'classification_time_ms': 107.265666}",7,1,False,
success,e290f178-9771-4511-8550-ab75bb0a9866,/opt/nuclio/shared_storage/mnist_all/7/mnist_test_7_00374.png,"{'skeletonization_time_ms': 41.034625, 'contour_analysis_time_ms': 276.269667, 'classification_time_ms': 96.032917}",7,2,False,
success,b4e5b20d-afee-4a49-8918-cba31ad4b3f1,/opt/nuclio/shared_storage/mnist_all/8/mnist_test_8_00088.png,"{'skeletonization_time_ms': 36.965583, 'contour_analysis_time_ms': 313.304167, 'classification_time_ms': 548.150333}",8,not classified,False,
success,040bade8-7a58-4a5a-9713-063142f06f65,/opt/nuclio/shared_storage/mnist_all/8/mnist_test_8_00696.png,"{'skeletonization_time_ms': 27.624875, 'contour_analysis_time_ms': 707.770542, 'classification_time_ms': 199.754667}",8,9,False,
success,4f3625cb-80c2-459d-8f91-5956dcbec38e,/opt/nuclio/shared_storage/mnist_all/8/mnist_test_8_00376.png,"{'skeletonization_time_ms': 47.098959, 'contour_analysis_time_ms': 213.689417, 'classification_time_ms': 124.249041}",8,not classified,False,
success,c424226b-3e40-4905-a24d-17f3148a951b,/opt/nuclio/shared_storage/mnist_all/8/mnist_test_8_00190.png,"{'skeletonization_time_ms': 35.712, 'contour_analysis_time_ms': 531.001792, 'classification_time_ms': 87.665625}",8,not classified,False,
success,3eeffe81-d193-4d55-ba15-65520b46477c,/opt/nuclio/shared_storage/mnist_all/8/mnist_test_8_00166.png,"{'skeletonization_time_ms': 800.425917, 'contour_analysis_time_ms': 294.832625, 'classification_time_ms': 276.092791}",8,not classified,False,
success,fc7016a6-953b-4ccd-a4e4-e59cc2a9f104,/opt/nuclio/shared_storage/mnist_all/8/mnist_test_8_00142.png,"{'skeletonization_time_ms': 68.232251, 'contour_analysis_time_ms': 300.440751, 'classification_time_ms': 418.094208}",8,not classified,False,
success,50da6e91-83fd-45cd-aa0b-5c69e4b2491f,/opt/nuclio/shared_storage/mnist_all/8/mnist_test_8_00501.png,"{'skeletonization_time_ms': 159.243167, 'contour_analysis_time_ms': 382.817, 'classification_time_ms': 151.412486}",8,not classified,False,
success,fa8b58cb-71c1-49ee-965e-5f6daa32cb69,/opt/nuclio/shared_storage/mnist_all/8/mnist_test_8_00216.png,"{'skeletonization_time_ms': 49.231209, 'contour_analysis_time_ms': 202.005791, 'classification_time_ms': 309.052028}",8,not classified,False,
success,3598cd56-b9ba-40ad-8f29-601696b1330b,/opt/nuclio/shared_storage/mnist_all/8/mnist_test_8_00083.png,"{'skeletonization_time_ms': 46.218875, 'contour_analysis_time_ms': 416.071083, 'classification_time_ms': 174.742542}",8,not classified,False,
success,3a8af6d7-5b3b-45db-b0f3-80bb5321aa34,/opt/nuclio/shared_storage/mnist_all/8/mnist_test_8_00398.png,"{'skeletonization_time_ms': 48.124084, 'contour_analysis_time_ms': 1792.699418, 'classification_time_ms': 444.792667}",8,not classified,False,
success,a02e55ba-5b6a-411f-906f-5018246cff2c,/opt/nuclio/shared_storage/mnist_all/8/mnist_test_8_00148.png,"{'skeletonization_time_ms': 49.572708, 'contour_analysis_time_ms': 310.4255, 'classification_time_ms': 265.578375}",8,4,False,
success,730ef2b8-3172-4a52-99f3-a58a643ec023,/opt/nuclio/shared_storage/mnist_all/8/mnist_test_8_00096.png,"{'skeletonization_time_ms': 79.256125, 'contour_analysis_time_ms': 293.893208, 'classification_time_ms': 394.8975}",8,not classified,False,
success,a1264d19-e07b-41e7-a795-d8b0c1351e26,/opt/nuclio/shared_storage/mnist_all/7/mnist_test_7_00011.png,"{'skeletonization_time_ms': 216.013167, 'contour_analysis_time_ms': 323.666666, 'classification_time_ms': 90.637208}",7,1,False,
success,4080f96f-a843-4d05-9eb2-2d3d940865f3,/opt/nuclio/shared_storage/mnist_all/8/mnist_test_8_00697.png,"{'skeletonization_time_ms': 48.606542, 'contour_analysis_time_ms': 395.216708, 'classification_time_ms': 236.535417}",8,not classified,False,
success,289d1189-8c42-4dc4-928f-2ef837057dd8,/opt/nuclio/shared_storage/mnist_all/8/mnist_test_8_00870.png,"{'skeletonization_time_ms': 42.994667, 'contour_analysis_time_ms': 302.389083, 'classification_time_ms': 425.983917}",8,not classified,False,
success,5b126e99-ced3-424c-8dfd-de6dbfcc740b,/opt/nuclio/shared_storage/mnist_all/7/mnist_test_7_00244.png,"{'skeletonization_time_ms': 41.719458, 'contour_analysis_time_ms': 253.22525, 'classification_time_ms': 58.557458}",7,1,False,
success,042b7f8a-f198-408d-9cfc-da936cc50d14,/opt/nuclio/shared_storage/mnist_all/8/mnist_test_8_00313.png,"{'skeletonization_time_ms': 59.036875, 'contour_analysis_time_ms': 372.001667, 'classification_time_ms': 496.397083}",8,not classified,False,
success,54dc8653-51e4-405a-9c04-bf9e40c41186,/opt/nuclio/shared_storage/mnist_all/8/mnist_test_8_00495.png,"{'skeletonization_time_ms': 104.537291, 'contour_analysis_time_ms': 300.145001, 'classification_time_ms': 97.906417}",8,not classified,False,
success,17874458-0568-43e4-ae20-999d863ca713,/opt/nuclio/shared_storage/mnist_all/8/mnist_test_8_00899.png,"{'skeletonization_time_ms': 73.659292, 'contour_analysis_time_ms': 475.250208, 'classification_time_ms': 357.647542}",8,not classified,False,
success,bb35f892-e10c-4b75-b506-42c1b40ec439,/opt/nuclio/shared_storage/mnist_all/8/mnist_test_8_00076.png,"{'skeletonization_time_ms': 38.5455, 'contour_analysis_time_ms': 421.938792, 'classification_time_ms': 187.07175}",8,not classified,False,
success,615da380-bb82-48b5-86b7-d382a1013193,/opt/nuclio/shared_storage/mnist_all/8/mnist_test_8_00825.png,"{'skeletonization_time_ms': 56.628084, 'contour_analysis_time_ms': 236.528667, 'classification_time_ms': 418.706}",8,not classified,False,
success,55d345cf-878d-4930-a72b-b66ef0473552,/opt/nuclio/shared_storage/mnist_all/8/mnist_test_8_00183.png,"{'skeletonization_time_ms': 37.872125, 'contour_analysis_time_ms': 457.483167, 'classification_time_ms': 248.518584}",8,not classified,False,
success,2b284f54-1842-4d08-9718-253efd338fe2,/opt/nuclio/shared_storage/mnist_all/8/mnist_test_8_00412.png,"{'skeletonization_time_ms': 75.626417, 'contour_analysis_time_ms': 390.707292, 'classification_time_ms': 130.724459}",8,not classified,False,
success,6f6f4d31-a7ea-4e95-96f6-a70accd2f2e6,/opt/nuclio/shared_storage/mnist_all/8/mnist_test_8_00760.png,"{'skeletonization_time_ms': 88.006917, 'contour_analysis_time_ms': 348.923666, 'classification_time_ms': 145.875501}",8,not classified,False,
success,9213db8c-f69f-4860-b3df-4c2704db5881,/opt/nuclio/shared_storage/mnist_all/8/mnist_test_8_00397.png,"{'skeletonization_time_ms': 48.6975, 'contour_analysis_time_ms': 360.54625, 'classification_time_ms': 679.329042}",8,not classified,False,
success,2f35fbfd-bd74-45e5-a3b4-6379068cb8cd,/opt/nuclio/shared_storage/mnist_all/8/mnist_test_8_00521.png,"{'skeletonization_time_ms': 49.094958, 'contour_analysis_time_ms': 271.22975, 'classification_time_ms': 519.416292}",8,not classified,False,
success,699a556e-9caf-45c6-a29e-631dedb022fa,/opt/nuclio/shared_storage/mnist_all/8/mnist_test_8_00163.png,"{'skeletonization_time_ms': 45.027, 'contour_analysis_time_ms': 511.423001, 'classification_time_ms': 96.563416}",8,not classified,False,
success,baac803d-525f-44d8-a7a5-a527422a0a3a,/opt/nuclio/shared_storage/mnist_all/8/mnist_test_8_00351.png,"{'skeletonization_time_ms': 49.356792, 'contour_analysis_time_ms': 358.11375, 'classification_time_ms': 327.637959}",8,not classified,False,
success,e4ce9642-530b-44dc-b5aa-0ed18fc419ba,/opt/nuclio/shared_storage/mnist_all/8/mnist_test_8_00680.png,"{'skeletonization_time_ms': 38.286708, 'contour_analysis_time_ms': 540.024917, 'classification_time_ms': 456.019792}",8,not classified,False,
success,982cc6fa-32ad-4c2d-aeab-cd09876253af,/opt/nuclio/shared_storage/mnist_all/8/mnist_test_8_00380.png,"{'skeletonization_time_ms': 40.729875, 'contour_analysis_time_ms': 219.581791, 'classification_time_ms': 73.958666}",8,not classified,False,
success,7a1eebb0-109c-497e-8fdb-d6c789d70b4b,/opt/nuclio/shared_storage/mnist_all/8/mnist_test_8_00820.png,"{'skeletonization_time_ms': 72.76375, 'contour_analysis_time_ms': 318.396001, 'classification_time_ms': 527.034584}",8,not classified,False,
success,6b1b2a42-ecc2-4377-991e-bdf303c42bb6,/opt/nuclio/shared_storage/mnist_all/8/mnist_test_8_00421.png,"{'skeletonization_time_ms': 89.087625, 'contour_analysis_time_ms': 484.373708, 'classification_time_ms': 311.184125}",8,not classified,False,
success,e0bb23f7-3fd7-461b-8571-c6ba59fb86ef,/opt/nuclio/shared_storage/mnist_all/8/mnist_test_8_00520.png,"{'skeletonization_time_ms': 54.801292, 'contour_analysis_time_ms': 269.99275, 'classification_time_ms': 456.41525}",8,4,False,
success,bdfe92ba-90eb-4c16-a739-83ca07d98f51,/opt/nuclio/shared_storage/mnist_all/8/mnist_test_8_00774.png,"{'skeletonization_time_ms': 61.888125, 'contour_analysis_time_ms': 684.798167, 'classification_time_ms': 232.707125}",8,9,False,
success,77a4787c-2957-4241-a430-79a71d41f784,/opt/nuclio/shared_storage/mnist_all/8/mnist_test_8_00047.png,"{'skeletonization_time_ms': 48.708458, 'contour_analysis_time_ms': 306.491542, 'classification_time_ms': 83.123208}",8,not classified,False,
success,64296c41-dd69-4ebd-917f-d39e2058f06e,/opt/nuclio/shared_storage/mnist_all/8/mnist_test_8_00671.png,"{'skeletonization_time_ms': 46.221125, 'contour_analysis_time_ms': 496.264917, 'classification_time_ms': 89.720125}",8,not classified,False,
success,921dbf37-5e49-4def-8088-ff9d01eba3bb,/opt/nuclio/shared_storage/mnist_all/8/mnist_test_8_00698.png,"{'skeletonization_time_ms': 55.265916, 'contour_analysis_time_ms': 1290.503084, 'classification_time_ms': 408.615333}",8,not classified,False,
success,9aeea245-5293-45e2-833f-690a4b004c88,/opt/nuclio/shared_storage/mnist_all/8/mnist_test_8_00478.png,"{'skeletonization_time_ms': 45.23275, 'contour_analysis_time_ms': 697.701, 'classification_time_ms': 133.351084}",8,not classified,False,
success,5fd39764-883a-4c48-ad8d-8c55e8c79867,/opt/nuclio/shared_storage/mnist_all/9/mnist_test_9_00361.png,"{'skeletonization_time_ms': 266.752625, 'contour_analysis_time_ms': 599.895208, 'classification_time_ms': 257.63475}",9,4,False,
success,b429bad9-62c6-491f-a94c-f02eec3741eb,/opt/nuclio/shared_storage/mnist_all/8/mnist_test_8_00234.png,"{'skeletonization_time_ms': 63.593375, 'contour_analysis_time_ms': 422.265292, 'classification_time_ms': 616.333027}",8,not classified,False,
success,68712fda-cbf4-4664-a294-44fd65f159b4,/opt/nuclio/shared_storage/mnist_all/8/mnist_test_8_00371.png,"{'skeletonization_time_ms': 57.80725, 'contour_analysis_time_ms': 491.40875, 'classification_time_ms': 422.737083}",8,not classified,False,
success,624969f8-5994-4243-aae0-966dff82248b,/opt/nuclio/shared_storage/mnist_all/8/mnist_test_8_00137.png,"{'skeletonization_time_ms': 67.302875, 'contour_analysis_time_ms': 2534.325334, 'classification_time_ms': 763.507625}",8,not classified,False,
success,423ce545-869f-421f-ae4d-1051f4157076,/opt/nuclio/shared_storage/mnist_all/8/mnist_test_8_00414.png,"{'skeletonization_time_ms': 72.45725, 'contour_analysis_time_ms': 2719.324459, 'classification_time_ms': 272.385459}",8,not classified,False,
success,a8ef99e1-8002-4456-ad6d-e88f2a02e583,/opt/nuclio/shared_storage/mnist_all/8/mnist_test_8_00422.png,"{'skeletonization_time_ms': 225.589042, 'contour_analysis_time_ms': 2246.980751, 'classification_time_ms': 569.807917}",8,not classified,False,
success,9490c1c4-f523-457a-9527-4f80a6cfdd59,/opt/nuclio/shared_storage/mnist_all/8/mnist_test_8_00117.png,"{'skeletonization_time_ms': 86.740834, 'contour_analysis_time_ms': 570.674959, 'classification_time_ms': 474.093083}",8,not classified,False,
success,0c2f0dee-7dfe-4136-bf15-999e9d07af2d,/opt/nuclio/shared_storage/mnist_all/8/mnist_test_8_00692.png,"{'skeletonization_time_ms': 48.130041, 'contour_analysis_time_ms': 827.124209, 'classification_time_ms': 248.241625}",8,9,False,
success,5f031d90-e2b2-49ae-89ac-be0e83fba03d,/opt/nuclio/shared_storage/mnist_all/8/mnist_test_8_00121.png,"{'skeletonization_time_ms': 46.020333, 'contour_analysis_time_ms': 587.986375, 'classification_time_ms': 289.809875}",8,not classified,False,
success,2046dc69-5f98-4daa-b390-a9f3fea47dd1,/opt/nuclio/shared_storage/mnist_all/8/mnist_test_8_00308.png,"{'skeletonization_time_ms': 100.001625, 'contour_analysis_time_ms': 734.653084, 'classification_time_ms': 237.931709}",8,not classified,False,
success,2863777d-4695-4062-9148-6ac0e278e10d,/opt/nuclio/shared_storage/mnist_all/8/mnist_test_8_00812.png,"{'skeletonization_time_ms': 43.007084, 'contour_analysis_time_ms': 373.283541, 'classification_time_ms': 282.442625}",8,not classified,False,
success,9f453d5e-594e-49a4-9145-02d9d32e6a5d,/opt/nuclio/shared_storage/mnist_all/9/mnist_test_9_00158.png,"{'skeletonization_time_ms': 67.317333, 'contour_analysis_time_ms': 238.809792, 'classification_time_ms': 217.795833}",9,5,False,
success,aa20fe45-6d06-40b0-90a8-a5471887962b,/opt/nuclio/shared_storage/mnist_all/8/mnist_test_8_00464.png,"{'skeletonization_time_ms': 54.84025, 'contour_analysis_time_ms': 386.647084, 'classification_time_ms': 453.47425}",8,not classified,False,
success,5dd4c891-b1b8-459d-a9e8-2989a0237ace,/opt/nuclio/shared_storage/mnist_all/8/mnist_test_8_00098.png,"{'skeletonization_time_ms': 63.864959, 'contour_analysis_time_ms': 456.483875, 'classification_time_ms': 233.529167}",8,not classified,False,
success,d63ee634-7911-4965-8737-c4c96e0d8227,/opt/nuclio/shared_storage/mnist_all/8/mnist_test_8_00607.png,"{'skeletonization_time_ms': 43.316583, 'contour_analysis_time_ms': 544.798583, 'classification_time_ms': 123.089959}",8,not classified,False,
success,f46f4c05-f4c1-4f56-94f3-badd987f0832,/opt/nuclio/shared_storage/mnist_all/8/mnist_test_8_00781.png,"{'skeletonization_time_ms': 45.134625, 'contour_analysis_time_ms': 475.882667, 'classification_time_ms': 181.71675}",8,4,False,
success,ffd7179c-1088-41bd-9965-d02f4556baf3,/opt/nuclio/shared_storage/mnist_all/8/mnist_test_8_00170.png,"{'skeletonization_time_ms': 71.341667, 'contour_analysis_time_ms': 589.586, 'classification_time_ms': 246.777876}",8,not classified,False,
success,415d8ae0-c79a-4292-888f-b163e6b9a072,/opt/nuclio/shared_storage/mnist_all/8/mnist_test_8_00029.png,"{'skeletonization_time_ms': 62.591584, 'contour_analysis_time_ms': 423.704083, 'classification_time_ms': 634.9405}",8,6,False,
success,64b2c7d0-9460-4d49-8ba7-f9db0f178007,/opt/nuclio/shared_storage/mnist_all/8/mnist_test_8_00572.png,"{'skeletonization_time_ms': 32.432625, 'contour_analysis_time_ms': 674.690042, 'classification_time_ms': 167.4645}",8,not classified,False,
success,300e2cb4-277e-40a9-abec-108f15476633,/opt/nuclio/shared_storage/mnist_all/8/mnist_test_8_00206.png,"{'skeletonization_time_ms': 48.865125, 'contour_analysis_time_ms': 475.338208, 'classification_time_ms': 117.392667}",8,not classified,False,
success,ee7f843f-648c-43a7-b021-0a6a76ff1c2a,/opt/nuclio/shared_storage/mnist_all/7/mnist_test_7_00984.png,"{'skeletonization_time_ms': 198.440292, 'contour_analysis_time_ms': 578.296375, 'classification_time_ms': 481.105917}",7,9,False,
success,78c464fd-443a-4237-9681-06207da8dae2,/opt/nuclio/shared_storage/mnist_all/8/mnist_test_8_00304.png,"{'skeletonization_time_ms': 43.298791, 'contour_analysis_time_ms': 288.816583, 'classification_time_ms': 169.564667}",8,not classified,False,
success,128a44fc-6b46-4907-b432-fd7f5d360203,/opt/nuclio/shared_storage/mnist_all/8/mnist_test_8_00321.png,"{'skeletonization_time_ms': 102.910208, 'contour_analysis_time_ms': 497.1305, 'classification_time_ms': 569.231334}",8,not classified,False,
success,6d396629-793d-4f37-a0f8-f4c2a38a639c,/opt/nuclio/shared_storage/mnist_all/8/mnist_test_8_00741.png,"{'skeletonization_time_ms': 51.739917, 'contour_analysis_time_ms': 577.472376, 'classification_time_ms': 588.921667}",8,not classified,False,
success,7f144cf5-abc2-4bce-85bb-f17a839a30db,/opt/nuclio/shared_storage/mnist_all/8/mnist_test_8_00193.png,"{'skeletonization_time_ms': 57.909541, 'contour_analysis_time_ms': 420.660375, 'classification_time_ms': 88.786584}",8,not classified,False,
success,74b90934-85e5-4562-9613-8d7696d45c1a,/opt/nuclio/shared_storage/mnist_all/8/mnist_test_8_00699.png,"{'skeletonization_time_ms': 47.245125, 'contour_analysis_time_ms': 416.335417, 'classification_time_ms': 292.507}",8,not classified,False,
success,c1ce1b03-4aab-4f9b-955e-5b6d519ce61a,/opt/nuclio/shared_storage/mnist_all/8/mnist_test_8_00672.png,"{'skeletonization_time_ms': 114.878416, 'contour_analysis_time_ms': 1299.689209, 'classification_time_ms': 225.678}",8,not classified,False,
success,6b153a2c-2aaa-4555-8a63-e2c9cfe89bcc,/opt/nuclio/shared_storage/mnist_all/8/mnist_test_8_00816.png,"{'skeletonization_time_ms': 94.891, 'contour_analysis_time_ms': 300.753125, 'classification_time_ms': 383.427625}",8,not classified,False,
success,91f7ecb5-f4ac-4ac1-9ff1-a16a87f79ef3,/opt/nuclio/shared_storage/mnist_all/8/mnist_test_8_00660.png,"{'skeletonization_time_ms': 217.493833, 'contour_analysis_time_ms': 396.863709, 'classification_time_ms': 449.082126}",8,not classified,False,
success,514fadcc-da00-49af-b861-55dfb8a64541,/opt/nuclio/shared_storage/mnist_all/8/mnist_test_8_00785.png,"{'skeletonization_time_ms': 90.183417, 'contour_analysis_time_ms': 383.171417, 'classification_time_ms': 302.950958}",8,not classified,False,
success,327246a7-0470-46d4-92a7-b4b22a85f1ba,/opt/nuclio/shared_storage/mnist_all/9/mnist_test_9_00293.png,"{'skeletonization_time_ms': 254.325041, 'contour_analysis_time_ms': 743.1485, 'classification_time_ms': 283.416166}",9,4,False,
success,7384a586-23ac-4496-b67c-64a279d127e6,/opt/nuclio/shared_storage/mnist_all/8/mnist_test_8_00165.png,"{'skeletonization_time_ms': 70.67875, 'contour_analysis_time_ms': 614.655, 'classification_time_ms': 311.97675}",8,not classified,False,
success,3f2fc016-eeb8-4a87-8271-74d3478860a7,/opt/nuclio/shared_storage/mnist_all/8/mnist_test_8_00104.png,"{'skeletonization_time_ms': 48.88625, 'contour_analysis_time_ms': 371.516875, 'classification_time_ms': 354.266583}",8,not classified,False,
success,d2b0c090-6005-45ba-979d-b5e527253f8c,/opt/nuclio/shared_storage/mnist_all/8/mnist_test_8_00350.png,"{'skeletonization_time_ms': 87.58075, 'contour_analysis_time_ms': 306.438251, 'classification_time_ms': 252.975792}",8,not classified,False,
success,d0c51bd2-20b5-436f-b7af-0fe251bd0e73,/opt/nuclio/shared_storage/mnist_all/8/mnist_test_8_00970.png,"{'skeletonization_time_ms': 45.93775, 'contour_analysis_time_ms': 222.193917, 'classification_time_ms': 106.358792}",8,not classified,False,
success,7b13b65c-bc3f-42d0-ab0a-fb8ee6c40f00,/opt/nuclio/shared_storage/mnist_all/9/mnist_test_9_00365.png,"{'skeletonization_time_ms': 69.328917, 'contour_analysis_time_ms': 393.7105, 'classification_time_ms': 506.929417}",9,1,False,
success,9c60ee7c-32a6-4812-ad1d-6255f5e58db9,/opt/nuclio/shared_storage/mnist_all/8/mnist_test_8_00385.png,"{'skeletonization_time_ms': 70.065959, 'contour_analysis_time_ms': 407.418291, 'classification_time_ms': 309.346042}",8,not classified,False,
success,d53ee450-dd73-44c7-b9db-e24f3cbb2a78,/opt/nuclio/shared_storage/mnist_all/8/mnist_test_8_00709.png,"{'skeletonization_time_ms': 70.274459, 'contour_analysis_time_ms': 314.412958, 'classification_time_ms': 707.866501}",8,not classified,False,
success,c85f3fc4-8f4b-4d5e-9192-ccc6fb367d09,/opt/nuclio/shared_storage/mnist_all/8/mnist_test_8_00772.png,"{'skeletonization_time_ms': 39.988417, 'contour_analysis_time_ms': 716.059125, 'classification_time_ms': 129.517833}",8,not classified,False,
success,abf62dba-b5c6-4f07-b4bb-6db7df5679b1,/opt/nuclio/shared_storage/mnist_all/8/mnist_test_8_00531.png,"{'skeletonization_time_ms': 86.579458, 'contour_analysis_time_ms': 362.273583, 'classification_time_ms': 84.690083}",8,not classified,False,
success,fddb4199-8e2d-46e2-8923-5f4887f5c289,/opt/nuclio/shared_storage/mnist_all/8/mnist_test_8_00490.png,"{'skeletonization_time_ms': 33.91975, 'contour_analysis_time_ms': 309.208667, 'classification_time_ms': 486.921334}",8,not classified,False,
success,779fb67b-88b3-4c36-9330-9ed58216700d,/opt/nuclio/shared_storage/mnist_all/9/mnist_test_9_00028.png,"{'skeletonization_time_ms': 47.235625, 'contour_analysis_time_ms': 535.482584, 'classification_time_ms': 390.782667}",9,4,False,
success,d28d79e8-bf96-4a13-a7d6-18ead756f95a,/opt/nuclio/shared_storage/mnist_all/8/mnist_test_8_00583.png,"{'skeletonization_time_ms': 129.187458, 'contour_analysis_time_ms': 548.266125, 'classification_time_ms': 740.905}",8,not classified,False,
success,d311b07e-dda2-40f8-8274-10bd72714ccc,/opt/nuclio/shared_storage/mnist_all/8/mnist_test_8_00112.png,"{'skeletonization_time_ms': 111.651917, 'contour_analysis_time_ms': 216.189458, 'classification_time_ms': 163.628833}",8,not classified,False,
success,1fd841cb-7ec0-4434-aec3-9029241650c1,/opt/nuclio/shared_storage/mnist_all/8/mnist_test_8_00950.png,"{'skeletonization_time_ms': 45.047958, 'contour_analysis_time_ms': 364.423709, 'classification_time_ms': 299.120792}",8,not classified,False,
success,79c7fdcc-d99e-4b92-9adf-4f935ddc0a38,/opt/nuclio/shared_storage/mnist_all/8/mnist_test_8_00436.png,"{'skeletonization_time_ms': 47.116459, 'contour_analysis_time_ms': 292.225875, 'classification_time_ms': 266.559917}",8,not classified,False,
success,7f4a023c-cba6-4ce3-9b9f-f9b6993ad196,/opt/nuclio/shared_storage/mnist_all/8/mnist_test_8_00481.png,"{'skeletonization_time_ms': 57.725542, 'contour_analysis_time_ms': 221.9375, 'classification_time_ms': 62.84475}",8,not classified,False,
success,47ca7966-ad81-49e3-81a9-7f0e8c1b82f1,/opt/nuclio/shared_storage/mnist_all/8/mnist_test_8_00325.png,"{'skeletonization_time_ms': 68.868875, 'contour_analysis_time_ms': 194.538292, 'classification_time_ms': 592.750333}",8,not classified,False,
success,12caba76-e9f5-4077-a0f7-e308f75c485b,/opt/nuclio/shared_storage/mnist_all/8/mnist_test_8_00582.png,"{'skeletonization_time_ms': 46.049041, 'contour_analysis_time_ms': 333.835208, 'classification_time_ms': 156.985917}",8,not classified,False,
success,a5accb21-e598-4d74-8542-c1d52de6796c,/opt/nuclio/shared_storage/mnist_all/8/mnist_test_8_00519.png,"{'skeletonization_time_ms': 73.826875, 'contour_analysis_time_ms': 859.124376, 'classification_time_ms': 385.303459}",8,not classified,False,
success,da47ec35-005d-4226-b3ba-71a602653fd6,/opt/nuclio/shared_storage/mnist_all/8/mnist_test_8_00522.png,"{'skeletonization_time_ms': 56.361542, 'contour_analysis_time_ms': 334.165625, 'classification_time_ms': 175.746042}",8,not classified,False,
success,8121b895-6555-4952-9cb3-8fc10c56af38,/opt/nuclio/shared_storage/mnist_all/8/mnist_test_8_00439.png,"{'skeletonization_time_ms': 48.524042, 'contour_analysis_time_ms': 271.770417, 'classification_time_ms': 330.086}",8,6,False,
success,ad47363c-f76a-4c58-985c-5a6c8037f04f,/opt/nuclio/shared_storage/mnist_all/8/mnist_test_8_00749.png,"{'skeletonization_time_ms': 83.933084, 'contour_analysis_time_ms': 370.601417, 'classification_time_ms': 751.058584}",8,not classified,False,
success,72786322-d6fe-4c47-91ee-e296fb0900bc,/opt/nuclio/shared_storage/mnist_all/8/mnist_test_8_00608.png,"{'skeletonization_time_ms': 55.244209, 'contour_analysis_time_ms': 555.262542, 'classification_time_ms': 83.538959}",8,not classified,False,
success,a9dba87f-184d-42a7-990f-a2aeecab682f,/opt/nuclio/shared_storage/mnist_all/8/mnist_test_8_00557.png,"{'skeletonization_time_ms': 54.069167, 'contour_analysis_time_ms': 608.814083, 'classification_time_ms': 245.513}",8,6,False,
success,b156e074-1328-4c08-a91e-23f9c2b11771,/opt/nuclio/shared_storage/mnist_all/9/mnist_test_9_00478.png,"{'skeletonization_time_ms': 47.521834, 'contour_analysis_time_ms': 365.900958, 'classification_time_ms': 336.00775}",9,not classified,False,
success,5a193eac-b35b-4e9f-9ec3-5ade5c4f3664,/opt/nuclio/shared_storage/mnist_all/9/mnist_test_9_00311.png,"{'skeletonization_time_ms': 54.886792, 'contour_analysis_time_ms': 294.422458, 'classification_time_ms': 876.251084}",9,6,False,
success,ec7e3707-b6ba-477c-bfba-fe3168799cb7,/opt/nuclio/shared_storage/mnist_all/8/mnist_test_8_00525.png,"{'skeletonization_time_ms': 40.354208, 'contour_analysis_time_ms': 296.150708, 'classification_time_ms': 366.1255}",8,9,False,
success,7ea3c142-315d-4553-8f03-f11a8c983edc,/opt/nuclio/shared_storage/mnist_all/9/mnist_test_9_00004.png,"{'skeletonization_time_ms': 57.993166, 'contour_analysis_time_ms': 409.046834, 'classification_time_ms': 118.386208}",9,not classified,False,
success,b4a7d600-6c5c-41bd-be6e-9393b42609ee,/opt/nuclio/shared_storage/mnist_all/9/mnist_test_9_00265.png,"{'skeletonization_time_ms': 142.311667, 'contour_analysis_time_ms': 425.784333, 'classification_time_ms': 187.256125}",9,4,False,
success,0aca2aa4-855a-4f86-b122-36089fda9ac6,/opt/nuclio/shared_storage/mnist_all/8/mnist_test_8_00491.png,"{'skeletonization_time_ms': 109.390542, 'contour_analysis_time_ms': 442.406542, 'classification_time_ms': 405.6155}",8,6,False,
success,568e8d9d-54dd-4a89-9e6f-e75fb888e88e,/opt/nuclio/shared_storage/mnist_all/8/mnist_test_8_00731.png,"{'skeletonization_time_ms': 49.068666, 'contour_analysis_time_ms': 217.358042, 'classification_time_ms': 179.793792}",8,not classified,False,
success,b147d583-5ef9-4225-a7ea-b536d9fbdd6d,/opt/nuclio/shared_storage/mnist_all/8/mnist_test_8_00454.png,"{'skeletonization_time_ms': 62.379125, 'contour_analysis_time_ms': 234.250334, 'classification_time_ms': 480.645625}",8,not classified,False,
success,97682a4c-7df9-4752-8224-6635cd1e7834,/opt/nuclio/shared_storage/mnist_all/8/mnist_test_8_00382.png,"{'skeletonization_time_ms': 49.993959, 'contour_analysis_time_ms': 329.760625, 'classification_time_ms': 277.590667}",8,6,False,
success,5f9b4cbf-450d-4eaf-a4a7-8ce5ae8b5887,/opt/nuclio/shared_storage/mnist_all/8/mnist_test_8_00457.png,"{'skeletonization_time_ms': 171.938917, 'contour_analysis_time_ms': 379.810667, 'classification_time_ms': 311.027041}",8,not classified,False,
success,4c1b3811-190e-4587-80fa-6b38749ce51f,/opt/nuclio/shared_storage/mnist_all/8/mnist_test_8_00852.png,"{'skeletonization_time_ms': 107.628833, 'contour_analysis_time_ms': 307.318875, 'classification_time_ms': 336.421375}",8,not classified,False,
success,c2210dfc-6ed7-4610-b442-231ce2ace5b1,/opt/nuclio/shared_storage/mnist_all/8/mnist_test_8_00694.png,"{'skeletonization_time_ms': 251.610084, 'contour_analysis_time_ms': 331.563959, 'classification_time_ms': 601.4765}",8,not classified,False,
success,82bdc701-4858-4dd4-83ba-1d9477fe24ec,/opt/nuclio/shared_storage/mnist_all/9/mnist_test_9_00495.png,"{'skeletonization_time_ms': 29.48025, 'contour_analysis_time_ms': 1098.037751, 'classification_time_ms': 247.327709}",9,4,False,
success,c717b4dc-508b-44a0-b950-da67e506ce13,/opt/nuclio/shared_storage/mnist_all/8/mnist_test_8_00693.png,"{'skeletonization_time_ms': 38.705584, 'contour_analysis_time_ms': 477.391416, 'classification_time_ms': 412.839876}",8,6,False,
success,d2fd38a1-5ccb-4708-ad32-ee2455e3e305,/opt/nuclio/shared_storage/mnist_all/8/mnist_test_8_00052.png,"{'skeletonization_time_ms': 38.288083, 'contour_analysis_time_ms': 469.877125, 'classification_time_ms': 204.786}",8,4,False,
success,38bddf4d-a9f8-48c3-a095-11859535a5d8,/opt/nuclio/shared_storage/mnist_all/8/mnist_test_8_00215.png,"{'skeletonization_time_ms': 357.135459, 'contour_analysis_time_ms': 543.841958, 'classification_time_ms': 116.658166}",8,not classified,False,
success,15be7309-f6fa-4790-bf5b-4abce4d22a73,/opt/nuclio/shared_storage/mnist_all/8/mnist_test_8_00150.png,"{'skeletonization_time_ms': 84.617, 'contour_analysis_time_ms': 291.933542, 'classification_time_ms': 308.816833}",8,not classified,False,
success,a9364772-dc94-42e6-b1c8-ea48bab89b2b,/opt/nuclio/shared_storage/mnist_all/8/mnist_test_8_00705.png,"{'skeletonization_time_ms': 69.044084, 'contour_analysis_time_ms': 381.401917, 'classification_time_ms': 674.229944}",8,1,False,
success,d0113895-ae0b-4dc3-8496-a2e8f79f3925,/opt/nuclio/shared_storage/mnist_all/8/mnist_test_8_00281.png,"{'skeletonization_time_ms': 55.060167, 'contour_analysis_time_ms': 558.26275, 'classification_time_ms': 333.954278}",8,not classified,False,
success,fc4c6763-87d0-4023-bfba-b741de444d5b,/opt/nuclio/shared_storage/mnist_all/8/mnist_test_8_00733.png,"{'skeletonization_time_ms': 78.851042, 'contour_analysis_time_ms': 374.371417, 'classification_time_ms': 689.23075}",8,not classified,False,
success,77de1334-7144-47c8-b62c-fd2a4cfcf4a9,/opt/nuclio/shared_storage/mnist_all/8/mnist_test_8_00322.png,"{'skeletonization_time_ms': 204.996542, 'contour_analysis_time_ms': 467.703917, 'classification_time_ms': 406.125375}",8,not classified,False,
success,83d516ed-92df-40d8-8ddb-52ecf1d8b11b,/opt/nuclio/shared_storage/mnist_all/9/mnist_test_9_00792.png,"{'skeletonization_time_ms': 262.556541, 'contour_analysis_time_ms': 587.933916, 'classification_time_ms': 234.081751}",9,5,False,
success,26f8ab4c-b590-4e6f-aa6e-e4328591f3d8,/opt/nuclio/shared_storage/mnist_all/8/mnist_test_8_00403.png,"{'skeletonization_time_ms': 50.52, 'contour_analysis_time_ms': 392.905083, 'classification_time_ms': 423.414917}",8,not classified,False,
success,465caa2c-e7ef-4ffa-af36-708b132216b8,/opt/nuclio/shared_storage/mnist_all/8/mnist_test_8_00753.png,"{'skeletonization_time_ms': 46.974542, 'contour_analysis_time_ms': 447.918917, 'classification_time_ms': 668.086}",8,not classified,False,
success,3d3f2c4d-793b-453b-a4b5-cb183c8d500c,/opt/nuclio/shared_storage/mnist_all/9/mnist_test_9_00018.png,"{'skeletonization_time_ms': 78.928458, 'contour_analysis_time_ms': 435.764875, 'classification_time_ms': 584.837333}",9,not classified,False,
success,beaa9afa-34b6-4856-bd72-f7f919e7ea81,/opt/nuclio/shared_storage/mnist_all/9/mnist_test_9_00400.png,"{'skeletonization_time_ms': 116.881167, 'contour_analysis_time_ms': 465.595042, 'classification_time_ms': 123.866334}",9,1,False,
success,68b4db2c-486d-4eee-98de-9d54bb441e0e,/opt/nuclio/shared_storage/mnist_all/9/mnist_test_9_00789.png,"{'skeletonization_time_ms': 70.346917, 'contour_analysis_time_ms': 536.511375, 'classification_time_ms': 167.702333}",9,4,False,
success,93ac1ed7-f8c5-460a-a281-c930879ba4ce,/opt/nuclio/shared_storage/mnist_all/9/mnist_test_9_00578.png,"{'skeletonization_time_ms': 32.521875, 'contour_analysis_time_ms': 700.483959, 'classification_time_ms': 216.295959}",9,4,False,
success,ae3ab67d-bfc0-41cc-a0c0-6d0385f410b5,/opt/nuclio/shared_storage/mnist_all/9/mnist_test_9_00724.png,"{'skeletonization_time_ms': 47.313916, 'contour_analysis_time_ms': 539.066209, 'classification_time_ms': 200.582167}",9,4,False,
success,c955b7c6-ce1a-4b4d-ba61-197600249aa1,/opt/nuclio/shared_storage/mnist_all/8/mnist_test_8_00408.png,"{'skeletonization_time_ms': 75.925, 'contour_analysis_time_ms': 647.407667, 'classification_time_ms': 262.375625}",8,not classified,False,
success,4b6232d4-77cb-4ca0-af06-70030a23d526,/opt/nuclio/shared_storage/mnist_all/8/mnist_test_8_00537.png,"{'skeletonization_time_ms': 92.827041, 'contour_analysis_time_ms': 724.482375, 'classification_time_ms': 349.427167}",8,not classified,False,
success,69cb92b8-0500-4231-8a08-b98552b1ffaa,/opt/nuclio/shared_storage/mnist_all/9/mnist_test_9_00695.png,"{'skeletonization_time_ms': 61.855167, 'contour_analysis_time_ms': 369.9965, 'classification_time_ms': 214.011458}",9,4,False,
success,110ce1de-c8cf-4736-b3b5-4cdd1ea72667,/opt/nuclio/shared_storage/mnist_all/8/mnist_test_8_00679.png,"{'skeletonization_time_ms': 58.146583, 'contour_analysis_time_ms': 550.741167, 'classification_time_ms': 549.493125}",8,not classified,False,
success,8b4b64b5-5775-435d-8b46-d413d0c5330f,/opt/nuclio/shared_storage/mnist_all/8/mnist_test_8_00782.png,"{'skeletonization_time_ms': 41.50175, 'contour_analysis_time_ms': 652.09125, 'classification_time_ms': 496.313917}",8,not classified,False,
success,d3ce968e-9d16-429f-a898-07a38fbb563e,/opt/nuclio/shared_storage/mnist_all/9/mnist_test_9_00116.png,"{'skeletonization_time_ms': 56.548375, 'contour_analysis_time_ms': 364.531333, 'classification_time_ms': 556.050792}",9,2,False,
success,4b6376f3-5b80-4b4d-8c1f-4ead3f28f829,/opt/nuclio/shared_storage/mnist_all/9/mnist_test_9_00729.png,"{'skeletonization_time_ms': 41.778458, 'contour_analysis_time_ms': 366.258, 'classification_time_ms': 27.609459}",9,4,False,
success,1e969f08-f86c-40c7-a1f4-9760716d6984,/opt/nuclio/shared_storage/mnist_all/9/mnist_test_9_00166.png,"{'skeletonization_time_ms': 39.653125, 'contour_analysis_time_ms': 495.35775, 'classification_time_ms': 288.148125}",9,4,False,
success,e00503b7-35ca-4353-a98c-bb7363578e29,/opt/nuclio/shared_storage/mnist_all/9/mnist_test_9_00504.png,"{'skeletonization_time_ms': 38.315417, 'contour_analysis_time_ms': 269.648083, 'classification_time_ms': 112.25775}",9,4,False,
success,58b5ff55-6c1d-46c7-88bd-e75a9a26658a,/opt/nuclio/shared_storage/mnist_all/9/mnist_test_9_00612.png,"{'skeletonization_time_ms': 39.217417, 'contour_analysis_time_ms': 716.442583, 'classification_time_ms': 224.719459}",9,5,False,
success,e9acfa64-e5c5-42d0-b5c3-117cd3581018,/opt/nuclio/shared_storage/mnist_all/9/mnist_test_9_00209.png,"{'skeletonization_time_ms': 29.132625, 'contour_analysis_time_ms': 544.898084, 'classification_time_ms': 236.00575}",9,4,False,
success,983afcdc-b74d-4b2f-8e9e-df95e8006c65,/opt/nuclio/shared_storage/mnist_all/8/mnist_test_8_00683.png,"{'skeletonization_time_ms': 76.773876, 'contour_analysis_time_ms': 251.894, 'classification_time_ms': 625.729084}",8,not classified,False,
success,5a912350-1144-4728-877f-97ad83a3966e,/opt/nuclio/shared_storage/mnist_all/9/mnist_test_9_00127.png,"{'skeletonization_time_ms': 58.751875, 'contour_analysis_time_ms': 575.359167, 'classification_time_ms': 476.587208}",9,4,False,
success,3de9a702-ced8-448b-9ec3-eb9d5cc229ec,/opt/nuclio/shared_storage/mnist_all/9/mnist_test_9_00387.png,"{'skeletonization_time_ms': 29.494084, 'contour_analysis_time_ms': 667.443667, 'classification_time_ms': 121.6495}",9,4,False,
success,b004a926-9060-4298-8bd6-cd0f4383f19a,/opt/nuclio/shared_storage/mnist_all/9/mnist_test_9_00793.png,"{'skeletonization_time_ms': 184.888459, 'contour_analysis_time_ms': 229.797208, 'classification_time_ms': 200.0185}",9,4,False,
success,28ad1e6c-1bc7-4d85-99ef-0cfbe3615f31,/opt/nuclio/shared_storage/mnist_all/8/mnist_test_8_00226.png,"{'skeletonization_time_ms': 77.117084, 'contour_analysis_time_ms': 777.059459, 'classification_time_ms': 687.274791}",8,not classified,False,
success,6fe17000-a3ef-40e4-8be2-f7e3e1086243,/opt/nuclio/shared_storage/mnist_all/9/mnist_test_9_00080.png,"{'skeletonization_time_ms': 53.941541, 'contour_analysis_time_ms': 224.239417, 'classification_time_ms': 245.921584}",9,4,False,
success,53aff4a6-a22b-4282-b2d1-3117db3e90cd,/opt/nuclio/shared_storage/mnist_all/9/mnist_test_9_00392.png,"{'skeletonization_time_ms': 30.615542, 'contour_analysis_time_ms': 568.641667, 'classification_time_ms': 80.004875}",9,4,False,
success,b4fe81d5-eb31-47dc-abbc-e4fff0a28f96,/opt/nuclio/shared_storage/mnist_all/9/mnist_test_9_00597.png,"{'skeletonization_time_ms': 32.145666, 'contour_analysis_time_ms': 686.888126, 'classification_time_ms': 282.326}",9,4,False,
success,ffdb17da-5359-4fbe-941f-c96f5f391934,/opt/nuclio/shared_storage/mnist_all/9/mnist_test_9_00049.png,"{'skeletonization_time_ms': 53.078792, 'contour_analysis_time_ms': 181.052917, 'classification_time_ms': 545.806125}",9,6,False,
success,4dfa642a-f0e9-43c6-90b4-452444793378,/opt/nuclio/shared_storage/mnist_all/9/mnist_test_9_00001.png,"{'skeletonization_time_ms': 63.224709, 'contour_analysis_time_ms': 228.299042, 'classification_time_ms': 655.419625}",9,not classified,False,
success,6bf5fb41-7f6f-4cec-9be7-3e303d10f746,/opt/nuclio/shared_storage/mnist_all/9/mnist_test_9_00456.png,"{'skeletonization_time_ms': 70.2985, 'contour_analysis_time_ms': 206.261459, 'classification_time_ms': 352.108042}",9,not classified,False,
success,4f1bd5fe-0d94-4ea1-b6ef-1829f2a35308,/opt/nuclio/shared_storage/mnist_all/9/mnist_test_9_00433.png,"{'skeletonization_time_ms': 34.740625, 'contour_analysis_time_ms': 242.102375, 'classification_time_ms': 166.036917}",9,4,False,
success,09b16b6d-30b0-4c5d-b93f-84e044a913a2,/opt/nuclio/shared_storage/mnist_all/9/mnist_test_9_00231.png,"{'skeletonization_time_ms': 37.160833, 'contour_analysis_time_ms': 431.147375, 'classification_time_ms': 180.741751}",9,4,False,
success,34e3fc39-5359-42f5-b648-da64cd8af826,/opt/nuclio/shared_storage/mnist_all/9/mnist_test_9_00592.png,"{'skeletonization_time_ms': 71.788042, 'contour_analysis_time_ms': 148.442333, 'classification_time_ms': 162.553167}",9,4,False,
